merchant_id,category,city,size_tier,joined_date,kyc_status,kyc_hold_since
M10001,Utilities,Jaipur,Small,2023-06-01,verified,
M10002,Food & Restaurants,Chennai,Small,2023-06-01,verified,
M10003,Travel,Chennai,Mid-market,2023-06-02,verified,
M10004,E-commerce,Bengaluru,Small,2023-06-03,verified,
M10005,Food & Restaurants,Delhi,Small,2023-06-03,verified,
M10006,Healthcare,Kolkata,Small,2023-06-04,verified,
M10007,Food & Restaurants,Kochi,Small,2023-06-06,verified,
M10008,E-commerce,Mumbai,Small,2023-06-06,verified,
M10009,Food & Restaurants,Delhi,Small,2023-06-07,verified,
M10010,E-commerce,Mumbai,Small,2023-06-07,verified,
M10011,SaaS,Delhi,Small,2023-06-08,verified,
M10012,E-commerce,Lucknow,Small,2023-06-08,verified,
M10013,E-commerce,Jaipur,Mid-market,2023-06-09,verified,
M10014,Food & Restaurants,Mumbai,Mid-market,2023-06-09,verified,
M10015,SaaS,Mumbai,Small,2023-06-10,verified,
M10016,Food & Restaurants,Bengaluru,Small,2023-06-10,verified,
M10017,E-commerce,Delhi,Small,2023-06-11,verified,
M10018,Travel,Indore,Small,2023-06-11,verified,
M10019,E-commerce,Bengaluru,Mid-market,2023-06-11,verified,
M10020,Travel,Hyderabad,Small,2023-06-12,verified,
M10021,Food & Restaurants,Delhi,Small,2023-06-13,verified,
M10022,E-commerce,Bengaluru,Enterprise,2023-06-14,verified,
M10023,Food & Restaurants,Jaipur,Small,2023-06-14,verified,
M10024,Food & Restaurants,Bengaluru,Mid-market,2023-06-14,verified,
M10025,Travel,Mumbai,Small,2023-06-15,verified,
M10026,E-commerce,Chennai,Mid-market,2023-06-16,verified,
M10027,Utilities,Chennai,Mid-market,2023-06-17,verified,
M10028,SaaS,Delhi,Small,2023-06-17,verified,
M10029,Food & Restaurants,Lucknow,Small,2023-06-17,verified,
M10030,Utilities,Lucknow,Mid-market,2023-06-18,verified,
M10031,Education,Kochi,Small,2023-06-19,verified,
M10032,Food & Restaurants,Kolkata,Enterprise,2023-06-20,verified,
M10033,E-commerce,Kochi,Small,2023-06-20,verified,
M10034,Travel,Hyderabad,Mid-market,2023-06-21,verified,
M10035,Education,Bengaluru,Small,2023-06-21,verified,
M10036,E-commerce,Delhi,Small,2023-06-22,verified,
M10037,E-commerce,Chennai,Small,2023-06-23,verified,
M10038,Travel,Indore,Small,2023-06-23,verified,
M10039,E-commerce,Chennai,Small,2023-06-23,verified,
M10040,Food & Restaurants,Pune,Mid-market,2023-06-24,verified,
M10041,E-commerce,Chennai,Small,2023-06-24,verified,
M10042,Travel,Chennai,Enterprise,2023-06-25,verified,
M10043,Food & Restaurants,Hyderabad,Small,2023-06-25,verified,
M10044,SaaS,Jaipur,Small,2023-06-25,verified,
M10045,Utilities,Delhi,Small,2023-06-25,verified,
M10046,Food & Restaurants,Mumbai,Small,2023-06-26,verified,
M10047,Utilities,Bengaluru,Small,2023-06-27,verified,
M10048,E-commerce,Hyderabad,Small,2023-06-28,verified,
M10049,Education,Indore,Small,2023-06-28,verified,
M10050,E-commerce,Pune,Small,2023-06-29,verified,
M10051,E-commerce,Hyderabad,Small,2023-06-29,verified,
M10052,SaaS,Delhi,Small,2023-06-30,verified,
M10053,Utilities,Mumbai,Small,2023-06-30,verified,
M10054,Healthcare,Mumbai,Small,2023-06-30,verified,
M10055,Education,Kochi,Mid-market,2023-06-30,verified,
M10056,Travel,Bengaluru,Small,2023-06-30,verified,
M10057,E-commerce,Chennai,Small,2023-07-01,verified,
M10058,Healthcare,Chennai,Small,2023-07-02,verified,
M10059,SaaS,Indore,Small,2023-07-02,verified,
M10060,E-commerce,Pune,Small,2023-07-04,verified,
M10061,E-commerce,Mumbai,Mid-market,2023-07-06,verified,
M10062,E-commerce,Lucknow,Mid-market,2023-07-06,verified,
M10063,Healthcare,Pune,Small,2023-07-07,verified,
M10064,E-commerce,Ahmedabad,Small,2023-07-08,verified,
M10065,E-commerce,Hyderabad,Small,2023-07-08,verified,
M10066,Education,Mumbai,Small,2023-07-09,verified,
M10067,E-commerce,Delhi,Small,2023-07-09,verified,
M10068,Education,Delhi,Small,2023-07-10,verified,
M10069,SaaS,Lucknow,Small,2023-07-10,verified,
M10070,Utilities,Pune,Small,2023-07-11,verified,
M10071,Education,Mumbai,Small,2023-07-11,verified,
M10072,Food & Restaurants,Hyderabad,Small,2023-07-11,verified,
M10073,Food & Restaurants,Mumbai,Small,2023-07-11,verified,
M10074,E-commerce,Delhi,Small,2023-07-11,verified,
M10075,Healthcare,Hyderabad,Small,2023-07-12,verified,
M10076,Food & Restaurants,Delhi,Mid-market,2023-07-12,verified,
M10077,E-commerce,Chennai,Mid-market,2023-07-14,verified,
M10078,SaaS,Bengaluru,Small,2023-07-14,verified,
M10079,Food & Restaurants,Delhi,Small,2023-07-15,verified,
M10080,E-commerce,Delhi,Small,2023-07-15,verified,
M10081,Education,Mumbai,Small,2023-07-15,verified,
M10082,E-commerce,Bengaluru,Small,2023-07-16,verified,
M10083,Food & Restaurants,Mumbai,Small,2023-07-17,verified,
M10084,Education,Pune,Small,2023-07-17,verified,
M10085,Travel,Pune,Small,2023-07-18,verified,
M10086,E-commerce,Lucknow,Small,2023-07-19,verified,
M10087,Travel,Pune,Small,2023-07-19,verified,
M10088,E-commerce,Pune,Small,2023-07-21,verified,
M10089,E-commerce,Kolkata,Small,2023-07-21,verified,
M10090,E-commerce,Bengaluru,Small,2023-07-21,verified,
M10091,Education,Delhi,Mid-market,2023-07-21,verified,
M10092,Education,Jaipur,Small,2023-07-21,verified,
M10093,E-commerce,Kolkata,Small,2023-07-22,verified,
M10094,Food & Restaurants,Kochi,Small,2023-07-24,verified,
M10095,Travel,Pune,Small,2023-07-24,verified,
M10096,E-commerce,Pune,Enterprise,2023-07-24,verified,
M10097,Utilities,Mumbai,Small,2023-07-25,verified,
M10098,Food & Restaurants,Mumbai,Small,2023-07-27,verified,
M10099,Travel,Indore,Small,2023-07-27,verified,
M10100,Education,Delhi,Mid-market,2023-07-29,verified,
M10101,Food & Restaurants,Kolkata,Small,2023-07-29,verified,
M10102,Food & Restaurants,Bengaluru,Small,2023-07-31,verified,
M10103,Healthcare,Bengaluru,Small,2023-07-31,verified,
M10104,Utilities,Mumbai,Small,2023-08-02,verified,
M10105,E-commerce,Ahmedabad,Small,2023-08-02,verified,
M10106,E-commerce,Delhi,Small,2023-08-03,verified,
M10107,Healthcare,Bengaluru,Enterprise,2023-08-03,verified,
M10108,Utilities,Indore,Small,2023-08-03,verified,
M10109,SaaS,Bengaluru,Mid-market,2023-08-04,verified,
M10110,Utilities,Kochi,Mid-market,2023-08-05,verified,
M10111,E-commerce,Pune,Small,2023-08-05,verified,
M10112,E-commerce,Bengaluru,Mid-market,2023-08-06,verified,
M10113,E-commerce,Chennai,Small,2023-08-07,verified,
M10114,E-commerce,Lucknow,Small,2023-08-08,verified,
M10115,Utilities,Ahmedabad,Small,2023-08-08,verified,
M10116,E-commerce,Delhi,Small,2023-08-08,verified,
M10117,Utilities,Delhi,Mid-market,2023-08-08,verified,
M10118,E-commerce,Pune,Small,2023-08-08,verified,
M10119,E-commerce,Bengaluru,Mid-market,2023-08-09,verified,
M10120,E-commerce,Kochi,Small,2023-08-10,verified,
M10121,E-commerce,Delhi,Small,2023-08-10,verified,
M10122,E-commerce,Lucknow,Mid-market,2023-08-11,verified,
M10123,Food & Restaurants,Chennai,Mid-market,2023-08-11,verified,
M10124,E-commerce,Bengaluru,Small,2023-08-13,verified,
M10125,E-commerce,Bengaluru,Small,2023-08-14,verified,
M10126,E-commerce,Jaipur,Mid-market,2023-08-15,verified,
M10127,Food & Restaurants,Mumbai,Small,2023-08-16,verified,
M10128,E-commerce,Kochi,Mid-market,2023-08-16,verified,
M10129,Food & Restaurants,Ahmedabad,Mid-market,2023-08-17,verified,
M10130,Healthcare,Bengaluru,Mid-market,2023-08-17,verified,
M10131,E-commerce,Kochi,Small,2023-08-19,verified,
M10132,E-commerce,Ahmedabad,Small,2023-08-19,verified,
M10133,E-commerce,Bengaluru,Small,2023-08-20,verified,
M10134,E-commerce,Chennai,Mid-market,2023-08-21,verified,
M10135,E-commerce,Hyderabad,Enterprise,2023-08-21,verified,
M10136,E-commerce,Mumbai,Mid-market,2023-08-23,verified,
M10137,E-commerce,Pune,Small,2023-08-24,on_hold,2026-06-21
M10138,Travel,Bengaluru,Small,2023-08-24,verified,
M10139,E-commerce,Jaipur,Small,2023-08-25,verified,
M10140,Education,Kochi,Small,2023-08-25,verified,
M10141,Food & Restaurants,Bengaluru,Mid-market,2023-08-25,verified,
M10142,Healthcare,Pune,Small,2023-08-26,verified,
M10143,Travel,Mumbai,Small,2023-08-27,verified,
M10144,Food & Restaurants,Kochi,Mid-market,2023-08-27,verified,
M10145,Utilities,Delhi,Small,2023-08-28,verified,
M10146,Food & Restaurants,Delhi,Small,2023-08-29,verified,
M10147,Travel,Ahmedabad,Small,2023-08-30,verified,
M10148,E-commerce,Chennai,Small,2023-08-31,verified,
M10149,Food & Restaurants,Delhi,Small,2023-09-01,verified,
M10150,Healthcare,Jaipur,Small,2023-09-01,verified,
M10151,Healthcare,Delhi,Mid-market,2023-09-02,verified,
M10152,E-commerce,Bengaluru,Small,2023-09-02,verified,
M10153,Healthcare,Delhi,Small,2023-09-02,verified,
M10154,SaaS,Mumbai,Mid-market,2023-09-02,verified,
M10155,Food & Restaurants,Mumbai,Small,2023-09-03,verified,
M10156,Education,Hyderabad,Mid-market,2023-09-03,verified,
M10157,Travel,Bengaluru,Small,2023-09-04,verified,
M10158,Food & Restaurants,Hyderabad,Enterprise,2023-09-04,verified,
M10159,Education,Pune,Mid-market,2023-09-05,verified,
M10160,Food & Restaurants,Jaipur,Small,2023-09-06,verified,
M10161,Travel,Delhi,Small,2023-09-07,verified,
M10162,Food & Restaurants,Mumbai,Small,2023-09-08,verified,
M10163,SaaS,Ahmedabad,Small,2023-09-08,verified,
M10164,Food & Restaurants,Jaipur,Small,2023-09-11,verified,
M10165,Travel,Kochi,Mid-market,2023-09-12,verified,
M10166,Food & Restaurants,Jaipur,Small,2023-09-13,verified,
M10167,Food & Restaurants,Hyderabad,Small,2023-09-13,verified,
M10168,Food & Restaurants,Lucknow,Small,2023-09-13,verified,
M10169,Education,Bengaluru,Small,2023-09-14,verified,
M10170,SaaS,Lucknow,Mid-market,2023-09-14,verified,
M10171,E-commerce,Delhi,Small,2023-09-16,verified,
M10172,Food & Restaurants,Chennai,Small,2023-09-17,verified,
M10173,E-commerce,Pune,Mid-market,2023-09-17,verified,
M10174,SaaS,Kolkata,Mid-market,2023-09-17,verified,
M10175,Travel,Ahmedabad,Mid-market,2023-09-20,verified,
M10176,E-commerce,Mumbai,Small,2023-09-20,verified,
M10177,E-commerce,Bengaluru,Mid-market,2023-09-20,verified,
M10178,Healthcare,Jaipur,Small,2023-09-21,verified,
M10179,Education,Kolkata,Small,2023-09-22,verified,
M10180,Education,Mumbai,Small,2023-09-22,verified,
M10181,Healthcare,Hyderabad,Mid-market,2023-09-22,verified,
M10182,E-commerce,Bengaluru,Small,2023-09-23,verified,
M10183,SaaS,Kolkata,Mid-market,2023-09-23,verified,
M10184,Food & Restaurants,Hyderabad,Small,2023-09-25,verified,
M10185,E-commerce,Lucknow,Mid-market,2023-09-25,verified,
M10186,Healthcare,Bengaluru,Small,2023-09-28,verified,
M10187,Food & Restaurants,Jaipur,Small,2023-09-29,verified,
M10188,E-commerce,Delhi,Small,2023-09-30,verified,
M10189,E-commerce,Mumbai,Mid-market,2023-09-30,verified,
M10190,SaaS,Chennai,Mid-market,2023-10-01,verified,
M10191,E-commerce,Chennai,Small,2023-10-01,verified,
M10192,Education,Bengaluru,Small,2023-10-01,verified,
M10193,Healthcare,Hyderabad,Mid-market,2023-10-02,verified,
M10194,Education,Mumbai,Small,2023-10-03,verified,
M10195,E-commerce,Chennai,Small,2023-10-03,verified,
M10196,Education,Hyderabad,Mid-market,2023-10-04,verified,
M10197,SaaS,Pune,Mid-market,2023-10-04,verified,
M10198,Travel,Mumbai,Small,2023-10-04,verified,
M10199,Travel,Pune,Small,2023-10-05,verified,
M10200,Utilities,Bengaluru,Mid-market,2023-10-06,verified,
M10201,E-commerce,Bengaluru,Mid-market,2023-10-06,verified,
M10202,SaaS,Mumbai,Small,2023-10-06,verified,
M10203,Travel,Kolkata,Small,2023-10-08,verified,
M10204,Food & Restaurants,Kochi,Mid-market,2023-10-08,verified,
M10205,E-commerce,Mumbai,Small,2023-10-08,verified,
M10206,Utilities,Delhi,Mid-market,2023-10-08,verified,
M10207,Healthcare,Chennai,Small,2023-10-09,verified,
M10208,Travel,Mumbai,Small,2023-10-09,verified,
M10209,Travel,Ahmedabad,Small,2023-10-09,verified,
M10210,Food & Restaurants,Pune,Small,2023-10-09,verified,
M10211,E-commerce,Delhi,Enterprise,2023-10-10,verified,
M10212,Education,Delhi,Small,2023-10-11,verified,
M10213,E-commerce,Mumbai,Small,2023-10-13,verified,
M10214,Food & Restaurants,Delhi,Small,2023-10-15,verified,
M10215,Utilities,Ahmedabad,Small,2023-10-15,verified,
M10216,Utilities,Bengaluru,Small,2023-10-16,verified,
M10217,E-commerce,Mumbai,Small,2023-10-17,verified,
M10218,E-commerce,Kolkata,Small,2023-10-19,verified,
M10219,Travel,Mumbai,Small,2023-10-19,verified,
M10220,Education,Bengaluru,Mid-market,2023-10-20,verified,
M10221,Travel,Pune,Small,2023-10-21,verified,
M10222,Travel,Hyderabad,Small,2023-10-21,verified,
M10223,Healthcare,Delhi,Small,2023-10-22,verified,
M10224,Food & Restaurants,Kochi,Small,2023-10-23,verified,
M10225,E-commerce,Chennai,Mid-market,2023-10-24,verified,
M10226,E-commerce,Jaipur,Mid-market,2023-10-24,verified,
M10227,Utilities,Kochi,Small,2023-10-24,verified,
M10228,E-commerce,Bengaluru,Mid-market,2023-10-24,verified,
M10229,Utilities,Pune,Small,2023-10-24,verified,
M10230,Education,Delhi,Small,2023-10-25,verified,
M10231,SaaS,Jaipur,Small,2023-10-28,verified,
M10232,Food & Restaurants,Bengaluru,Small,2023-10-28,verified,
M10233,SaaS,Delhi,Small,2023-10-28,verified,
M10234,Food & Restaurants,Mumbai,Mid-market,2023-10-28,verified,
M10235,Utilities,Indore,Mid-market,2023-10-28,verified,
M10236,E-commerce,Ahmedabad,Small,2023-10-29,verified,
M10237,Education,Hyderabad,Small,2023-10-30,verified,
M10238,E-commerce,Chennai,Small,2023-10-30,verified,
M10239,E-commerce,Bengaluru,Mid-market,2023-10-31,verified,
M10240,E-commerce,Ahmedabad,Mid-market,2023-11-01,verified,
M10241,Travel,Lucknow,Small,2023-11-02,verified,
M10242,SaaS,Indore,Small,2023-11-03,verified,
M10243,Travel,Kolkata,Mid-market,2023-11-03,verified,
M10244,Healthcare,Delhi,Mid-market,2023-11-04,verified,
M10245,Education,Bengaluru,Mid-market,2023-11-04,verified,
M10246,Food & Restaurants,Hyderabad,Small,2023-11-04,verified,
M10247,E-commerce,Ahmedabad,Enterprise,2023-11-05,verified,
M10248,SaaS,Lucknow,Mid-market,2023-11-07,verified,
M10249,E-commerce,Bengaluru,Small,2023-11-07,verified,
M10250,E-commerce,Jaipur,Small,2023-11-07,verified,
M10251,Education,Kolkata,Mid-market,2023-11-08,verified,
M10252,SaaS,Pune,Small,2023-11-08,verified,
M10253,E-commerce,Mumbai,Small,2023-11-08,verified,
M10254,Healthcare,Indore,Small,2023-11-09,verified,
M10255,SaaS,Kochi,Small,2023-11-09,verified,
M10256,Healthcare,Pune,Small,2023-11-10,verified,
M10257,Education,Indore,Mid-market,2023-11-11,verified,
M10258,Education,Mumbai,Small,2023-11-12,verified,
M10259,Food & Restaurants,Chennai,Small,2023-11-12,verified,
M10260,Food & Restaurants,Ahmedabad,Small,2023-11-13,verified,
M10261,Utilities,Pune,Mid-market,2023-11-14,verified,
M10262,E-commerce,Indore,Small,2023-11-15,verified,
M10263,Travel,Mumbai,Small,2023-11-15,verified,
M10264,Food & Restaurants,Chennai,Mid-market,2023-11-16,verified,
M10265,E-commerce,Ahmedabad,Small,2023-11-17,verified,
M10266,E-commerce,Indore,Mid-market,2023-11-19,verified,
M10267,Food & Restaurants,Jaipur,Small,2023-11-21,verified,
M10268,Food & Restaurants,Bengaluru,Small,2023-11-21,verified,
M10269,E-commerce,Kochi,Mid-market,2023-11-22,verified,
M10270,Education,Hyderabad,Small,2023-11-23,verified,
M10271,Travel,Mumbai,Mid-market,2023-11-24,verified,
M10272,Utilities,Lucknow,Small,2023-11-24,verified,
M10273,Food & Restaurants,Kolkata,Enterprise,2023-11-25,verified,
M10274,Healthcare,Ahmedabad,Mid-market,2023-11-26,verified,
M10275,E-commerce,Bengaluru,Small,2023-11-26,verified,
M10276,E-commerce,Mumbai,Small,2023-11-27,verified,
M10277,Utilities,Delhi,Small,2023-11-27,verified,
M10278,Travel,Pune,Small,2023-11-28,verified,
M10279,Food & Restaurants,Jaipur,Small,2023-11-28,verified,
M10280,Education,Mumbai,Small,2023-11-30,verified,
M10281,Food & Restaurants,Kolkata,Small,2023-12-01,verified,
M10282,Food & Restaurants,Delhi,Small,2023-12-04,verified,
M10283,Travel,Indore,Small,2023-12-05,verified,
M10284,Education,Lucknow,Small,2023-12-06,on_hold,2026-06-26
M10285,Education,Delhi,Small,2023-12-07,verified,
M10286,Education,Chennai,Small,2023-12-08,verified,
M10287,Food & Restaurants,Mumbai,Small,2023-12-08,verified,
M10288,Education,Delhi,Small,2023-12-08,verified,
M10289,Education,Kochi,Small,2023-12-09,verified,
M10290,E-commerce,Delhi,Small,2023-12-09,verified,
M10291,E-commerce,Lucknow,Small,2023-12-10,verified,
M10292,E-commerce,Kochi,Small,2023-12-10,verified,
M10293,E-commerce,Ahmedabad,Small,2023-12-11,verified,
M10294,Food & Restaurants,Kochi,Mid-market,2023-12-11,verified,
M10295,Travel,Hyderabad,Small,2023-12-12,verified,
M10296,E-commerce,Bengaluru,Small,2023-12-12,verified,
M10297,E-commerce,Hyderabad,Mid-market,2023-12-13,verified,
M10298,Food & Restaurants,Chennai,Mid-market,2023-12-13,verified,
M10299,E-commerce,Mumbai,Small,2023-12-13,verified,
M10300,Education,Mumbai,Small,2023-12-13,verified,
M10301,SaaS,Chennai,Small,2023-12-14,verified,
M10302,E-commerce,Chennai,Mid-market,2023-12-15,verified,
M10303,Food & Restaurants,Hyderabad,Mid-market,2023-12-18,verified,
M10304,Food & Restaurants,Chennai,Small,2023-12-20,verified,
M10305,Education,Kolkata,Small,2023-12-21,verified,
M10306,Healthcare,Delhi,Mid-market,2023-12-23,verified,
M10307,E-commerce,Ahmedabad,Small,2023-12-24,verified,
M10308,Utilities,Mumbai,Small,2023-12-26,verified,
M10309,Travel,Delhi,Small,2023-12-28,verified,
M10310,E-commerce,Hyderabad,Small,2023-12-29,verified,
M10311,E-commerce,Jaipur,Small,2023-12-29,verified,
M10312,Food & Restaurants,Lucknow,Mid-market,2023-12-29,verified,
M10313,Utilities,Delhi,Small,2023-12-29,verified,
M10314,Food & Restaurants,Delhi,Enterprise,2023-12-30,verified,
M10315,Travel,Delhi,Small,2023-12-30,verified,
M10316,Education,Ahmedabad,Small,2023-12-30,verified,
M10317,Travel,Ahmedabad,Small,2023-12-31,verified,
M10318,E-commerce,Indore,Small,2024-01-02,on_hold,2026-07-20
M10319,Travel,Mumbai,Small,2024-01-02,verified,
M10320,SaaS,Mumbai,Small,2024-01-04,on_hold,2026-07-31
M10321,Travel,Chennai,Small,2024-01-04,verified,
M10322,Food & Restaurants,Delhi,Small,2024-01-05,verified,
M10323,E-commerce,Ahmedabad,Mid-market,2024-01-05,verified,
M10324,SaaS,Bengaluru,Small,2024-01-06,verified,
M10325,Food & Restaurants,Delhi,Mid-market,2024-01-07,verified,
M10326,Utilities,Delhi,Small,2024-01-09,verified,
M10327,Food & Restaurants,Bengaluru,Small,2024-01-09,verified,
M10328,E-commerce,Kochi,Small,2024-01-10,verified,
M10329,E-commerce,Indore,Small,2024-01-10,verified,
M10330,E-commerce,Kochi,Small,2024-01-11,verified,
M10331,SaaS,Indore,Small,2024-01-13,verified,
M10332,E-commerce,Lucknow,Small,2024-01-13,verified,
M10333,Food & Restaurants,Pune,Small,2024-01-14,verified,
M10334,Food & Restaurants,Delhi,Small,2024-01-15,verified,
M10335,Travel,Kochi,Small,2024-01-15,verified,
M10336,Travel,Mumbai,Small,2024-01-16,verified,
M10337,E-commerce,Chennai,Small,2024-01-17,verified,
M10338,E-commerce,Delhi,Mid-market,2024-01-17,verified,
M10339,Travel,Chennai,Small,2024-01-18,verified,
M10340,Food & Restaurants,Chennai,Small,2024-01-20,verified,
M10341,Travel,Delhi,Enterprise,2024-01-21,verified,
M10342,Education,Hyderabad,Mid-market,2024-01-21,verified,
M10343,Food & Restaurants,Ahmedabad,Mid-market,2024-01-21,verified,
M10344,SaaS,Pune,Small,2024-01-21,verified,
M10345,E-commerce,Pune,Small,2024-01-22,verified,
M10346,E-commerce,Kochi,Small,2024-01-23,verified,
M10347,Utilities,Kochi,Small,2024-01-23,verified,
M10348,Food & Restaurants,Indore,Small,2024-01-24,verified,
M10349,Travel,Bengaluru,Mid-market,2024-01-25,verified,
M10350,Utilities,Kolkata,Small,2024-01-27,verified,
M10351,E-commerce,Chennai,Small,2024-01-28,verified,
M10352,Utilities,Kochi,Mid-market,2024-01-29,verified,
M10353,Healthcare,Chennai,Small,2024-01-30,verified,
M10354,E-commerce,Bengaluru,Small,2024-01-30,verified,
M10355,Education,Indore,Small,2024-01-31,verified,
M10356,Utilities,Kolkata,Small,2024-01-31,verified,
M10357,E-commerce,Mumbai,Small,2024-01-31,verified,
M10358,SaaS,Delhi,Mid-market,2024-02-01,verified,
M10359,Utilities,Chennai,Small,2024-02-02,verified,
M10360,E-commerce,Kolkata,Small,2024-02-02,verified,
M10361,Travel,Delhi,Mid-market,2024-02-04,verified,
M10362,Education,Bengaluru,Small,2024-02-04,verified,
M10363,Food & Restaurants,Delhi,Mid-market,2024-02-04,verified,
M10364,E-commerce,Chennai,Small,2024-02-05,verified,
M10365,Healthcare,Delhi,Mid-market,2024-02-05,verified,
M10366,Food & Restaurants,Delhi,Small,2024-02-05,verified,
M10367,Travel,Mumbai,Small,2024-02-05,verified,
M10368,E-commerce,Chennai,Enterprise,2024-02-06,verified,
M10369,E-commerce,Kolkata,Small,2024-02-08,verified,
M10370,E-commerce,Mumbai,Mid-market,2024-02-09,verified,
M10371,Travel,Bengaluru,Small,2024-02-11,verified,
M10372,Food & Restaurants,Ahmedabad,Small,2024-02-12,verified,
M10373,Food & Restaurants,Delhi,Small,2024-02-12,verified,
M10374,SaaS,Mumbai,Small,2024-02-13,verified,
M10375,Food & Restaurants,Indore,Mid-market,2024-02-15,verified,
M10376,Education,Jaipur,Small,2024-02-15,verified,
M10377,Food & Restaurants,Kolkata,Small,2024-02-16,verified,
M10378,Travel,Bengaluru,Small,2024-02-16,verified,
M10379,Food & Restaurants,Mumbai,Small,2024-02-16,verified,
M10380,E-commerce,Kochi,Small,2024-02-17,verified,
M10381,E-commerce,Delhi,Small,2024-02-19,verified,
M10382,Travel,Delhi,Mid-market,2024-02-21,verified,
M10383,Education,Hyderabad,Small,2024-02-21,on_hold,2026-05-26
M10384,Education,Chennai,Small,2024-02-21,verified,
M10385,Education,Jaipur,Small,2024-02-22,verified,
M10386,E-commerce,Delhi,Small,2024-02-22,verified,
M10387,SaaS,Bengaluru,Small,2024-02-23,verified,
M10388,E-commerce,Bengaluru,Small,2024-02-24,verified,
M10389,Travel,Delhi,Mid-market,2024-02-24,verified,
M10390,Healthcare,Mumbai,Small,2024-02-25,verified,
M10391,E-commerce,Delhi,Small,2024-02-25,verified,
M10392,Education,Pune,Small,2024-02-26,verified,
M10393,Healthcare,Ahmedabad,Mid-market,2024-02-26,verified,
M10394,Utilities,Bengaluru,Small,2024-02-27,verified,
M10395,SaaS,Indore,Small,2024-02-28,verified,
M10396,Healthcare,Bengaluru,Mid-market,2024-02-29,verified,
M10397,SaaS,Mumbai,Small,2024-02-29,verified,
M10398,Education,Mumbai,Small,2024-02-29,verified,
M10399,E-commerce,Chennai,Small,2024-02-29,verified,
M10400,SaaS,Mumbai,Small,2024-02-29,verified,
M10401,Healthcare,Hyderabad,Mid-market,2024-02-29,verified,
M10402,E-commerce,Chennai,Small,2024-03-01,verified,
M10403,Healthcare,Kolkata,Mid-market,2024-03-01,verified,
M10404,Utilities,Mumbai,Small,2024-03-02,verified,
M10405,E-commerce,Mumbai,Mid-market,2024-03-02,verified,
M10406,Healthcare,Jaipur,Mid-market,2024-03-02,verified,
M10407,Food & Restaurants,Indore,Small,2024-03-03,verified,
M10408,Education,Pune,Mid-market,2024-03-04,verified,
M10409,Education,Lucknow,Small,2024-03-04,verified,
M10410,Education,Hyderabad,Small,2024-03-04,verified,
M10411,Travel,Mumbai,Mid-market,2024-03-04,verified,
M10412,E-commerce,Bengaluru,Small,2024-03-05,verified,
M10413,Travel,Jaipur,Small,2024-03-07,verified,
M10414,E-commerce,Pune,Small,2024-03-07,verified,
M10415,Utilities,Lucknow,Small,2024-03-08,verified,
M10416,Healthcare,Bengaluru,Mid-market,2024-03-08,verified,
M10417,Food & Restaurants,Delhi,Mid-market,2024-03-08,verified,
M10418,E-commerce,Mumbai,Mid-market,2024-03-08,verified,
M10419,E-commerce,Jaipur,Enterprise,2024-03-08,verified,
M10420,Utilities,Pune,Small,2024-03-08,verified,
M10421,Utilities,Mumbai,Small,2024-03-09,verified,
M10422,E-commerce,Kolkata,Small,2024-03-09,verified,
M10423,Education,Delhi,Small,2024-03-09,verified,
M10424,E-commerce,Mumbai,Small,2024-03-10,verified,
M10425,E-commerce,Mumbai,Small,2024-03-11,verified,
M10426,Utilities,Ahmedabad,Mid-market,2024-03-13,verified,
M10427,E-commerce,Delhi,Mid-market,2024-03-13,verified,
M10428,Travel,Pune,Small,2024-03-13,verified,
M10429,Travel,Mumbai,Small,2024-03-15,verified,
M10430,Healthcare,Indore,Small,2024-03-15,verified,
M10431,SaaS,Bengaluru,Small,2024-03-15,verified,
M10432,Food & Restaurants,Ahmedabad,Small,2024-03-16,verified,
M10433,E-commerce,Chennai,Small,2024-03-16,verified,
M10434,Travel,Mumbai,Small,2024-03-16,verified,
M10435,Utilities,Bengaluru,Small,2024-03-16,verified,
M10436,E-commerce,Bengaluru,Small,2024-03-16,verified,
M10437,Food & Restaurants,Bengaluru,Mid-market,2024-03-16,verified,
M10438,SaaS,Ahmedabad,Mid-market,2024-03-17,verified,
M10439,Food & Restaurants,Jaipur,Small,2024-03-18,verified,
M10440,E-commerce,Jaipur,Mid-market,2024-03-18,verified,
M10441,Travel,Jaipur,Mid-market,2024-03-19,verified,
M10442,E-commerce,Hyderabad,Small,2024-03-20,verified,
M10443,E-commerce,Mumbai,Small,2024-03-22,verified,
M10444,Food & Restaurants,Lucknow,Mid-market,2024-03-23,verified,
M10445,SaaS,Hyderabad,Small,2024-03-23,verified,
M10446,Utilities,Bengaluru,Small,2024-03-23,verified,
M10447,Food & Restaurants,Hyderabad,Mid-market,2024-03-24,verified,
M10448,Education,Mumbai,Small,2024-03-24,verified,
M10449,Utilities,Mumbai,Small,2024-03-25,verified,
M10450,SaaS,Pune,Small,2024-03-26,verified,
M10451,SaaS,Bengaluru,Mid-market,2024-03-27,verified,
M10452,E-commerce,Chennai,Small,2024-03-27,verified,
M10453,E-commerce,Chennai,Small,2024-03-27,verified,
M10454,E-commerce,Bengaluru,Mid-market,2024-03-27,verified,
M10455,E-commerce,Kochi,Small,2024-03-28,verified,
M10456,Healthcare,Mumbai,Mid-market,2024-03-29,verified,
M10457,E-commerce,Ahmedabad,Mid-market,2024-03-30,verified,
M10458,Food & Restaurants,Mumbai,Small,2024-03-30,verified,
M10459,E-commerce,Mumbai,Small,2024-03-31,verified,
M10460,Food & Restaurants,Kochi,Small,2024-03-31,verified,
M10461,Utilities,Hyderabad,Mid-market,2024-04-01,verified,
M10462,E-commerce,Hyderabad,Small,2024-04-01,verified,
M10463,E-commerce,Bengaluru,Small,2024-04-03,verified,
M10464,Travel,Delhi,Small,2024-04-03,verified,
M10465,Food & Restaurants,Mumbai,Small,2024-04-03,verified,
M10466,Food & Restaurants,Chennai,Small,2024-04-03,verified,
M10467,E-commerce,Ahmedabad,Small,2024-04-06,verified,
M10468,Healthcare,Pune,Mid-market,2024-04-07,verified,
M10469,Education,Pune,Small,2024-04-07,verified,
M10470,E-commerce,Bengaluru,Small,2024-04-08,verified,
M10471,Travel,Kochi,Small,2024-04-08,verified,
M10472,Food & Restaurants,Indore,Small,2024-04-08,verified,
M10473,Travel,Mumbai,Small,2024-04-09,verified,
M10474,Education,Ahmedabad,Small,2024-04-09,verified,
M10475,Utilities,Chennai,Small,2024-04-10,verified,
M10476,Travel,Hyderabad,Small,2024-04-11,verified,
M10477,E-commerce,Pune,Small,2024-04-11,verified,
M10478,Utilities,Hyderabad,Small,2024-04-13,verified,
M10479,Food & Restaurants,Pune,Small,2024-04-13,verified,
M10480,SaaS,Kolkata,Small,2024-04-13,verified,
M10481,Education,Kolkata,Small,2024-04-14,verified,
M10482,E-commerce,Delhi,Small,2024-04-14,verified,
M10483,Utilities,Mumbai,Small,2024-04-14,verified,
M10484,SaaS,Bengaluru,Small,2024-04-14,verified,
M10485,E-commerce,Chennai,Small,2024-04-15,verified,
M10486,SaaS,Mumbai,Small,2024-04-15,verified,
M10487,Travel,Pune,Small,2024-04-15,verified,
M10488,E-commerce,Pune,Small,2024-04-15,verified,
M10489,Food & Restaurants,Bengaluru,Mid-market,2024-04-16,verified,
M10490,Utilities,Jaipur,Mid-market,2024-04-16,verified,
M10491,E-commerce,Lucknow,Mid-market,2024-04-16,verified,
M10492,Food & Restaurants,Bengaluru,Mid-market,2024-04-17,verified,
M10493,Education,Pune,Enterprise,2024-04-17,verified,
M10494,Food & Restaurants,Hyderabad,Mid-market,2024-04-17,verified,
M10495,E-commerce,Mumbai,Mid-market,2024-04-18,verified,
M10496,E-commerce,Lucknow,Mid-market,2024-04-18,verified,
M10497,Food & Restaurants,Delhi,Small,2024-04-18,verified,
M10498,Utilities,Kolkata,Mid-market,2024-04-19,verified,
M10499,Education,Lucknow,Small,2024-04-20,verified,
M10500,Food & Restaurants,Ahmedabad,Mid-market,2024-04-20,verified,
M10501,Healthcare,Jaipur,Small,2024-04-20,verified,
M10502,Healthcare,Kochi,Small,2024-04-21,verified,
M10503,Education,Chennai,Small,2024-04-21,verified,
M10504,Travel,Chennai,Small,2024-04-21,verified,
M10505,Food & Restaurants,Kochi,Small,2024-04-22,verified,
M10506,Utilities,Lucknow,Small,2024-04-22,verified,
M10507,E-commerce,Bengaluru,Small,2024-04-23,verified,
M10508,Food & Restaurants,Chennai,Small,2024-04-23,verified,
M10509,Food & Restaurants,Mumbai,Small,2024-04-23,verified,
M10510,Food & Restaurants,Mumbai,Small,2024-04-23,verified,
M10511,Travel,Mumbai,Small,2024-04-25,verified,
M10512,Utilities,Delhi,Small,2024-04-25,verified,
M10513,Healthcare,Pune,Mid-market,2024-04-26,verified,
M10514,E-commerce,Bengaluru,Small,2024-04-27,verified,
M10515,SaaS,Delhi,Small,2024-04-27,verified,
M10516,E-commerce,Bengaluru,Small,2024-04-28,verified,
M10517,E-commerce,Jaipur,Small,2024-04-29,verified,
M10518,E-commerce,Bengaluru,Small,2024-04-29,verified,
M10519,E-commerce,Delhi,Small,2024-04-29,verified,
M10520,SaaS,Kolkata,Mid-market,2024-05-01,verified,
M10521,E-commerce,Ahmedabad,Small,2024-05-01,verified,
M10522,Food & Restaurants,Kochi,Small,2024-05-02,verified,
M10523,E-commerce,Lucknow,Small,2024-05-02,verified,
M10524,Food & Restaurants,Pune,Small,2024-05-03,on_hold,2026-07-07
M10525,E-commerce,Jaipur,Small,2024-05-03,verified,
M10526,E-commerce,Chennai,Small,2024-05-03,verified,
M10527,SaaS,Indore,Small,2024-05-04,verified,
M10528,Utilities,Ahmedabad,Small,2024-05-05,verified,
M10529,Food & Restaurants,Lucknow,Small,2024-05-06,verified,
M10530,E-commerce,Hyderabad,Small,2024-05-07,verified,
M10531,E-commerce,Lucknow,Small,2024-05-08,verified,
M10532,E-commerce,Hyderabad,Mid-market,2024-05-08,verified,
M10533,E-commerce,Chennai,Small,2024-05-08,verified,
M10534,E-commerce,Delhi,Mid-market,2024-05-10,verified,
M10535,SaaS,Bengaluru,Small,2024-05-10,verified,
M10536,E-commerce,Delhi,Small,2024-05-10,verified,
M10537,Food & Restaurants,Pune,Small,2024-05-11,verified,
M10538,Education,Mumbai,Small,2024-05-12,verified,
M10539,Travel,Lucknow,Small,2024-05-13,on_hold,2026-06-27
M10540,E-commerce,Indore,Small,2024-05-13,verified,
M10541,Food & Restaurants,Chennai,Small,2024-05-13,verified,
M10542,E-commerce,Mumbai,Small,2024-05-13,verified,
M10543,Education,Jaipur,Small,2024-05-14,verified,
M10544,Education,Kochi,Mid-market,2024-05-14,verified,
M10545,E-commerce,Kolkata,Small,2024-05-15,verified,
M10546,Travel,Mumbai,Mid-market,2024-05-15,verified,
M10547,Education,Hyderabad,Small,2024-05-17,verified,
M10548,Education,Chennai,Small,2024-05-18,verified,
M10549,Education,Mumbai,Small,2024-05-18,verified,
M10550,Education,Kolkata,Small,2024-05-19,verified,
M10551,E-commerce,Ahmedabad,Small,2024-05-19,verified,
M10552,E-commerce,Pune,Small,2024-05-20,verified,
M10553,Travel,Bengaluru,Mid-market,2024-05-21,verified,
M10554,Education,Kolkata,Mid-market,2024-05-21,verified,
M10555,Travel,Delhi,Small,2024-05-22,verified,
M10556,Healthcare,Hyderabad,Small,2024-05-22,verified,
M10557,Travel,Bengaluru,Mid-market,2024-05-23,verified,
M10558,E-commerce,Delhi,Mid-market,2024-05-24,verified,
M10559,Travel,Kolkata,Small,2024-05-25,verified,
M10560,Food & Restaurants,Pune,Small,2024-05-25,verified,
M10561,Food & Restaurants,Ahmedabad,Small,2024-05-25,verified,
M10562,Healthcare,Mumbai,Mid-market,2024-05-25,verified,
M10563,Utilities,Chennai,Small,2024-05-26,verified,
M10564,Food & Restaurants,Delhi,Small,2024-05-27,verified,
M10565,E-commerce,Lucknow,Mid-market,2024-05-28,verified,
M10566,Education,Bengaluru,Small,2024-05-28,verified,
M10567,Travel,Jaipur,Enterprise,2024-05-28,verified,
M10568,Utilities,Bengaluru,Mid-market,2024-05-30,verified,
M10569,E-commerce,Pune,Small,2024-05-30,verified,
M10570,SaaS,Chennai,Small,2024-05-31,verified,
M10571,Education,Bengaluru,Small,2024-06-02,verified,
M10572,Travel,Mumbai,Small,2024-06-02,verified,
M10573,Food & Restaurants,Kochi,Small,2024-06-02,verified,
M10574,Healthcare,Ahmedabad,Enterprise,2024-06-03,verified,
M10575,Travel,Hyderabad,Mid-market,2024-06-05,verified,
M10576,Education,Bengaluru,Mid-market,2024-06-06,verified,
M10577,E-commerce,Bengaluru,Enterprise,2024-06-06,verified,
M10578,Utilities,Pune,Small,2024-06-07,verified,
M10579,Food & Restaurants,Kochi,Small,2024-06-08,verified,
M10580,Food & Restaurants,Delhi,Small,2024-06-08,verified,
M10581,Food & Restaurants,Hyderabad,Small,2024-06-09,verified,
M10582,E-commerce,Pune,Small,2024-06-10,verified,
M10583,Food & Restaurants,Hyderabad,Mid-market,2024-06-12,verified,
M10584,Travel,Chennai,Mid-market,2024-06-12,verified,
M10585,Food & Restaurants,Bengaluru,Small,2024-06-12,verified,
M10586,Healthcare,Jaipur,Small,2024-06-13,verified,
M10587,Food & Restaurants,Jaipur,Small,2024-06-14,verified,
M10588,E-commerce,Delhi,Small,2024-06-15,verified,
M10589,E-commerce,Chennai,Small,2024-06-16,verified,
M10590,E-commerce,Indore,Small,2024-06-16,verified,
M10591,E-commerce,Pune,Small,2024-06-17,verified,
M10592,E-commerce,Lucknow,Mid-market,2024-06-18,verified,
M10593,Education,Hyderabad,Small,2024-06-18,verified,
M10594,SaaS,Indore,Small,2024-06-19,verified,
M10595,Travel,Bengaluru,Small,2024-06-19,verified,
M10596,E-commerce,Bengaluru,Small,2024-06-20,verified,
M10597,Travel,Bengaluru,Mid-market,2024-06-20,verified,
M10598,Healthcare,Delhi,Small,2024-06-21,verified,
M10599,E-commerce,Delhi,Small,2024-06-21,verified,
M10600,E-commerce,Jaipur,Small,2024-06-22,verified,
M10601,SaaS,Bengaluru,Small,2024-06-24,verified,
M10602,Education,Mumbai,Mid-market,2024-06-25,verified,
M10603,Food & Restaurants,Hyderabad,Small,2024-06-25,verified,
M10604,E-commerce,Mumbai,Small,2024-06-28,verified,
M10605,Food & Restaurants,Kolkata,Small,2024-06-29,verified,
M10606,E-commerce,Hyderabad,Mid-market,2024-06-29,verified,
M10607,SaaS,Kochi,Small,2024-06-29,verified,
M10608,Utilities,Jaipur,Small,2024-06-29,verified,
M10609,Food & Restaurants,Kochi,Small,2024-07-01,verified,
M10610,Travel,Hyderabad,Mid-market,2024-07-02,verified,
M10611,Education,Delhi,Small,2024-07-03,verified,
M10612,Food & Restaurants,Pune,Small,2024-07-03,verified,
M10613,E-commerce,Kochi,Mid-market,2024-07-04,verified,
M10614,E-commerce,Jaipur,Small,2024-07-05,verified,
M10615,E-commerce,Chennai,Mid-market,2024-07-05,verified,
M10616,E-commerce,Bengaluru,Small,2024-07-06,on_hold,2026-08-04
M10617,SaaS,Pune,Small,2024-07-07,verified,
M10618,Healthcare,Ahmedabad,Small,2024-07-07,verified,
M10619,E-commerce,Delhi,Small,2024-07-08,verified,
M10620,E-commerce,Ahmedabad,Small,2024-07-08,verified,
M10621,E-commerce,Delhi,Small,2024-07-09,verified,
M10622,Education,Kolkata,Mid-market,2024-07-10,verified,
M10623,Education,Chennai,Small,2024-07-11,verified,
M10624,Education,Delhi,Mid-market,2024-07-11,verified,
M10625,SaaS,Pune,Small,2024-07-11,verified,
M10626,Food & Restaurants,Mumbai,Small,2024-07-13,verified,
M10627,Travel,Chennai,Mid-market,2024-07-14,verified,
M10628,SaaS,Bengaluru,Small,2024-07-15,verified,
M10629,Utilities,Kochi,Small,2024-07-15,verified,
M10630,Travel,Kolkata,Small,2024-07-16,verified,
M10631,E-commerce,Chennai,Mid-market,2024-07-19,verified,
M10632,SaaS,Delhi,Small,2024-07-21,verified,
M10633,SaaS,Pune,Small,2024-07-21,verified,
M10634,Food & Restaurants,Mumbai,Mid-market,2024-07-23,verified,
M10635,E-commerce,Pune,Small,2024-07-23,verified,
M10636,Healthcare,Ahmedabad,Small,2024-07-23,verified,
M10637,Healthcare,Chennai,Small,2024-07-23,verified,
M10638,E-commerce,Delhi,Small,2024-07-24,verified,
M10639,Travel,Bengaluru,Small,2024-07-25,verified,
M10640,E-commerce,Chennai,Small,2024-07-27,verified,
M10641,Healthcare,Pune,Mid-market,2024-07-29,verified,
M10642,SaaS,Mumbai,Mid-market,2024-07-29,verified,
M10643,Education,Ahmedabad,Mid-market,2024-07-30,verified,
M10644,Food & Restaurants,Mumbai,Small,2024-07-30,verified,
M10645,E-commerce,Delhi,Small,2024-07-31,on_hold,2026-05-17
M10646,SaaS,Hyderabad,Small,2024-08-01,verified,
M10647,Healthcare,Bengaluru,Mid-market,2024-08-01,verified,
M10648,SaaS,Bengaluru,Small,2024-08-01,verified,
M10649,Utilities,Lucknow,Small,2024-08-02,verified,
M10650,Travel,Hyderabad,Enterprise,2024-08-02,verified,
M10651,Healthcare,Delhi,Small,2024-08-04,verified,
M10652,E-commerce,Kochi,Small,2024-08-06,verified,
M10653,E-commerce,Ahmedabad,Mid-market,2024-08-08,verified,
M10654,Food & Restaurants,Hyderabad,Small,2024-08-08,verified,
M10655,Food & Restaurants,Bengaluru,Small,2024-08-09,verified,
M10656,SaaS,Bengaluru,Small,2024-08-09,verified,
M10657,Travel,Bengaluru,Small,2024-08-09,verified,
M10658,Utilities,Lucknow,Small,2024-08-09,verified,
M10659,E-commerce,Indore,Small,2024-08-10,verified,
M10660,SaaS,Bengaluru,Small,2024-08-10,verified,
M10661,Food & Restaurants,Hyderabad,Mid-market,2024-08-10,verified,
M10662,Travel,Lucknow,Small,2024-08-11,verified,
M10663,Travel,Kochi,Small,2024-08-11,verified,
M10664,SaaS,Delhi,Small,2024-08-12,verified,
M10665,Food & Restaurants,Delhi,Mid-market,2024-08-12,verified,
M10666,Healthcare,Lucknow,Mid-market,2024-08-12,verified,
M10667,Food & Restaurants,Ahmedabad,Small,2024-08-14,verified,
M10668,E-commerce,Bengaluru,Small,2024-08-15,verified,
M10669,Utilities,Chennai,Small,2024-08-15,verified,
M10670,Food & Restaurants,Chennai,Small,2024-08-16,verified,
M10671,Healthcare,Hyderabad,Mid-market,2024-08-16,verified,
M10672,Food & Restaurants,Bengaluru,Mid-market,2024-08-17,verified,
M10673,Healthcare,Pune,Small,2024-08-17,verified,
M10674,E-commerce,Pune,Mid-market,2024-08-17,verified,
M10675,Utilities,Bengaluru,Small,2024-08-18,verified,
M10676,Travel,Hyderabad,Small,2024-08-18,verified,
M10677,E-commerce,Jaipur,Small,2024-08-20,verified,
M10678,E-commerce,Kolkata,Mid-market,2024-08-20,verified,
M10679,E-commerce,Bengaluru,Small,2024-08-20,verified,
M10680,Education,Bengaluru,Small,2024-08-22,verified,
M10681,SaaS,Bengaluru,Small,2024-08-23,verified,
M10682,Healthcare,Ahmedabad,Mid-market,2024-08-23,verified,
M10683,Education,Kochi,Small,2024-08-25,verified,
M10684,Utilities,Hyderabad,Small,2024-08-25,verified,
M10685,E-commerce,Bengaluru,Enterprise,2024-08-26,verified,
M10686,Healthcare,Ahmedabad,Small,2024-08-28,verified,
M10687,Travel,Mumbai,Small,2024-08-29,verified,
M10688,Travel,Delhi,Small,2024-08-30,verified,
M10689,Education,Chennai,Small,2024-08-30,verified,
M10690,Food & Restaurants,Bengaluru,Small,2024-08-31,verified,
M10691,E-commerce,Chennai,Small,2024-08-31,verified,
M10692,Utilities,Pune,Mid-market,2024-09-01,verified,
M10693,Travel,Mumbai,Small,2024-09-01,verified,
M10694,Food & Restaurants,Kolkata,Small,2024-09-01,verified,
M10695,E-commerce,Delhi,Small,2024-09-02,verified,
M10696,Food & Restaurants,Chennai,Small,2024-09-03,verified,
M10697,E-commerce,Mumbai,Mid-market,2024-09-04,verified,
M10698,E-commerce,Ahmedabad,Mid-market,2024-09-05,verified,
M10699,E-commerce,Jaipur,Mid-market,2024-09-05,verified,
M10700,E-commerce,Delhi,Small,2024-09-06,verified,
M10701,E-commerce,Pune,Mid-market,2024-09-06,verified,
M10702,Education,Delhi,Mid-market,2024-09-08,verified,
M10703,Education,Bengaluru,Small,2024-09-10,verified,
M10704,E-commerce,Mumbai,Mid-market,2024-09-10,verified,
M10705,Food & Restaurants,Bengaluru,Small,2024-09-11,verified,
M10706,E-commerce,Mumbai,Mid-market,2024-09-12,verified,
M10707,E-commerce,Chennai,Small,2024-09-12,verified,
M10708,Utilities,Kolkata,Mid-market,2024-09-12,verified,
M10709,Travel,Kochi,Small,2024-09-12,verified,
M10710,Food & Restaurants,Kochi,Small,2024-09-13,verified,
M10711,Food & Restaurants,Delhi,Small,2024-09-14,verified,
M10712,E-commerce,Chennai,Small,2024-09-14,verified,
M10713,Education,Jaipur,Small,2024-09-14,verified,
M10714,Education,Bengaluru,Small,2024-09-14,verified,
M10715,SaaS,Hyderabad,Mid-market,2024-09-14,verified,
M10716,Travel,Hyderabad,Mid-market,2024-09-15,verified,
M10717,Utilities,Pune,Enterprise,2024-09-15,verified,
M10718,Food & Restaurants,Kochi,Small,2024-09-15,verified,
M10719,Education,Mumbai,Small,2024-09-15,on_hold,2026-07-03
M10720,E-commerce,Hyderabad,Small,2024-09-15,verified,
M10721,Food & Restaurants,Bengaluru,Mid-market,2024-09-16,verified,
M10722,Utilities,Hyderabad,Small,2024-09-16,verified,
M10723,Education,Ahmedabad,Mid-market,2024-09-16,verified,
M10724,Travel,Hyderabad,Mid-market,2024-09-16,verified,
M10725,SaaS,Delhi,Small,2024-09-16,on_hold,2026-07-05
M10726,Utilities,Delhi,Small,2024-09-16,verified,
M10727,E-commerce,Indore,Small,2024-09-18,on_hold,2026-06-22
M10728,Education,Kolkata,Small,2024-09-18,verified,
M10729,E-commerce,Kochi,Mid-market,2024-09-19,verified,
M10730,Education,Delhi,Small,2024-09-19,verified,
M10731,Utilities,Delhi,Small,2024-09-19,verified,
M10732,Travel,Bengaluru,Small,2024-09-20,verified,
M10733,Utilities,Bengaluru,Small,2024-09-20,verified,
M10734,Travel,Mumbai,Small,2024-09-21,verified,
M10735,Healthcare,Mumbai,Small,2024-09-21,verified,
M10736,E-commerce,Delhi,Mid-market,2024-09-21,verified,
M10737,Utilities,Delhi,Small,2024-09-21,verified,
M10738,Healthcare,Delhi,Mid-market,2024-09-21,verified,
M10739,Food & Restaurants,Hyderabad,Small,2024-09-22,verified,
M10740,E-commerce,Indore,Small,2024-09-23,verified,
M10741,Utilities,Delhi,Small,2024-09-23,verified,
M10742,Utilities,Mumbai,Mid-market,2024-09-24,verified,
M10743,Travel,Chennai,Mid-market,2024-09-24,verified,
M10744,Healthcare,Delhi,Small,2024-09-25,verified,
M10745,Healthcare,Hyderabad,Small,2024-09-25,verified,
M10746,E-commerce,Hyderabad,Enterprise,2024-09-25,verified,
M10747,Education,Mumbai,Small,2024-09-26,verified,
M10748,E-commerce,Pune,Small,2024-09-26,verified,
M10749,Food & Restaurants,Mumbai,Small,2024-09-27,verified,
M10750,Utilities,Mumbai,Mid-market,2024-09-28,verified,
M10751,Education,Delhi,Small,2024-09-28,verified,
M10752,Healthcare,Delhi,Small,2024-09-28,verified,
M10753,E-commerce,Delhi,Small,2024-09-30,verified,
M10754,E-commerce,Jaipur,Small,2024-09-30,verified,
M10755,Travel,Mumbai,Small,2024-09-30,verified,
M10756,Healthcare,Mumbai,Small,2024-10-01,verified,
M10757,Healthcare,Kolkata,Mid-market,2024-10-02,verified,
M10758,E-commerce,Lucknow,Small,2024-10-03,verified,
M10759,Food & Restaurants,Mumbai,Small,2024-10-05,verified,
M10760,E-commerce,Mumbai,Small,2024-10-07,verified,
M10761,Food & Restaurants,Pune,Small,2024-10-08,verified,
M10762,Healthcare,Mumbai,Small,2024-10-08,verified,
M10763,Food & Restaurants,Chennai,Small,2024-10-10,verified,
M10764,Utilities,Hyderabad,Mid-market,2024-10-10,verified,
M10765,Travel,Bengaluru,Small,2024-10-10,on_hold,2026-08-04
M10766,E-commerce,Bengaluru,Small,2024-10-11,verified,
M10767,SaaS,Ahmedabad,Small,2024-10-12,verified,
M10768,E-commerce,Delhi,Small,2024-10-12,verified,
M10769,SaaS,Delhi,Mid-market,2024-10-13,verified,
M10770,Food & Restaurants,Pune,Small,2024-10-13,verified,
M10771,Travel,Bengaluru,Small,2024-10-13,verified,
M10772,E-commerce,Chennai,Small,2024-10-14,verified,
M10773,Education,Kochi,Small,2024-10-14,verified,
M10774,Education,Jaipur,Small,2024-10-16,verified,
M10775,E-commerce,Pune,Small,2024-10-17,verified,
M10776,Food & Restaurants,Pune,Mid-market,2024-10-17,verified,
M10777,Utilities,Mumbai,Mid-market,2024-10-18,verified,
M10778,Education,Chennai,Mid-market,2024-10-19,verified,
M10779,Travel,Chennai,Small,2024-10-19,verified,
M10780,E-commerce,Chennai,Small,2024-10-20,verified,
M10781,E-commerce,Bengaluru,Small,2024-10-22,verified,
M10782,Food & Restaurants,Ahmedabad,Small,2024-10-22,verified,
M10783,E-commerce,Delhi,Enterprise,2024-10-26,verified,
M10784,Education,Pune,Small,2024-10-26,verified,
M10785,Education,Ahmedabad,Small,2024-10-27,verified,
M10786,SaaS,Ahmedabad,Small,2024-10-27,verified,
M10787,Education,Jaipur,Mid-market,2024-10-27,verified,
M10788,SaaS,Delhi,Mid-market,2024-10-28,verified,
M10789,Utilities,Mumbai,Small,2024-10-28,verified,
M10790,Healthcare,Delhi,Enterprise,2024-10-29,verified,
M10791,E-commerce,Mumbai,Small,2024-10-30,verified,
M10792,Education,Delhi,Small,2024-10-30,verified,
M10793,Travel,Pune,Mid-market,2024-10-31,verified,
M10794,SaaS,Indore,Small,2024-10-31,verified,
M10795,Education,Chennai,Small,2024-10-31,verified,
M10796,Education,Jaipur,Mid-market,2024-10-31,verified,
M10797,E-commerce,Hyderabad,Mid-market,2024-11-02,verified,
M10798,E-commerce,Ahmedabad,Small,2024-11-03,verified,
M10799,Food & Restaurants,Delhi,Mid-market,2024-11-03,verified,
M10800,Travel,Pune,Mid-market,2024-11-04,verified,
M10801,Utilities,Hyderabad,Small,2024-11-04,verified,
M10802,Utilities,Mumbai,Small,2024-11-04,verified,
M10803,E-commerce,Pune,Small,2024-11-05,verified,
M10804,E-commerce,Mumbai,Mid-market,2024-11-06,verified,
M10805,Education,Pune,Small,2024-11-06,verified,
M10806,E-commerce,Kochi,Small,2024-11-06,verified,
M10807,Education,Mumbai,Small,2024-11-06,verified,
M10808,E-commerce,Bengaluru,Enterprise,2024-11-07,verified,
M10809,Education,Delhi,Small,2024-11-07,verified,
M10810,Food & Restaurants,Kochi,Small,2024-11-08,verified,
M10811,Utilities,Kochi,Small,2024-11-08,verified,
M10812,Education,Kochi,Small,2024-11-08,verified,
M10813,Education,Hyderabad,Small,2024-11-08,verified,
M10814,E-commerce,Bengaluru,Mid-market,2024-11-09,verified,
M10815,Utilities,Pune,Small,2024-11-09,verified,
M10816,Food & Restaurants,Hyderabad,Small,2024-11-11,verified,
M10817,Food & Restaurants,Delhi,Small,2024-11-11,verified,
M10818,Utilities,Kochi,Small,2024-11-11,verified,
M10819,E-commerce,Bengaluru,Small,2024-11-11,verified,
M10820,Food & Restaurants,Chennai,Small,2024-11-12,verified,
M10821,E-commerce,Mumbai,Small,2024-11-14,verified,
M10822,E-commerce,Kolkata,Mid-market,2024-11-14,verified,
M10823,E-commerce,Delhi,Mid-market,2024-11-16,verified,
M10824,Food & Restaurants,Kolkata,Mid-market,2024-11-16,verified,
M10825,Healthcare,Hyderabad,Mid-market,2024-11-16,verified,
M10826,E-commerce,Delhi,Small,2024-11-16,verified,
M10827,Food & Restaurants,Delhi,Small,2024-11-17,verified,
M10828,Food & Restaurants,Kolkata,Enterprise,2024-11-17,verified,
M10829,Healthcare,Bengaluru,Small,2024-11-18,verified,
M10830,E-commerce,Jaipur,Small,2024-11-19,verified,
M10831,Utilities,Bengaluru,Small,2024-11-19,verified,
M10832,Education,Indore,Mid-market,2024-11-20,verified,
M10833,SaaS,Pune,Small,2024-11-20,verified,
M10834,SaaS,Bengaluru,Mid-market,2024-11-20,verified,
M10835,E-commerce,Bengaluru,Small,2024-11-22,verified,
M10836,E-commerce,Indore,Small,2024-11-23,verified,
M10837,Healthcare,Ahmedabad,Small,2024-11-23,verified,
M10838,Travel,Mumbai,Small,2024-11-24,verified,
M10839,Travel,Ahmedabad,Mid-market,2024-11-24,verified,
M10840,Food & Restaurants,Delhi,Small,2024-11-25,verified,
M10841,Travel,Pune,Small,2024-11-25,verified,
M10842,SaaS,Lucknow,Mid-market,2024-11-25,verified,
M10843,Utilities,Chennai,Small,2024-11-26,verified,
M10844,SaaS,Pune,Small,2024-11-26,verified,
M10845,Food & Restaurants,Lucknow,Mid-market,2024-11-26,on_hold,2026-06-13
M10846,E-commerce,Kolkata,Mid-market,2024-11-27,verified,
M10847,E-commerce,Indore,Small,2024-11-27,verified,
M10848,E-commerce,Bengaluru,Small,2024-11-28,verified,
M10849,Utilities,Bengaluru,Mid-market,2024-11-28,verified,
M10850,Food & Restaurants,Chennai,Mid-market,2024-11-28,verified,
M10851,Food & Restaurants,Bengaluru,Mid-market,2024-11-29,verified,
M10852,E-commerce,Mumbai,Small,2024-11-29,verified,
M10853,E-commerce,Chennai,Enterprise,2024-11-30,verified,
M10854,Food & Restaurants,Mumbai,Small,2024-11-30,verified,
M10855,SaaS,Delhi,Small,2024-11-30,verified,
M10856,E-commerce,Chennai,Small,2024-12-01,verified,
M10857,Utilities,Kolkata,Small,2024-12-03,verified,
M10858,E-commerce,Pune,Small,2024-12-04,verified,
M10859,Food & Restaurants,Bengaluru,Small,2024-12-04,verified,
M10860,Food & Restaurants,Kochi,Small,2024-12-07,verified,
M10861,Food & Restaurants,Delhi,Small,2024-12-07,verified,
M10862,Food & Restaurants,Mumbai,Enterprise,2024-12-07,verified,
M10863,E-commerce,Jaipur,Small,2024-12-08,on_hold,2026-06-28
M10864,E-commerce,Delhi,Small,2024-12-09,verified,
M10865,SaaS,Chennai,Small,2024-12-11,verified,
M10866,E-commerce,Chennai,Small,2024-12-11,verified,
M10867,E-commerce,Pune,Mid-market,2024-12-11,verified,
M10868,E-commerce,Delhi,Small,2024-12-11,verified,
M10869,Food & Restaurants,Mumbai,Small,2024-12-12,verified,
M10870,Education,Delhi,Small,2024-12-12,verified,
M10871,E-commerce,Chennai,Small,2024-12-12,verified,
M10872,Education,Bengaluru,Mid-market,2024-12-13,verified,
M10873,SaaS,Hyderabad,Small,2024-12-14,verified,
M10874,Food & Restaurants,Bengaluru,Mid-market,2024-12-14,verified,
M10875,SaaS,Delhi,Small,2024-12-15,verified,
M10876,Utilities,Delhi,Small,2024-12-15,verified,
M10877,Healthcare,Kochi,Small,2024-12-15,verified,
M10878,E-commerce,Jaipur,Small,2024-12-15,verified,
M10879,Utilities,Lucknow,Small,2024-12-15,verified,
M10880,Food & Restaurants,Hyderabad,Small,2024-12-15,verified,
M10881,E-commerce,Delhi,Small,2024-12-16,verified,
M10882,SaaS,Mumbai,Mid-market,2024-12-17,verified,
M10883,E-commerce,Ahmedabad,Small,2024-12-18,verified,
M10884,E-commerce,Mumbai,Small,2024-12-19,verified,
M10885,E-commerce,Delhi,Small,2024-12-19,verified,
M10886,SaaS,Chennai,Mid-market,2024-12-19,verified,
M10887,Utilities,Delhi,Small,2024-12-20,verified,
M10888,Utilities,Delhi,Small,2024-12-20,verified,
M10889,E-commerce,Delhi,Small,2024-12-20,verified,
M10890,E-commerce,Hyderabad,Small,2024-12-24,verified,
M10891,SaaS,Bengaluru,Mid-market,2024-12-26,verified,
M10892,E-commerce,Bengaluru,Small,2024-12-26,verified,
M10893,Education,Bengaluru,Mid-market,2024-12-28,verified,
M10894,Utilities,Kolkata,Small,2024-12-29,verified,
M10895,SaaS,Bengaluru,Mid-market,2024-12-29,verified,
M10896,Utilities,Delhi,Small,2024-12-29,verified,
M10897,Travel,Lucknow,Small,2024-12-29,verified,
M10898,Education,Jaipur,Mid-market,2024-12-30,verified,
M10899,Travel,Jaipur,Small,2024-12-30,verified,
M10900,E-commerce,Bengaluru,Small,2024-12-30,verified,
M10901,Healthcare,Delhi,Small,2024-12-31,verified,
M10902,Food & Restaurants,Bengaluru,Small,2024-12-31,verified,
M10903,E-commerce,Chennai,Small,2024-12-31,verified,
M10904,E-commerce,Ahmedabad,Small,2024-12-31,verified,
M10905,Food & Restaurants,Hyderabad,Small,2025-01-01,verified,
M10906,Education,Bengaluru,Small,2025-01-02,verified,
M10907,Food & Restaurants,Bengaluru,Small,2025-01-02,verified,
M10908,E-commerce,Chennai,Small,2025-01-02,verified,
M10909,Education,Chennai,Mid-market,2025-01-03,verified,
M10910,E-commerce,Kolkata,Mid-market,2025-01-03,verified,
M10911,Travel,Kochi,Small,2025-01-03,verified,
M10912,Food & Restaurants,Lucknow,Small,2025-01-03,verified,
M10913,Education,Delhi,Small,2025-01-04,verified,
M10914,Healthcare,Hyderabad,Small,2025-01-05,verified,
M10915,E-commerce,Delhi,Mid-market,2025-01-05,verified,
M10916,Education,Bengaluru,Small,2025-01-05,verified,
M10917,Food & Restaurants,Jaipur,Small,2025-01-07,verified,
M10918,Travel,Chennai,Small,2025-01-07,verified,
M10919,Food & Restaurants,Chennai,Small,2025-01-07,verified,
M10920,Education,Hyderabad,Mid-market,2025-01-08,verified,
M10921,Food & Restaurants,Kochi,Small,2025-01-09,verified,
M10922,E-commerce,Delhi,Mid-market,2025-01-09,verified,
M10923,Utilities,Bengaluru,Small,2025-01-09,verified,
M10924,Healthcare,Ahmedabad,Small,2025-01-10,verified,
M10925,Education,Ahmedabad,Small,2025-01-12,verified,
M10926,E-commerce,Mumbai,Small,2025-01-13,verified,
M10927,Travel,Hyderabad,Mid-market,2025-01-14,verified,
M10928,E-commerce,Kochi,Small,2025-01-14,verified,
M10929,SaaS,Hyderabad,Small,2025-01-15,verified,
M10930,Travel,Indore,Small,2025-01-16,verified,
M10931,E-commerce,Hyderabad,Enterprise,2025-01-16,verified,
M10932,Food & Restaurants,Ahmedabad,Small,2025-01-17,verified,
M10933,Education,Bengaluru,Small,2025-01-19,verified,
M10934,Food & Restaurants,Hyderabad,Small,2025-01-19,verified,
M10935,Food & Restaurants,Kolkata,Small,2025-01-19,verified,
M10936,E-commerce,Delhi,Small,2025-01-20,verified,
M10937,SaaS,Bengaluru,Small,2025-01-21,verified,
M10938,Food & Restaurants,Pune,Small,2025-01-22,verified,
M10939,Travel,Jaipur,Small,2025-01-23,verified,
M10940,E-commerce,Delhi,Small,2025-01-23,on_hold,2026-05-29
M10941,E-commerce,Ahmedabad,Small,2025-01-23,verified,
M10942,Food & Restaurants,Hyderabad,Mid-market,2025-01-24,verified,
M10943,E-commerce,Delhi,Small,2025-01-24,verified,
M10944,E-commerce,Ahmedabad,Small,2025-01-24,verified,
M10945,Utilities,Mumbai,Mid-market,2025-01-27,verified,
M10946,Utilities,Bengaluru,Small,2025-01-28,verified,
M10947,E-commerce,Hyderabad,Enterprise,2025-01-28,verified,
M10948,Healthcare,Hyderabad,Mid-market,2025-01-29,verified,
M10949,Food & Restaurants,Bengaluru,Small,2025-01-29,verified,
M10950,E-commerce,Kolkata,Small,2025-01-29,verified,
M10951,E-commerce,Delhi,Small,2025-01-29,verified,
M10952,Travel,Bengaluru,Small,2025-01-30,verified,
M10953,E-commerce,Mumbai,Small,2025-01-30,verified,
M10954,Food & Restaurants,Kochi,Mid-market,2025-01-30,verified,
M10955,Healthcare,Bengaluru,Small,2025-01-31,verified,
M10956,Healthcare,Bengaluru,Mid-market,2025-02-01,verified,
M10957,Food & Restaurants,Delhi,Small,2025-02-01,verified,
M10958,E-commerce,Chennai,Small,2025-02-02,verified,
M10959,E-commerce,Pune,Small,2025-02-02,verified,
M10960,Food & Restaurants,Ahmedabad,Mid-market,2025-02-02,verified,
M10961,Food & Restaurants,Indore,Small,2025-02-04,verified,
M10962,E-commerce,Lucknow,Small,2025-02-04,verified,
M10963,E-commerce,Ahmedabad,Small,2025-02-05,verified,
M10964,Food & Restaurants,Mumbai,Small,2025-02-08,verified,
M10965,E-commerce,Bengaluru,Mid-market,2025-02-08,verified,
M10966,E-commerce,Chennai,Small,2025-02-08,verified,
M10967,Food & Restaurants,Bengaluru,Mid-market,2025-02-09,verified,
M10968,Healthcare,Chennai,Mid-market,2025-02-09,verified,
M10969,Food & Restaurants,Kolkata,Small,2025-02-10,verified,
M10970,Travel,Jaipur,Mid-market,2025-02-10,verified,
M10971,Healthcare,Jaipur,Small,2025-02-12,verified,
M10972,Healthcare,Delhi,Small,2025-02-14,verified,
M10973,Education,Bengaluru,Small,2025-02-14,verified,
M10974,Healthcare,Bengaluru,Small,2025-02-15,verified,
M10975,Healthcare,Hyderabad,Small,2025-02-15,verified,
M10976,Utilities,Jaipur,Small,2025-02-16,verified,
M10977,Travel,Mumbai,Small,2025-02-17,verified,
M10978,Food & Restaurants,Bengaluru,Mid-market,2025-02-21,on_hold,2026-07-02
M10979,Travel,Kochi,Small,2025-02-21,verified,
M10980,Healthcare,Mumbai,Small,2025-02-22,verified,
M10981,E-commerce,Bengaluru,Mid-market,2025-02-23,verified,
M10982,Education,Bengaluru,Mid-market,2025-02-23,verified,
M10983,Healthcare,Delhi,Small,2025-02-23,verified,
M10984,Food & Restaurants,Hyderabad,Small,2025-02-23,verified,
M10985,E-commerce,Jaipur,Mid-market,2025-02-24,verified,
M10986,Food & Restaurants,Delhi,Mid-market,2025-02-24,verified,
M10987,Education,Delhi,Small,2025-02-24,verified,
M10988,E-commerce,Hyderabad,Small,2025-02-24,verified,
M10989,Travel,Mumbai,Enterprise,2025-02-25,verified,
M10990,Food & Restaurants,Jaipur,Mid-market,2025-02-25,verified,
M10991,SaaS,Chennai,Mid-market,2025-02-25,verified,
M10992,Education,Kochi,Small,2025-02-26,verified,
M10993,Healthcare,Indore,Small,2025-02-27,verified,
M10994,Education,Delhi,Small,2025-02-27,verified,
M10995,Education,Bengaluru,Small,2025-02-27,verified,
M10996,Healthcare,Mumbai,Small,2025-03-02,verified,
M10997,E-commerce,Bengaluru,Small,2025-03-03,verified,
M10998,E-commerce,Delhi,Small,2025-03-03,verified,
M10999,E-commerce,Jaipur,Small,2025-03-04,verified,
M11000,Travel,Chennai,Small,2025-03-05,verified,
M11001,E-commerce,Delhi,Small,2025-03-06,verified,
M11002,E-commerce,Kolkata,Mid-market,2025-03-09,verified,
M11003,E-commerce,Indore,Enterprise,2025-03-09,verified,
M11004,Education,Hyderabad,Small,2025-03-10,verified,
M11005,Travel,Mumbai,Small,2025-03-10,verified,
M11006,SaaS,Jaipur,Small,2025-03-10,verified,
M11007,Travel,Hyderabad,Small,2025-03-10,verified,
M11008,Food & Restaurants,Mumbai,Small,2025-03-11,verified,
M11009,SaaS,Jaipur,Small,2025-03-11,verified,
M11010,Education,Indore,Mid-market,2025-03-11,verified,
M11011,Education,Lucknow,Mid-market,2025-03-11,verified,
M11012,E-commerce,Ahmedabad,Mid-market,2025-03-12,verified,
M11013,E-commerce,Chennai,Small,2025-03-13,verified,
M11014,Education,Mumbai,Small,2025-03-13,verified,
M11015,Food & Restaurants,Kolkata,Small,2025-03-14,verified,
M11016,E-commerce,Delhi,Small,2025-03-15,verified,
M11017,E-commerce,Ahmedabad,Small,2025-03-15,verified,
M11018,Food & Restaurants,Lucknow,Small,2025-03-15,verified,
M11019,Education,Mumbai,Mid-market,2025-03-16,verified,
M11020,Healthcare,Pune,Small,2025-03-17,verified,
M11021,E-commerce,Hyderabad,Small,2025-03-18,verified,
M11022,E-commerce,Pune,Small,2025-03-18,verified,
M11023,E-commerce,Chennai,Mid-market,2025-03-19,verified,
M11024,Travel,Ahmedabad,Small,2025-03-19,verified,
M11025,E-commerce,Delhi,Mid-market,2025-03-19,verified,
M11026,SaaS,Bengaluru,Small,2025-03-20,on_hold,2026-08-01
M11027,E-commerce,Ahmedabad,Small,2025-03-22,verified,
M11028,Healthcare,Bengaluru,Mid-market,2025-03-22,verified,
M11029,Travel,Jaipur,Small,2025-03-22,verified,
M11030,Food & Restaurants,Bengaluru,Mid-market,2025-03-24,verified,
M11031,SaaS,Delhi,Small,2025-03-25,verified,
M11032,SaaS,Bengaluru,Small,2025-03-26,verified,
M11033,E-commerce,Hyderabad,Mid-market,2025-03-26,verified,
M11034,Healthcare,Pune,Small,2025-03-26,verified,
M11035,Food & Restaurants,Mumbai,Mid-market,2025-03-27,verified,
M11036,E-commerce,Hyderabad,Small,2025-03-28,verified,
M11037,SaaS,Delhi,Small,2025-03-29,verified,
M11038,E-commerce,Pune,Small,2025-03-30,verified,
M11039,E-commerce,Mumbai,Small,2025-03-31,verified,
M11040,Food & Restaurants,Hyderabad,Small,2025-03-31,verified,
M11041,Food & Restaurants,Mumbai,Small,2025-03-31,verified,
M11042,E-commerce,Mumbai,Mid-market,2025-04-01,verified,
M11043,E-commerce,Indore,Small,2025-04-01,verified,
M11044,Education,Delhi,Mid-market,2025-04-02,verified,
M11045,E-commerce,Delhi,Small,2025-04-02,verified,
M11046,Utilities,Bengaluru,Small,2025-04-03,verified,
M11047,E-commerce,Bengaluru,Small,2025-04-03,verified,
M11048,Food & Restaurants,Pune,Small,2025-04-03,verified,
M11049,Healthcare,Ahmedabad,Mid-market,2025-04-03,verified,
M11050,Food & Restaurants,Bengaluru,Mid-market,2025-04-04,verified,
M11051,Utilities,Mumbai,Small,2025-04-04,verified,
M11052,Healthcare,Chennai,Mid-market,2025-04-06,verified,
M11053,Education,Hyderabad,Small,2025-04-07,verified,
M11054,E-commerce,Jaipur,Small,2025-04-07,verified,
M11055,E-commerce,Bengaluru,Small,2025-04-08,verified,
M11056,E-commerce,Mumbai,Small,2025-04-08,verified,
M11057,E-commerce,Hyderabad,Small,2025-04-08,verified,
M11058,SaaS,Pune,Small,2025-04-08,verified,
M11059,E-commerce,Mumbai,Small,2025-04-08,verified,
M11060,E-commerce,Kolkata,Small,2025-04-08,verified,
M11061,Food & Restaurants,Hyderabad,Small,2025-04-09,verified,
M11062,E-commerce,Hyderabad,Small,2025-04-10,verified,
M11063,Food & Restaurants,Bengaluru,Small,2025-04-12,verified,
M11064,Food & Restaurants,Jaipur,Small,2025-04-12,verified,
M11065,Utilities,Delhi,Small,2025-04-12,verified,
M11066,Education,Hyderabad,Small,2025-04-12,verified,
M11067,Utilities,Pune,Small,2025-04-13,verified,
M11068,Education,Bengaluru,Mid-market,2025-04-13,verified,
M11069,Healthcare,Mumbai,Small,2025-04-13,verified,
M11070,Healthcare,Delhi,Small,2025-04-14,verified,
M11071,Food & Restaurants,Bengaluru,Small,2025-04-14,verified,
M11072,Education,Bengaluru,Small,2025-04-14,verified,
M11073,E-commerce,Delhi,Small,2025-04-15,verified,
M11074,Healthcare,Kochi,Small,2025-04-16,verified,
M11075,E-commerce,Mumbai,Small,2025-04-16,verified,
M11076,SaaS,Ahmedabad,Small,2025-04-16,verified,
M11077,E-commerce,Indore,Mid-market,2025-04-16,verified,
M11078,Education,Chennai,Small,2025-04-16,verified,
M11079,E-commerce,Chennai,Small,2025-04-18,verified,
M11080,E-commerce,Indore,Mid-market,2025-04-18,verified,
M11081,E-commerce,Delhi,Small,2025-04-19,verified,
M11082,E-commerce,Hyderabad,Small,2025-04-19,verified,
M11083,E-commerce,Chennai,Small,2025-04-19,verified,
M11084,Education,Mumbai,Small,2025-04-19,verified,
M11085,Food & Restaurants,Bengaluru,Small,2025-04-22,verified,
M11086,SaaS,Jaipur,Small,2025-04-23,verified,
M11087,Utilities,Bengaluru,Small,2025-04-24,verified,
M11088,Food & Restaurants,Hyderabad,Mid-market,2025-04-24,verified,
M11089,Utilities,Mumbai,Small,2025-04-27,verified,
M11090,Education,Chennai,Mid-market,2025-04-28,verified,
M11091,SaaS,Kolkata,Small,2025-04-28,verified,
M11092,Travel,Delhi,Small,2025-04-28,verified,
M11093,Travel,Delhi,Small,2025-04-28,verified,
M11094,Travel,Jaipur,Small,2025-04-28,verified,
M11095,Utilities,Hyderabad,Small,2025-04-30,verified,
M11096,Travel,Bengaluru,Small,2025-05-01,verified,
M11097,Food & Restaurants,Delhi,Small,2025-05-02,verified,
M11098,E-commerce,Hyderabad,Mid-market,2025-05-04,verified,
M11099,Food & Restaurants,Kochi,Small,2025-05-04,verified,
M11100,Food & Restaurants,Hyderabad,Small,2025-05-04,verified,
M11101,Food & Restaurants,Mumbai,Small,2025-05-05,verified,
M11102,E-commerce,Bengaluru,Small,2025-05-05,verified,
M11103,Education,Kochi,Small,2025-05-05,verified,
M11104,Education,Lucknow,Small,2025-05-06,verified,
M11105,Travel,Pune,Small,2025-05-07,verified,
M11106,Healthcare,Chennai,Mid-market,2025-05-07,verified,
M11107,E-commerce,Chennai,Mid-market,2025-05-07,verified,
M11108,Travel,Chennai,Small,2025-05-09,verified,
M11109,Food & Restaurants,Hyderabad,Enterprise,2025-05-09,verified,
M11110,Education,Ahmedabad,Small,2025-05-09,verified,
M11111,Travel,Delhi,Small,2025-05-10,verified,
M11112,Food & Restaurants,Bengaluru,Small,2025-05-10,verified,
M11113,Healthcare,Mumbai,Mid-market,2025-05-10,verified,
M11114,Education,Mumbai,Small,2025-05-11,verified,
M11115,Healthcare,Bengaluru,Small,2025-05-12,verified,
M11116,E-commerce,Delhi,Mid-market,2025-05-13,verified,
M11117,E-commerce,Lucknow,Small,2025-05-16,verified,
M11118,Food & Restaurants,Kochi,Mid-market,2025-05-16,verified,
M11119,E-commerce,Pune,Small,2025-05-16,verified,
M11120,Utilities,Kochi,Small,2025-05-16,verified,
M11121,Food & Restaurants,Bengaluru,Small,2025-05-16,verified,
M11122,Utilities,Hyderabad,Small,2025-05-18,verified,
M11123,SaaS,Kolkata,Mid-market,2025-05-21,verified,
M11124,E-commerce,Lucknow,Mid-market,2025-05-22,verified,
M11125,Healthcare,Pune,Small,2025-05-22,verified,
M11126,Healthcare,Hyderabad,Small,2025-05-23,verified,
M11127,Education,Delhi,Mid-market,2025-05-23,verified,
M11128,Healthcare,Mumbai,Small,2025-05-23,verified,
M11129,E-commerce,Mumbai,Small,2025-05-24,verified,
M11130,Utilities,Delhi,Small,2025-05-24,verified,
M11131,E-commerce,Delhi,Small,2025-05-26,verified,
M11132,Travel,Mumbai,Small,2025-05-26,verified,
M11133,Travel,Mumbai,Small,2025-05-27,verified,
M11134,Food & Restaurants,Kolkata,Mid-market,2025-05-27,verified,
M11135,Utilities,Mumbai,Small,2025-05-27,verified,
M11136,E-commerce,Pune,Small,2025-05-27,verified,
M11137,SaaS,Chennai,Small,2025-05-28,verified,
M11138,Utilities,Indore,Small,2025-05-30,verified,
M11139,Food & Restaurants,Ahmedabad,Small,2025-05-31,verified,
M11140,Healthcare,Mumbai,Small,2025-05-31,verified,
M11141,Food & Restaurants,Mumbai,Small,2025-06-02,verified,
M11142,Education,Bengaluru,Mid-market,2025-06-02,verified,
M11143,E-commerce,Hyderabad,Mid-market,2025-06-03,verified,
M11144,Education,Lucknow,Mid-market,2025-06-03,verified,
M11145,SaaS,Indore,Small,2025-06-03,verified,
M11146,Food & Restaurants,Delhi,Mid-market,2025-06-03,verified,
M11147,E-commerce,Chennai,Small,2025-06-04,verified,
M11148,E-commerce,Ahmedabad,Mid-market,2025-06-05,verified,
M11149,Education,Ahmedabad,Small,2025-06-06,verified,
M11150,Healthcare,Chennai,Small,2025-06-07,verified,
M11151,E-commerce,Jaipur,Small,2025-06-07,verified,
M11152,Food & Restaurants,Hyderabad,Small,2025-06-07,verified,
M11153,Food & Restaurants,Hyderabad,Mid-market,2025-06-08,verified,
M11154,SaaS,Pune,Small,2025-06-08,verified,
M11155,Travel,Bengaluru,Small,2025-06-08,verified,
M11156,E-commerce,Jaipur,Small,2025-06-08,verified,
M11157,Education,Chennai,Small,2025-06-09,verified,
M11158,E-commerce,Bengaluru,Small,2025-06-09,verified,
M11159,Food & Restaurants,Kolkata,Small,2025-06-09,verified,
M11160,E-commerce,Jaipur,Small,2025-06-09,verified,
M11161,Education,Hyderabad,Small,2025-06-11,verified,
M11162,E-commerce,Hyderabad,Small,2025-06-11,on_hold,2026-08-03
M11163,Food & Restaurants,Bengaluru,Small,2025-06-12,verified,
M11164,Travel,Pune,Small,2025-06-13,verified,
M11165,Food & Restaurants,Mumbai,Small,2025-06-13,verified,
M11166,Food & Restaurants,Mumbai,Small,2025-06-14,verified,
M11167,E-commerce,Chennai,Small,2025-06-15,verified,
M11168,Food & Restaurants,Mumbai,Small,2025-06-16,verified,
M11169,Travel,Ahmedabad,Small,2025-06-16,verified,
M11170,Food & Restaurants,Delhi,Small,2025-06-16,verified,
M11171,E-commerce,Kolkata,Small,2025-06-17,verified,
M11172,SaaS,Lucknow,Small,2025-06-18,verified,
M11173,E-commerce,Kochi,Small,2025-06-19,verified,
M11174,Travel,Delhi,Small,2025-06-20,verified,
M11175,Utilities,Chennai,Mid-market,2025-06-21,verified,
M11176,E-commerce,Kolkata,Small,2025-06-21,verified,
M11177,E-commerce,Jaipur,Small,2025-06-22,verified,
M11178,E-commerce,Delhi,Small,2025-06-23,verified,
M11179,Education,Lucknow,Small,2025-06-26,verified,
M11180,E-commerce,Hyderabad,Small,2025-06-27,verified,
M11181,Travel,Mumbai,Small,2025-06-28,verified,
M11182,Travel,Pune,Small,2025-06-28,verified,
M11183,Travel,Indore,Mid-market,2025-06-30,verified,
M11184,SaaS,Bengaluru,Small,2025-06-30,verified,
M11185,Travel,Hyderabad,Small,2025-07-01,verified,
M11186,Travel,Delhi,Small,2025-07-02,verified,
M11187,Food & Restaurants,Chennai,Small,2025-07-02,verified,
M11188,Travel,Bengaluru,Small,2025-07-02,verified,
M11189,SaaS,Kolkata,Small,2025-07-03,verified,
M11190,SaaS,Mumbai,Small,2025-07-03,verified,
M11191,E-commerce,Delhi,Small,2025-07-03,verified,
M11192,Utilities,Kolkata,Small,2025-07-04,verified,
M11193,E-commerce,Bengaluru,Mid-market,2025-07-04,verified,
M11194,E-commerce,Chennai,Mid-market,2025-07-05,verified,
M11195,Food & Restaurants,Bengaluru,Small,2025-07-06,verified,
M11196,Food & Restaurants,Pune,Mid-market,2025-07-06,verified,
M11197,Education,Bengaluru,Small,2025-07-06,verified,
M11198,E-commerce,Hyderabad,Small,2025-07-06,verified,
M11199,Food & Restaurants,Bengaluru,Mid-market,2025-07-08,verified,
M11200,SaaS,Pune,Small,2025-07-10,verified,
M11201,Travel,Chennai,Small,2025-07-10,verified,
M11202,Food & Restaurants,Hyderabad,Mid-market,2025-07-11,verified,
M11203,Travel,Pune,Small,2025-07-12,verified,
M11204,Food & Restaurants,Pune,Small,2025-07-12,verified,
M11205,E-commerce,Hyderabad,Mid-market,2025-07-13,verified,
M11206,Education,Hyderabad,Small,2025-07-15,verified,
M11207,Utilities,Jaipur,Small,2025-07-15,verified,
M11208,SaaS,Mumbai,Small,2025-07-15,verified,
M11209,Utilities,Hyderabad,Small,2025-07-15,verified,
M11210,E-commerce,Mumbai,Small,2025-07-15,verified,
M11211,E-commerce,Mumbai,Small,2025-07-16,verified,
M11212,SaaS,Kochi,Small,2025-07-18,verified,
M11213,E-commerce,Kolkata,Small,2025-07-18,verified,
M11214,Healthcare,Hyderabad,Small,2025-07-18,verified,
M11215,E-commerce,Bengaluru,Small,2025-07-19,verified,
M11216,E-commerce,Kochi,Small,2025-07-20,verified,
M11217,Education,Ahmedabad,Enterprise,2025-07-20,verified,
M11218,E-commerce,Hyderabad,Mid-market,2025-07-21,verified,
M11219,Food & Restaurants,Kochi,Small,2025-07-21,verified,
M11220,Utilities,Pune,Small,2025-07-21,verified,
M11221,SaaS,Mumbai,Small,2025-07-21,verified,
M11222,Travel,Kochi,Small,2025-07-23,verified,
M11223,Food & Restaurants,Kolkata,Small,2025-07-24,verified,
M11224,Healthcare,Lucknow,Small,2025-07-24,verified,
M11225,Food & Restaurants,Indore,Small,2025-07-25,verified,
M11226,Food & Restaurants,Chennai,Small,2025-07-26,verified,
M11227,Food & Restaurants,Hyderabad,Small,2025-07-28,verified,
M11228,E-commerce,Hyderabad,Mid-market,2025-07-29,verified,
M11229,Food & Restaurants,Mumbai,Enterprise,2025-07-30,verified,
M11230,Education,Chennai,Small,2025-08-01,verified,
M11231,Food & Restaurants,Pune,Small,2025-08-01,verified,
M11232,Education,Kolkata,Small,2025-08-02,verified,
M11233,SaaS,Hyderabad,Small,2025-08-04,verified,
M11234,Healthcare,Bengaluru,Small,2025-08-04,verified,
M11235,E-commerce,Pune,Small,2025-08-04,verified,
M11236,Healthcare,Delhi,Small,2025-08-05,verified,
M11237,Food & Restaurants,Ahmedabad,Mid-market,2025-08-05,verified,
M11238,SaaS,Hyderabad,Mid-market,2025-08-05,on_hold,2026-07-28
M11239,E-commerce,Mumbai,Small,2025-08-05,verified,
M11240,Utilities,Mumbai,Small,2025-08-05,verified,
M11241,Healthcare,Jaipur,Mid-market,2025-08-06,verified,
M11242,SaaS,Mumbai,Small,2025-08-07,verified,
M11243,SaaS,Delhi,Small,2025-08-08,verified,
M11244,Healthcare,Kolkata,Mid-market,2025-08-08,verified,
M11245,Education,Mumbai,Small,2025-08-08,verified,
M11246,Healthcare,Jaipur,Mid-market,2025-08-09,verified,
M11247,E-commerce,Ahmedabad,Mid-market,2025-08-09,verified,
M11248,Travel,Kochi,Small,2025-08-12,verified,
M11249,Food & Restaurants,Hyderabad,Enterprise,2025-08-13,verified,
M11250,Food & Restaurants,Lucknow,Small,2025-08-13,verified,
M11251,E-commerce,Chennai,Mid-market,2025-08-14,verified,
M11252,E-commerce,Delhi,Small,2025-08-15,verified,
M11253,E-commerce,Hyderabad,Mid-market,2025-08-15,verified,
M11254,Healthcare,Chennai,Mid-market,2025-08-17,verified,
M11255,Healthcare,Kolkata,Small,2025-08-17,verified,
M11256,Education,Hyderabad,Small,2025-08-17,verified,
M11257,SaaS,Chennai,Small,2025-08-17,verified,
M11258,Food & Restaurants,Kolkata,Small,2025-08-18,verified,
M11259,Travel,Mumbai,Small,2025-08-18,verified,
M11260,E-commerce,Delhi,Small,2025-08-19,verified,
M11261,Food & Restaurants,Delhi,Small,2025-08-20,verified,
M11262,Education,Chennai,Small,2025-08-20,verified,
M11263,Utilities,Mumbai,Small,2025-08-20,verified,
M11264,E-commerce,Chennai,Small,2025-08-22,on_hold,2026-05-17
M11265,Utilities,Mumbai,Small,2025-08-23,on_hold,2026-05-19
M11266,Education,Mumbai,Small,2025-08-23,verified,
M11267,E-commerce,Mumbai,Small,2025-08-24,verified,
M11268,Healthcare,Bengaluru,Small,2025-08-25,verified,
M11269,E-commerce,Lucknow,Small,2025-08-26,verified,
M11270,Education,Delhi,Small,2025-08-26,verified,
M11271,Healthcare,Ahmedabad,Mid-market,2025-08-27,verified,
M11272,Food & Restaurants,Chennai,Small,2025-08-28,verified,
M11273,Utilities,Delhi,Small,2025-08-29,verified,
M11274,Education,Hyderabad,Mid-market,2025-08-29,verified,
M11275,E-commerce,Delhi,Enterprise,2025-08-30,verified,
M11276,Travel,Hyderabad,Small,2025-08-30,verified,
M11277,E-commerce,Delhi,Mid-market,2025-08-30,verified,
M11278,Travel,Jaipur,Small,2025-08-31,verified,
M11279,E-commerce,Mumbai,Small,2025-08-31,verified,
M11280,Utilities,Hyderabad,Mid-market,2025-09-02,verified,
M11281,Utilities,Chennai,Small,2025-09-02,verified,
M11282,Food & Restaurants,Pune,Small,2025-09-02,verified,
M11283,Education,Indore,Mid-market,2025-09-02,verified,
M11284,Travel,Kolkata,Small,2025-09-03,verified,
M11285,Food & Restaurants,Lucknow,Small,2025-09-05,verified,
M11286,Healthcare,Bengaluru,Small,2025-09-07,verified,
M11287,E-commerce,Lucknow,Small,2025-09-08,verified,
M11288,E-commerce,Jaipur,Small,2025-09-09,verified,
M11289,Healthcare,Bengaluru,Mid-market,2025-09-12,verified,
M11290,E-commerce,Ahmedabad,Small,2025-09-13,verified,
M11291,Food & Restaurants,Hyderabad,Mid-market,2025-09-13,verified,
M11292,E-commerce,Kolkata,Mid-market,2025-09-13,verified,
M11293,Education,Kolkata,Small,2025-09-13,on_hold,2026-06-05
M11294,Healthcare,Hyderabad,Small,2025-09-14,verified,
M11295,E-commerce,Hyderabad,Small,2025-09-14,verified,
M11296,E-commerce,Delhi,Small,2025-09-15,verified,
M11297,Food & Restaurants,Jaipur,Small,2025-09-16,verified,
M11298,Healthcare,Jaipur,Small,2025-09-16,verified,
M11299,Travel,Kochi,Small,2025-09-17,verified,
M11300,E-commerce,Hyderabad,Small,2025-09-18,verified,
M11301,Food & Restaurants,Mumbai,Small,2025-09-19,verified,
M11302,E-commerce,Bengaluru,Small,2025-09-20,verified,
M11303,Utilities,Kolkata,Small,2025-09-22,verified,
M11304,Travel,Hyderabad,Small,2025-09-22,verified,
M11305,Travel,Hyderabad,Mid-market,2025-09-23,verified,
M11306,Healthcare,Lucknow,Small,2025-09-24,verified,
M11307,Education,Pune,Small,2025-09-26,verified,
M11308,SaaS,Hyderabad,Small,2025-09-26,on_hold,2026-05-17
M11309,Healthcare,Kochi,Small,2025-09-27,verified,
M11310,Healthcare,Bengaluru,Mid-market,2025-09-27,verified,
M11311,E-commerce,Hyderabad,Small,2025-09-27,verified,
M11312,Travel,Mumbai,Small,2025-09-28,verified,
M11313,E-commerce,Delhi,Small,2025-09-28,verified,
M11314,Food & Restaurants,Kolkata,Small,2025-09-30,verified,
M11315,E-commerce,Pune,Small,2025-10-01,verified,
M11316,Healthcare,Bengaluru,Small,2025-10-01,verified,
M11317,E-commerce,Bengaluru,Small,2025-10-01,verified,
M11318,SaaS,Chennai,Small,2025-10-05,verified,
M11319,E-commerce,Chennai,Small,2025-10-06,verified,
M11320,Food & Restaurants,Hyderabad,Small,2025-10-06,verified,
M11321,Food & Restaurants,Chennai,Mid-market,2025-10-07,verified,
M11322,Education,Chennai,Small,2025-10-08,verified,
M11323,Education,Kolkata,Enterprise,2025-10-08,verified,
M11324,Food & Restaurants,Mumbai,Small,2025-10-09,verified,
M11325,Healthcare,Kochi,Small,2025-10-09,verified,
M11326,Healthcare,Bengaluru,Small,2025-10-10,verified,
M11327,Food & Restaurants,Delhi,Small,2025-10-10,verified,
M11328,Healthcare,Hyderabad,Small,2025-10-11,verified,
M11329,E-commerce,Hyderabad,Small,2025-10-11,verified,
M11330,E-commerce,Jaipur,Mid-market,2025-10-11,verified,
M11331,Education,Mumbai,Small,2025-10-12,verified,
M11332,E-commerce,Indore,Mid-market,2025-10-13,verified,
M11333,E-commerce,Chennai,Mid-market,2025-10-13,verified,
M11334,Food & Restaurants,Kolkata,Small,2025-10-16,verified,
M11335,E-commerce,Pune,Small,2025-10-16,verified,
M11336,E-commerce,Hyderabad,Small,2025-10-17,verified,
M11337,SaaS,Jaipur,Small,2025-10-18,verified,
M11338,E-commerce,Hyderabad,Small,2025-10-19,verified,
M11339,Travel,Delhi,Small,2025-10-19,verified,
M11340,E-commerce,Mumbai,Small,2025-10-20,verified,
M11341,SaaS,Bengaluru,Small,2025-10-20,verified,
M11342,E-commerce,Bengaluru,Small,2025-10-22,verified,
M11343,E-commerce,Kochi,Small,2025-10-22,verified,
M11344,E-commerce,Bengaluru,Small,2025-10-23,verified,
M11345,Education,Kochi,Mid-market,2025-10-23,verified,
M11346,Education,Mumbai,Mid-market,2025-10-23,verified,
M11347,Food & Restaurants,Mumbai,Small,2025-10-24,verified,
M11348,Education,Pune,Small,2025-10-25,verified,
M11349,Food & Restaurants,Delhi,Mid-market,2025-10-28,verified,
M11350,E-commerce,Mumbai,Small,2025-10-29,verified,
M11351,Healthcare,Hyderabad,Mid-market,2025-10-29,verified,
M11352,Travel,Bengaluru,Small,2025-10-29,verified,
M11353,Food & Restaurants,Jaipur,Small,2025-10-29,verified,
M11354,Travel,Kolkata,Mid-market,2025-10-30,verified,
M11355,E-commerce,Chennai,Small,2025-10-30,verified,
M11356,Food & Restaurants,Jaipur,Small,2025-10-30,verified,
M11357,Food & Restaurants,Delhi,Small,2025-10-31,verified,
M11358,Travel,Lucknow,Small,2025-11-01,verified,
M11359,Healthcare,Chennai,Mid-market,2025-11-01,verified,
M11360,Healthcare,Pune,Mid-market,2025-11-01,verified,
M11361,Utilities,Indore,Small,2025-11-01,verified,
M11362,Food & Restaurants,Pune,Mid-market,2025-11-01,verified,
M11363,E-commerce,Mumbai,Mid-market,2025-11-02,verified,
M11364,Food & Restaurants,Kolkata,Mid-market,2025-11-02,verified,
M11365,Education,Mumbai,Small,2025-11-03,verified,
M11366,Utilities,Indore,Small,2025-11-05,verified,
M11367,E-commerce,Lucknow,Small,2025-11-06,verified,
M11368,SaaS,Mumbai,Small,2025-11-07,verified,
M11369,E-commerce,Ahmedabad,Mid-market,2025-11-07,verified,
M11370,Healthcare,Kolkata,Small,2025-11-08,verified,
M11371,E-commerce,Indore,Small,2025-11-08,verified,
M11372,Healthcare,Kolkata,Small,2025-11-09,verified,
M11373,Travel,Mumbai,Small,2025-11-10,verified,
M11374,E-commerce,Indore,Mid-market,2025-11-10,verified,
M11375,Food & Restaurants,Ahmedabad,Small,2025-11-10,verified,
M11376,E-commerce,Ahmedabad,Small,2025-11-11,verified,
M11377,SaaS,Bengaluru,Mid-market,2025-11-12,verified,
M11378,Travel,Lucknow,Mid-market,2025-11-13,verified,
M11379,E-commerce,Chennai,Mid-market,2025-11-13,verified,
M11380,Education,Hyderabad,Small,2025-11-14,verified,
M11381,E-commerce,Bengaluru,Small,2025-11-14,verified,
M11382,Healthcare,Indore,Small,2025-11-15,verified,
M11383,Utilities,Ahmedabad,Small,2025-11-16,verified,
M11384,E-commerce,Lucknow,Small,2025-11-16,verified,
M11385,Food & Restaurants,Chennai,Small,2025-11-16,verified,
M11386,Utilities,Ahmedabad,Small,2025-11-16,verified,
M11387,E-commerce,Delhi,Small,2025-11-17,verified,
M11388,SaaS,Ahmedabad,Small,2025-11-17,verified,
M11389,E-commerce,Chennai,Small,2025-11-17,verified,
M11390,E-commerce,Jaipur,Small,2025-11-18,verified,
M11391,SaaS,Indore,Small,2025-11-19,verified,
M11392,E-commerce,Kolkata,Small,2025-11-20,verified,
M11393,E-commerce,Delhi,Small,2025-11-22,verified,
M11394,E-commerce,Pune,Mid-market,2025-11-22,verified,
M11395,Food & Restaurants,Pune,Small,2025-11-22,verified,
M11396,SaaS,Hyderabad,Small,2025-11-23,verified,
M11397,SaaS,Pune,Small,2025-11-23,verified,
M11398,Food & Restaurants,Delhi,Small,2025-11-25,verified,
M11399,E-commerce,Indore,Mid-market,2025-11-25,verified,
M11400,E-commerce,Mumbai,Mid-market,2025-11-25,verified,
M11401,Travel,Lucknow,Small,2025-11-25,verified,
M11402,SaaS,Delhi,Small,2025-11-26,verified,
M11403,E-commerce,Chennai,Small,2025-11-26,verified,
M11404,E-commerce,Mumbai,Mid-market,2025-11-26,verified,
M11405,SaaS,Indore,Mid-market,2025-11-27,verified,
M11406,Education,Delhi,Mid-market,2025-11-28,verified,
M11407,E-commerce,Kochi,Mid-market,2025-11-30,verified,
M11408,E-commerce,Hyderabad,Enterprise,2025-12-01,verified,
M11409,Food & Restaurants,Bengaluru,Small,2025-12-02,verified,
M11410,Healthcare,Ahmedabad,Mid-market,2025-12-02,verified,
M11411,Education,Indore,Mid-market,2025-12-02,verified,
M11412,Healthcare,Lucknow,Small,2025-12-02,verified,
M11413,Food & Restaurants,Bengaluru,Small,2025-12-03,verified,
M11414,E-commerce,Delhi,Mid-market,2025-12-03,verified,
M11415,Education,Delhi,Small,2025-12-03,verified,
M11416,Food & Restaurants,Delhi,Small,2025-12-03,verified,
M11417,Travel,Lucknow,Small,2025-12-03,verified,
M11418,Food & Restaurants,Delhi,Mid-market,2025-12-04,verified,
M11419,Travel,Bengaluru,Small,2025-12-04,verified,
M11420,SaaS,Chennai,Small,2025-12-05,verified,
M11421,Healthcare,Delhi,Small,2025-12-06,verified,
M11422,Travel,Kolkata,Mid-market,2025-12-06,verified,
M11423,Healthcare,Ahmedabad,Mid-market,2025-12-06,verified,
M11424,Food & Restaurants,Delhi,Small,2025-12-07,verified,
M11425,E-commerce,Delhi,Small,2025-12-09,verified,
M11426,SaaS,Mumbai,Small,2025-12-09,verified,
M11427,Utilities,Delhi,Small,2025-12-11,verified,
M11428,SaaS,Hyderabad,Mid-market,2025-12-11,verified,
M11429,Healthcare,Lucknow,Small,2025-12-12,verified,
M11430,SaaS,Bengaluru,Small,2025-12-12,verified,
M11431,Food & Restaurants,Delhi,Mid-market,2025-12-12,verified,
M11432,Travel,Hyderabad,Small,2025-12-13,verified,
M11433,Education,Kochi,Small,2025-12-14,verified,
M11434,Healthcare,Chennai,Enterprise,2025-12-15,verified,
M11435,Education,Jaipur,Small,2025-12-15,verified,
M11436,Food & Restaurants,Kolkata,Small,2025-12-15,verified,
M11437,Utilities,Hyderabad,Small,2025-12-16,verified,
M11438,E-commerce,Kolkata,Small,2025-12-19,verified,
M11439,E-commerce,Bengaluru,Small,2025-12-20,verified,
M11440,SaaS,Lucknow,Small,2025-12-21,verified,
M11441,E-commerce,Jaipur,Small,2025-12-22,on_hold,2026-05-21
M11442,Food & Restaurants,Chennai,Small,2025-12-23,verified,
M11443,Travel,Bengaluru,Small,2025-12-23,verified,
M11444,Food & Restaurants,Bengaluru,Small,2025-12-24,verified,
M11445,SaaS,Chennai,Mid-market,2025-12-25,verified,
M11446,Food & Restaurants,Lucknow,Small,2025-12-26,verified,
M11447,Travel,Kochi,Small,2025-12-26,verified,
M11448,E-commerce,Kolkata,Small,2025-12-29,verified,
M11449,Utilities,Lucknow,Small,2025-12-30,verified,
M11450,E-commerce,Mumbai,Small,2025-12-31,verified,
M11451,Education,Pune,Small,2026-01-01,verified,
M11452,Travel,Bengaluru,Small,2026-01-01,verified,
M11453,Food & Restaurants,Pune,Small,2026-01-01,verified,
M11454,Education,Mumbai,Mid-market,2026-01-02,verified,
M11455,Travel,Pune,Small,2026-01-02,verified,
M11456,Food & Restaurants,Mumbai,Small,2026-01-02,verified,
M11457,Education,Bengaluru,Mid-market,2026-01-03,verified,
M11458,Education,Delhi,Small,2026-01-03,verified,
M11459,Travel,Pune,Small,2026-01-03,verified,
M11460,Healthcare,Mumbai,Small,2026-01-05,verified,
M11461,E-commerce,Bengaluru,Small,2026-01-06,verified,
M11462,Healthcare,Jaipur,Mid-market,2026-01-06,verified,
M11463,Food & Restaurants,Bengaluru,Small,2026-01-07,verified,
M11464,E-commerce,Delhi,Small,2026-01-07,verified,
M11465,Food & Restaurants,Indore,Small,2026-01-08,verified,
M11466,SaaS,Bengaluru,Small,2026-01-08,verified,
M11467,Education,Pune,Small,2026-01-08,verified,
M11468,E-commerce,Bengaluru,Small,2026-01-09,verified,
M11469,E-commerce,Delhi,Small,2026-01-09,on_hold,2026-05-27
M11470,Travel,Bengaluru,Small,2026-01-10,verified,
M11471,E-commerce,Pune,Small,2026-01-11,verified,
M11472,Education,Bengaluru,Small,2026-01-11,verified,
M11473,SaaS,Mumbai,Small,2026-01-12,verified,
M11474,Education,Ahmedabad,Small,2026-01-12,verified,
M11475,Education,Jaipur,Mid-market,2026-01-12,verified,
M11476,Utilities,Kolkata,Small,2026-01-13,verified,
M11477,Food & Restaurants,Jaipur,Small,2026-01-13,verified,
M11478,E-commerce,Kochi,Small,2026-01-14,verified,
M11479,SaaS,Delhi,Small,2026-01-14,verified,
M11480,Food & Restaurants,Jaipur,Small,2026-01-14,verified,
M11481,SaaS,Hyderabad,Small,2026-01-14,verified,
M11482,E-commerce,Chennai,Mid-market,2026-01-15,verified,
M11483,SaaS,Chennai,Small,2026-01-15,verified,
M11484,Food & Restaurants,Bengaluru,Mid-market,2026-01-16,verified,
M11485,E-commerce,Bengaluru,Small,2026-01-16,verified,
M11486,Food & Restaurants,Delhi,Small,2026-01-16,verified,
M11487,E-commerce,Delhi,Mid-market,2026-01-16,verified,
M11488,Healthcare,Mumbai,Small,2026-01-16,verified,
M11489,Education,Delhi,Small,2026-01-16,verified,
M11490,Healthcare,Delhi,Small,2026-01-17,verified,
M11491,Food & Restaurants,Kolkata,Small,2026-01-17,verified,
M11492,Food & Restaurants,Pune,Small,2026-01-17,verified,
M11493,E-commerce,Chennai,Small,2026-01-19,verified,
M11494,E-commerce,Pune,Small,2026-01-19,verified,
M11495,Healthcare,Kolkata,Mid-market,2026-01-19,verified,
M11496,E-commerce,Ahmedabad,Small,2026-01-20,verified,
M11497,SaaS,Bengaluru,Mid-market,2026-01-20,verified,
M11498,Utilities,Delhi,Small,2026-01-21,verified,
M11499,E-commerce,Ahmedabad,Small,2026-01-21,verified,
M11500,Travel,Hyderabad,Small,2026-01-21,verified,
M11501,Education,Bengaluru,Small,2026-01-22,verified,
M11502,Education,Lucknow,Small,2026-01-22,verified,
M11503,E-commerce,Kolkata,Small,2026-01-23,verified,
M11504,Food & Restaurants,Chennai,Small,2026-01-23,verified,
M11505,Food & Restaurants,Hyderabad,Small,2026-01-23,verified,
M11506,Food & Restaurants,Chennai,Small,2026-01-25,verified,
M11507,Education,Pune,Small,2026-01-25,verified,
M11508,SaaS,Chennai,Small,2026-01-25,verified,
M11509,Education,Mumbai,Small,2026-01-25,verified,
M11510,E-commerce,Lucknow,Small,2026-01-27,verified,
M11511,Travel,Delhi,Small,2026-01-27,verified,
M11512,Travel,Bengaluru,Small,2026-01-27,verified,
M11513,Healthcare,Mumbai,Small,2026-01-27,verified,
M11514,Food & Restaurants,Mumbai,Small,2026-01-28,verified,
M11515,SaaS,Mumbai,Small,2026-01-28,verified,
M11516,Food & Restaurants,Bengaluru,Mid-market,2026-01-28,verified,
M11517,Food & Restaurants,Mumbai,Small,2026-01-30,verified,
M11518,Education,Pune,Mid-market,2026-01-31,verified,
M11519,Education,Mumbai,Small,2026-01-31,verified,
M11520,Food & Restaurants,Delhi,Enterprise,2026-01-31,verified,
M11521,SaaS,Hyderabad,Small,2026-02-01,verified,
M11522,Food & Restaurants,Chennai,Small,2026-02-01,verified,
M11523,E-commerce,Hyderabad,Small,2026-02-02,verified,
M11524,Travel,Pune,Small,2026-02-02,verified,
M11525,Travel,Ahmedabad,Small,2026-02-02,verified,
M11526,Food & Restaurants,Bengaluru,Small,2026-02-03,verified,
M11527,E-commerce,Pune,Small,2026-02-03,verified,
M11528,SaaS,Mumbai,Mid-market,2026-02-04,verified,
M11529,SaaS,Indore,Mid-market,2026-02-04,verified,
M11530,Healthcare,Mumbai,Small,2026-02-05,verified,
M11531,Travel,Chennai,Mid-market,2026-02-05,verified,
M11532,Food & Restaurants,Delhi,Mid-market,2026-02-06,verified,
M11533,E-commerce,Hyderabad,Mid-market,2026-02-06,verified,
M11534,Education,Lucknow,Small,2026-02-06,verified,
M11535,Food & Restaurants,Indore,Small,2026-02-07,verified,
M11536,E-commerce,Pune,Small,2026-02-07,verified,
M11537,Education,Hyderabad,Small,2026-02-07,verified,
M11538,E-commerce,Bengaluru,Mid-market,2026-02-07,verified,
M11539,SaaS,Indore,Small,2026-02-09,verified,
M11540,Food & Restaurants,Mumbai,Mid-market,2026-02-09,verified,
M11541,Food & Restaurants,Delhi,Mid-market,2026-02-09,verified,
M11542,E-commerce,Pune,Mid-market,2026-02-09,verified,
M11543,E-commerce,Bengaluru,Small,2026-02-09,verified,
M11544,Healthcare,Bengaluru,Small,2026-02-10,verified,
M11545,E-commerce,Jaipur,Small,2026-02-10,verified,
M11546,Utilities,Jaipur,Small,2026-02-10,verified,
M11547,Education,Kochi,Small,2026-02-10,verified,
M11548,Travel,Mumbai,Small,2026-02-11,verified,
M11549,Healthcare,Indore,Small,2026-02-12,verified,
M11550,Education,Indore,Small,2026-02-12,verified,
M11551,SaaS,Bengaluru,Mid-market,2026-02-13,verified,
M11552,Travel,Chennai,Mid-market,2026-02-13,verified,
M11553,SaaS,Delhi,Small,2026-02-13,verified,
M11554,Travel,Pune,Mid-market,2026-02-14,verified,
M11555,Utilities,Pune,Small,2026-02-15,verified,
M11556,Education,Kochi,Small,2026-02-15,verified,
M11557,E-commerce,Mumbai,Small,2026-02-15,on_hold,2026-05-23
M11558,Education,Indore,Small,2026-02-15,verified,
M11559,Utilities,Pune,Small,2026-02-17,verified,
M11560,Food & Restaurants,Bengaluru,Small,2026-02-17,verified,
M11561,Utilities,Delhi,Mid-market,2026-02-17,verified,
M11562,E-commerce,Kolkata,Small,2026-02-18,verified,
M11563,Travel,Mumbai,Small,2026-02-18,verified,
M11564,Healthcare,Delhi,Small,2026-02-18,verified,
M11565,E-commerce,Mumbai,Small,2026-02-19,on_hold,2026-07-10
M11566,E-commerce,Chennai,Small,2026-02-19,verified,
M11567,Healthcare,Pune,Small,2026-02-19,verified,
M11568,E-commerce,Jaipur,Small,2026-02-19,verified,
M11569,E-commerce,Delhi,Small,2026-02-20,verified,
M11570,SaaS,Mumbai,Small,2026-02-20,verified,
M11571,Travel,Mumbai,Small,2026-02-20,verified,
M11572,Food & Restaurants,Lucknow,Small,2026-02-20,verified,
M11573,Education,Delhi,Small,2026-02-20,verified,
M11574,E-commerce,Bengaluru,Mid-market,2026-02-20,verified,
M11575,E-commerce,Kolkata,Small,2026-02-20,verified,
M11576,Education,Delhi,Small,2026-02-21,verified,
M11577,SaaS,Jaipur,Small,2026-02-21,verified,
M11578,Food & Restaurants,Hyderabad,Mid-market,2026-02-21,verified,
M11579,E-commerce,Bengaluru,Small,2026-02-22,verified,
M11580,SaaS,Bengaluru,Small,2026-02-22,verified,
M11581,Food & Restaurants,Pune,Small,2026-02-23,verified,
M11582,SaaS,Chennai,Small,2026-02-23,verified,
M11583,Food & Restaurants,Chennai,Small,2026-02-23,verified,
M11584,Education,Mumbai,Mid-market,2026-02-24,verified,
M11585,Travel,Kolkata,Small,2026-02-24,verified,
M11586,Food & Restaurants,Bengaluru,Small,2026-02-24,on_hold,2026-07-24
M11587,E-commerce,Indore,Small,2026-02-25,verified,
M11588,E-commerce,Delhi,Small,2026-02-26,verified,
M11589,Food & Restaurants,Hyderabad,Small,2026-02-27,verified,
M11590,Travel,Delhi,Small,2026-02-28,verified,
M11591,Utilities,Indore,Enterprise,2026-03-01,verified,
M11592,E-commerce,Pune,Mid-market,2026-03-01,verified,
M11593,Utilities,Delhi,Mid-market,2026-03-02,verified,
M11594,Healthcare,Bengaluru,Small,2026-03-02,verified,
M11595,Utilities,Chennai,Small,2026-03-03,verified,
M11596,Food & Restaurants,Mumbai,Mid-market,2026-03-03,verified,
M11597,E-commerce,Jaipur,Mid-market,2026-03-05,verified,
M11598,Education,Delhi,Mid-market,2026-03-05,verified,
M11599,E-commerce,Mumbai,Small,2026-03-05,verified,
M11600,Utilities,Bengaluru,Small,2026-03-06,verified,
M11601,Travel,Bengaluru,Small,2026-03-06,verified,
M11602,E-commerce,Bengaluru,Mid-market,2026-03-07,verified,
M11603,Healthcare,Lucknow,Small,2026-03-07,verified,
M11604,Food & Restaurants,Mumbai,Small,2026-03-08,verified,
M11605,Travel,Kochi,Small,2026-03-08,verified,
M11606,E-commerce,Delhi,Mid-market,2026-03-08,verified,
M11607,Healthcare,Mumbai,Small,2026-03-09,verified,
M11608,SaaS,Delhi,Small,2026-03-09,verified,
M11609,E-commerce,Pune,Small,2026-03-09,verified,
M11610,SaaS,Mumbai,Mid-market,2026-03-10,verified,
M11611,Healthcare,Delhi,Small,2026-03-10,verified,
M11612,E-commerce,Bengaluru,Small,2026-03-10,verified,
M11613,E-commerce,Jaipur,Small,2026-03-10,verified,
M11614,E-commerce,Lucknow,Small,2026-03-12,verified,
M11615,E-commerce,Chennai,Small,2026-03-13,verified,
M11616,E-commerce,Bengaluru,Enterprise,2026-03-13,verified,
M11617,Utilities,Ahmedabad,Small,2026-03-13,verified,
M11618,E-commerce,Kochi,Small,2026-03-13,verified,
M11619,E-commerce,Hyderabad,Small,2026-03-13,verified,
M11620,Food & Restaurants,Ahmedabad,Small,2026-03-13,verified,
M11621,Food & Restaurants,Kochi,Small,2026-03-14,verified,
M11622,Education,Chennai,Small,2026-03-14,verified,
M11623,Food & Restaurants,Mumbai,Small,2026-03-15,verified,
M11624,E-commerce,Hyderabad,Small,2026-03-15,verified,
M11625,Food & Restaurants,Kochi,Small,2026-03-15,verified,
M11626,E-commerce,Hyderabad,Mid-market,2026-03-16,verified,
M11627,Travel,Ahmedabad,Small,2026-03-17,verified,
M11628,Healthcare,Delhi,Small,2026-03-17,verified,
M11629,Travel,Hyderabad,Mid-market,2026-03-17,verified,
M11630,E-commerce,Pune,Small,2026-03-17,verified,
M11631,E-commerce,Kolkata,Small,2026-03-17,verified,
M11632,E-commerce,Ahmedabad,Mid-market,2026-03-19,verified,
M11633,E-commerce,Bengaluru,Small,2026-03-19,verified,
M11634,E-commerce,Hyderabad,Small,2026-03-19,verified,
M11635,Travel,Mumbai,Small,2026-03-20,verified,
M11636,Education,Bengaluru,Small,2026-03-20,verified,
M11637,E-commerce,Bengaluru,Mid-market,2026-03-20,verified,
M11638,Food & Restaurants,Jaipur,Small,2026-03-20,verified,
M11639,SaaS,Chennai,Small,2026-03-20,on_hold,2026-05-20
M11640,E-commerce,Ahmedabad,Small,2026-03-20,verified,
M11641,E-commerce,Lucknow,Mid-market,2026-03-21,verified,
M11642,E-commerce,Hyderabad,Mid-market,2026-03-22,verified,
M11643,Healthcare,Delhi,Small,2026-03-22,on_hold,2026-08-08
M11644,E-commerce,Chennai,Mid-market,2026-03-22,verified,
M11645,Food & Restaurants,Pune,Small,2026-03-22,verified,
M11646,Utilities,Kolkata,Enterprise,2026-03-23,verified,
M11647,SaaS,Ahmedabad,Mid-market,2026-03-24,verified,
M11648,E-commerce,Delhi,Small,2026-03-24,verified,
M11649,Education,Kochi,Mid-market,2026-03-25,verified,
M11650,Healthcare,Bengaluru,Small,2026-03-25,verified,
M11651,Travel,Indore,Small,2026-03-25,verified,
M11652,Education,Delhi,Small,2026-03-25,verified,
M11653,Healthcare,Mumbai,Small,2026-03-26,verified,
M11654,Utilities,Hyderabad,Mid-market,2026-03-27,verified,
M11655,E-commerce,Hyderabad,Small,2026-03-27,verified,
M11656,SaaS,Pune,Small,2026-03-27,verified,
M11657,Utilities,Chennai,Small,2026-03-27,verified,
M11658,E-commerce,Mumbai,Mid-market,2026-03-28,verified,
M11659,SaaS,Indore,Small,2026-03-29,verified,
M11660,Food & Restaurants,Mumbai,Small,2026-03-29,verified,
M11661,SaaS,Delhi,Small,2026-03-29,verified,
M11662,Food & Restaurants,Ahmedabad,Mid-market,2026-03-29,verified,
M11663,Healthcare,Mumbai,Mid-market,2026-03-29,verified,
M11664,Utilities,Kolkata,Small,2026-03-30,verified,
M11665,Food & Restaurants,Hyderabad,Small,2026-03-30,verified,
M11666,E-commerce,Chennai,Small,2026-03-30,verified,
M11667,E-commerce,Mumbai,Small,2026-03-31,verified,
M11668,Education,Ahmedabad,Mid-market,2026-03-31,verified,
M11669,E-commerce,Delhi,Mid-market,2026-03-31,verified,
M11670,Utilities,Kochi,Small,2026-03-31,verified,
M11671,Education,Hyderabad,Small,2026-04-01,on_hold,2026-06-27
M11672,Food & Restaurants,Delhi,Small,2026-04-01,verified,
M11673,E-commerce,Pune,Mid-market,2026-04-01,verified,
M11674,Food & Restaurants,Delhi,Small,2026-04-01,verified,
M11675,E-commerce,Mumbai,Small,2026-04-03,verified,
M11676,Education,Lucknow,Small,2026-04-03,verified,
M11677,Healthcare,Ahmedabad,Mid-market,2026-04-03,verified,
M11678,Education,Pune,Small,2026-04-03,verified,
M11679,Travel,Chennai,Small,2026-04-04,verified,
M11680,Food & Restaurants,Bengaluru,Mid-market,2026-04-04,verified,
M11681,Food & Restaurants,Delhi,Mid-market,2026-04-04,verified,
M11682,E-commerce,Kochi,Small,2026-04-04,verified,
M11683,E-commerce,Delhi,Small,2026-04-05,verified,
M11684,Healthcare,Mumbai,Small,2026-04-06,verified,
M11685,Food & Restaurants,Hyderabad,Mid-market,2026-04-06,verified,
M11686,E-commerce,Kochi,Small,2026-04-07,verified,
M11687,E-commerce,Pune,Small,2026-04-07,verified,
M11688,E-commerce,Mumbai,Small,2026-04-07,verified,
M11689,E-commerce,Jaipur,Small,2026-04-08,verified,
M11690,Healthcare,Chennai,Small,2026-04-08,verified,
M11691,Education,Chennai,Small,2026-04-08,verified,
M11692,SaaS,Delhi,Small,2026-04-09,verified,
M11693,Healthcare,Chennai,Small,2026-04-11,verified,
M11694,Utilities,Mumbai,Small,2026-04-11,verified,
M11695,Food & Restaurants,Mumbai,Mid-market,2026-04-12,verified,
M11696,Food & Restaurants,Mumbai,Small,2026-04-13,verified,
M11697,Healthcare,Lucknow,Small,2026-04-13,verified,
M11698,Travel,Jaipur,Small,2026-04-14,verified,
M11699,Utilities,Hyderabad,Small,2026-04-14,verified,
M11700,SaaS,Delhi,Small,2026-04-17,verified,
M11701,E-commerce,Hyderabad,Mid-market,2026-04-17,verified,
M11702,Food & Restaurants,Chennai,Small,2026-04-17,verified,
M11703,Healthcare,Mumbai,Mid-market,2026-04-18,verified,
M11704,E-commerce,Chennai,Small,2026-04-19,verified,
M11705,Travel,Mumbai,Mid-market,2026-04-19,verified,
M11706,Food & Restaurants,Hyderabad,Mid-market,2026-04-19,verified,
M11707,Travel,Chennai,Mid-market,2026-04-20,verified,
M11708,Education,Kolkata,Small,2026-04-21,verified,
M11709,Food & Restaurants,Pune,Mid-market,2026-04-21,verified,
M11710,E-commerce,Chennai,Small,2026-04-21,verified,
M11711,Food & Restaurants,Indore,Small,2026-04-21,verified,
M11712,Utilities,Mumbai,Enterprise,2026-04-22,verified,
M11713,E-commerce,Delhi,Mid-market,2026-04-22,verified,
M11714,Healthcare,Pune,Small,2026-04-23,verified,
M11715,Travel,Indore,Small,2026-04-23,verified,
M11716,Education,Mumbai,Mid-market,2026-04-24,verified,
M11717,Utilities,Bengaluru,Enterprise,2026-04-25,verified,
M11718,E-commerce,Ahmedabad,Small,2026-04-25,verified,
M11719,Food & Restaurants,Jaipur,Mid-market,2026-04-25,verified,
M11720,E-commerce,Bengaluru,Mid-market,2026-04-26,verified,
M11721,Utilities,Mumbai,Small,2026-04-26,verified,
M11722,E-commerce,Jaipur,Small,2026-04-26,verified,
M11723,E-commerce,Lucknow,Mid-market,2026-04-26,verified,
M11724,Healthcare,Bengaluru,Enterprise,2026-04-27,verified,
M11725,Travel,Hyderabad,Small,2026-04-27,verified,
M11726,Utilities,Mumbai,Small,2026-04-27,verified,
M11727,Travel,Delhi,Small,2026-04-27,verified,
M11728,Healthcare,Bengaluru,Small,2026-04-27,verified,
M11729,SaaS,Lucknow,Mid-market,2026-04-29,verified,
M11730,Travel,Mumbai,Small,2026-04-29,verified,
M11731,E-commerce,Jaipur,Small,2026-04-30,verified,
M11732,E-commerce,Mumbai,Small,2026-05-01,verified,
M11733,E-commerce,Kolkata,Mid-market,2026-05-01,verified,
M11734,Food & Restaurants,Bengaluru,Small,2026-05-01,verified,
M11735,E-commerce,Jaipur,Small,2026-05-02,verified,
M11736,Education,Mumbai,Small,2026-05-03,verified,
M11737,E-commerce,Bengaluru,Mid-market,2026-05-03,verified,
M11738,Healthcare,Ahmedabad,Small,2026-05-03,verified,
M11739,Food & Restaurants,Pune,Mid-market,2026-05-04,verified,
M11740,SaaS,Ahmedabad,Small,2026-05-04,verified,
M11741,E-commerce,Mumbai,Small,2026-05-04,verified,
M11742,Healthcare,Bengaluru,Mid-market,2026-05-05,verified,
M11743,Food & Restaurants,Pune,Small,2026-05-05,verified,
M11744,Travel,Hyderabad,Small,2026-05-05,verified,
M11745,Education,Bengaluru,Small,2026-05-06,verified,
M11746,E-commerce,Delhi,Small,2026-05-06,verified,
M11747,E-commerce,Pune,Small,2026-05-06,verified,
M11748,E-commerce,Bengaluru,Small,2026-05-06,verified,
M11749,E-commerce,Lucknow,Small,2026-05-06,verified,
M11750,Healthcare,Pune,Small,2026-05-06,verified,
M11751,SaaS,Kochi,Small,2026-05-06,verified,
M11752,Travel,Kolkata,Mid-market,2026-05-07,verified,
M11753,Healthcare,Ahmedabad,Small,2026-05-07,on_hold,2026-06-01
M11754,E-commerce,Delhi,Small,2026-05-07,verified,
M11755,Food & Restaurants,Bengaluru,Mid-market,2026-05-08,verified,
M11756,Food & Restaurants,Ahmedabad,Small,2026-05-09,verified,
M11757,Travel,Delhi,Mid-market,2026-05-10,verified,
M11758,E-commerce,Hyderabad,Small,2026-05-10,on_hold,2026-07-22
M11759,Education,Jaipur,Small,2026-05-10,verified,
M11760,Food & Restaurants,Bengaluru,Small,2026-05-11,verified,
M11761,Food & Restaurants,Kolkata,Small,2026-05-11,verified,
M11762,Travel,Bengaluru,Small,2026-05-12,verified,
M11763,Travel,Ahmedabad,Mid-market,2026-05-12,verified,
M11764,Food & Restaurants,Bengaluru,Small,2026-05-13,verified,
M11765,E-commerce,Delhi,Small,2026-05-13,verified,
M11766,Education,Pune,Small,2026-05-14,verified,
M11767,Travel,Chennai,Small,2026-05-14,verified,
M11768,E-commerce,Kochi,Small,2026-05-15,verified,
M11769,Education,Jaipur,Enterprise,2026-05-15,verified,
M11770,E-commerce,Delhi,Mid-market,2026-05-16,verified,
M11771,Education,Ahmedabad,Small,2026-05-16,verified,
M11772,Education,Delhi,Small,2026-05-16,verified,
M11773,Utilities,Mumbai,Small,2026-05-17,verified,
M11774,Education,Kochi,Small,2026-05-17,on_hold,2026-07-14
M11775,E-commerce,Pune,Small,2026-05-17,verified,
M11776,E-commerce,Chennai,Small,2026-05-17,verified,
M11777,Utilities,Bengaluru,Mid-market,2026-05-19,verified,
M11778,Education,Kochi,Mid-market,2026-05-19,verified,
M11779,Utilities,Delhi,Small,2026-05-20,verified,
M11780,Travel,Pune,Small,2026-05-21,verified,
M11781,Food & Restaurants,Mumbai,Small,2026-05-22,verified,
M11782,SaaS,Bengaluru,Small,2026-05-22,verified,
M11783,Healthcare,Mumbai,Small,2026-05-22,verified,
M11784,E-commerce,Delhi,Small,2026-05-22,verified,
M11785,E-commerce,Ahmedabad,Small,2026-05-22,verified,
M11786,Education,Kolkata,Mid-market,2026-05-23,verified,
M11787,E-commerce,Bengaluru,Small,2026-05-23,verified,
M11788,E-commerce,Kolkata,Small,2026-05-24,verified,
M11789,E-commerce,Kochi,Small,2026-05-24,verified,
M11790,SaaS,Jaipur,Small,2026-05-24,verified,
M11791,SaaS,Bengaluru,Small,2026-05-26,verified,
M11792,Food & Restaurants,Hyderabad,Small,2026-05-27,verified,
M11793,E-commerce,Chennai,Mid-market,2026-05-28,verified,
M11794,Healthcare,Ahmedabad,Small,2026-05-28,verified,
M11795,Travel,Kochi,Small,2026-05-28,verified,
M11796,E-commerce,Mumbai,Small,2026-05-28,verified,
M11797,E-commerce,Delhi,Small,2026-05-28,verified,
M11798,Travel,Kolkata,Mid-market,2026-05-29,verified,
M11799,E-commerce,Hyderabad,Mid-market,2026-05-29,verified,
M11800,Food & Restaurants,Bengaluru,Small,2026-05-29,verified,
M11801,SaaS,Chennai,Small,2026-05-29,verified,
M11802,Food & Restaurants,Pune,Small,2026-05-29,verified,
M11803,Travel,Chennai,Small,2026-05-29,verified,
M11804,Healthcare,Mumbai,Mid-market,2026-05-30,verified,
M11805,E-commerce,Mumbai,Small,2026-05-30,verified,
M11806,E-commerce,Delhi,Mid-market,2026-05-31,verified,
M11807,SaaS,Bengaluru,Mid-market,2026-05-31,verified,
M11808,E-commerce,Ahmedabad,Small,2026-06-01,verified,
M11809,Utilities,Ahmedabad,Mid-market,2026-06-02,verified,
M11810,Education,Lucknow,Small,2026-06-02,verified,
M11811,Healthcare,Bengaluru,Small,2026-06-02,verified,
M11812,E-commerce,Bengaluru,Mid-market,2026-06-02,verified,
M11813,Healthcare,Mumbai,Small,2026-06-03,verified,
M11814,Education,Mumbai,Mid-market,2026-06-04,verified,
M11815,Travel,Bengaluru,Small,2026-06-04,verified,
M11816,Healthcare,Bengaluru,Enterprise,2026-06-04,verified,
M11817,Utilities,Delhi,Mid-market,2026-06-04,verified,
M11818,Travel,Mumbai,Small,2026-06-05,verified,
M11819,Healthcare,Kochi,Small,2026-06-05,verified,
M11820,Utilities,Jaipur,Small,2026-06-06,verified,
M11821,Travel,Mumbai,Small,2026-06-06,verified,
M11822,Education,Jaipur,Mid-market,2026-06-06,verified,
M11823,Food & Restaurants,Mumbai,Small,2026-06-07,verified,
M11824,Food & Restaurants,Bengaluru,Small,2026-06-07,verified,
M11825,Food & Restaurants,Jaipur,Enterprise,2026-06-07,verified,
M11826,E-commerce,Bengaluru,Mid-market,2026-06-07,verified,
M11827,E-commerce,Kolkata,Small,2026-06-07,verified,
M11828,E-commerce,Kolkata,Small,2026-06-08,verified,
M11829,Food & Restaurants,Bengaluru,Small,2026-06-09,on_hold,2026-07-27
M11830,E-commerce,Mumbai,Small,2026-06-10,verified,
M11831,SaaS,Ahmedabad,Mid-market,2026-06-11,verified,
M11832,SaaS,Mumbai,Small,2026-06-11,verified,
M11833,Education,Kochi,Mid-market,2026-06-11,verified,
M11834,Food & Restaurants,Delhi,Small,2026-06-12,verified,
M11835,Food & Restaurants,Bengaluru,Mid-market,2026-06-13,verified,
M11836,Food & Restaurants,Kolkata,Mid-market,2026-06-13,verified,
M11837,E-commerce,Indore,Small,2026-06-13,verified,
M11838,Utilities,Mumbai,Mid-market,2026-06-13,verified,
M11839,E-commerce,Ahmedabad,Small,2026-06-14,verified,
M11840,Food & Restaurants,Hyderabad,Mid-market,2026-06-14,verified,
M11841,E-commerce,Kolkata,Mid-market,2026-06-14,verified,
M11842,E-commerce,Delhi,Small,2026-06-15,verified,
M11843,E-commerce,Delhi,Mid-market,2026-06-15,verified,
M11844,E-commerce,Delhi,Small,2026-06-15,verified,
M11845,E-commerce,Hyderabad,Small,2026-06-16,verified,
M11846,E-commerce,Delhi,Mid-market,2026-06-16,verified,
M11847,E-commerce,Bengaluru,Small,2026-06-16,on_hold,2026-07-29
M11848,Food & Restaurants,Chennai,Small,2026-06-17,verified,
M11849,Healthcare,Hyderabad,Mid-market,2026-06-17,verified,
M11850,Education,Kolkata,Mid-market,2026-06-17,verified,
M11851,E-commerce,Hyderabad,Mid-market,2026-06-18,verified,
M11852,E-commerce,Bengaluru,Small,2026-06-18,verified,
M11853,Food & Restaurants,Jaipur,Small,2026-06-18,verified,
M11854,Education,Kolkata,Small,2026-06-18,verified,
M11855,E-commerce,Kochi,Mid-market,2026-06-19,verified,
M11856,SaaS,Jaipur,Mid-market,2026-06-19,verified,
M11857,E-commerce,Ahmedabad,Small,2026-06-19,verified,
M11858,Food & Restaurants,Kolkata,Mid-market,2026-06-19,verified,
M11859,E-commerce,Mumbai,Small,2026-06-19,verified,
M11860,Food & Restaurants,Delhi,Mid-market,2026-06-20,verified,
M11861,Utilities,Lucknow,Mid-market,2026-06-20,verified,
M11862,E-commerce,Mumbai,Mid-market,2026-06-20,verified,
M11863,E-commerce,Bengaluru,Small,2026-06-21,verified,
M11864,Food & Restaurants,Indore,Small,2026-06-22,verified,
M11865,Education,Kolkata,Mid-market,2026-06-22,verified,
M11866,Utilities,Hyderabad,Small,2026-06-23,verified,
M11867,Travel,Lucknow,Small,2026-06-23,verified,
M11868,Food & Restaurants,Hyderabad,Mid-market,2026-06-23,verified,
M11869,SaaS,Kolkata,Mid-market,2026-06-24,verified,
M11870,Education,Pune,Mid-market,2026-06-24,verified,
M11871,Food & Restaurants,Chennai,Mid-market,2026-06-25,verified,
M11872,Food & Restaurants,Delhi,Small,2026-06-25,verified,
M11873,Education,Bengaluru,Small,2026-06-25,verified,
M11874,Food & Restaurants,Chennai,Small,2026-06-25,verified,
M11875,Travel,Hyderabad,Mid-market,2026-06-26,verified,
M11876,Education,Ahmedabad,Small,2026-06-26,verified,
M11877,SaaS,Ahmedabad,Small,2026-06-26,verified,
M11878,Education,Ahmedabad,Small,2026-06-27,verified,
M11879,E-commerce,Bengaluru,Mid-market,2026-06-27,verified,
M11880,Travel,Bengaluru,Mid-market,2026-06-27,verified,
M11881,Food & Restaurants,Delhi,Small,2026-06-27,verified,
M11882,Food & Restaurants,Hyderabad,Small,2026-06-28,verified,
M11883,Travel,Chennai,Small,2026-06-28,verified,
M11884,Food & Restaurants,Hyderabad,Enterprise,2026-06-28,verified,
M11885,E-commerce,Hyderabad,Small,2026-06-28,verified,
M11886,Food & Restaurants,Indore,Small,2026-06-30,verified,
M11887,E-commerce,Lucknow,Small,2026-06-30,verified,
M11888,Education,Mumbai,Small,2026-06-30,verified,
M11889,Education,Mumbai,Small,2026-07-01,verified,
M11890,Healthcare,Mumbai,Small,2026-07-01,verified,
M11891,E-commerce,Mumbai,Small,2026-07-01,verified,
M11892,E-commerce,Chennai,Small,2026-07-02,verified,
M11893,Healthcare,Kochi,Mid-market,2026-07-02,verified,
M11894,E-commerce,Kochi,Mid-market,2026-07-02,verified,
M11895,Food & Restaurants,Mumbai,Mid-market,2026-07-04,verified,
M11896,SaaS,Bengaluru,Small,2026-07-04,verified,
M11897,Travel,Lucknow,Small,2026-07-04,verified,
M11898,Utilities,Hyderabad,Small,2026-07-04,verified,
M11899,E-commerce,Hyderabad,Mid-market,2026-07-05,verified,
M11900,Food & Restaurants,Kolkata,Small,2026-07-05,verified,
M11901,Education,Bengaluru,Small,2026-07-06,verified,
M11902,Education,Chennai,Small,2026-07-06,verified,
M11903,Utilities,Mumbai,Small,2026-07-06,verified,
M11904,Education,Mumbai,Mid-market,2026-07-07,verified,
M11905,E-commerce,Chennai,Small,2026-07-07,verified,
M11906,E-commerce,Delhi,Mid-market,2026-07-08,verified,
M11907,Travel,Ahmedabad,Enterprise,2026-07-08,verified,
M11908,E-commerce,Chennai,Mid-market,2026-07-09,verified,
M11909,Utilities,Bengaluru,Mid-market,2026-07-09,verified,
M11910,SaaS,Delhi,Small,2026-07-09,verified,
M11911,Food & Restaurants,Hyderabad,Mid-market,2026-07-10,verified,
M11912,SaaS,Pune,Small,2026-07-10,verified,
M11913,Education,Hyderabad,Small,2026-07-11,verified,
M11914,E-commerce,Mumbai,Small,2026-07-11,verified,
M11915,E-commerce,Kochi,Small,2026-07-11,verified,
M11916,Travel,Mumbai,Mid-market,2026-07-12,verified,
M11917,Travel,Mumbai,Small,2026-07-13,verified,
M11918,Education,Pune,Small,2026-07-15,verified,
M11919,Education,Delhi,Small,2026-07-15,verified,
M11920,Healthcare,Hyderabad,Small,2026-07-16,verified,
M11921,Travel,Chennai,Small,2026-07-17,verified,
M11922,E-commerce,Bengaluru,Mid-market,2026-07-18,verified,
M11923,SaaS,Delhi,Small,2026-07-18,verified,
M11924,Food & Restaurants,Jaipur,Mid-market,2026-07-18,verified,
M11925,Healthcare,Bengaluru,Enterprise,2026-07-19,verified,
M11926,SaaS,Kochi,Small,2026-07-20,verified,
M11927,E-commerce,Bengaluru,Enterprise,2026-07-20,verified,
M11928,Food & Restaurants,Delhi,Small,2026-07-20,verified,
M11929,Education,Bengaluru,Small,2026-07-21,verified,
M11930,E-commerce,Bengaluru,Small,2026-07-21,verified,
M11931,SaaS,Delhi,Small,2026-07-22,verified,
M11932,E-commerce,Chennai,Mid-market,2026-07-22,verified,
M11933,SaaS,Bengaluru,Small,2026-07-22,verified,
M11934,E-commerce,Hyderabad,Small,2026-07-22,verified,
M11935,Education,Bengaluru,Small,2026-07-23,verified,
M11936,E-commerce,Mumbai,Small,2026-07-23,verified,
M11937,Food & Restaurants,Pune,Mid-market,2026-07-23,verified,
M11938,E-commerce,Delhi,Small,2026-07-23,verified,
M11939,E-commerce,Hyderabad,Mid-market,2026-07-24,verified,
M11940,Education,Pune,Small,2026-07-24,verified,
M11941,Food & Restaurants,Hyderabad,Enterprise,2026-07-24,verified,
M11942,E-commerce,Indore,Small,2026-07-24,verified,
M11943,Food & Restaurants,Delhi,Mid-market,2026-07-24,verified,
M11944,Food & Restaurants,Bengaluru,Small,2026-07-24,verified,
M11945,Food & Restaurants,Ahmedabad,Small,2026-07-24,verified,
M11946,Food & Restaurants,Delhi,Small,2026-07-25,verified,
M11947,SaaS,Chennai,Mid-market,2026-07-25,verified,
M11948,Healthcare,Ahmedabad,Small,2026-07-25,verified,
M11949,E-commerce,Chennai,Small,2026-07-26,verified,
M11950,SaaS,Delhi,Mid-market,2026-07-26,verified,
M11951,Education,Bengaluru,Small,2026-07-26,verified,
M11952,SaaS,Delhi,Mid-market,2026-07-27,verified,
M11953,Utilities,Lucknow,Small,2026-07-27,verified,
M11954,Food & Restaurants,Mumbai,Small,2026-07-28,verified,
M11955,Utilities,Lucknow,Mid-market,2026-07-29,verified,
M11956,E-commerce,Pune,Mid-market,2026-07-29,verified,
M11957,Food & Restaurants,Hyderabad,Mid-market,2026-07-29,verified,
M11958,Education,Delhi,Mid-market,2026-07-29,verified,
M11959,Travel,Pune,Mid-market,2026-07-30,verified,
M11960,Travel,Chennai,Mid-market,2026-07-30,verified,
M11961,E-commerce,Hyderabad,Mid-market,2026-07-30,verified,
M11962,Food & Restaurants,Kolkata,Small,2026-08-01,verified,
M11963,Food & Restaurants,Hyderabad,Small,2026-08-01,verified,
M11964,SaaS,Chennai,Small,2026-08-01,verified,
M11965,Food & Restaurants,Indore,Small,2026-08-01,verified,
M11966,Food & Restaurants,Mumbai,Small,2026-08-02,verified,
M11967,E-commerce,Kolkata,Small,2026-08-02,verified,
M11968,E-commerce,Indore,Small,2026-08-03,verified,
M11969,Education,Kolkata,Mid-market,2026-08-03,verified,
M11970,Travel,Bengaluru,Mid-market,2026-08-03,verified,
M11971,E-commerce,Delhi,Small,2026-08-04,verified,
M11972,Education,Delhi,Mid-market,2026-08-04,verified,
M11973,SaaS,Delhi,Small,2026-08-05,verified,
M11974,E-commerce,Chennai,Small,2026-08-05,verified,
M11975,Education,Indore,Mid-market,2026-08-05,verified,
M11976,E-commerce,Bengaluru,Small,2026-08-05,verified,
M11977,Travel,Bengaluru,Small,2026-08-05,verified,
M11978,Healthcare,Delhi,Small,2026-08-06,verified,
M11979,SaaS,Indore,Small,2026-08-06,verified,
M11980,E-commerce,Delhi,Small,2026-08-07,verified,
M11981,Healthcare,Delhi,Small,2026-08-07,verified,
M11982,E-commerce,Delhi,Small,2026-08-07,verified,
M11983,E-commerce,Pune,Small,2026-08-07,verified,
M11984,E-commerce,Mumbai,Small,2026-08-07,verified,
M11985,E-commerce,Pune,Small,2026-08-08,verified,
M11986,Food & Restaurants,Mumbai,Mid-market,2026-08-08,verified,
M11987,Healthcare,Chennai,Small,2026-08-09,verified,
M11988,E-commerce,Delhi,Mid-market,2026-08-10,verified,
M11989,Education,Ahmedabad,Small,2026-08-10,verified,
M11990,E-commerce,Delhi,Mid-market,2026-08-11,verified,
M11991,E-commerce,Kochi,Small,2026-08-11,verified,
M11992,SaaS,Mumbai,Small,2026-08-11,verified,
M11993,E-commerce,Kolkata,Small,2026-08-12,verified,
M11994,E-commerce,Mumbai,Small,2026-08-12,verified,
M11995,E-commerce,Hyderabad,Mid-market,2026-08-13,verified,
M11996,E-commerce,Kochi,Small,2026-08-14,verified,
M11997,E-commerce,Pune,Small,2026-08-14,verified,
M11998,Travel,Bengaluru,Small,2026-08-16,verified,
M11999,E-commerce,Bengaluru,Mid-market,2026-08-17,verified,
M12000,Travel,Delhi,Small,2026-08-17,verified,
M12001,Travel,Chennai,Small,2026-08-17,verified,
M12002,Utilities,Indore,Small,2026-08-17,verified,
M12003,E-commerce,Delhi,Enterprise,2026-08-17,verified,
M12004,Travel,Chennai,Enterprise,2026-08-17,verified,
M12005,SaaS,Kolkata,Mid-market,2026-08-18,verified,
M12006,Travel,Jaipur,Small,2026-08-19,verified,
M12007,Travel,Pune,Mid-market,2026-08-19,on_hold,2026-09-08
M12008,E-commerce,Kochi,Small,2026-08-19,verified,
M12009,Travel,Indore,Small,2026-08-20,verified,
M12010,Education,Mumbai,Small,2026-08-20,verified,
