merchant_id,method,fee_rate_pct,valid_from,valid_to,plan
M10001,UPI,0.0,2023-06-01,,Standard
M10001,Credit card,2.0,2023-06-01,,Standard
M10001,Debit card,0.9,2023-06-01,,Standard
M10001,Netbanking,1.8,2023-06-01,,Standard
M10001,Wallet,1.9,2023-06-01,,Standard
M10002,UPI,0.0,2023-06-01,,Standard
M10002,Credit card,2.0,2023-06-01,,Standard
M10002,Debit card,0.9,2023-06-01,,Standard
M10002,Netbanking,1.8,2023-06-01,,Standard
M10002,Wallet,1.9,2023-06-01,,Standard
M10003,UPI,0.0,2023-06-02,,Standard
M10003,Credit card,2.0,2023-06-02,,Standard
M10003,Debit card,0.9,2023-06-02,,Standard
M10003,Netbanking,1.8,2023-06-02,,Standard
M10003,Wallet,1.9,2023-06-02,,Standard
M10004,UPI,0.0,2023-06-03,,Standard
M10004,Credit card,2.0,2023-06-03,,Standard
M10004,Debit card,0.9,2023-06-03,,Standard
M10004,Netbanking,1.8,2023-06-03,,Standard
M10004,Wallet,1.9,2023-06-03,,Standard
M10005,UPI,0.0,2023-06-03,,Standard
M10005,Credit card,2.0,2023-06-03,,Standard
M10005,Debit card,0.9,2023-06-03,,Standard
M10005,Netbanking,1.8,2023-06-03,,Standard
M10005,Wallet,1.9,2023-06-03,,Standard
M10006,UPI,0.0,2023-06-04,,Standard
M10006,Credit card,2.0,2023-06-04,,Standard
M10006,Debit card,0.9,2023-06-04,,Standard
M10006,Netbanking,1.8,2023-06-04,,Standard
M10006,Wallet,1.9,2023-06-04,,Standard
M10007,UPI,0.0,2023-06-06,,Standard
M10007,Credit card,2.0,2023-06-06,,Standard
M10007,Debit card,0.9,2023-06-06,,Standard
M10007,Netbanking,1.8,2023-06-06,,Standard
M10007,Wallet,1.9,2023-06-06,,Standard
M10008,UPI,0.0,2023-06-06,,Standard
M10008,Credit card,2.0,2023-06-06,,Standard
M10008,Debit card,0.9,2023-06-06,,Standard
M10008,Netbanking,1.8,2023-06-06,,Standard
M10008,Wallet,1.9,2023-06-06,,Standard
M10009,UPI,0.0,2023-06-07,,Standard
M10009,Credit card,2.0,2023-06-07,,Standard
M10009,Debit card,0.9,2023-06-07,,Standard
M10009,Netbanking,1.8,2023-06-07,,Standard
M10009,Wallet,1.9,2023-06-07,,Standard
M10010,UPI,0.0,2023-06-07,,Standard
M10010,Credit card,2.0,2023-06-07,,Standard
M10010,Debit card,0.9,2023-06-07,,Standard
M10010,Netbanking,1.8,2023-06-07,,Standard
M10010,Wallet,1.9,2023-06-07,,Standard
M10011,UPI,0.0,2023-06-08,,Standard
M10011,Credit card,2.0,2023-06-08,,Standard
M10011,Debit card,0.9,2023-06-08,,Standard
M10011,Netbanking,1.8,2023-06-08,,Standard
M10011,Wallet,1.9,2023-06-08,,Standard
M10012,UPI,0.0,2023-06-08,,Standard
M10012,Credit card,2.0,2023-06-08,,Standard
M10012,Debit card,0.9,2023-06-08,,Standard
M10012,Netbanking,1.8,2023-06-08,,Standard
M10012,Wallet,1.9,2023-06-08,,Standard
M10013,UPI,0.0,2023-06-09,2026-04-30,Standard
M10013,UPI,0.0,2026-05-01,,Growth
M10013,Credit card,2.0,2023-06-09,2026-04-30,Standard
M10013,Credit card,1.9,2026-05-01,,Growth
M10013,Debit card,0.9,2023-06-09,2026-04-30,Standard
M10013,Debit card,0.8,2026-05-01,,Growth
M10013,Netbanking,1.8,2023-06-09,2026-04-30,Standard
M10013,Netbanking,1.7,2026-05-01,,Growth
M10013,Wallet,1.9,2023-06-09,2026-04-30,Standard
M10013,Wallet,1.8,2026-05-01,,Growth
M10014,UPI,0.0,2023-06-09,2026-04-30,Standard
M10014,UPI,0.0,2026-05-01,,Growth
M10014,Credit card,2.0,2023-06-09,2026-04-30,Standard
M10014,Credit card,1.9,2026-05-01,,Growth
M10014,Debit card,0.9,2023-06-09,2026-04-30,Standard
M10014,Debit card,0.8,2026-05-01,,Growth
M10014,Netbanking,1.8,2023-06-09,2026-04-30,Standard
M10014,Netbanking,1.7,2026-05-01,,Growth
M10014,Wallet,1.9,2023-06-09,2026-04-30,Standard
M10014,Wallet,1.8,2026-05-01,,Growth
M10015,UPI,0.0,2023-06-10,,Standard
M10015,Credit card,2.0,2023-06-10,,Standard
M10015,Debit card,0.9,2023-06-10,,Standard
M10015,Netbanking,1.8,2023-06-10,,Standard
M10015,Wallet,1.9,2023-06-10,,Standard
M10016,UPI,0.0,2023-06-10,,Standard
M10016,Credit card,2.0,2023-06-10,,Standard
M10016,Debit card,0.9,2023-06-10,,Standard
M10016,Netbanking,1.8,2023-06-10,,Standard
M10016,Wallet,1.9,2023-06-10,,Standard
M10017,UPI,0.0,2023-06-11,,Standard
M10017,Credit card,2.0,2023-06-11,,Standard
M10017,Debit card,0.9,2023-06-11,,Standard
M10017,Netbanking,1.8,2023-06-11,,Standard
M10017,Wallet,1.9,2023-06-11,,Standard
M10018,UPI,0.0,2023-06-11,,Standard
M10018,Credit card,2.0,2023-06-11,,Standard
M10018,Debit card,0.9,2023-06-11,,Standard
M10018,Netbanking,1.8,2023-06-11,,Standard
M10018,Wallet,1.9,2023-06-11,,Standard
M10019,UPI,0.0,2023-06-11,,Standard
M10019,Credit card,2.0,2023-06-11,,Standard
M10019,Debit card,0.9,2023-06-11,,Standard
M10019,Netbanking,1.8,2023-06-11,,Standard
M10019,Wallet,1.9,2023-06-11,,Standard
M10020,UPI,0.0,2023-06-12,,Standard
M10020,Credit card,2.0,2023-06-12,,Standard
M10020,Debit card,0.9,2023-06-12,,Standard
M10020,Netbanking,1.8,2023-06-12,,Standard
M10020,Wallet,1.9,2023-06-12,,Standard
M10021,UPI,0.0,2023-06-13,,Standard
M10021,Credit card,2.0,2023-06-13,,Standard
M10021,Debit card,0.9,2023-06-13,,Standard
M10021,Netbanking,1.8,2023-06-13,,Standard
M10021,Wallet,1.9,2023-06-13,,Standard
M10022,UPI,0.0,2023-06-14,,Enterprise
M10022,Credit card,1.49,2023-06-14,,Enterprise
M10022,Debit card,0.59,2023-06-14,,Enterprise
M10022,Netbanking,1.29,2023-06-14,,Enterprise
M10022,Wallet,1.39,2023-06-14,,Enterprise
M10023,UPI,0.0,2023-06-14,,Standard
M10023,Credit card,2.0,2023-06-14,,Standard
M10023,Debit card,0.9,2023-06-14,,Standard
M10023,Netbanking,1.8,2023-06-14,,Standard
M10023,Wallet,1.9,2023-06-14,,Standard
M10024,UPI,0.0,2023-06-14,2026-04-30,Standard
M10024,UPI,0.0,2026-05-01,,Growth
M10024,Credit card,2.0,2023-06-14,2026-04-30,Standard
M10024,Credit card,1.9,2026-05-01,,Growth
M10024,Debit card,0.9,2023-06-14,2026-04-30,Standard
M10024,Debit card,0.8,2026-05-01,,Growth
M10024,Netbanking,1.8,2023-06-14,2026-04-30,Standard
M10024,Netbanking,1.7,2026-05-01,,Growth
M10024,Wallet,1.9,2023-06-14,2026-04-30,Standard
M10024,Wallet,1.8,2026-05-01,,Growth
M10025,UPI,0.0,2023-06-15,,Standard
M10025,Credit card,2.0,2023-06-15,,Standard
M10025,Debit card,0.9,2023-06-15,,Standard
M10025,Netbanking,1.8,2023-06-15,,Standard
M10025,Wallet,1.9,2023-06-15,,Standard
M10026,UPI,0.0,2023-06-16,2026-04-30,Standard
M10026,UPI,0.0,2026-05-01,,Growth
M10026,Credit card,2.0,2023-06-16,2026-04-30,Standard
M10026,Credit card,1.9,2026-05-01,,Growth
M10026,Debit card,0.9,2023-06-16,2026-04-30,Standard
M10026,Debit card,0.8,2026-05-01,,Growth
M10026,Netbanking,1.8,2023-06-16,2026-04-30,Standard
M10026,Netbanking,1.7,2026-05-01,,Growth
M10026,Wallet,1.9,2023-06-16,2026-04-30,Standard
M10026,Wallet,1.8,2026-05-01,,Growth
M10027,UPI,0.0,2023-06-17,2026-04-30,Standard
M10027,UPI,0.0,2026-05-01,,Growth
M10027,Credit card,2.0,2023-06-17,2026-04-30,Standard
M10027,Credit card,1.9,2026-05-01,,Growth
M10027,Debit card,0.9,2023-06-17,2026-04-30,Standard
M10027,Debit card,0.8,2026-05-01,,Growth
M10027,Netbanking,1.8,2023-06-17,2026-04-30,Standard
M10027,Netbanking,1.7,2026-05-01,,Growth
M10027,Wallet,1.9,2023-06-17,2026-04-30,Standard
M10027,Wallet,1.8,2026-05-01,,Growth
M10028,UPI,0.0,2023-06-17,,Standard
M10028,Credit card,2.0,2023-06-17,,Standard
M10028,Debit card,0.9,2023-06-17,,Standard
M10028,Netbanking,1.8,2023-06-17,,Standard
M10028,Wallet,1.9,2023-06-17,,Standard
M10029,UPI,0.0,2023-06-17,,Standard
M10029,Credit card,2.0,2023-06-17,,Standard
M10029,Debit card,0.9,2023-06-17,,Standard
M10029,Netbanking,1.8,2023-06-17,,Standard
M10029,Wallet,1.9,2023-06-17,,Standard
M10030,UPI,0.0,2023-06-18,2026-04-30,Standard
M10030,UPI,0.0,2026-05-01,,Growth
M10030,Credit card,2.0,2023-06-18,2026-04-30,Standard
M10030,Credit card,1.9,2026-05-01,,Growth
M10030,Debit card,0.9,2023-06-18,2026-04-30,Standard
M10030,Debit card,0.8,2026-05-01,,Growth
M10030,Netbanking,1.8,2023-06-18,2026-04-30,Standard
M10030,Netbanking,1.7,2026-05-01,,Growth
M10030,Wallet,1.9,2023-06-18,2026-04-30,Standard
M10030,Wallet,1.8,2026-05-01,,Growth
M10031,UPI,0.0,2023-06-19,,Standard
M10031,Credit card,2.0,2023-06-19,,Standard
M10031,Debit card,0.9,2023-06-19,,Standard
M10031,Netbanking,1.8,2023-06-19,,Standard
M10031,Wallet,1.9,2023-06-19,,Standard
M10032,UPI,0.0,2023-06-20,,Enterprise
M10032,Credit card,1.46,2023-06-20,,Enterprise
M10032,Debit card,0.56,2023-06-20,,Enterprise
M10032,Netbanking,1.26,2023-06-20,,Enterprise
M10032,Wallet,1.36,2023-06-20,,Enterprise
M10033,UPI,0.0,2023-06-20,,Standard
M10033,Credit card,2.0,2023-06-20,,Standard
M10033,Debit card,0.9,2023-06-20,,Standard
M10033,Netbanking,1.8,2023-06-20,,Standard
M10033,Wallet,1.9,2023-06-20,,Standard
M10034,UPI,0.0,2023-06-21,2026-04-30,Standard
M10034,UPI,0.0,2026-05-01,,Growth
M10034,Credit card,2.0,2023-06-21,2026-04-30,Standard
M10034,Credit card,1.9,2026-05-01,,Growth
M10034,Debit card,0.9,2023-06-21,2026-04-30,Standard
M10034,Debit card,0.8,2026-05-01,,Growth
M10034,Netbanking,1.8,2023-06-21,2026-04-30,Standard
M10034,Netbanking,1.7,2026-05-01,,Growth
M10034,Wallet,1.9,2023-06-21,2026-04-30,Standard
M10034,Wallet,1.8,2026-05-01,,Growth
M10035,UPI,0.0,2023-06-21,,Standard
M10035,Credit card,2.0,2023-06-21,,Standard
M10035,Debit card,0.9,2023-06-21,,Standard
M10035,Netbanking,1.8,2023-06-21,,Standard
M10035,Wallet,1.9,2023-06-21,,Standard
M10036,UPI,0.0,2023-06-22,,Standard
M10036,Credit card,2.0,2023-06-22,,Standard
M10036,Debit card,0.9,2023-06-22,,Standard
M10036,Netbanking,1.8,2023-06-22,,Standard
M10036,Wallet,1.9,2023-06-22,,Standard
M10037,UPI,0.0,2023-06-23,,Standard
M10037,Credit card,2.0,2023-06-23,,Standard
M10037,Debit card,0.9,2023-06-23,,Standard
M10037,Netbanking,1.8,2023-06-23,,Standard
M10037,Wallet,1.9,2023-06-23,,Standard
M10038,UPI,0.0,2023-06-23,,Standard
M10038,Credit card,2.0,2023-06-23,,Standard
M10038,Debit card,0.9,2023-06-23,,Standard
M10038,Netbanking,1.8,2023-06-23,,Standard
M10038,Wallet,1.9,2023-06-23,,Standard
M10039,UPI,0.0,2023-06-23,,Standard
M10039,Credit card,2.0,2023-06-23,,Standard
M10039,Debit card,0.9,2023-06-23,,Standard
M10039,Netbanking,1.8,2023-06-23,,Standard
M10039,Wallet,1.9,2023-06-23,,Standard
M10040,UPI,0.0,2023-06-24,2026-04-30,Standard
M10040,UPI,0.0,2026-05-01,,Growth
M10040,Credit card,2.0,2023-06-24,2026-04-30,Standard
M10040,Credit card,1.9,2026-05-01,,Growth
M10040,Debit card,0.9,2023-06-24,2026-04-30,Standard
M10040,Debit card,0.8,2026-05-01,,Growth
M10040,Netbanking,1.8,2023-06-24,2026-04-30,Standard
M10040,Netbanking,1.7,2026-05-01,,Growth
M10040,Wallet,1.9,2023-06-24,2026-04-30,Standard
M10040,Wallet,1.8,2026-05-01,,Growth
M10041,UPI,0.0,2023-06-24,,Standard
M10041,Credit card,2.0,2023-06-24,,Standard
M10041,Debit card,0.9,2023-06-24,,Standard
M10041,Netbanking,1.8,2023-06-24,,Standard
M10041,Wallet,1.9,2023-06-24,,Standard
M10042,UPI,0.0,2023-06-25,,Enterprise
M10042,Credit card,1.49,2023-06-25,,Enterprise
M10042,Debit card,0.59,2023-06-25,,Enterprise
M10042,Netbanking,1.29,2023-06-25,,Enterprise
M10042,Wallet,1.39,2023-06-25,,Enterprise
M10043,UPI,0.0,2023-06-25,,Standard
M10043,Credit card,2.0,2023-06-25,,Standard
M10043,Debit card,0.9,2023-06-25,,Standard
M10043,Netbanking,1.8,2023-06-25,,Standard
M10043,Wallet,1.9,2023-06-25,,Standard
M10044,UPI,0.0,2023-06-25,,Standard
M10044,Credit card,2.0,2023-06-25,,Standard
M10044,Debit card,0.9,2023-06-25,,Standard
M10044,Netbanking,1.8,2023-06-25,,Standard
M10044,Wallet,1.9,2023-06-25,,Standard
M10045,UPI,0.0,2023-06-25,,Standard
M10045,Credit card,2.0,2023-06-25,,Standard
M10045,Debit card,0.9,2023-06-25,,Standard
M10045,Netbanking,1.8,2023-06-25,,Standard
M10045,Wallet,1.9,2023-06-25,,Standard
M10046,UPI,0.0,2023-06-26,,Standard
M10046,Credit card,2.0,2023-06-26,,Standard
M10046,Debit card,0.9,2023-06-26,,Standard
M10046,Netbanking,1.8,2023-06-26,,Standard
M10046,Wallet,1.9,2023-06-26,,Standard
M10047,UPI,0.0,2023-06-27,,Standard
M10047,Credit card,2.0,2023-06-27,,Standard
M10047,Debit card,0.9,2023-06-27,,Standard
M10047,Netbanking,1.8,2023-06-27,,Standard
M10047,Wallet,1.9,2023-06-27,,Standard
M10048,UPI,0.0,2023-06-28,,Standard
M10048,Credit card,2.0,2023-06-28,,Standard
M10048,Debit card,0.9,2023-06-28,,Standard
M10048,Netbanking,1.8,2023-06-28,,Standard
M10048,Wallet,1.9,2023-06-28,,Standard
M10049,UPI,0.0,2023-06-28,,Standard
M10049,Credit card,2.0,2023-06-28,,Standard
M10049,Debit card,0.9,2023-06-28,,Standard
M10049,Netbanking,1.8,2023-06-28,,Standard
M10049,Wallet,1.9,2023-06-28,,Standard
M10050,UPI,0.0,2023-06-29,,Standard
M10050,Credit card,2.0,2023-06-29,,Standard
M10050,Debit card,0.9,2023-06-29,,Standard
M10050,Netbanking,1.8,2023-06-29,,Standard
M10050,Wallet,1.9,2023-06-29,,Standard
M10051,UPI,0.0,2023-06-29,,Standard
M10051,Credit card,2.0,2023-06-29,,Standard
M10051,Debit card,0.9,2023-06-29,,Standard
M10051,Netbanking,1.8,2023-06-29,,Standard
M10051,Wallet,1.9,2023-06-29,,Standard
M10052,UPI,0.0,2023-06-30,,Standard
M10052,Credit card,2.0,2023-06-30,,Standard
M10052,Debit card,0.9,2023-06-30,,Standard
M10052,Netbanking,1.8,2023-06-30,,Standard
M10052,Wallet,1.9,2023-06-30,,Standard
M10053,UPI,0.0,2023-06-30,,Standard
M10053,Credit card,2.0,2023-06-30,,Standard
M10053,Debit card,0.9,2023-06-30,,Standard
M10053,Netbanking,1.8,2023-06-30,,Standard
M10053,Wallet,1.9,2023-06-30,,Standard
M10054,UPI,0.0,2023-06-30,,Standard
M10054,Credit card,2.0,2023-06-30,,Standard
M10054,Debit card,0.9,2023-06-30,,Standard
M10054,Netbanking,1.8,2023-06-30,,Standard
M10054,Wallet,1.9,2023-06-30,,Standard
M10055,UPI,0.0,2023-06-30,2026-04-30,Standard
M10055,UPI,0.0,2026-05-01,,Growth
M10055,Credit card,2.0,2023-06-30,2026-04-30,Standard
M10055,Credit card,1.9,2026-05-01,,Growth
M10055,Debit card,0.9,2023-06-30,2026-04-30,Standard
M10055,Debit card,0.8,2026-05-01,,Growth
M10055,Netbanking,1.8,2023-06-30,2026-04-30,Standard
M10055,Netbanking,1.7,2026-05-01,,Growth
M10055,Wallet,1.9,2023-06-30,2026-04-30,Standard
M10055,Wallet,1.8,2026-05-01,,Growth
M10056,UPI,0.0,2023-06-30,,Standard
M10056,Credit card,2.0,2023-06-30,,Standard
M10056,Debit card,0.9,2023-06-30,,Standard
M10056,Netbanking,1.8,2023-06-30,,Standard
M10056,Wallet,1.9,2023-06-30,,Standard
M10057,UPI,0.0,2023-07-01,,Standard
M10057,Credit card,2.0,2023-07-01,,Standard
M10057,Debit card,0.9,2023-07-01,,Standard
M10057,Netbanking,1.8,2023-07-01,,Standard
M10057,Wallet,1.9,2023-07-01,,Standard
M10058,UPI,0.0,2023-07-02,,Standard
M10058,Credit card,2.0,2023-07-02,,Standard
M10058,Debit card,0.9,2023-07-02,,Standard
M10058,Netbanking,1.8,2023-07-02,,Standard
M10058,Wallet,1.9,2023-07-02,,Standard
M10059,UPI,0.0,2023-07-02,,Standard
M10059,Credit card,2.0,2023-07-02,,Standard
M10059,Debit card,0.9,2023-07-02,,Standard
M10059,Netbanking,1.8,2023-07-02,,Standard
M10059,Wallet,1.9,2023-07-02,,Standard
M10060,UPI,0.0,2023-07-04,,Standard
M10060,Credit card,2.0,2023-07-04,,Standard
M10060,Debit card,0.9,2023-07-04,,Standard
M10060,Netbanking,1.8,2023-07-04,,Standard
M10060,Wallet,1.9,2023-07-04,,Standard
M10061,UPI,0.0,2023-07-06,2026-04-30,Standard
M10061,UPI,0.0,2026-05-01,,Growth
M10061,Credit card,2.0,2023-07-06,2026-04-30,Standard
M10061,Credit card,1.9,2026-05-01,,Growth
M10061,Debit card,0.9,2023-07-06,2026-04-30,Standard
M10061,Debit card,0.8,2026-05-01,,Growth
M10061,Netbanking,1.8,2023-07-06,2026-04-30,Standard
M10061,Netbanking,1.7,2026-05-01,,Growth
M10061,Wallet,1.9,2023-07-06,2026-04-30,Standard
M10061,Wallet,1.8,2026-05-01,,Growth
M10062,UPI,0.0,2023-07-06,2026-04-30,Standard
M10062,UPI,0.0,2026-05-01,,Growth
M10062,Credit card,2.0,2023-07-06,2026-04-30,Standard
M10062,Credit card,1.9,2026-05-01,,Growth
M10062,Debit card,0.9,2023-07-06,2026-04-30,Standard
M10062,Debit card,0.8,2026-05-01,,Growth
M10062,Netbanking,1.8,2023-07-06,2026-04-30,Standard
M10062,Netbanking,1.7,2026-05-01,,Growth
M10062,Wallet,1.9,2023-07-06,2026-04-30,Standard
M10062,Wallet,1.8,2026-05-01,,Growth
M10063,UPI,0.0,2023-07-07,,Standard
M10063,Credit card,2.0,2023-07-07,,Standard
M10063,Debit card,0.9,2023-07-07,,Standard
M10063,Netbanking,1.8,2023-07-07,,Standard
M10063,Wallet,1.9,2023-07-07,,Standard
M10064,UPI,0.0,2023-07-08,,Standard
M10064,Credit card,2.0,2023-07-08,,Standard
M10064,Debit card,0.9,2023-07-08,,Standard
M10064,Netbanking,1.8,2023-07-08,,Standard
M10064,Wallet,1.9,2023-07-08,,Standard
M10065,UPI,0.0,2023-07-08,,Standard
M10065,Credit card,2.0,2023-07-08,,Standard
M10065,Debit card,0.9,2023-07-08,,Standard
M10065,Netbanking,1.8,2023-07-08,,Standard
M10065,Wallet,1.9,2023-07-08,,Standard
M10066,UPI,0.0,2023-07-09,,Standard
M10066,Credit card,2.0,2023-07-09,,Standard
M10066,Debit card,0.9,2023-07-09,,Standard
M10066,Netbanking,1.8,2023-07-09,,Standard
M10066,Wallet,1.9,2023-07-09,,Standard
M10067,UPI,0.0,2023-07-09,,Standard
M10067,Credit card,2.0,2023-07-09,,Standard
M10067,Debit card,0.9,2023-07-09,,Standard
M10067,Netbanking,1.8,2023-07-09,,Standard
M10067,Wallet,1.9,2023-07-09,,Standard
M10068,UPI,0.0,2023-07-10,,Standard
M10068,Credit card,2.0,2023-07-10,,Standard
M10068,Debit card,0.9,2023-07-10,,Standard
M10068,Netbanking,1.8,2023-07-10,,Standard
M10068,Wallet,1.9,2023-07-10,,Standard
M10069,UPI,0.0,2023-07-10,,Standard
M10069,Credit card,2.0,2023-07-10,,Standard
M10069,Debit card,0.9,2023-07-10,,Standard
M10069,Netbanking,1.8,2023-07-10,,Standard
M10069,Wallet,1.9,2023-07-10,,Standard
M10070,UPI,0.0,2023-07-11,,Standard
M10070,Credit card,2.0,2023-07-11,,Standard
M10070,Debit card,0.9,2023-07-11,,Standard
M10070,Netbanking,1.8,2023-07-11,,Standard
M10070,Wallet,1.9,2023-07-11,,Standard
M10071,UPI,0.0,2023-07-11,,Standard
M10071,Credit card,2.0,2023-07-11,,Standard
M10071,Debit card,0.9,2023-07-11,,Standard
M10071,Netbanking,1.8,2023-07-11,,Standard
M10071,Wallet,1.9,2023-07-11,,Standard
M10072,UPI,0.0,2023-07-11,,Standard
M10072,Credit card,2.0,2023-07-11,,Standard
M10072,Debit card,0.9,2023-07-11,,Standard
M10072,Netbanking,1.8,2023-07-11,,Standard
M10072,Wallet,1.9,2023-07-11,,Standard
M10073,UPI,0.0,2023-07-11,,Standard
M10073,Credit card,2.0,2023-07-11,,Standard
M10073,Debit card,0.9,2023-07-11,,Standard
M10073,Netbanking,1.8,2023-07-11,,Standard
M10073,Wallet,1.9,2023-07-11,,Standard
M10074,UPI,0.0,2023-07-11,,Standard
M10074,Credit card,2.0,2023-07-11,,Standard
M10074,Debit card,0.9,2023-07-11,,Standard
M10074,Netbanking,1.8,2023-07-11,,Standard
M10074,Wallet,1.9,2023-07-11,,Standard
M10075,UPI,0.0,2023-07-12,,Standard
M10075,Credit card,2.0,2023-07-12,,Standard
M10075,Debit card,0.9,2023-07-12,,Standard
M10075,Netbanking,1.8,2023-07-12,,Standard
M10075,Wallet,1.9,2023-07-12,,Standard
M10076,UPI,0.0,2023-07-12,2026-04-30,Standard
M10076,UPI,0.0,2026-05-01,,Growth
M10076,Credit card,2.0,2023-07-12,2026-04-30,Standard
M10076,Credit card,1.9,2026-05-01,,Growth
M10076,Debit card,0.9,2023-07-12,2026-04-30,Standard
M10076,Debit card,0.8,2026-05-01,,Growth
M10076,Netbanking,1.8,2023-07-12,2026-04-30,Standard
M10076,Netbanking,1.7,2026-05-01,,Growth
M10076,Wallet,1.9,2023-07-12,2026-04-30,Standard
M10076,Wallet,1.8,2026-05-01,,Growth
M10077,UPI,0.0,2023-07-14,2026-04-30,Standard
M10077,UPI,0.0,2026-05-01,,Growth
M10077,Credit card,2.0,2023-07-14,2026-04-30,Standard
M10077,Credit card,1.9,2026-05-01,,Growth
M10077,Debit card,0.9,2023-07-14,2026-04-30,Standard
M10077,Debit card,0.8,2026-05-01,,Growth
M10077,Netbanking,1.8,2023-07-14,2026-04-30,Standard
M10077,Netbanking,1.7,2026-05-01,,Growth
M10077,Wallet,1.9,2023-07-14,2026-04-30,Standard
M10077,Wallet,1.8,2026-05-01,,Growth
M10078,UPI,0.0,2023-07-14,,Standard
M10078,Credit card,2.0,2023-07-14,,Standard
M10078,Debit card,0.9,2023-07-14,,Standard
M10078,Netbanking,1.8,2023-07-14,,Standard
M10078,Wallet,1.9,2023-07-14,,Standard
M10079,UPI,0.0,2023-07-15,,Standard
M10079,Credit card,2.0,2023-07-15,,Standard
M10079,Debit card,0.9,2023-07-15,,Standard
M10079,Netbanking,1.8,2023-07-15,,Standard
M10079,Wallet,1.9,2023-07-15,,Standard
M10080,UPI,0.0,2023-07-15,,Standard
M10080,Credit card,2.0,2023-07-15,,Standard
M10080,Debit card,0.9,2023-07-15,,Standard
M10080,Netbanking,1.8,2023-07-15,,Standard
M10080,Wallet,1.9,2023-07-15,,Standard
M10081,UPI,0.0,2023-07-15,,Standard
M10081,Credit card,2.0,2023-07-15,,Standard
M10081,Debit card,0.9,2023-07-15,,Standard
M10081,Netbanking,1.8,2023-07-15,,Standard
M10081,Wallet,1.9,2023-07-15,,Standard
M10082,UPI,0.0,2023-07-16,,Standard
M10082,Credit card,2.0,2023-07-16,,Standard
M10082,Debit card,0.9,2023-07-16,,Standard
M10082,Netbanking,1.8,2023-07-16,,Standard
M10082,Wallet,1.9,2023-07-16,,Standard
M10083,UPI,0.0,2023-07-17,,Standard
M10083,Credit card,2.0,2023-07-17,,Standard
M10083,Debit card,0.9,2023-07-17,,Standard
M10083,Netbanking,1.8,2023-07-17,,Standard
M10083,Wallet,1.9,2023-07-17,,Standard
M10084,UPI,0.0,2023-07-17,,Standard
M10084,Credit card,2.0,2023-07-17,,Standard
M10084,Debit card,0.9,2023-07-17,,Standard
M10084,Netbanking,1.8,2023-07-17,,Standard
M10084,Wallet,1.9,2023-07-17,,Standard
M10085,UPI,0.0,2023-07-18,,Standard
M10085,Credit card,2.0,2023-07-18,,Standard
M10085,Debit card,0.9,2023-07-18,,Standard
M10085,Netbanking,1.8,2023-07-18,,Standard
M10085,Wallet,1.9,2023-07-18,,Standard
M10086,UPI,0.0,2023-07-19,,Standard
M10086,Credit card,2.0,2023-07-19,,Standard
M10086,Debit card,0.9,2023-07-19,,Standard
M10086,Netbanking,1.8,2023-07-19,,Standard
M10086,Wallet,1.9,2023-07-19,,Standard
M10087,UPI,0.0,2023-07-19,,Standard
M10087,Credit card,2.0,2023-07-19,,Standard
M10087,Debit card,0.9,2023-07-19,,Standard
M10087,Netbanking,1.8,2023-07-19,,Standard
M10087,Wallet,1.9,2023-07-19,,Standard
M10088,UPI,0.0,2023-07-21,,Standard
M10088,Credit card,2.0,2023-07-21,,Standard
M10088,Debit card,0.9,2023-07-21,,Standard
M10088,Netbanking,1.8,2023-07-21,,Standard
M10088,Wallet,1.9,2023-07-21,,Standard
M10089,UPI,0.0,2023-07-21,,Standard
M10089,Credit card,2.0,2023-07-21,,Standard
M10089,Debit card,0.9,2023-07-21,,Standard
M10089,Netbanking,1.8,2023-07-21,,Standard
M10089,Wallet,1.9,2023-07-21,,Standard
M10090,UPI,0.0,2023-07-21,,Standard
M10090,Credit card,2.0,2023-07-21,,Standard
M10090,Debit card,0.9,2023-07-21,,Standard
M10090,Netbanking,1.8,2023-07-21,,Standard
M10090,Wallet,1.9,2023-07-21,,Standard
M10091,UPI,0.0,2023-07-21,2026-04-30,Standard
M10091,UPI,0.0,2026-05-01,,Growth
M10091,Credit card,2.0,2023-07-21,2026-04-30,Standard
M10091,Credit card,1.9,2026-05-01,,Growth
M10091,Debit card,0.9,2023-07-21,2026-04-30,Standard
M10091,Debit card,0.8,2026-05-01,,Growth
M10091,Netbanking,1.8,2023-07-21,2026-04-30,Standard
M10091,Netbanking,1.7,2026-05-01,,Growth
M10091,Wallet,1.9,2023-07-21,2026-04-30,Standard
M10091,Wallet,1.8,2026-05-01,,Growth
M10092,UPI,0.0,2023-07-21,,Standard
M10092,Credit card,2.0,2023-07-21,,Standard
M10092,Debit card,0.9,2023-07-21,,Standard
M10092,Netbanking,1.8,2023-07-21,,Standard
M10092,Wallet,1.9,2023-07-21,,Standard
M10093,UPI,0.0,2023-07-22,,Standard
M10093,Credit card,2.0,2023-07-22,,Standard
M10093,Debit card,0.9,2023-07-22,,Standard
M10093,Netbanking,1.8,2023-07-22,,Standard
M10093,Wallet,1.9,2023-07-22,,Standard
M10094,UPI,0.0,2023-07-24,,Standard
M10094,Credit card,2.0,2023-07-24,,Standard
M10094,Debit card,0.9,2023-07-24,,Standard
M10094,Netbanking,1.8,2023-07-24,,Standard
M10094,Wallet,1.9,2023-07-24,,Standard
M10095,UPI,0.0,2023-07-24,,Standard
M10095,Credit card,2.0,2023-07-24,,Standard
M10095,Debit card,0.9,2023-07-24,,Standard
M10095,Netbanking,1.8,2023-07-24,,Standard
M10095,Wallet,1.9,2023-07-24,,Standard
M10096,UPI,0.0,2023-07-24,,Enterprise
M10096,Credit card,1.49,2023-07-24,,Enterprise
M10096,Debit card,0.59,2023-07-24,,Enterprise
M10096,Netbanking,1.29,2023-07-24,,Enterprise
M10096,Wallet,1.39,2023-07-24,,Enterprise
M10097,UPI,0.0,2023-07-25,,Standard
M10097,Credit card,2.0,2023-07-25,,Standard
M10097,Debit card,0.9,2023-07-25,,Standard
M10097,Netbanking,1.8,2023-07-25,,Standard
M10097,Wallet,1.9,2023-07-25,,Standard
M10098,UPI,0.0,2023-07-27,,Standard
M10098,Credit card,2.0,2023-07-27,,Standard
M10098,Debit card,0.9,2023-07-27,,Standard
M10098,Netbanking,1.8,2023-07-27,,Standard
M10098,Wallet,1.9,2023-07-27,,Standard
M10099,UPI,0.0,2023-07-27,,Standard
M10099,Credit card,2.0,2023-07-27,,Standard
M10099,Debit card,0.9,2023-07-27,,Standard
M10099,Netbanking,1.8,2023-07-27,,Standard
M10099,Wallet,1.9,2023-07-27,,Standard
M10100,UPI,0.0,2023-07-29,2026-04-30,Standard
M10100,UPI,0.0,2026-05-01,,Growth
M10100,Credit card,2.0,2023-07-29,2026-04-30,Standard
M10100,Credit card,1.9,2026-05-01,,Growth
M10100,Debit card,0.9,2023-07-29,2026-04-30,Standard
M10100,Debit card,0.8,2026-05-01,,Growth
M10100,Netbanking,1.8,2023-07-29,2026-04-30,Standard
M10100,Netbanking,1.7,2026-05-01,,Growth
M10100,Wallet,1.9,2023-07-29,2026-04-30,Standard
M10100,Wallet,1.8,2026-05-01,,Growth
M10101,UPI,0.0,2023-07-29,,Standard
M10101,Credit card,2.0,2023-07-29,,Standard
M10101,Debit card,0.9,2023-07-29,,Standard
M10101,Netbanking,1.8,2023-07-29,,Standard
M10101,Wallet,1.9,2023-07-29,,Standard
M10102,UPI,0.0,2023-07-31,,Standard
M10102,Credit card,2.0,2023-07-31,,Standard
M10102,Debit card,0.9,2023-07-31,,Standard
M10102,Netbanking,1.8,2023-07-31,,Standard
M10102,Wallet,1.9,2023-07-31,,Standard
M10103,UPI,0.0,2023-07-31,,Standard
M10103,Credit card,2.0,2023-07-31,,Standard
M10103,Debit card,0.9,2023-07-31,,Standard
M10103,Netbanking,1.8,2023-07-31,,Standard
M10103,Wallet,1.9,2023-07-31,,Standard
M10104,UPI,0.0,2023-08-02,,Standard
M10104,Credit card,2.0,2023-08-02,,Standard
M10104,Debit card,0.9,2023-08-02,,Standard
M10104,Netbanking,1.8,2023-08-02,,Standard
M10104,Wallet,1.9,2023-08-02,,Standard
M10105,UPI,0.0,2023-08-02,,Standard
M10105,Credit card,2.0,2023-08-02,,Standard
M10105,Debit card,0.9,2023-08-02,,Standard
M10105,Netbanking,1.8,2023-08-02,,Standard
M10105,Wallet,1.9,2023-08-02,,Standard
M10106,UPI,0.0,2023-08-03,,Standard
M10106,Credit card,2.0,2023-08-03,,Standard
M10106,Debit card,0.9,2023-08-03,,Standard
M10106,Netbanking,1.8,2023-08-03,,Standard
M10106,Wallet,1.9,2023-08-03,,Standard
M10107,UPI,0.0,2023-08-03,,Enterprise
M10107,Credit card,1.49,2023-08-03,,Enterprise
M10107,Debit card,0.59,2023-08-03,,Enterprise
M10107,Netbanking,1.29,2023-08-03,,Enterprise
M10107,Wallet,1.39,2023-08-03,,Enterprise
M10108,UPI,0.0,2023-08-03,,Standard
M10108,Credit card,2.0,2023-08-03,,Standard
M10108,Debit card,0.9,2023-08-03,,Standard
M10108,Netbanking,1.8,2023-08-03,,Standard
M10108,Wallet,1.9,2023-08-03,,Standard
M10109,UPI,0.0,2023-08-04,2026-04-30,Standard
M10109,UPI,0.0,2026-05-01,,Growth
M10109,Credit card,2.0,2023-08-04,2026-04-30,Standard
M10109,Credit card,1.9,2026-05-01,,Growth
M10109,Debit card,0.9,2023-08-04,2026-04-30,Standard
M10109,Debit card,0.8,2026-05-01,,Growth
M10109,Netbanking,1.8,2023-08-04,2026-04-30,Standard
M10109,Netbanking,1.7,2026-05-01,,Growth
M10109,Wallet,1.9,2023-08-04,2026-04-30,Standard
M10109,Wallet,1.8,2026-05-01,,Growth
M10110,UPI,0.0,2023-08-05,2026-04-30,Standard
M10110,UPI,0.0,2026-05-01,,Growth
M10110,Credit card,2.0,2023-08-05,2026-04-30,Standard
M10110,Credit card,1.9,2026-05-01,,Growth
M10110,Debit card,0.9,2023-08-05,2026-04-30,Standard
M10110,Debit card,0.8,2026-05-01,,Growth
M10110,Netbanking,1.8,2023-08-05,2026-04-30,Standard
M10110,Netbanking,1.7,2026-05-01,,Growth
M10110,Wallet,1.9,2023-08-05,2026-04-30,Standard
M10110,Wallet,1.8,2026-05-01,,Growth
M10111,UPI,0.0,2023-08-05,,Standard
M10111,Credit card,2.0,2023-08-05,,Standard
M10111,Debit card,0.9,2023-08-05,,Standard
M10111,Netbanking,1.8,2023-08-05,,Standard
M10111,Wallet,1.9,2023-08-05,,Standard
M10112,UPI,0.0,2023-08-06,2026-04-30,Standard
M10112,UPI,0.0,2026-05-01,,Growth
M10112,Credit card,2.0,2023-08-06,2026-04-30,Standard
M10112,Credit card,1.9,2026-05-01,,Growth
M10112,Debit card,0.9,2023-08-06,2026-04-30,Standard
M10112,Debit card,0.8,2026-05-01,,Growth
M10112,Netbanking,1.8,2023-08-06,2026-04-30,Standard
M10112,Netbanking,1.7,2026-05-01,,Growth
M10112,Wallet,1.9,2023-08-06,2026-04-30,Standard
M10112,Wallet,1.8,2026-05-01,,Growth
M10113,UPI,0.0,2023-08-07,,Standard
M10113,Credit card,2.0,2023-08-07,,Standard
M10113,Debit card,0.9,2023-08-07,,Standard
M10113,Netbanking,1.8,2023-08-07,,Standard
M10113,Wallet,1.9,2023-08-07,,Standard
M10114,UPI,0.0,2023-08-08,,Standard
M10114,Credit card,2.0,2023-08-08,,Standard
M10114,Debit card,0.9,2023-08-08,,Standard
M10114,Netbanking,1.8,2023-08-08,,Standard
M10114,Wallet,1.9,2023-08-08,,Standard
M10115,UPI,0.0,2023-08-08,,Standard
M10115,Credit card,2.0,2023-08-08,,Standard
M10115,Debit card,0.9,2023-08-08,,Standard
M10115,Netbanking,1.8,2023-08-08,,Standard
M10115,Wallet,1.9,2023-08-08,,Standard
M10116,UPI,0.0,2023-08-08,,Standard
M10116,Credit card,2.0,2023-08-08,,Standard
M10116,Debit card,0.9,2023-08-08,,Standard
M10116,Netbanking,1.8,2023-08-08,,Standard
M10116,Wallet,1.9,2023-08-08,,Standard
M10117,UPI,0.0,2023-08-08,2026-04-30,Standard
M10117,UPI,0.0,2026-05-01,,Growth
M10117,Credit card,2.0,2023-08-08,2026-04-30,Standard
M10117,Credit card,1.9,2026-05-01,,Growth
M10117,Debit card,0.9,2023-08-08,2026-04-30,Standard
M10117,Debit card,0.8,2026-05-01,,Growth
M10117,Netbanking,1.8,2023-08-08,2026-04-30,Standard
M10117,Netbanking,1.7,2026-05-01,,Growth
M10117,Wallet,1.9,2023-08-08,2026-04-30,Standard
M10117,Wallet,1.8,2026-05-01,,Growth
M10118,UPI,0.0,2023-08-08,,Standard
M10118,Credit card,2.0,2023-08-08,,Standard
M10118,Debit card,0.9,2023-08-08,,Standard
M10118,Netbanking,1.8,2023-08-08,,Standard
M10118,Wallet,1.9,2023-08-08,,Standard
M10119,UPI,0.0,2023-08-09,,Standard
M10119,Credit card,2.0,2023-08-09,,Standard
M10119,Debit card,0.9,2023-08-09,,Standard
M10119,Netbanking,1.8,2023-08-09,,Standard
M10119,Wallet,1.9,2023-08-09,,Standard
M10120,UPI,0.0,2023-08-10,,Standard
M10120,Credit card,2.0,2023-08-10,,Standard
M10120,Debit card,0.9,2023-08-10,,Standard
M10120,Netbanking,1.8,2023-08-10,,Standard
M10120,Wallet,1.9,2023-08-10,,Standard
M10121,UPI,0.0,2023-08-10,,Standard
M10121,Credit card,2.0,2023-08-10,,Standard
M10121,Debit card,0.9,2023-08-10,,Standard
M10121,Netbanking,1.8,2023-08-10,,Standard
M10121,Wallet,1.9,2023-08-10,,Standard
M10122,UPI,0.0,2023-08-11,,Standard
M10122,Credit card,2.0,2023-08-11,,Standard
M10122,Debit card,0.9,2023-08-11,,Standard
M10122,Netbanking,1.8,2023-08-11,,Standard
M10122,Wallet,1.9,2023-08-11,,Standard
M10123,UPI,0.0,2023-08-11,2026-04-30,Standard
M10123,UPI,0.0,2026-05-01,,Growth
M10123,Credit card,2.0,2023-08-11,2026-04-30,Standard
M10123,Credit card,1.9,2026-05-01,,Growth
M10123,Debit card,0.9,2023-08-11,2026-04-30,Standard
M10123,Debit card,0.8,2026-05-01,,Growth
M10123,Netbanking,1.8,2023-08-11,2026-04-30,Standard
M10123,Netbanking,1.7,2026-05-01,,Growth
M10123,Wallet,1.9,2023-08-11,2026-04-30,Standard
M10123,Wallet,1.8,2026-05-01,,Growth
M10124,UPI,0.0,2023-08-13,,Standard
M10124,Credit card,2.0,2023-08-13,,Standard
M10124,Debit card,0.9,2023-08-13,,Standard
M10124,Netbanking,1.8,2023-08-13,,Standard
M10124,Wallet,1.9,2023-08-13,,Standard
M10125,UPI,0.0,2023-08-14,,Standard
M10125,Credit card,2.0,2023-08-14,,Standard
M10125,Debit card,0.9,2023-08-14,,Standard
M10125,Netbanking,1.8,2023-08-14,,Standard
M10125,Wallet,1.9,2023-08-14,,Standard
M10126,UPI,0.0,2023-08-15,2026-04-30,Standard
M10126,UPI,0.0,2026-05-01,,Growth
M10126,Credit card,2.0,2023-08-15,2026-04-30,Standard
M10126,Credit card,1.9,2026-05-01,,Growth
M10126,Debit card,0.9,2023-08-15,2026-04-30,Standard
M10126,Debit card,0.8,2026-05-01,,Growth
M10126,Netbanking,1.8,2023-08-15,2026-04-30,Standard
M10126,Netbanking,1.7,2026-05-01,,Growth
M10126,Wallet,1.9,2023-08-15,2026-04-30,Standard
M10126,Wallet,1.8,2026-05-01,,Growth
M10127,UPI,0.0,2023-08-16,,Standard
M10127,Credit card,2.0,2023-08-16,,Standard
M10127,Debit card,0.9,2023-08-16,,Standard
M10127,Netbanking,1.8,2023-08-16,,Standard
M10127,Wallet,1.9,2023-08-16,,Standard
M10128,UPI,0.0,2023-08-16,2026-04-30,Standard
M10128,UPI,0.0,2026-05-01,,Growth
M10128,Credit card,2.0,2023-08-16,2026-04-30,Standard
M10128,Credit card,1.9,2026-05-01,,Growth
M10128,Debit card,0.9,2023-08-16,2026-04-30,Standard
M10128,Debit card,0.8,2026-05-01,,Growth
M10128,Netbanking,1.8,2023-08-16,2026-04-30,Standard
M10128,Netbanking,1.7,2026-05-01,,Growth
M10128,Wallet,1.9,2023-08-16,2026-04-30,Standard
M10128,Wallet,1.8,2026-05-01,,Growth
M10129,UPI,0.0,2023-08-17,2026-04-30,Standard
M10129,UPI,0.0,2026-05-01,,Growth
M10129,Credit card,2.0,2023-08-17,2026-04-30,Standard
M10129,Credit card,1.9,2026-05-01,,Growth
M10129,Debit card,0.9,2023-08-17,2026-04-30,Standard
M10129,Debit card,0.8,2026-05-01,,Growth
M10129,Netbanking,1.8,2023-08-17,2026-04-30,Standard
M10129,Netbanking,1.7,2026-05-01,,Growth
M10129,Wallet,1.9,2023-08-17,2026-04-30,Standard
M10129,Wallet,1.8,2026-05-01,,Growth
M10130,UPI,0.0,2023-08-17,2026-04-30,Standard
M10130,UPI,0.0,2026-05-01,,Growth
M10130,Credit card,2.0,2023-08-17,2026-04-30,Standard
M10130,Credit card,1.9,2026-05-01,,Growth
M10130,Debit card,0.9,2023-08-17,2026-04-30,Standard
M10130,Debit card,0.8,2026-05-01,,Growth
M10130,Netbanking,1.8,2023-08-17,2026-04-30,Standard
M10130,Netbanking,1.7,2026-05-01,,Growth
M10130,Wallet,1.9,2023-08-17,2026-04-30,Standard
M10130,Wallet,1.8,2026-05-01,,Growth
M10131,UPI,0.0,2023-08-19,,Standard
M10131,Credit card,2.0,2023-08-19,,Standard
M10131,Debit card,0.9,2023-08-19,,Standard
M10131,Netbanking,1.8,2023-08-19,,Standard
M10131,Wallet,1.9,2023-08-19,,Standard
M10132,UPI,0.0,2023-08-19,,Standard
M10132,Credit card,2.0,2023-08-19,,Standard
M10132,Debit card,0.9,2023-08-19,,Standard
M10132,Netbanking,1.8,2023-08-19,,Standard
M10132,Wallet,1.9,2023-08-19,,Standard
M10133,UPI,0.0,2023-08-20,,Standard
M10133,Credit card,2.0,2023-08-20,,Standard
M10133,Debit card,0.9,2023-08-20,,Standard
M10133,Netbanking,1.8,2023-08-20,,Standard
M10133,Wallet,1.9,2023-08-20,,Standard
M10134,UPI,0.0,2023-08-21,2026-04-30,Standard
M10134,UPI,0.0,2026-05-01,,Growth
M10134,Credit card,2.0,2023-08-21,2026-04-30,Standard
M10134,Credit card,1.9,2026-05-01,,Growth
M10134,Debit card,0.9,2023-08-21,2026-04-30,Standard
M10134,Debit card,0.8,2026-05-01,,Growth
M10134,Netbanking,1.8,2023-08-21,2026-04-30,Standard
M10134,Netbanking,1.7,2026-05-01,,Growth
M10134,Wallet,1.9,2023-08-21,2026-04-30,Standard
M10134,Wallet,1.8,2026-05-01,,Growth
M10135,UPI,0.0,2023-08-21,,Enterprise
M10135,Credit card,1.46,2023-08-21,,Enterprise
M10135,Debit card,0.56,2023-08-21,,Enterprise
M10135,Netbanking,1.26,2023-08-21,,Enterprise
M10135,Wallet,1.36,2023-08-21,,Enterprise
M10136,UPI,0.0,2023-08-23,2026-04-30,Standard
M10136,UPI,0.0,2026-05-01,,Growth
M10136,Credit card,2.0,2023-08-23,2026-04-30,Standard
M10136,Credit card,1.9,2026-05-01,,Growth
M10136,Debit card,0.9,2023-08-23,2026-04-30,Standard
M10136,Debit card,0.8,2026-05-01,,Growth
M10136,Netbanking,1.8,2023-08-23,2026-04-30,Standard
M10136,Netbanking,1.7,2026-05-01,,Growth
M10136,Wallet,1.9,2023-08-23,2026-04-30,Standard
M10136,Wallet,1.8,2026-05-01,,Growth
M10137,UPI,0.0,2023-08-24,,Standard
M10137,Credit card,2.0,2023-08-24,,Standard
M10137,Debit card,0.9,2023-08-24,,Standard
M10137,Netbanking,1.8,2023-08-24,,Standard
M10137,Wallet,1.9,2023-08-24,,Standard
M10138,UPI,0.0,2023-08-24,,Standard
M10138,Credit card,2.0,2023-08-24,,Standard
M10138,Debit card,0.9,2023-08-24,,Standard
M10138,Netbanking,1.8,2023-08-24,,Standard
M10138,Wallet,1.9,2023-08-24,,Standard
M10139,UPI,0.0,2023-08-25,,Standard
M10139,Credit card,2.0,2023-08-25,,Standard
M10139,Debit card,0.9,2023-08-25,,Standard
M10139,Netbanking,1.8,2023-08-25,,Standard
M10139,Wallet,1.9,2023-08-25,,Standard
M10140,UPI,0.0,2023-08-25,,Standard
M10140,Credit card,2.0,2023-08-25,,Standard
M10140,Debit card,0.9,2023-08-25,,Standard
M10140,Netbanking,1.8,2023-08-25,,Standard
M10140,Wallet,1.9,2023-08-25,,Standard
M10141,UPI,0.0,2023-08-25,,Standard
M10141,Credit card,2.0,2023-08-25,,Standard
M10141,Debit card,0.9,2023-08-25,,Standard
M10141,Netbanking,1.8,2023-08-25,,Standard
M10141,Wallet,1.9,2023-08-25,,Standard
M10142,UPI,0.0,2023-08-26,,Standard
M10142,Credit card,2.0,2023-08-26,,Standard
M10142,Debit card,0.9,2023-08-26,,Standard
M10142,Netbanking,1.8,2023-08-26,,Standard
M10142,Wallet,1.9,2023-08-26,,Standard
M10143,UPI,0.0,2023-08-27,,Standard
M10143,Credit card,2.0,2023-08-27,,Standard
M10143,Debit card,0.9,2023-08-27,,Standard
M10143,Netbanking,1.8,2023-08-27,,Standard
M10143,Wallet,1.9,2023-08-27,,Standard
M10144,UPI,0.0,2023-08-27,2026-04-30,Standard
M10144,UPI,0.0,2026-05-01,,Growth
M10144,Credit card,2.0,2023-08-27,2026-04-30,Standard
M10144,Credit card,1.9,2026-05-01,,Growth
M10144,Debit card,0.9,2023-08-27,2026-04-30,Standard
M10144,Debit card,0.8,2026-05-01,,Growth
M10144,Netbanking,1.8,2023-08-27,2026-04-30,Standard
M10144,Netbanking,1.7,2026-05-01,,Growth
M10144,Wallet,1.9,2023-08-27,2026-04-30,Standard
M10144,Wallet,1.8,2026-05-01,,Growth
M10145,UPI,0.0,2023-08-28,,Standard
M10145,Credit card,2.0,2023-08-28,,Standard
M10145,Debit card,0.9,2023-08-28,,Standard
M10145,Netbanking,1.8,2023-08-28,,Standard
M10145,Wallet,1.9,2023-08-28,,Standard
M10146,UPI,0.0,2023-08-29,,Standard
M10146,Credit card,2.0,2023-08-29,,Standard
M10146,Debit card,0.9,2023-08-29,,Standard
M10146,Netbanking,1.8,2023-08-29,,Standard
M10146,Wallet,1.9,2023-08-29,,Standard
M10147,UPI,0.0,2023-08-30,,Standard
M10147,Credit card,2.0,2023-08-30,,Standard
M10147,Debit card,0.9,2023-08-30,,Standard
M10147,Netbanking,1.8,2023-08-30,,Standard
M10147,Wallet,1.9,2023-08-30,,Standard
M10148,UPI,0.0,2023-08-31,,Standard
M10148,Credit card,2.0,2023-08-31,,Standard
M10148,Debit card,0.9,2023-08-31,,Standard
M10148,Netbanking,1.8,2023-08-31,,Standard
M10148,Wallet,1.9,2023-08-31,,Standard
M10149,UPI,0.0,2023-09-01,,Standard
M10149,Credit card,2.0,2023-09-01,,Standard
M10149,Debit card,0.9,2023-09-01,,Standard
M10149,Netbanking,1.8,2023-09-01,,Standard
M10149,Wallet,1.9,2023-09-01,,Standard
M10150,UPI,0.0,2023-09-01,,Standard
M10150,Credit card,2.0,2023-09-01,,Standard
M10150,Debit card,0.9,2023-09-01,,Standard
M10150,Netbanking,1.8,2023-09-01,,Standard
M10150,Wallet,1.9,2023-09-01,,Standard
M10151,UPI,0.0,2023-09-02,2026-04-30,Standard
M10151,UPI,0.0,2026-05-01,,Growth
M10151,Credit card,2.0,2023-09-02,2026-04-30,Standard
M10151,Credit card,1.9,2026-05-01,,Growth
M10151,Debit card,0.9,2023-09-02,2026-04-30,Standard
M10151,Debit card,0.8,2026-05-01,,Growth
M10151,Netbanking,1.8,2023-09-02,2026-04-30,Standard
M10151,Netbanking,1.7,2026-05-01,,Growth
M10151,Wallet,1.9,2023-09-02,2026-04-30,Standard
M10151,Wallet,1.8,2026-05-01,,Growth
M10152,UPI,0.0,2023-09-02,,Standard
M10152,Credit card,2.0,2023-09-02,,Standard
M10152,Debit card,0.9,2023-09-02,,Standard
M10152,Netbanking,1.8,2023-09-02,,Standard
M10152,Wallet,1.9,2023-09-02,,Standard
M10153,UPI,0.0,2023-09-02,,Standard
M10153,Credit card,2.0,2023-09-02,,Standard
M10153,Debit card,0.9,2023-09-02,,Standard
M10153,Netbanking,1.8,2023-09-02,,Standard
M10153,Wallet,1.9,2023-09-02,,Standard
M10154,UPI,0.0,2023-09-02,2026-04-30,Standard
M10154,UPI,0.0,2026-05-01,,Growth
M10154,Credit card,2.0,2023-09-02,2026-04-30,Standard
M10154,Credit card,1.9,2026-05-01,,Growth
M10154,Debit card,0.9,2023-09-02,2026-04-30,Standard
M10154,Debit card,0.8,2026-05-01,,Growth
M10154,Netbanking,1.8,2023-09-02,2026-04-30,Standard
M10154,Netbanking,1.7,2026-05-01,,Growth
M10154,Wallet,1.9,2023-09-02,2026-04-30,Standard
M10154,Wallet,1.8,2026-05-01,,Growth
M10155,UPI,0.0,2023-09-03,,Standard
M10155,Credit card,2.0,2023-09-03,,Standard
M10155,Debit card,0.9,2023-09-03,,Standard
M10155,Netbanking,1.8,2023-09-03,,Standard
M10155,Wallet,1.9,2023-09-03,,Standard
M10156,UPI,0.0,2023-09-03,2026-04-30,Standard
M10156,UPI,0.0,2026-05-01,,Growth
M10156,Credit card,2.0,2023-09-03,2026-04-30,Standard
M10156,Credit card,1.9,2026-05-01,,Growth
M10156,Debit card,0.9,2023-09-03,2026-04-30,Standard
M10156,Debit card,0.8,2026-05-01,,Growth
M10156,Netbanking,1.8,2023-09-03,2026-04-30,Standard
M10156,Netbanking,1.7,2026-05-01,,Growth
M10156,Wallet,1.9,2023-09-03,2026-04-30,Standard
M10156,Wallet,1.8,2026-05-01,,Growth
M10157,UPI,0.0,2023-09-04,,Standard
M10157,Credit card,2.0,2023-09-04,,Standard
M10157,Debit card,0.9,2023-09-04,,Standard
M10157,Netbanking,1.8,2023-09-04,,Standard
M10157,Wallet,1.9,2023-09-04,,Standard
M10158,UPI,0.0,2023-09-04,,Enterprise
M10158,Credit card,1.54,2023-09-04,,Enterprise
M10158,Debit card,0.64,2023-09-04,,Enterprise
M10158,Netbanking,1.34,2023-09-04,,Enterprise
M10158,Wallet,1.44,2023-09-04,,Enterprise
M10159,UPI,0.0,2023-09-05,2026-04-30,Standard
M10159,UPI,0.0,2026-05-01,,Growth
M10159,Credit card,2.0,2023-09-05,2026-04-30,Standard
M10159,Credit card,1.9,2026-05-01,,Growth
M10159,Debit card,0.9,2023-09-05,2026-04-30,Standard
M10159,Debit card,0.8,2026-05-01,,Growth
M10159,Netbanking,1.8,2023-09-05,2026-04-30,Standard
M10159,Netbanking,1.7,2026-05-01,,Growth
M10159,Wallet,1.9,2023-09-05,2026-04-30,Standard
M10159,Wallet,1.8,2026-05-01,,Growth
M10160,UPI,0.0,2023-09-06,,Standard
M10160,Credit card,2.0,2023-09-06,,Standard
M10160,Debit card,0.9,2023-09-06,,Standard
M10160,Netbanking,1.8,2023-09-06,,Standard
M10160,Wallet,1.9,2023-09-06,,Standard
M10161,UPI,0.0,2023-09-07,,Standard
M10161,Credit card,2.0,2023-09-07,,Standard
M10161,Debit card,0.9,2023-09-07,,Standard
M10161,Netbanking,1.8,2023-09-07,,Standard
M10161,Wallet,1.9,2023-09-07,,Standard
M10162,UPI,0.0,2023-09-08,,Standard
M10162,Credit card,2.0,2023-09-08,,Standard
M10162,Debit card,0.9,2023-09-08,,Standard
M10162,Netbanking,1.8,2023-09-08,,Standard
M10162,Wallet,1.9,2023-09-08,,Standard
M10163,UPI,0.0,2023-09-08,,Standard
M10163,Credit card,2.0,2023-09-08,,Standard
M10163,Debit card,0.9,2023-09-08,,Standard
M10163,Netbanking,1.8,2023-09-08,,Standard
M10163,Wallet,1.9,2023-09-08,,Standard
M10164,UPI,0.0,2023-09-11,,Standard
M10164,Credit card,2.0,2023-09-11,,Standard
M10164,Debit card,0.9,2023-09-11,,Standard
M10164,Netbanking,1.8,2023-09-11,,Standard
M10164,Wallet,1.9,2023-09-11,,Standard
M10165,UPI,0.0,2023-09-12,2026-04-30,Standard
M10165,UPI,0.0,2026-05-01,,Growth
M10165,Credit card,2.0,2023-09-12,2026-04-30,Standard
M10165,Credit card,1.9,2026-05-01,,Growth
M10165,Debit card,0.9,2023-09-12,2026-04-30,Standard
M10165,Debit card,0.8,2026-05-01,,Growth
M10165,Netbanking,1.8,2023-09-12,2026-04-30,Standard
M10165,Netbanking,1.7,2026-05-01,,Growth
M10165,Wallet,1.9,2023-09-12,2026-04-30,Standard
M10165,Wallet,1.8,2026-05-01,,Growth
M10166,UPI,0.0,2023-09-13,,Standard
M10166,Credit card,2.0,2023-09-13,,Standard
M10166,Debit card,0.9,2023-09-13,,Standard
M10166,Netbanking,1.8,2023-09-13,,Standard
M10166,Wallet,1.9,2023-09-13,,Standard
M10167,UPI,0.0,2023-09-13,,Standard
M10167,Credit card,2.0,2023-09-13,,Standard
M10167,Debit card,0.9,2023-09-13,,Standard
M10167,Netbanking,1.8,2023-09-13,,Standard
M10167,Wallet,1.9,2023-09-13,,Standard
M10168,UPI,0.0,2023-09-13,,Standard
M10168,Credit card,2.0,2023-09-13,,Standard
M10168,Debit card,0.9,2023-09-13,,Standard
M10168,Netbanking,1.8,2023-09-13,,Standard
M10168,Wallet,1.9,2023-09-13,,Standard
M10169,UPI,0.0,2023-09-14,,Standard
M10169,Credit card,2.0,2023-09-14,,Standard
M10169,Debit card,0.9,2023-09-14,,Standard
M10169,Netbanking,1.8,2023-09-14,,Standard
M10169,Wallet,1.9,2023-09-14,,Standard
M10170,UPI,0.0,2023-09-14,2026-04-30,Standard
M10170,UPI,0.0,2026-05-01,,Growth
M10170,Credit card,2.0,2023-09-14,2026-04-30,Standard
M10170,Credit card,1.9,2026-05-01,,Growth
M10170,Debit card,0.9,2023-09-14,2026-04-30,Standard
M10170,Debit card,0.8,2026-05-01,,Growth
M10170,Netbanking,1.8,2023-09-14,2026-04-30,Standard
M10170,Netbanking,1.7,2026-05-01,,Growth
M10170,Wallet,1.9,2023-09-14,2026-04-30,Standard
M10170,Wallet,1.8,2026-05-01,,Growth
M10171,UPI,0.0,2023-09-16,,Standard
M10171,Credit card,2.0,2023-09-16,,Standard
M10171,Debit card,0.9,2023-09-16,,Standard
M10171,Netbanking,1.8,2023-09-16,,Standard
M10171,Wallet,1.9,2023-09-16,,Standard
M10172,UPI,0.0,2023-09-17,,Standard
M10172,Credit card,2.0,2023-09-17,,Standard
M10172,Debit card,0.9,2023-09-17,,Standard
M10172,Netbanking,1.8,2023-09-17,,Standard
M10172,Wallet,1.9,2023-09-17,,Standard
M10173,UPI,0.0,2023-09-17,2026-04-30,Standard
M10173,UPI,0.0,2026-05-01,,Growth
M10173,Credit card,2.0,2023-09-17,2026-04-30,Standard
M10173,Credit card,1.9,2026-05-01,,Growth
M10173,Debit card,0.9,2023-09-17,2026-04-30,Standard
M10173,Debit card,0.8,2026-05-01,,Growth
M10173,Netbanking,1.8,2023-09-17,2026-04-30,Standard
M10173,Netbanking,1.7,2026-05-01,,Growth
M10173,Wallet,1.9,2023-09-17,2026-04-30,Standard
M10173,Wallet,1.8,2026-05-01,,Growth
M10174,UPI,0.0,2023-09-17,2026-04-30,Standard
M10174,UPI,0.0,2026-05-01,,Growth
M10174,Credit card,2.0,2023-09-17,2026-04-30,Standard
M10174,Credit card,1.9,2026-05-01,,Growth
M10174,Debit card,0.9,2023-09-17,2026-04-30,Standard
M10174,Debit card,0.8,2026-05-01,,Growth
M10174,Netbanking,1.8,2023-09-17,2026-04-30,Standard
M10174,Netbanking,1.7,2026-05-01,,Growth
M10174,Wallet,1.9,2023-09-17,2026-04-30,Standard
M10174,Wallet,1.8,2026-05-01,,Growth
M10175,UPI,0.0,2023-09-20,2026-04-30,Standard
M10175,UPI,0.0,2026-05-01,,Growth
M10175,Credit card,2.0,2023-09-20,2026-04-30,Standard
M10175,Credit card,1.9,2026-05-01,,Growth
M10175,Debit card,0.9,2023-09-20,2026-04-30,Standard
M10175,Debit card,0.8,2026-05-01,,Growth
M10175,Netbanking,1.8,2023-09-20,2026-04-30,Standard
M10175,Netbanking,1.7,2026-05-01,,Growth
M10175,Wallet,1.9,2023-09-20,2026-04-30,Standard
M10175,Wallet,1.8,2026-05-01,,Growth
M10176,UPI,0.0,2023-09-20,,Standard
M10176,Credit card,2.0,2023-09-20,,Standard
M10176,Debit card,0.9,2023-09-20,,Standard
M10176,Netbanking,1.8,2023-09-20,,Standard
M10176,Wallet,1.9,2023-09-20,,Standard
M10177,UPI,0.0,2023-09-20,2026-04-30,Standard
M10177,UPI,0.0,2026-05-01,,Growth
M10177,Credit card,2.0,2023-09-20,2026-04-30,Standard
M10177,Credit card,1.9,2026-05-01,,Growth
M10177,Debit card,0.9,2023-09-20,2026-04-30,Standard
M10177,Debit card,0.8,2026-05-01,,Growth
M10177,Netbanking,1.8,2023-09-20,2026-04-30,Standard
M10177,Netbanking,1.7,2026-05-01,,Growth
M10177,Wallet,1.9,2023-09-20,2026-04-30,Standard
M10177,Wallet,1.8,2026-05-01,,Growth
M10178,UPI,0.0,2023-09-21,,Standard
M10178,Credit card,2.0,2023-09-21,,Standard
M10178,Debit card,0.9,2023-09-21,,Standard
M10178,Netbanking,1.8,2023-09-21,,Standard
M10178,Wallet,1.9,2023-09-21,,Standard
M10179,UPI,0.0,2023-09-22,,Standard
M10179,Credit card,2.0,2023-09-22,,Standard
M10179,Debit card,0.9,2023-09-22,,Standard
M10179,Netbanking,1.8,2023-09-22,,Standard
M10179,Wallet,1.9,2023-09-22,,Standard
M10180,UPI,0.0,2023-09-22,,Standard
M10180,Credit card,2.0,2023-09-22,,Standard
M10180,Debit card,0.9,2023-09-22,,Standard
M10180,Netbanking,1.8,2023-09-22,,Standard
M10180,Wallet,1.9,2023-09-22,,Standard
M10181,UPI,0.0,2023-09-22,2026-04-30,Standard
M10181,UPI,0.0,2026-05-01,,Growth
M10181,Credit card,2.0,2023-09-22,2026-04-30,Standard
M10181,Credit card,1.9,2026-05-01,,Growth
M10181,Debit card,0.9,2023-09-22,2026-04-30,Standard
M10181,Debit card,0.8,2026-05-01,,Growth
M10181,Netbanking,1.8,2023-09-22,2026-04-30,Standard
M10181,Netbanking,1.7,2026-05-01,,Growth
M10181,Wallet,1.9,2023-09-22,2026-04-30,Standard
M10181,Wallet,1.8,2026-05-01,,Growth
M10182,UPI,0.0,2023-09-23,,Standard
M10182,Credit card,2.0,2023-09-23,,Standard
M10182,Debit card,0.9,2023-09-23,,Standard
M10182,Netbanking,1.8,2023-09-23,,Standard
M10182,Wallet,1.9,2023-09-23,,Standard
M10183,UPI,0.0,2023-09-23,2026-04-30,Standard
M10183,UPI,0.0,2026-05-01,,Growth
M10183,Credit card,2.0,2023-09-23,2026-04-30,Standard
M10183,Credit card,1.9,2026-05-01,,Growth
M10183,Debit card,0.9,2023-09-23,2026-04-30,Standard
M10183,Debit card,0.8,2026-05-01,,Growth
M10183,Netbanking,1.8,2023-09-23,2026-04-30,Standard
M10183,Netbanking,1.7,2026-05-01,,Growth
M10183,Wallet,1.9,2023-09-23,2026-04-30,Standard
M10183,Wallet,1.8,2026-05-01,,Growth
M10184,UPI,0.0,2023-09-25,,Standard
M10184,Credit card,2.0,2023-09-25,,Standard
M10184,Debit card,0.9,2023-09-25,,Standard
M10184,Netbanking,1.8,2023-09-25,,Standard
M10184,Wallet,1.9,2023-09-25,,Standard
M10185,UPI,0.0,2023-09-25,,Standard
M10185,Credit card,2.0,2023-09-25,,Standard
M10185,Debit card,0.9,2023-09-25,,Standard
M10185,Netbanking,1.8,2023-09-25,,Standard
M10185,Wallet,1.9,2023-09-25,,Standard
M10186,UPI,0.0,2023-09-28,,Standard
M10186,Credit card,2.0,2023-09-28,,Standard
M10186,Debit card,0.9,2023-09-28,,Standard
M10186,Netbanking,1.8,2023-09-28,,Standard
M10186,Wallet,1.9,2023-09-28,,Standard
M10187,UPI,0.0,2023-09-29,,Standard
M10187,Credit card,2.0,2023-09-29,,Standard
M10187,Debit card,0.9,2023-09-29,,Standard
M10187,Netbanking,1.8,2023-09-29,,Standard
M10187,Wallet,1.9,2023-09-29,,Standard
M10188,UPI,0.0,2023-09-30,,Standard
M10188,Credit card,2.0,2023-09-30,,Standard
M10188,Debit card,0.9,2023-09-30,,Standard
M10188,Netbanking,1.8,2023-09-30,,Standard
M10188,Wallet,1.9,2023-09-30,,Standard
M10189,UPI,0.0,2023-09-30,2026-04-30,Standard
M10189,UPI,0.0,2026-05-01,,Growth
M10189,Credit card,2.0,2023-09-30,2026-04-30,Standard
M10189,Credit card,1.9,2026-05-01,,Growth
M10189,Debit card,0.9,2023-09-30,2026-04-30,Standard
M10189,Debit card,0.8,2026-05-01,,Growth
M10189,Netbanking,1.8,2023-09-30,2026-04-30,Standard
M10189,Netbanking,1.7,2026-05-01,,Growth
M10189,Wallet,1.9,2023-09-30,2026-04-30,Standard
M10189,Wallet,1.8,2026-05-01,,Growth
M10190,UPI,0.0,2023-10-01,2026-04-30,Standard
M10190,UPI,0.0,2026-05-01,,Growth
M10190,Credit card,2.0,2023-10-01,2026-04-30,Standard
M10190,Credit card,1.9,2026-05-01,,Growth
M10190,Debit card,0.9,2023-10-01,2026-04-30,Standard
M10190,Debit card,0.8,2026-05-01,,Growth
M10190,Netbanking,1.8,2023-10-01,2026-04-30,Standard
M10190,Netbanking,1.7,2026-05-01,,Growth
M10190,Wallet,1.9,2023-10-01,2026-04-30,Standard
M10190,Wallet,1.8,2026-05-01,,Growth
M10191,UPI,0.0,2023-10-01,,Standard
M10191,Credit card,2.0,2023-10-01,,Standard
M10191,Debit card,0.9,2023-10-01,,Standard
M10191,Netbanking,1.8,2023-10-01,,Standard
M10191,Wallet,1.9,2023-10-01,,Standard
M10192,UPI,0.0,2023-10-01,,Standard
M10192,Credit card,2.0,2023-10-01,,Standard
M10192,Debit card,0.9,2023-10-01,,Standard
M10192,Netbanking,1.8,2023-10-01,,Standard
M10192,Wallet,1.9,2023-10-01,,Standard
M10193,UPI,0.0,2023-10-02,2026-04-30,Standard
M10193,UPI,0.0,2026-05-01,,Growth
M10193,Credit card,2.0,2023-10-02,2026-04-30,Standard
M10193,Credit card,1.9,2026-05-01,,Growth
M10193,Debit card,0.9,2023-10-02,2026-04-30,Standard
M10193,Debit card,0.8,2026-05-01,,Growth
M10193,Netbanking,1.8,2023-10-02,2026-04-30,Standard
M10193,Netbanking,1.7,2026-05-01,,Growth
M10193,Wallet,1.9,2023-10-02,2026-04-30,Standard
M10193,Wallet,1.8,2026-05-01,,Growth
M10194,UPI,0.0,2023-10-03,,Standard
M10194,Credit card,2.0,2023-10-03,,Standard
M10194,Debit card,0.9,2023-10-03,,Standard
M10194,Netbanking,1.8,2023-10-03,,Standard
M10194,Wallet,1.9,2023-10-03,,Standard
M10195,UPI,0.0,2023-10-03,,Standard
M10195,Credit card,2.0,2023-10-03,,Standard
M10195,Debit card,0.9,2023-10-03,,Standard
M10195,Netbanking,1.8,2023-10-03,,Standard
M10195,Wallet,1.9,2023-10-03,,Standard
M10196,UPI,0.0,2023-10-04,2026-04-30,Standard
M10196,UPI,0.0,2026-05-01,,Growth
M10196,Credit card,2.0,2023-10-04,2026-04-30,Standard
M10196,Credit card,1.9,2026-05-01,,Growth
M10196,Debit card,0.9,2023-10-04,2026-04-30,Standard
M10196,Debit card,0.8,2026-05-01,,Growth
M10196,Netbanking,1.8,2023-10-04,2026-04-30,Standard
M10196,Netbanking,1.7,2026-05-01,,Growth
M10196,Wallet,1.9,2023-10-04,2026-04-30,Standard
M10196,Wallet,1.8,2026-05-01,,Growth
M10197,UPI,0.0,2023-10-04,,Standard
M10197,Credit card,2.0,2023-10-04,,Standard
M10197,Debit card,0.9,2023-10-04,,Standard
M10197,Netbanking,1.8,2023-10-04,,Standard
M10197,Wallet,1.9,2023-10-04,,Standard
M10198,UPI,0.0,2023-10-04,,Standard
M10198,Credit card,2.0,2023-10-04,,Standard
M10198,Debit card,0.9,2023-10-04,,Standard
M10198,Netbanking,1.8,2023-10-04,,Standard
M10198,Wallet,1.9,2023-10-04,,Standard
M10199,UPI,0.0,2023-10-05,,Standard
M10199,Credit card,2.0,2023-10-05,,Standard
M10199,Debit card,0.9,2023-10-05,,Standard
M10199,Netbanking,1.8,2023-10-05,,Standard
M10199,Wallet,1.9,2023-10-05,,Standard
M10200,UPI,0.0,2023-10-06,,Standard
M10200,Credit card,2.0,2023-10-06,,Standard
M10200,Debit card,0.9,2023-10-06,,Standard
M10200,Netbanking,1.8,2023-10-06,,Standard
M10200,Wallet,1.9,2023-10-06,,Standard
M10201,UPI,0.0,2023-10-06,2026-04-30,Standard
M10201,UPI,0.0,2026-05-01,,Growth
M10201,Credit card,2.0,2023-10-06,2026-04-30,Standard
M10201,Credit card,1.9,2026-05-01,,Growth
M10201,Debit card,0.9,2023-10-06,2026-04-30,Standard
M10201,Debit card,0.8,2026-05-01,,Growth
M10201,Netbanking,1.8,2023-10-06,2026-04-30,Standard
M10201,Netbanking,1.7,2026-05-01,,Growth
M10201,Wallet,1.9,2023-10-06,2026-04-30,Standard
M10201,Wallet,1.8,2026-05-01,,Growth
M10202,UPI,0.0,2023-10-06,,Standard
M10202,Credit card,2.0,2023-10-06,,Standard
M10202,Debit card,0.9,2023-10-06,,Standard
M10202,Netbanking,1.8,2023-10-06,,Standard
M10202,Wallet,1.9,2023-10-06,,Standard
M10203,UPI,0.0,2023-10-08,,Standard
M10203,Credit card,2.0,2023-10-08,,Standard
M10203,Debit card,0.9,2023-10-08,,Standard
M10203,Netbanking,1.8,2023-10-08,,Standard
M10203,Wallet,1.9,2023-10-08,,Standard
M10204,UPI,0.0,2023-10-08,,Standard
M10204,Credit card,2.0,2023-10-08,,Standard
M10204,Debit card,0.9,2023-10-08,,Standard
M10204,Netbanking,1.8,2023-10-08,,Standard
M10204,Wallet,1.9,2023-10-08,,Standard
M10205,UPI,0.0,2023-10-08,,Standard
M10205,Credit card,2.0,2023-10-08,,Standard
M10205,Debit card,0.9,2023-10-08,,Standard
M10205,Netbanking,1.8,2023-10-08,,Standard
M10205,Wallet,1.9,2023-10-08,,Standard
M10206,UPI,0.0,2023-10-08,2026-04-30,Standard
M10206,UPI,0.0,2026-05-01,,Growth
M10206,Credit card,2.0,2023-10-08,2026-04-30,Standard
M10206,Credit card,1.9,2026-05-01,,Growth
M10206,Debit card,0.9,2023-10-08,2026-04-30,Standard
M10206,Debit card,0.8,2026-05-01,,Growth
M10206,Netbanking,1.8,2023-10-08,2026-04-30,Standard
M10206,Netbanking,1.7,2026-05-01,,Growth
M10206,Wallet,1.9,2023-10-08,2026-04-30,Standard
M10206,Wallet,1.8,2026-05-01,,Growth
M10207,UPI,0.0,2023-10-09,,Standard
M10207,Credit card,2.0,2023-10-09,,Standard
M10207,Debit card,0.9,2023-10-09,,Standard
M10207,Netbanking,1.8,2023-10-09,,Standard
M10207,Wallet,1.9,2023-10-09,,Standard
M10208,UPI,0.0,2023-10-09,,Standard
M10208,Credit card,2.0,2023-10-09,,Standard
M10208,Debit card,0.9,2023-10-09,,Standard
M10208,Netbanking,1.8,2023-10-09,,Standard
M10208,Wallet,1.9,2023-10-09,,Standard
M10209,UPI,0.0,2023-10-09,,Standard
M10209,Credit card,2.0,2023-10-09,,Standard
M10209,Debit card,0.9,2023-10-09,,Standard
M10209,Netbanking,1.8,2023-10-09,,Standard
M10209,Wallet,1.9,2023-10-09,,Standard
M10210,UPI,0.0,2023-10-09,,Standard
M10210,Credit card,2.0,2023-10-09,,Standard
M10210,Debit card,0.9,2023-10-09,,Standard
M10210,Netbanking,1.8,2023-10-09,,Standard
M10210,Wallet,1.9,2023-10-09,,Standard
M10211,UPI,0.0,2023-10-10,,Enterprise
M10211,Credit card,1.46,2023-10-10,,Enterprise
M10211,Debit card,0.56,2023-10-10,,Enterprise
M10211,Netbanking,1.26,2023-10-10,,Enterprise
M10211,Wallet,1.36,2023-10-10,,Enterprise
M10212,UPI,0.0,2023-10-11,,Standard
M10212,Credit card,2.0,2023-10-11,,Standard
M10212,Debit card,0.9,2023-10-11,,Standard
M10212,Netbanking,1.8,2023-10-11,,Standard
M10212,Wallet,1.9,2023-10-11,,Standard
M10213,UPI,0.0,2023-10-13,,Standard
M10213,Credit card,2.0,2023-10-13,,Standard
M10213,Debit card,0.9,2023-10-13,,Standard
M10213,Netbanking,1.8,2023-10-13,,Standard
M10213,Wallet,1.9,2023-10-13,,Standard
M10214,UPI,0.0,2023-10-15,,Standard
M10214,Credit card,2.0,2023-10-15,,Standard
M10214,Debit card,0.9,2023-10-15,,Standard
M10214,Netbanking,1.8,2023-10-15,,Standard
M10214,Wallet,1.9,2023-10-15,,Standard
M10215,UPI,0.0,2023-10-15,,Standard
M10215,Credit card,2.0,2023-10-15,,Standard
M10215,Debit card,0.9,2023-10-15,,Standard
M10215,Netbanking,1.8,2023-10-15,,Standard
M10215,Wallet,1.9,2023-10-15,,Standard
M10216,UPI,0.0,2023-10-16,,Standard
M10216,Credit card,2.0,2023-10-16,,Standard
M10216,Debit card,0.9,2023-10-16,,Standard
M10216,Netbanking,1.8,2023-10-16,,Standard
M10216,Wallet,1.9,2023-10-16,,Standard
M10217,UPI,0.0,2023-10-17,,Standard
M10217,Credit card,2.0,2023-10-17,,Standard
M10217,Debit card,0.9,2023-10-17,,Standard
M10217,Netbanking,1.8,2023-10-17,,Standard
M10217,Wallet,1.9,2023-10-17,,Standard
M10218,UPI,0.0,2023-10-19,,Standard
M10218,Credit card,2.0,2023-10-19,,Standard
M10218,Debit card,0.9,2023-10-19,,Standard
M10218,Netbanking,1.8,2023-10-19,,Standard
M10218,Wallet,1.9,2023-10-19,,Standard
M10219,UPI,0.0,2023-10-19,,Standard
M10219,Credit card,2.0,2023-10-19,,Standard
M10219,Debit card,0.9,2023-10-19,,Standard
M10219,Netbanking,1.8,2023-10-19,,Standard
M10219,Wallet,1.9,2023-10-19,,Standard
M10220,UPI,0.0,2023-10-20,2026-04-30,Standard
M10220,UPI,0.0,2026-05-01,,Growth
M10220,Credit card,2.0,2023-10-20,2026-04-30,Standard
M10220,Credit card,1.9,2026-05-01,,Growth
M10220,Debit card,0.9,2023-10-20,2026-04-30,Standard
M10220,Debit card,0.8,2026-05-01,,Growth
M10220,Netbanking,1.8,2023-10-20,2026-04-30,Standard
M10220,Netbanking,1.7,2026-05-01,,Growth
M10220,Wallet,1.9,2023-10-20,2026-04-30,Standard
M10220,Wallet,1.8,2026-05-01,,Growth
M10221,UPI,0.0,2023-10-21,,Standard
M10221,Credit card,2.0,2023-10-21,,Standard
M10221,Debit card,0.9,2023-10-21,,Standard
M10221,Netbanking,1.8,2023-10-21,,Standard
M10221,Wallet,1.9,2023-10-21,,Standard
M10222,UPI,0.0,2023-10-21,,Standard
M10222,Credit card,2.0,2023-10-21,,Standard
M10222,Debit card,0.9,2023-10-21,,Standard
M10222,Netbanking,1.8,2023-10-21,,Standard
M10222,Wallet,1.9,2023-10-21,,Standard
M10223,UPI,0.0,2023-10-22,,Standard
M10223,Credit card,2.0,2023-10-22,,Standard
M10223,Debit card,0.9,2023-10-22,,Standard
M10223,Netbanking,1.8,2023-10-22,,Standard
M10223,Wallet,1.9,2023-10-22,,Standard
M10224,UPI,0.0,2023-10-23,,Standard
M10224,Credit card,2.0,2023-10-23,,Standard
M10224,Debit card,0.9,2023-10-23,,Standard
M10224,Netbanking,1.8,2023-10-23,,Standard
M10224,Wallet,1.9,2023-10-23,,Standard
M10225,UPI,0.0,2023-10-24,2026-04-30,Standard
M10225,UPI,0.0,2026-05-01,,Growth
M10225,Credit card,2.0,2023-10-24,2026-04-30,Standard
M10225,Credit card,1.9,2026-05-01,,Growth
M10225,Debit card,0.9,2023-10-24,2026-04-30,Standard
M10225,Debit card,0.8,2026-05-01,,Growth
M10225,Netbanking,1.8,2023-10-24,2026-04-30,Standard
M10225,Netbanking,1.7,2026-05-01,,Growth
M10225,Wallet,1.9,2023-10-24,2026-04-30,Standard
M10225,Wallet,1.8,2026-05-01,,Growth
M10226,UPI,0.0,2023-10-24,,Standard
M10226,Credit card,2.0,2023-10-24,,Standard
M10226,Debit card,0.9,2023-10-24,,Standard
M10226,Netbanking,1.8,2023-10-24,,Standard
M10226,Wallet,1.9,2023-10-24,,Standard
M10227,UPI,0.0,2023-10-24,,Standard
M10227,Credit card,2.0,2023-10-24,,Standard
M10227,Debit card,0.9,2023-10-24,,Standard
M10227,Netbanking,1.8,2023-10-24,,Standard
M10227,Wallet,1.9,2023-10-24,,Standard
M10228,UPI,0.0,2023-10-24,2026-04-30,Standard
M10228,UPI,0.0,2026-05-01,,Growth
M10228,Credit card,2.0,2023-10-24,2026-04-30,Standard
M10228,Credit card,1.9,2026-05-01,,Growth
M10228,Debit card,0.9,2023-10-24,2026-04-30,Standard
M10228,Debit card,0.8,2026-05-01,,Growth
M10228,Netbanking,1.8,2023-10-24,2026-04-30,Standard
M10228,Netbanking,1.7,2026-05-01,,Growth
M10228,Wallet,1.9,2023-10-24,2026-04-30,Standard
M10228,Wallet,1.8,2026-05-01,,Growth
M10229,UPI,0.0,2023-10-24,,Standard
M10229,Credit card,2.0,2023-10-24,,Standard
M10229,Debit card,0.9,2023-10-24,,Standard
M10229,Netbanking,1.8,2023-10-24,,Standard
M10229,Wallet,1.9,2023-10-24,,Standard
M10230,UPI,0.0,2023-10-25,,Standard
M10230,Credit card,2.0,2023-10-25,,Standard
M10230,Debit card,0.9,2023-10-25,,Standard
M10230,Netbanking,1.8,2023-10-25,,Standard
M10230,Wallet,1.9,2023-10-25,,Standard
M10231,UPI,0.0,2023-10-28,,Standard
M10231,Credit card,2.0,2023-10-28,,Standard
M10231,Debit card,0.9,2023-10-28,,Standard
M10231,Netbanking,1.8,2023-10-28,,Standard
M10231,Wallet,1.9,2023-10-28,,Standard
M10232,UPI,0.0,2023-10-28,,Standard
M10232,Credit card,2.0,2023-10-28,,Standard
M10232,Debit card,0.9,2023-10-28,,Standard
M10232,Netbanking,1.8,2023-10-28,,Standard
M10232,Wallet,1.9,2023-10-28,,Standard
M10233,UPI,0.0,2023-10-28,,Standard
M10233,Credit card,2.0,2023-10-28,,Standard
M10233,Debit card,0.9,2023-10-28,,Standard
M10233,Netbanking,1.8,2023-10-28,,Standard
M10233,Wallet,1.9,2023-10-28,,Standard
M10234,UPI,0.0,2023-10-28,,Standard
M10234,Credit card,2.0,2023-10-28,,Standard
M10234,Debit card,0.9,2023-10-28,,Standard
M10234,Netbanking,1.8,2023-10-28,,Standard
M10234,Wallet,1.9,2023-10-28,,Standard
M10235,UPI,0.0,2023-10-28,2026-04-30,Standard
M10235,UPI,0.0,2026-05-01,,Growth
M10235,Credit card,2.0,2023-10-28,2026-04-30,Standard
M10235,Credit card,1.9,2026-05-01,,Growth
M10235,Debit card,0.9,2023-10-28,2026-04-30,Standard
M10235,Debit card,0.8,2026-05-01,,Growth
M10235,Netbanking,1.8,2023-10-28,2026-04-30,Standard
M10235,Netbanking,1.7,2026-05-01,,Growth
M10235,Wallet,1.9,2023-10-28,2026-04-30,Standard
M10235,Wallet,1.8,2026-05-01,,Growth
M10236,UPI,0.0,2023-10-29,,Standard
M10236,Credit card,2.0,2023-10-29,,Standard
M10236,Debit card,0.9,2023-10-29,,Standard
M10236,Netbanking,1.8,2023-10-29,,Standard
M10236,Wallet,1.9,2023-10-29,,Standard
M10237,UPI,0.0,2023-10-30,,Standard
M10237,Credit card,2.0,2023-10-30,,Standard
M10237,Debit card,0.9,2023-10-30,,Standard
M10237,Netbanking,1.8,2023-10-30,,Standard
M10237,Wallet,1.9,2023-10-30,,Standard
M10238,UPI,0.0,2023-10-30,,Standard
M10238,Credit card,2.0,2023-10-30,,Standard
M10238,Debit card,0.9,2023-10-30,,Standard
M10238,Netbanking,1.8,2023-10-30,,Standard
M10238,Wallet,1.9,2023-10-30,,Standard
M10239,UPI,0.0,2023-10-31,2026-04-30,Standard
M10239,UPI,0.0,2026-05-01,,Growth
M10239,Credit card,2.0,2023-10-31,2026-04-30,Standard
M10239,Credit card,1.9,2026-05-01,,Growth
M10239,Debit card,0.9,2023-10-31,2026-04-30,Standard
M10239,Debit card,0.8,2026-05-01,,Growth
M10239,Netbanking,1.8,2023-10-31,2026-04-30,Standard
M10239,Netbanking,1.7,2026-05-01,,Growth
M10239,Wallet,1.9,2023-10-31,2026-04-30,Standard
M10239,Wallet,1.8,2026-05-01,,Growth
M10240,UPI,0.0,2023-11-01,2026-04-30,Standard
M10240,UPI,0.0,2026-05-01,,Growth
M10240,Credit card,2.0,2023-11-01,2026-04-30,Standard
M10240,Credit card,1.9,2026-05-01,,Growth
M10240,Debit card,0.9,2023-11-01,2026-04-30,Standard
M10240,Debit card,0.8,2026-05-01,,Growth
M10240,Netbanking,1.8,2023-11-01,2026-04-30,Standard
M10240,Netbanking,1.7,2026-05-01,,Growth
M10240,Wallet,1.9,2023-11-01,2026-04-30,Standard
M10240,Wallet,1.8,2026-05-01,,Growth
M10241,UPI,0.0,2023-11-02,,Standard
M10241,Credit card,2.0,2023-11-02,,Standard
M10241,Debit card,0.9,2023-11-02,,Standard
M10241,Netbanking,1.8,2023-11-02,,Standard
M10241,Wallet,1.9,2023-11-02,,Standard
M10242,UPI,0.0,2023-11-03,,Standard
M10242,Credit card,2.0,2023-11-03,,Standard
M10242,Debit card,0.9,2023-11-03,,Standard
M10242,Netbanking,1.8,2023-11-03,,Standard
M10242,Wallet,1.9,2023-11-03,,Standard
M10243,UPI,0.0,2023-11-03,2026-04-30,Standard
M10243,UPI,0.0,2026-05-01,,Growth
M10243,Credit card,2.0,2023-11-03,2026-04-30,Standard
M10243,Credit card,1.9,2026-05-01,,Growth
M10243,Debit card,0.9,2023-11-03,2026-04-30,Standard
M10243,Debit card,0.8,2026-05-01,,Growth
M10243,Netbanking,1.8,2023-11-03,2026-04-30,Standard
M10243,Netbanking,1.7,2026-05-01,,Growth
M10243,Wallet,1.9,2023-11-03,2026-04-30,Standard
M10243,Wallet,1.8,2026-05-01,,Growth
M10244,UPI,0.0,2023-11-04,2026-04-30,Standard
M10244,UPI,0.0,2026-05-01,,Growth
M10244,Credit card,2.0,2023-11-04,2026-04-30,Standard
M10244,Credit card,1.9,2026-05-01,,Growth
M10244,Debit card,0.9,2023-11-04,2026-04-30,Standard
M10244,Debit card,0.8,2026-05-01,,Growth
M10244,Netbanking,1.8,2023-11-04,2026-04-30,Standard
M10244,Netbanking,1.7,2026-05-01,,Growth
M10244,Wallet,1.9,2023-11-04,2026-04-30,Standard
M10244,Wallet,1.8,2026-05-01,,Growth
M10245,UPI,0.0,2023-11-04,2026-04-30,Standard
M10245,UPI,0.0,2026-05-01,,Growth
M10245,Credit card,2.0,2023-11-04,2026-04-30,Standard
M10245,Credit card,1.9,2026-05-01,,Growth
M10245,Debit card,0.9,2023-11-04,2026-04-30,Standard
M10245,Debit card,0.8,2026-05-01,,Growth
M10245,Netbanking,1.8,2023-11-04,2026-04-30,Standard
M10245,Netbanking,1.7,2026-05-01,,Growth
M10245,Wallet,1.9,2023-11-04,2026-04-30,Standard
M10245,Wallet,1.8,2026-05-01,,Growth
M10246,UPI,0.0,2023-11-04,,Standard
M10246,Credit card,2.0,2023-11-04,,Standard
M10246,Debit card,0.9,2023-11-04,,Standard
M10246,Netbanking,1.8,2023-11-04,,Standard
M10246,Wallet,1.9,2023-11-04,,Standard
M10247,UPI,0.0,2023-11-05,,Enterprise
M10247,Credit card,1.5,2023-11-05,,Enterprise
M10247,Debit card,0.6,2023-11-05,,Enterprise
M10247,Netbanking,1.3,2023-11-05,,Enterprise
M10247,Wallet,1.4,2023-11-05,,Enterprise
M10248,UPI,0.0,2023-11-07,2026-04-30,Standard
M10248,UPI,0.0,2026-05-01,,Growth
M10248,Credit card,2.0,2023-11-07,2026-04-30,Standard
M10248,Credit card,1.9,2026-05-01,,Growth
M10248,Debit card,0.9,2023-11-07,2026-04-30,Standard
M10248,Debit card,0.8,2026-05-01,,Growth
M10248,Netbanking,1.8,2023-11-07,2026-04-30,Standard
M10248,Netbanking,1.7,2026-05-01,,Growth
M10248,Wallet,1.9,2023-11-07,2026-04-30,Standard
M10248,Wallet,1.8,2026-05-01,,Growth
M10249,UPI,0.0,2023-11-07,,Standard
M10249,Credit card,2.0,2023-11-07,,Standard
M10249,Debit card,0.9,2023-11-07,,Standard
M10249,Netbanking,1.8,2023-11-07,,Standard
M10249,Wallet,1.9,2023-11-07,,Standard
M10250,UPI,0.0,2023-11-07,,Standard
M10250,Credit card,2.0,2023-11-07,,Standard
M10250,Debit card,0.9,2023-11-07,,Standard
M10250,Netbanking,1.8,2023-11-07,,Standard
M10250,Wallet,1.9,2023-11-07,,Standard
M10251,UPI,0.0,2023-11-08,2026-04-30,Standard
M10251,UPI,0.0,2026-05-01,,Growth
M10251,Credit card,2.0,2023-11-08,2026-04-30,Standard
M10251,Credit card,1.9,2026-05-01,,Growth
M10251,Debit card,0.9,2023-11-08,2026-04-30,Standard
M10251,Debit card,0.8,2026-05-01,,Growth
M10251,Netbanking,1.8,2023-11-08,2026-04-30,Standard
M10251,Netbanking,1.7,2026-05-01,,Growth
M10251,Wallet,1.9,2023-11-08,2026-04-30,Standard
M10251,Wallet,1.8,2026-05-01,,Growth
M10252,UPI,0.0,2023-11-08,,Standard
M10252,Credit card,2.0,2023-11-08,,Standard
M10252,Debit card,0.9,2023-11-08,,Standard
M10252,Netbanking,1.8,2023-11-08,,Standard
M10252,Wallet,1.9,2023-11-08,,Standard
M10253,UPI,0.0,2023-11-08,,Standard
M10253,Credit card,2.0,2023-11-08,,Standard
M10253,Debit card,0.9,2023-11-08,,Standard
M10253,Netbanking,1.8,2023-11-08,,Standard
M10253,Wallet,1.9,2023-11-08,,Standard
M10254,UPI,0.0,2023-11-09,,Standard
M10254,Credit card,2.0,2023-11-09,,Standard
M10254,Debit card,0.9,2023-11-09,,Standard
M10254,Netbanking,1.8,2023-11-09,,Standard
M10254,Wallet,1.9,2023-11-09,,Standard
M10255,UPI,0.0,2023-11-09,,Standard
M10255,Credit card,2.0,2023-11-09,,Standard
M10255,Debit card,0.9,2023-11-09,,Standard
M10255,Netbanking,1.8,2023-11-09,,Standard
M10255,Wallet,1.9,2023-11-09,,Standard
M10256,UPI,0.0,2023-11-10,,Standard
M10256,Credit card,2.0,2023-11-10,,Standard
M10256,Debit card,0.9,2023-11-10,,Standard
M10256,Netbanking,1.8,2023-11-10,,Standard
M10256,Wallet,1.9,2023-11-10,,Standard
M10257,UPI,0.0,2023-11-11,2026-04-30,Standard
M10257,UPI,0.0,2026-05-01,,Growth
M10257,Credit card,2.0,2023-11-11,2026-04-30,Standard
M10257,Credit card,1.9,2026-05-01,,Growth
M10257,Debit card,0.9,2023-11-11,2026-04-30,Standard
M10257,Debit card,0.8,2026-05-01,,Growth
M10257,Netbanking,1.8,2023-11-11,2026-04-30,Standard
M10257,Netbanking,1.7,2026-05-01,,Growth
M10257,Wallet,1.9,2023-11-11,2026-04-30,Standard
M10257,Wallet,1.8,2026-05-01,,Growth
M10258,UPI,0.0,2023-11-12,,Standard
M10258,Credit card,2.0,2023-11-12,,Standard
M10258,Debit card,0.9,2023-11-12,,Standard
M10258,Netbanking,1.8,2023-11-12,,Standard
M10258,Wallet,1.9,2023-11-12,,Standard
M10259,UPI,0.0,2023-11-12,,Standard
M10259,Credit card,2.0,2023-11-12,,Standard
M10259,Debit card,0.9,2023-11-12,,Standard
M10259,Netbanking,1.8,2023-11-12,,Standard
M10259,Wallet,1.9,2023-11-12,,Standard
M10260,UPI,0.0,2023-11-13,,Standard
M10260,Credit card,2.0,2023-11-13,,Standard
M10260,Debit card,0.9,2023-11-13,,Standard
M10260,Netbanking,1.8,2023-11-13,,Standard
M10260,Wallet,1.9,2023-11-13,,Standard
M10261,UPI,0.0,2023-11-14,2026-04-30,Standard
M10261,UPI,0.0,2026-05-01,,Growth
M10261,Credit card,2.0,2023-11-14,2026-04-30,Standard
M10261,Credit card,1.9,2026-05-01,,Growth
M10261,Debit card,0.9,2023-11-14,2026-04-30,Standard
M10261,Debit card,0.8,2026-05-01,,Growth
M10261,Netbanking,1.8,2023-11-14,2026-04-30,Standard
M10261,Netbanking,1.7,2026-05-01,,Growth
M10261,Wallet,1.9,2023-11-14,2026-04-30,Standard
M10261,Wallet,1.8,2026-05-01,,Growth
M10262,UPI,0.0,2023-11-15,,Standard
M10262,Credit card,2.0,2023-11-15,,Standard
M10262,Debit card,0.9,2023-11-15,,Standard
M10262,Netbanking,1.8,2023-11-15,,Standard
M10262,Wallet,1.9,2023-11-15,,Standard
M10263,UPI,0.0,2023-11-15,,Standard
M10263,Credit card,2.0,2023-11-15,,Standard
M10263,Debit card,0.9,2023-11-15,,Standard
M10263,Netbanking,1.8,2023-11-15,,Standard
M10263,Wallet,1.9,2023-11-15,,Standard
M10264,UPI,0.0,2023-11-16,2026-04-30,Standard
M10264,UPI,0.0,2026-05-01,,Growth
M10264,Credit card,2.0,2023-11-16,2026-04-30,Standard
M10264,Credit card,1.9,2026-05-01,,Growth
M10264,Debit card,0.9,2023-11-16,2026-04-30,Standard
M10264,Debit card,0.8,2026-05-01,,Growth
M10264,Netbanking,1.8,2023-11-16,2026-04-30,Standard
M10264,Netbanking,1.7,2026-05-01,,Growth
M10264,Wallet,1.9,2023-11-16,2026-04-30,Standard
M10264,Wallet,1.8,2026-05-01,,Growth
M10265,UPI,0.0,2023-11-17,,Standard
M10265,Credit card,2.0,2023-11-17,,Standard
M10265,Debit card,0.9,2023-11-17,,Standard
M10265,Netbanking,1.8,2023-11-17,,Standard
M10265,Wallet,1.9,2023-11-17,,Standard
M10266,UPI,0.0,2023-11-19,2026-04-30,Standard
M10266,UPI,0.0,2026-05-01,,Growth
M10266,Credit card,2.0,2023-11-19,2026-04-30,Standard
M10266,Credit card,1.9,2026-05-01,,Growth
M10266,Debit card,0.9,2023-11-19,2026-04-30,Standard
M10266,Debit card,0.8,2026-05-01,,Growth
M10266,Netbanking,1.8,2023-11-19,2026-04-30,Standard
M10266,Netbanking,1.7,2026-05-01,,Growth
M10266,Wallet,1.9,2023-11-19,2026-04-30,Standard
M10266,Wallet,1.8,2026-05-01,,Growth
M10267,UPI,0.0,2023-11-21,,Standard
M10267,Credit card,2.0,2023-11-21,,Standard
M10267,Debit card,0.9,2023-11-21,,Standard
M10267,Netbanking,1.8,2023-11-21,,Standard
M10267,Wallet,1.9,2023-11-21,,Standard
M10268,UPI,0.0,2023-11-21,,Standard
M10268,Credit card,2.0,2023-11-21,,Standard
M10268,Debit card,0.9,2023-11-21,,Standard
M10268,Netbanking,1.8,2023-11-21,,Standard
M10268,Wallet,1.9,2023-11-21,,Standard
M10269,UPI,0.0,2023-11-22,2026-04-30,Standard
M10269,UPI,0.0,2026-05-01,,Growth
M10269,Credit card,2.0,2023-11-22,2026-04-30,Standard
M10269,Credit card,1.9,2026-05-01,,Growth
M10269,Debit card,0.9,2023-11-22,2026-04-30,Standard
M10269,Debit card,0.8,2026-05-01,,Growth
M10269,Netbanking,1.8,2023-11-22,2026-04-30,Standard
M10269,Netbanking,1.7,2026-05-01,,Growth
M10269,Wallet,1.9,2023-11-22,2026-04-30,Standard
M10269,Wallet,1.8,2026-05-01,,Growth
M10270,UPI,0.0,2023-11-23,,Standard
M10270,Credit card,2.0,2023-11-23,,Standard
M10270,Debit card,0.9,2023-11-23,,Standard
M10270,Netbanking,1.8,2023-11-23,,Standard
M10270,Wallet,1.9,2023-11-23,,Standard
M10271,UPI,0.0,2023-11-24,2026-04-30,Standard
M10271,UPI,0.0,2026-05-01,,Growth
M10271,Credit card,2.0,2023-11-24,2026-04-30,Standard
M10271,Credit card,1.9,2026-05-01,,Growth
M10271,Debit card,0.9,2023-11-24,2026-04-30,Standard
M10271,Debit card,0.8,2026-05-01,,Growth
M10271,Netbanking,1.8,2023-11-24,2026-04-30,Standard
M10271,Netbanking,1.7,2026-05-01,,Growth
M10271,Wallet,1.9,2023-11-24,2026-04-30,Standard
M10271,Wallet,1.8,2026-05-01,,Growth
M10272,UPI,0.0,2023-11-24,,Standard
M10272,Credit card,2.0,2023-11-24,,Standard
M10272,Debit card,0.9,2023-11-24,,Standard
M10272,Netbanking,1.8,2023-11-24,,Standard
M10272,Wallet,1.9,2023-11-24,,Standard
M10273,UPI,0.0,2023-11-25,,Enterprise
M10273,Credit card,1.49,2023-11-25,,Enterprise
M10273,Debit card,0.59,2023-11-25,,Enterprise
M10273,Netbanking,1.29,2023-11-25,,Enterprise
M10273,Wallet,1.39,2023-11-25,,Enterprise
M10274,UPI,0.0,2023-11-26,,Standard
M10274,Credit card,2.0,2023-11-26,,Standard
M10274,Debit card,0.9,2023-11-26,,Standard
M10274,Netbanking,1.8,2023-11-26,,Standard
M10274,Wallet,1.9,2023-11-26,,Standard
M10275,UPI,0.0,2023-11-26,,Standard
M10275,Credit card,2.0,2023-11-26,,Standard
M10275,Debit card,0.9,2023-11-26,,Standard
M10275,Netbanking,1.8,2023-11-26,,Standard
M10275,Wallet,1.9,2023-11-26,,Standard
M10276,UPI,0.0,2023-11-27,,Standard
M10276,Credit card,2.0,2023-11-27,,Standard
M10276,Debit card,0.9,2023-11-27,,Standard
M10276,Netbanking,1.8,2023-11-27,,Standard
M10276,Wallet,1.9,2023-11-27,,Standard
M10277,UPI,0.0,2023-11-27,,Standard
M10277,Credit card,2.0,2023-11-27,,Standard
M10277,Debit card,0.9,2023-11-27,,Standard
M10277,Netbanking,1.8,2023-11-27,,Standard
M10277,Wallet,1.9,2023-11-27,,Standard
M10278,UPI,0.0,2023-11-28,,Standard
M10278,Credit card,2.0,2023-11-28,,Standard
M10278,Debit card,0.9,2023-11-28,,Standard
M10278,Netbanking,1.8,2023-11-28,,Standard
M10278,Wallet,1.9,2023-11-28,,Standard
M10279,UPI,0.0,2023-11-28,,Standard
M10279,Credit card,2.0,2023-11-28,,Standard
M10279,Debit card,0.9,2023-11-28,,Standard
M10279,Netbanking,1.8,2023-11-28,,Standard
M10279,Wallet,1.9,2023-11-28,,Standard
M10280,UPI,0.0,2023-11-30,,Standard
M10280,Credit card,2.0,2023-11-30,,Standard
M10280,Debit card,0.9,2023-11-30,,Standard
M10280,Netbanking,1.8,2023-11-30,,Standard
M10280,Wallet,1.9,2023-11-30,,Standard
M10281,UPI,0.0,2023-12-01,,Standard
M10281,Credit card,2.0,2023-12-01,,Standard
M10281,Debit card,0.9,2023-12-01,,Standard
M10281,Netbanking,1.8,2023-12-01,,Standard
M10281,Wallet,1.9,2023-12-01,,Standard
M10282,UPI,0.0,2023-12-04,,Standard
M10282,Credit card,2.0,2023-12-04,,Standard
M10282,Debit card,0.9,2023-12-04,,Standard
M10282,Netbanking,1.8,2023-12-04,,Standard
M10282,Wallet,1.9,2023-12-04,,Standard
M10283,UPI,0.0,2023-12-05,,Standard
M10283,Credit card,2.0,2023-12-05,,Standard
M10283,Debit card,0.9,2023-12-05,,Standard
M10283,Netbanking,1.8,2023-12-05,,Standard
M10283,Wallet,1.9,2023-12-05,,Standard
M10284,UPI,0.0,2023-12-06,,Standard
M10284,Credit card,2.0,2023-12-06,,Standard
M10284,Debit card,0.9,2023-12-06,,Standard
M10284,Netbanking,1.8,2023-12-06,,Standard
M10284,Wallet,1.9,2023-12-06,,Standard
M10285,UPI,0.0,2023-12-07,,Standard
M10285,Credit card,2.0,2023-12-07,,Standard
M10285,Debit card,0.9,2023-12-07,,Standard
M10285,Netbanking,1.8,2023-12-07,,Standard
M10285,Wallet,1.9,2023-12-07,,Standard
M10286,UPI,0.0,2023-12-08,,Standard
M10286,Credit card,2.0,2023-12-08,,Standard
M10286,Debit card,0.9,2023-12-08,,Standard
M10286,Netbanking,1.8,2023-12-08,,Standard
M10286,Wallet,1.9,2023-12-08,,Standard
M10287,UPI,0.0,2023-12-08,,Standard
M10287,Credit card,2.0,2023-12-08,,Standard
M10287,Debit card,0.9,2023-12-08,,Standard
M10287,Netbanking,1.8,2023-12-08,,Standard
M10287,Wallet,1.9,2023-12-08,,Standard
M10288,UPI,0.0,2023-12-08,,Standard
M10288,Credit card,2.0,2023-12-08,,Standard
M10288,Debit card,0.9,2023-12-08,,Standard
M10288,Netbanking,1.8,2023-12-08,,Standard
M10288,Wallet,1.9,2023-12-08,,Standard
M10289,UPI,0.0,2023-12-09,,Standard
M10289,Credit card,2.0,2023-12-09,,Standard
M10289,Debit card,0.9,2023-12-09,,Standard
M10289,Netbanking,1.8,2023-12-09,,Standard
M10289,Wallet,1.9,2023-12-09,,Standard
M10290,UPI,0.0,2023-12-09,,Standard
M10290,Credit card,2.0,2023-12-09,,Standard
M10290,Debit card,0.9,2023-12-09,,Standard
M10290,Netbanking,1.8,2023-12-09,,Standard
M10290,Wallet,1.9,2023-12-09,,Standard
M10291,UPI,0.0,2023-12-10,,Standard
M10291,Credit card,2.0,2023-12-10,,Standard
M10291,Debit card,0.9,2023-12-10,,Standard
M10291,Netbanking,1.8,2023-12-10,,Standard
M10291,Wallet,1.9,2023-12-10,,Standard
M10292,UPI,0.0,2023-12-10,,Standard
M10292,Credit card,2.0,2023-12-10,,Standard
M10292,Debit card,0.9,2023-12-10,,Standard
M10292,Netbanking,1.8,2023-12-10,,Standard
M10292,Wallet,1.9,2023-12-10,,Standard
M10293,UPI,0.0,2023-12-11,,Standard
M10293,Credit card,2.0,2023-12-11,,Standard
M10293,Debit card,0.9,2023-12-11,,Standard
M10293,Netbanking,1.8,2023-12-11,,Standard
M10293,Wallet,1.9,2023-12-11,,Standard
M10294,UPI,0.0,2023-12-11,2026-04-30,Standard
M10294,UPI,0.0,2026-05-01,,Growth
M10294,Credit card,2.0,2023-12-11,2026-04-30,Standard
M10294,Credit card,1.9,2026-05-01,,Growth
M10294,Debit card,0.9,2023-12-11,2026-04-30,Standard
M10294,Debit card,0.8,2026-05-01,,Growth
M10294,Netbanking,1.8,2023-12-11,2026-04-30,Standard
M10294,Netbanking,1.7,2026-05-01,,Growth
M10294,Wallet,1.9,2023-12-11,2026-04-30,Standard
M10294,Wallet,1.8,2026-05-01,,Growth
M10295,UPI,0.0,2023-12-12,,Standard
M10295,Credit card,2.0,2023-12-12,,Standard
M10295,Debit card,0.9,2023-12-12,,Standard
M10295,Netbanking,1.8,2023-12-12,,Standard
M10295,Wallet,1.9,2023-12-12,,Standard
M10296,UPI,0.0,2023-12-12,,Standard
M10296,Credit card,2.0,2023-12-12,,Standard
M10296,Debit card,0.9,2023-12-12,,Standard
M10296,Netbanking,1.8,2023-12-12,,Standard
M10296,Wallet,1.9,2023-12-12,,Standard
M10297,UPI,0.0,2023-12-13,2026-04-30,Standard
M10297,UPI,0.0,2026-05-01,,Growth
M10297,Credit card,2.0,2023-12-13,2026-04-30,Standard
M10297,Credit card,1.9,2026-05-01,,Growth
M10297,Debit card,0.9,2023-12-13,2026-04-30,Standard
M10297,Debit card,0.8,2026-05-01,,Growth
M10297,Netbanking,1.8,2023-12-13,2026-04-30,Standard
M10297,Netbanking,1.7,2026-05-01,,Growth
M10297,Wallet,1.9,2023-12-13,2026-04-30,Standard
M10297,Wallet,1.8,2026-05-01,,Growth
M10298,UPI,0.0,2023-12-13,2026-04-30,Standard
M10298,UPI,0.0,2026-05-01,,Growth
M10298,Credit card,2.0,2023-12-13,2026-04-30,Standard
M10298,Credit card,1.9,2026-05-01,,Growth
M10298,Debit card,0.9,2023-12-13,2026-04-30,Standard
M10298,Debit card,0.8,2026-05-01,,Growth
M10298,Netbanking,1.8,2023-12-13,2026-04-30,Standard
M10298,Netbanking,1.7,2026-05-01,,Growth
M10298,Wallet,1.9,2023-12-13,2026-04-30,Standard
M10298,Wallet,1.8,2026-05-01,,Growth
M10299,UPI,0.0,2023-12-13,,Standard
M10299,Credit card,2.0,2023-12-13,,Standard
M10299,Debit card,0.9,2023-12-13,,Standard
M10299,Netbanking,1.8,2023-12-13,,Standard
M10299,Wallet,1.9,2023-12-13,,Standard
M10300,UPI,0.0,2023-12-13,,Standard
M10300,Credit card,2.0,2023-12-13,,Standard
M10300,Debit card,0.9,2023-12-13,,Standard
M10300,Netbanking,1.8,2023-12-13,,Standard
M10300,Wallet,1.9,2023-12-13,,Standard
M10301,UPI,0.0,2023-12-14,,Standard
M10301,Credit card,2.0,2023-12-14,,Standard
M10301,Debit card,0.9,2023-12-14,,Standard
M10301,Netbanking,1.8,2023-12-14,,Standard
M10301,Wallet,1.9,2023-12-14,,Standard
M10302,UPI,0.0,2023-12-15,2026-04-30,Standard
M10302,UPI,0.0,2026-05-01,,Growth
M10302,Credit card,2.0,2023-12-15,2026-04-30,Standard
M10302,Credit card,1.9,2026-05-01,,Growth
M10302,Debit card,0.9,2023-12-15,2026-04-30,Standard
M10302,Debit card,0.8,2026-05-01,,Growth
M10302,Netbanking,1.8,2023-12-15,2026-04-30,Standard
M10302,Netbanking,1.7,2026-05-01,,Growth
M10302,Wallet,1.9,2023-12-15,2026-04-30,Standard
M10302,Wallet,1.8,2026-05-01,,Growth
M10303,UPI,0.0,2023-12-18,2026-04-30,Standard
M10303,UPI,0.0,2026-05-01,,Growth
M10303,Credit card,2.0,2023-12-18,2026-04-30,Standard
M10303,Credit card,1.9,2026-05-01,,Growth
M10303,Debit card,0.9,2023-12-18,2026-04-30,Standard
M10303,Debit card,0.8,2026-05-01,,Growth
M10303,Netbanking,1.8,2023-12-18,2026-04-30,Standard
M10303,Netbanking,1.7,2026-05-01,,Growth
M10303,Wallet,1.9,2023-12-18,2026-04-30,Standard
M10303,Wallet,1.8,2026-05-01,,Growth
M10304,UPI,0.0,2023-12-20,,Standard
M10304,Credit card,2.0,2023-12-20,,Standard
M10304,Debit card,0.9,2023-12-20,,Standard
M10304,Netbanking,1.8,2023-12-20,,Standard
M10304,Wallet,1.9,2023-12-20,,Standard
M10305,UPI,0.0,2023-12-21,,Standard
M10305,Credit card,2.0,2023-12-21,,Standard
M10305,Debit card,0.9,2023-12-21,,Standard
M10305,Netbanking,1.8,2023-12-21,,Standard
M10305,Wallet,1.9,2023-12-21,,Standard
M10306,UPI,0.0,2023-12-23,2026-04-30,Standard
M10306,UPI,0.0,2026-05-01,,Growth
M10306,Credit card,2.0,2023-12-23,2026-04-30,Standard
M10306,Credit card,1.9,2026-05-01,,Growth
M10306,Debit card,0.9,2023-12-23,2026-04-30,Standard
M10306,Debit card,0.8,2026-05-01,,Growth
M10306,Netbanking,1.8,2023-12-23,2026-04-30,Standard
M10306,Netbanking,1.7,2026-05-01,,Growth
M10306,Wallet,1.9,2023-12-23,2026-04-30,Standard
M10306,Wallet,1.8,2026-05-01,,Growth
M10307,UPI,0.0,2023-12-24,,Standard
M10307,Credit card,2.0,2023-12-24,,Standard
M10307,Debit card,0.9,2023-12-24,,Standard
M10307,Netbanking,1.8,2023-12-24,,Standard
M10307,Wallet,1.9,2023-12-24,,Standard
M10308,UPI,0.0,2023-12-26,,Standard
M10308,Credit card,2.0,2023-12-26,,Standard
M10308,Debit card,0.9,2023-12-26,,Standard
M10308,Netbanking,1.8,2023-12-26,,Standard
M10308,Wallet,1.9,2023-12-26,,Standard
M10309,UPI,0.0,2023-12-28,,Standard
M10309,Credit card,2.0,2023-12-28,,Standard
M10309,Debit card,0.9,2023-12-28,,Standard
M10309,Netbanking,1.8,2023-12-28,,Standard
M10309,Wallet,1.9,2023-12-28,,Standard
M10310,UPI,0.0,2023-12-29,,Standard
M10310,Credit card,2.0,2023-12-29,,Standard
M10310,Debit card,0.9,2023-12-29,,Standard
M10310,Netbanking,1.8,2023-12-29,,Standard
M10310,Wallet,1.9,2023-12-29,,Standard
M10311,UPI,0.0,2023-12-29,,Standard
M10311,Credit card,2.0,2023-12-29,,Standard
M10311,Debit card,0.9,2023-12-29,,Standard
M10311,Netbanking,1.8,2023-12-29,,Standard
M10311,Wallet,1.9,2023-12-29,,Standard
M10312,UPI,0.0,2023-12-29,2026-04-30,Standard
M10312,UPI,0.0,2026-05-01,,Growth
M10312,Credit card,2.0,2023-12-29,2026-04-30,Standard
M10312,Credit card,1.9,2026-05-01,,Growth
M10312,Debit card,0.9,2023-12-29,2026-04-30,Standard
M10312,Debit card,0.8,2026-05-01,,Growth
M10312,Netbanking,1.8,2023-12-29,2026-04-30,Standard
M10312,Netbanking,1.7,2026-05-01,,Growth
M10312,Wallet,1.9,2023-12-29,2026-04-30,Standard
M10312,Wallet,1.8,2026-05-01,,Growth
M10313,UPI,0.0,2023-12-29,,Standard
M10313,Credit card,2.0,2023-12-29,,Standard
M10313,Debit card,0.9,2023-12-29,,Standard
M10313,Netbanking,1.8,2023-12-29,,Standard
M10313,Wallet,1.9,2023-12-29,,Standard
M10314,UPI,0.0,2023-12-30,,Enterprise
M10314,Credit card,1.46,2023-12-30,,Enterprise
M10314,Debit card,0.56,2023-12-30,,Enterprise
M10314,Netbanking,1.26,2023-12-30,,Enterprise
M10314,Wallet,1.36,2023-12-30,,Enterprise
M10315,UPI,0.0,2023-12-30,,Standard
M10315,Credit card,2.0,2023-12-30,,Standard
M10315,Debit card,0.9,2023-12-30,,Standard
M10315,Netbanking,1.8,2023-12-30,,Standard
M10315,Wallet,1.9,2023-12-30,,Standard
M10316,UPI,0.0,2023-12-30,,Standard
M10316,Credit card,2.0,2023-12-30,,Standard
M10316,Debit card,0.9,2023-12-30,,Standard
M10316,Netbanking,1.8,2023-12-30,,Standard
M10316,Wallet,1.9,2023-12-30,,Standard
M10317,UPI,0.0,2023-12-31,,Standard
M10317,Credit card,2.0,2023-12-31,,Standard
M10317,Debit card,0.9,2023-12-31,,Standard
M10317,Netbanking,1.8,2023-12-31,,Standard
M10317,Wallet,1.9,2023-12-31,,Standard
M10318,UPI,0.0,2024-01-02,,Standard
M10318,Credit card,2.0,2024-01-02,,Standard
M10318,Debit card,0.9,2024-01-02,,Standard
M10318,Netbanking,1.8,2024-01-02,,Standard
M10318,Wallet,1.9,2024-01-02,,Standard
M10319,UPI,0.0,2024-01-02,,Standard
M10319,Credit card,2.0,2024-01-02,,Standard
M10319,Debit card,0.9,2024-01-02,,Standard
M10319,Netbanking,1.8,2024-01-02,,Standard
M10319,Wallet,1.9,2024-01-02,,Standard
M10320,UPI,0.0,2024-01-04,,Standard
M10320,Credit card,2.0,2024-01-04,,Standard
M10320,Debit card,0.9,2024-01-04,,Standard
M10320,Netbanking,1.8,2024-01-04,,Standard
M10320,Wallet,1.9,2024-01-04,,Standard
M10321,UPI,0.0,2024-01-04,,Standard
M10321,Credit card,2.0,2024-01-04,,Standard
M10321,Debit card,0.9,2024-01-04,,Standard
M10321,Netbanking,1.8,2024-01-04,,Standard
M10321,Wallet,1.9,2024-01-04,,Standard
M10322,UPI,0.0,2024-01-05,,Standard
M10322,Credit card,2.0,2024-01-05,,Standard
M10322,Debit card,0.9,2024-01-05,,Standard
M10322,Netbanking,1.8,2024-01-05,,Standard
M10322,Wallet,1.9,2024-01-05,,Standard
M10323,UPI,0.0,2024-01-05,2026-04-30,Standard
M10323,UPI,0.0,2026-05-01,,Growth
M10323,Credit card,2.0,2024-01-05,2026-04-30,Standard
M10323,Credit card,1.9,2026-05-01,,Growth
M10323,Debit card,0.9,2024-01-05,2026-04-30,Standard
M10323,Debit card,0.8,2026-05-01,,Growth
M10323,Netbanking,1.8,2024-01-05,2026-04-30,Standard
M10323,Netbanking,1.7,2026-05-01,,Growth
M10323,Wallet,1.9,2024-01-05,2026-04-30,Standard
M10323,Wallet,1.8,2026-05-01,,Growth
M10324,UPI,0.0,2024-01-06,,Standard
M10324,Credit card,2.0,2024-01-06,,Standard
M10324,Debit card,0.9,2024-01-06,,Standard
M10324,Netbanking,1.8,2024-01-06,,Standard
M10324,Wallet,1.9,2024-01-06,,Standard
M10325,UPI,0.0,2024-01-07,2026-04-30,Standard
M10325,UPI,0.0,2026-05-01,,Growth
M10325,Credit card,2.0,2024-01-07,2026-04-30,Standard
M10325,Credit card,1.9,2026-05-01,,Growth
M10325,Debit card,0.9,2024-01-07,2026-04-30,Standard
M10325,Debit card,0.8,2026-05-01,,Growth
M10325,Netbanking,1.8,2024-01-07,2026-04-30,Standard
M10325,Netbanking,1.7,2026-05-01,,Growth
M10325,Wallet,1.9,2024-01-07,2026-04-30,Standard
M10325,Wallet,1.8,2026-05-01,,Growth
M10326,UPI,0.0,2024-01-09,,Standard
M10326,Credit card,2.0,2024-01-09,,Standard
M10326,Debit card,0.9,2024-01-09,,Standard
M10326,Netbanking,1.8,2024-01-09,,Standard
M10326,Wallet,1.9,2024-01-09,,Standard
M10327,UPI,0.0,2024-01-09,,Standard
M10327,Credit card,2.0,2024-01-09,,Standard
M10327,Debit card,0.9,2024-01-09,,Standard
M10327,Netbanking,1.8,2024-01-09,,Standard
M10327,Wallet,1.9,2024-01-09,,Standard
M10328,UPI,0.0,2024-01-10,,Standard
M10328,Credit card,2.0,2024-01-10,,Standard
M10328,Debit card,0.9,2024-01-10,,Standard
M10328,Netbanking,1.8,2024-01-10,,Standard
M10328,Wallet,1.9,2024-01-10,,Standard
M10329,UPI,0.0,2024-01-10,,Standard
M10329,Credit card,2.0,2024-01-10,,Standard
M10329,Debit card,0.9,2024-01-10,,Standard
M10329,Netbanking,1.8,2024-01-10,,Standard
M10329,Wallet,1.9,2024-01-10,,Standard
M10330,UPI,0.0,2024-01-11,,Standard
M10330,Credit card,2.0,2024-01-11,,Standard
M10330,Debit card,0.9,2024-01-11,,Standard
M10330,Netbanking,1.8,2024-01-11,,Standard
M10330,Wallet,1.9,2024-01-11,,Standard
M10331,UPI,0.0,2024-01-13,,Standard
M10331,Credit card,2.0,2024-01-13,,Standard
M10331,Debit card,0.9,2024-01-13,,Standard
M10331,Netbanking,1.8,2024-01-13,,Standard
M10331,Wallet,1.9,2024-01-13,,Standard
M10332,UPI,0.0,2024-01-13,,Standard
M10332,Credit card,2.0,2024-01-13,,Standard
M10332,Debit card,0.9,2024-01-13,,Standard
M10332,Netbanking,1.8,2024-01-13,,Standard
M10332,Wallet,1.9,2024-01-13,,Standard
M10333,UPI,0.0,2024-01-14,,Standard
M10333,Credit card,2.0,2024-01-14,,Standard
M10333,Debit card,0.9,2024-01-14,,Standard
M10333,Netbanking,1.8,2024-01-14,,Standard
M10333,Wallet,1.9,2024-01-14,,Standard
M10334,UPI,0.0,2024-01-15,,Standard
M10334,Credit card,2.0,2024-01-15,,Standard
M10334,Debit card,0.9,2024-01-15,,Standard
M10334,Netbanking,1.8,2024-01-15,,Standard
M10334,Wallet,1.9,2024-01-15,,Standard
M10335,UPI,0.0,2024-01-15,,Standard
M10335,Credit card,2.0,2024-01-15,,Standard
M10335,Debit card,0.9,2024-01-15,,Standard
M10335,Netbanking,1.8,2024-01-15,,Standard
M10335,Wallet,1.9,2024-01-15,,Standard
M10336,UPI,0.0,2024-01-16,,Standard
M10336,Credit card,2.0,2024-01-16,,Standard
M10336,Debit card,0.9,2024-01-16,,Standard
M10336,Netbanking,1.8,2024-01-16,,Standard
M10336,Wallet,1.9,2024-01-16,,Standard
M10337,UPI,0.0,2024-01-17,,Standard
M10337,Credit card,2.0,2024-01-17,,Standard
M10337,Debit card,0.9,2024-01-17,,Standard
M10337,Netbanking,1.8,2024-01-17,,Standard
M10337,Wallet,1.9,2024-01-17,,Standard
M10338,UPI,0.0,2024-01-17,2026-04-30,Standard
M10338,UPI,0.0,2026-05-01,,Growth
M10338,Credit card,2.0,2024-01-17,2026-04-30,Standard
M10338,Credit card,1.9,2026-05-01,,Growth
M10338,Debit card,0.9,2024-01-17,2026-04-30,Standard
M10338,Debit card,0.8,2026-05-01,,Growth
M10338,Netbanking,1.8,2024-01-17,2026-04-30,Standard
M10338,Netbanking,1.7,2026-05-01,,Growth
M10338,Wallet,1.9,2024-01-17,2026-04-30,Standard
M10338,Wallet,1.8,2026-05-01,,Growth
M10339,UPI,0.0,2024-01-18,,Standard
M10339,Credit card,2.0,2024-01-18,,Standard
M10339,Debit card,0.9,2024-01-18,,Standard
M10339,Netbanking,1.8,2024-01-18,,Standard
M10339,Wallet,1.9,2024-01-18,,Standard
M10340,UPI,0.0,2024-01-20,,Standard
M10340,Credit card,2.0,2024-01-20,,Standard
M10340,Debit card,0.9,2024-01-20,,Standard
M10340,Netbanking,1.8,2024-01-20,,Standard
M10340,Wallet,1.9,2024-01-20,,Standard
M10341,UPI,0.0,2024-01-21,,Enterprise
M10341,Credit card,1.57,2024-01-21,,Enterprise
M10341,Debit card,0.67,2024-01-21,,Enterprise
M10341,Netbanking,1.37,2024-01-21,,Enterprise
M10341,Wallet,1.47,2024-01-21,,Enterprise
M10342,UPI,0.0,2024-01-21,2026-04-30,Standard
M10342,UPI,0.0,2026-05-01,,Growth
M10342,Credit card,2.0,2024-01-21,2026-04-30,Standard
M10342,Credit card,1.9,2026-05-01,,Growth
M10342,Debit card,0.9,2024-01-21,2026-04-30,Standard
M10342,Debit card,0.8,2026-05-01,,Growth
M10342,Netbanking,1.8,2024-01-21,2026-04-30,Standard
M10342,Netbanking,1.7,2026-05-01,,Growth
M10342,Wallet,1.9,2024-01-21,2026-04-30,Standard
M10342,Wallet,1.8,2026-05-01,,Growth
M10343,UPI,0.0,2024-01-21,2026-04-30,Standard
M10343,UPI,0.0,2026-05-01,,Growth
M10343,Credit card,2.0,2024-01-21,2026-04-30,Standard
M10343,Credit card,1.9,2026-05-01,,Growth
M10343,Debit card,0.9,2024-01-21,2026-04-30,Standard
M10343,Debit card,0.8,2026-05-01,,Growth
M10343,Netbanking,1.8,2024-01-21,2026-04-30,Standard
M10343,Netbanking,1.7,2026-05-01,,Growth
M10343,Wallet,1.9,2024-01-21,2026-04-30,Standard
M10343,Wallet,1.8,2026-05-01,,Growth
M10344,UPI,0.0,2024-01-21,,Standard
M10344,Credit card,2.0,2024-01-21,,Standard
M10344,Debit card,0.9,2024-01-21,,Standard
M10344,Netbanking,1.8,2024-01-21,,Standard
M10344,Wallet,1.9,2024-01-21,,Standard
M10345,UPI,0.0,2024-01-22,,Standard
M10345,Credit card,2.0,2024-01-22,,Standard
M10345,Debit card,0.9,2024-01-22,,Standard
M10345,Netbanking,1.8,2024-01-22,,Standard
M10345,Wallet,1.9,2024-01-22,,Standard
M10346,UPI,0.0,2024-01-23,,Standard
M10346,Credit card,2.0,2024-01-23,,Standard
M10346,Debit card,0.9,2024-01-23,,Standard
M10346,Netbanking,1.8,2024-01-23,,Standard
M10346,Wallet,1.9,2024-01-23,,Standard
M10347,UPI,0.0,2024-01-23,,Standard
M10347,Credit card,2.0,2024-01-23,,Standard
M10347,Debit card,0.9,2024-01-23,,Standard
M10347,Netbanking,1.8,2024-01-23,,Standard
M10347,Wallet,1.9,2024-01-23,,Standard
M10348,UPI,0.0,2024-01-24,,Standard
M10348,Credit card,2.0,2024-01-24,,Standard
M10348,Debit card,0.9,2024-01-24,,Standard
M10348,Netbanking,1.8,2024-01-24,,Standard
M10348,Wallet,1.9,2024-01-24,,Standard
M10349,UPI,0.0,2024-01-25,2026-04-30,Standard
M10349,UPI,0.0,2026-05-01,,Growth
M10349,Credit card,2.0,2024-01-25,2026-04-30,Standard
M10349,Credit card,1.9,2026-05-01,,Growth
M10349,Debit card,0.9,2024-01-25,2026-04-30,Standard
M10349,Debit card,0.8,2026-05-01,,Growth
M10349,Netbanking,1.8,2024-01-25,2026-04-30,Standard
M10349,Netbanking,1.7,2026-05-01,,Growth
M10349,Wallet,1.9,2024-01-25,2026-04-30,Standard
M10349,Wallet,1.8,2026-05-01,,Growth
M10350,UPI,0.0,2024-01-27,,Standard
M10350,Credit card,2.0,2024-01-27,,Standard
M10350,Debit card,0.9,2024-01-27,,Standard
M10350,Netbanking,1.8,2024-01-27,,Standard
M10350,Wallet,1.9,2024-01-27,,Standard
M10351,UPI,0.0,2024-01-28,,Standard
M10351,Credit card,2.0,2024-01-28,,Standard
M10351,Debit card,0.9,2024-01-28,,Standard
M10351,Netbanking,1.8,2024-01-28,,Standard
M10351,Wallet,1.9,2024-01-28,,Standard
M10352,UPI,0.0,2024-01-29,,Standard
M10352,Credit card,2.0,2024-01-29,,Standard
M10352,Debit card,0.9,2024-01-29,,Standard
M10352,Netbanking,1.8,2024-01-29,,Standard
M10352,Wallet,1.9,2024-01-29,,Standard
M10353,UPI,0.0,2024-01-30,,Standard
M10353,Credit card,2.0,2024-01-30,,Standard
M10353,Debit card,0.9,2024-01-30,,Standard
M10353,Netbanking,1.8,2024-01-30,,Standard
M10353,Wallet,1.9,2024-01-30,,Standard
M10354,UPI,0.0,2024-01-30,,Standard
M10354,Credit card,2.0,2024-01-30,,Standard
M10354,Debit card,0.9,2024-01-30,,Standard
M10354,Netbanking,1.8,2024-01-30,,Standard
M10354,Wallet,1.9,2024-01-30,,Standard
M10355,UPI,0.0,2024-01-31,,Standard
M10355,Credit card,2.0,2024-01-31,,Standard
M10355,Debit card,0.9,2024-01-31,,Standard
M10355,Netbanking,1.8,2024-01-31,,Standard
M10355,Wallet,1.9,2024-01-31,,Standard
M10356,UPI,0.0,2024-01-31,,Standard
M10356,Credit card,2.0,2024-01-31,,Standard
M10356,Debit card,0.9,2024-01-31,,Standard
M10356,Netbanking,1.8,2024-01-31,,Standard
M10356,Wallet,1.9,2024-01-31,,Standard
M10357,UPI,0.0,2024-01-31,,Standard
M10357,Credit card,2.0,2024-01-31,,Standard
M10357,Debit card,0.9,2024-01-31,,Standard
M10357,Netbanking,1.8,2024-01-31,,Standard
M10357,Wallet,1.9,2024-01-31,,Standard
M10358,UPI,0.0,2024-02-01,2026-04-30,Standard
M10358,UPI,0.0,2026-05-01,,Growth
M10358,Credit card,2.0,2024-02-01,2026-04-30,Standard
M10358,Credit card,1.9,2026-05-01,,Growth
M10358,Debit card,0.9,2024-02-01,2026-04-30,Standard
M10358,Debit card,0.8,2026-05-01,,Growth
M10358,Netbanking,1.8,2024-02-01,2026-04-30,Standard
M10358,Netbanking,1.7,2026-05-01,,Growth
M10358,Wallet,1.9,2024-02-01,2026-04-30,Standard
M10358,Wallet,1.8,2026-05-01,,Growth
M10359,UPI,0.0,2024-02-02,,Standard
M10359,Credit card,2.0,2024-02-02,,Standard
M10359,Debit card,0.9,2024-02-02,,Standard
M10359,Netbanking,1.8,2024-02-02,,Standard
M10359,Wallet,1.9,2024-02-02,,Standard
M10360,UPI,0.0,2024-02-02,,Standard
M10360,Credit card,2.0,2024-02-02,,Standard
M10360,Debit card,0.9,2024-02-02,,Standard
M10360,Netbanking,1.8,2024-02-02,,Standard
M10360,Wallet,1.9,2024-02-02,,Standard
M10361,UPI,0.0,2024-02-04,2026-04-30,Standard
M10361,UPI,0.0,2026-05-01,,Growth
M10361,Credit card,2.0,2024-02-04,2026-04-30,Standard
M10361,Credit card,1.9,2026-05-01,,Growth
M10361,Debit card,0.9,2024-02-04,2026-04-30,Standard
M10361,Debit card,0.8,2026-05-01,,Growth
M10361,Netbanking,1.8,2024-02-04,2026-04-30,Standard
M10361,Netbanking,1.7,2026-05-01,,Growth
M10361,Wallet,1.9,2024-02-04,2026-04-30,Standard
M10361,Wallet,1.8,2026-05-01,,Growth
M10362,UPI,0.0,2024-02-04,,Standard
M10362,Credit card,2.0,2024-02-04,,Standard
M10362,Debit card,0.9,2024-02-04,,Standard
M10362,Netbanking,1.8,2024-02-04,,Standard
M10362,Wallet,1.9,2024-02-04,,Standard
M10363,UPI,0.0,2024-02-04,2026-04-30,Standard
M10363,UPI,0.0,2026-05-01,,Growth
M10363,Credit card,2.0,2024-02-04,2026-04-30,Standard
M10363,Credit card,1.9,2026-05-01,,Growth
M10363,Debit card,0.9,2024-02-04,2026-04-30,Standard
M10363,Debit card,0.8,2026-05-01,,Growth
M10363,Netbanking,1.8,2024-02-04,2026-04-30,Standard
M10363,Netbanking,1.7,2026-05-01,,Growth
M10363,Wallet,1.9,2024-02-04,2026-04-30,Standard
M10363,Wallet,1.8,2026-05-01,,Growth
M10364,UPI,0.0,2024-02-05,,Standard
M10364,Credit card,2.0,2024-02-05,,Standard
M10364,Debit card,0.9,2024-02-05,,Standard
M10364,Netbanking,1.8,2024-02-05,,Standard
M10364,Wallet,1.9,2024-02-05,,Standard
M10365,UPI,0.0,2024-02-05,2026-04-30,Standard
M10365,UPI,0.0,2026-05-01,,Growth
M10365,Credit card,2.0,2024-02-05,2026-04-30,Standard
M10365,Credit card,1.9,2026-05-01,,Growth
M10365,Debit card,0.9,2024-02-05,2026-04-30,Standard
M10365,Debit card,0.8,2026-05-01,,Growth
M10365,Netbanking,1.8,2024-02-05,2026-04-30,Standard
M10365,Netbanking,1.7,2026-05-01,,Growth
M10365,Wallet,1.9,2024-02-05,2026-04-30,Standard
M10365,Wallet,1.8,2026-05-01,,Growth
M10366,UPI,0.0,2024-02-05,,Standard
M10366,Credit card,2.0,2024-02-05,,Standard
M10366,Debit card,0.9,2024-02-05,,Standard
M10366,Netbanking,1.8,2024-02-05,,Standard
M10366,Wallet,1.9,2024-02-05,,Standard
M10367,UPI,0.0,2024-02-05,,Standard
M10367,Credit card,2.0,2024-02-05,,Standard
M10367,Debit card,0.9,2024-02-05,,Standard
M10367,Netbanking,1.8,2024-02-05,,Standard
M10367,Wallet,1.9,2024-02-05,,Standard
M10368,UPI,0.0,2024-02-06,,Enterprise
M10368,Credit card,1.53,2024-02-06,,Enterprise
M10368,Debit card,0.63,2024-02-06,,Enterprise
M10368,Netbanking,1.33,2024-02-06,,Enterprise
M10368,Wallet,1.43,2024-02-06,,Enterprise
M10369,UPI,0.0,2024-02-08,,Standard
M10369,Credit card,2.0,2024-02-08,,Standard
M10369,Debit card,0.9,2024-02-08,,Standard
M10369,Netbanking,1.8,2024-02-08,,Standard
M10369,Wallet,1.9,2024-02-08,,Standard
M10370,UPI,0.0,2024-02-09,2026-04-30,Standard
M10370,UPI,0.0,2026-05-01,,Growth
M10370,Credit card,2.0,2024-02-09,2026-04-30,Standard
M10370,Credit card,1.9,2026-05-01,,Growth
M10370,Debit card,0.9,2024-02-09,2026-04-30,Standard
M10370,Debit card,0.8,2026-05-01,,Growth
M10370,Netbanking,1.8,2024-02-09,2026-04-30,Standard
M10370,Netbanking,1.7,2026-05-01,,Growth
M10370,Wallet,1.9,2024-02-09,2026-04-30,Standard
M10370,Wallet,1.8,2026-05-01,,Growth
M10371,UPI,0.0,2024-02-11,,Standard
M10371,Credit card,2.0,2024-02-11,,Standard
M10371,Debit card,0.9,2024-02-11,,Standard
M10371,Netbanking,1.8,2024-02-11,,Standard
M10371,Wallet,1.9,2024-02-11,,Standard
M10372,UPI,0.0,2024-02-12,,Standard
M10372,Credit card,2.0,2024-02-12,,Standard
M10372,Debit card,0.9,2024-02-12,,Standard
M10372,Netbanking,1.8,2024-02-12,,Standard
M10372,Wallet,1.9,2024-02-12,,Standard
M10373,UPI,0.0,2024-02-12,,Standard
M10373,Credit card,2.0,2024-02-12,,Standard
M10373,Debit card,0.9,2024-02-12,,Standard
M10373,Netbanking,1.8,2024-02-12,,Standard
M10373,Wallet,1.9,2024-02-12,,Standard
M10374,UPI,0.0,2024-02-13,,Standard
M10374,Credit card,2.0,2024-02-13,,Standard
M10374,Debit card,0.9,2024-02-13,,Standard
M10374,Netbanking,1.8,2024-02-13,,Standard
M10374,Wallet,1.9,2024-02-13,,Standard
M10375,UPI,0.0,2024-02-15,2026-04-30,Standard
M10375,UPI,0.0,2026-05-01,,Growth
M10375,Credit card,2.0,2024-02-15,2026-04-30,Standard
M10375,Credit card,1.9,2026-05-01,,Growth
M10375,Debit card,0.9,2024-02-15,2026-04-30,Standard
M10375,Debit card,0.8,2026-05-01,,Growth
M10375,Netbanking,1.8,2024-02-15,2026-04-30,Standard
M10375,Netbanking,1.7,2026-05-01,,Growth
M10375,Wallet,1.9,2024-02-15,2026-04-30,Standard
M10375,Wallet,1.8,2026-05-01,,Growth
M10376,UPI,0.0,2024-02-15,,Standard
M10376,Credit card,2.0,2024-02-15,,Standard
M10376,Debit card,0.9,2024-02-15,,Standard
M10376,Netbanking,1.8,2024-02-15,,Standard
M10376,Wallet,1.9,2024-02-15,,Standard
M10377,UPI,0.0,2024-02-16,,Standard
M10377,Credit card,2.0,2024-02-16,,Standard
M10377,Debit card,0.9,2024-02-16,,Standard
M10377,Netbanking,1.8,2024-02-16,,Standard
M10377,Wallet,1.9,2024-02-16,,Standard
M10378,UPI,0.0,2024-02-16,,Standard
M10378,Credit card,2.0,2024-02-16,,Standard
M10378,Debit card,0.9,2024-02-16,,Standard
M10378,Netbanking,1.8,2024-02-16,,Standard
M10378,Wallet,1.9,2024-02-16,,Standard
M10379,UPI,0.0,2024-02-16,,Standard
M10379,Credit card,2.0,2024-02-16,,Standard
M10379,Debit card,0.9,2024-02-16,,Standard
M10379,Netbanking,1.8,2024-02-16,,Standard
M10379,Wallet,1.9,2024-02-16,,Standard
M10380,UPI,0.0,2024-02-17,,Standard
M10380,Credit card,2.0,2024-02-17,,Standard
M10380,Debit card,0.9,2024-02-17,,Standard
M10380,Netbanking,1.8,2024-02-17,,Standard
M10380,Wallet,1.9,2024-02-17,,Standard
M10381,UPI,0.0,2024-02-19,,Standard
M10381,Credit card,2.0,2024-02-19,,Standard
M10381,Debit card,0.9,2024-02-19,,Standard
M10381,Netbanking,1.8,2024-02-19,,Standard
M10381,Wallet,1.9,2024-02-19,,Standard
M10382,UPI,0.0,2024-02-21,,Standard
M10382,Credit card,2.0,2024-02-21,,Standard
M10382,Debit card,0.9,2024-02-21,,Standard
M10382,Netbanking,1.8,2024-02-21,,Standard
M10382,Wallet,1.9,2024-02-21,,Standard
M10383,UPI,0.0,2024-02-21,,Standard
M10383,Credit card,2.0,2024-02-21,,Standard
M10383,Debit card,0.9,2024-02-21,,Standard
M10383,Netbanking,1.8,2024-02-21,,Standard
M10383,Wallet,1.9,2024-02-21,,Standard
M10384,UPI,0.0,2024-02-21,,Standard
M10384,Credit card,2.0,2024-02-21,,Standard
M10384,Debit card,0.9,2024-02-21,,Standard
M10384,Netbanking,1.8,2024-02-21,,Standard
M10384,Wallet,1.9,2024-02-21,,Standard
M10385,UPI,0.0,2024-02-22,,Standard
M10385,Credit card,2.0,2024-02-22,,Standard
M10385,Debit card,0.9,2024-02-22,,Standard
M10385,Netbanking,1.8,2024-02-22,,Standard
M10385,Wallet,1.9,2024-02-22,,Standard
M10386,UPI,0.0,2024-02-22,,Standard
M10386,Credit card,2.0,2024-02-22,,Standard
M10386,Debit card,0.9,2024-02-22,,Standard
M10386,Netbanking,1.8,2024-02-22,,Standard
M10386,Wallet,1.9,2024-02-22,,Standard
M10387,UPI,0.0,2024-02-23,,Standard
M10387,Credit card,2.0,2024-02-23,,Standard
M10387,Debit card,0.9,2024-02-23,,Standard
M10387,Netbanking,1.8,2024-02-23,,Standard
M10387,Wallet,1.9,2024-02-23,,Standard
M10388,UPI,0.0,2024-02-24,,Standard
M10388,Credit card,2.0,2024-02-24,,Standard
M10388,Debit card,0.9,2024-02-24,,Standard
M10388,Netbanking,1.8,2024-02-24,,Standard
M10388,Wallet,1.9,2024-02-24,,Standard
M10389,UPI,0.0,2024-02-24,,Standard
M10389,Credit card,2.0,2024-02-24,,Standard
M10389,Debit card,0.9,2024-02-24,,Standard
M10389,Netbanking,1.8,2024-02-24,,Standard
M10389,Wallet,1.9,2024-02-24,,Standard
M10390,UPI,0.0,2024-02-25,,Standard
M10390,Credit card,2.0,2024-02-25,,Standard
M10390,Debit card,0.9,2024-02-25,,Standard
M10390,Netbanking,1.8,2024-02-25,,Standard
M10390,Wallet,1.9,2024-02-25,,Standard
M10391,UPI,0.0,2024-02-25,,Standard
M10391,Credit card,2.0,2024-02-25,,Standard
M10391,Debit card,0.9,2024-02-25,,Standard
M10391,Netbanking,1.8,2024-02-25,,Standard
M10391,Wallet,1.9,2024-02-25,,Standard
M10392,UPI,0.0,2024-02-26,,Standard
M10392,Credit card,2.0,2024-02-26,,Standard
M10392,Debit card,0.9,2024-02-26,,Standard
M10392,Netbanking,1.8,2024-02-26,,Standard
M10392,Wallet,1.9,2024-02-26,,Standard
M10393,UPI,0.0,2024-02-26,2026-04-30,Standard
M10393,UPI,0.0,2026-05-01,,Growth
M10393,Credit card,2.0,2024-02-26,2026-04-30,Standard
M10393,Credit card,1.9,2026-05-01,,Growth
M10393,Debit card,0.9,2024-02-26,2026-04-30,Standard
M10393,Debit card,0.8,2026-05-01,,Growth
M10393,Netbanking,1.8,2024-02-26,2026-04-30,Standard
M10393,Netbanking,1.7,2026-05-01,,Growth
M10393,Wallet,1.9,2024-02-26,2026-04-30,Standard
M10393,Wallet,1.8,2026-05-01,,Growth
M10394,UPI,0.0,2024-02-27,,Standard
M10394,Credit card,2.0,2024-02-27,,Standard
M10394,Debit card,0.9,2024-02-27,,Standard
M10394,Netbanking,1.8,2024-02-27,,Standard
M10394,Wallet,1.9,2024-02-27,,Standard
M10395,UPI,0.0,2024-02-28,,Standard
M10395,Credit card,2.0,2024-02-28,,Standard
M10395,Debit card,0.9,2024-02-28,,Standard
M10395,Netbanking,1.8,2024-02-28,,Standard
M10395,Wallet,1.9,2024-02-28,,Standard
M10396,UPI,0.0,2024-02-29,2026-04-30,Standard
M10396,UPI,0.0,2026-05-01,,Growth
M10396,Credit card,2.0,2024-02-29,2026-04-30,Standard
M10396,Credit card,1.9,2026-05-01,,Growth
M10396,Debit card,0.9,2024-02-29,2026-04-30,Standard
M10396,Debit card,0.8,2026-05-01,,Growth
M10396,Netbanking,1.8,2024-02-29,2026-04-30,Standard
M10396,Netbanking,1.7,2026-05-01,,Growth
M10396,Wallet,1.9,2024-02-29,2026-04-30,Standard
M10396,Wallet,1.8,2026-05-01,,Growth
M10397,UPI,0.0,2024-02-29,,Standard
M10397,Credit card,2.0,2024-02-29,,Standard
M10397,Debit card,0.9,2024-02-29,,Standard
M10397,Netbanking,1.8,2024-02-29,,Standard
M10397,Wallet,1.9,2024-02-29,,Standard
M10398,UPI,0.0,2024-02-29,,Standard
M10398,Credit card,2.0,2024-02-29,,Standard
M10398,Debit card,0.9,2024-02-29,,Standard
M10398,Netbanking,1.8,2024-02-29,,Standard
M10398,Wallet,1.9,2024-02-29,,Standard
M10399,UPI,0.0,2024-02-29,,Standard
M10399,Credit card,2.0,2024-02-29,,Standard
M10399,Debit card,0.9,2024-02-29,,Standard
M10399,Netbanking,1.8,2024-02-29,,Standard
M10399,Wallet,1.9,2024-02-29,,Standard
M10400,UPI,0.0,2024-02-29,,Standard
M10400,Credit card,2.0,2024-02-29,,Standard
M10400,Debit card,0.9,2024-02-29,,Standard
M10400,Netbanking,1.8,2024-02-29,,Standard
M10400,Wallet,1.9,2024-02-29,,Standard
M10401,UPI,0.0,2024-02-29,,Standard
M10401,Credit card,2.0,2024-02-29,,Standard
M10401,Debit card,0.9,2024-02-29,,Standard
M10401,Netbanking,1.8,2024-02-29,,Standard
M10401,Wallet,1.9,2024-02-29,,Standard
M10402,UPI,0.0,2024-03-01,,Standard
M10402,Credit card,2.0,2024-03-01,,Standard
M10402,Debit card,0.9,2024-03-01,,Standard
M10402,Netbanking,1.8,2024-03-01,,Standard
M10402,Wallet,1.9,2024-03-01,,Standard
M10403,UPI,0.0,2024-03-01,2026-04-30,Standard
M10403,UPI,0.0,2026-05-01,,Growth
M10403,Credit card,2.0,2024-03-01,2026-04-30,Standard
M10403,Credit card,1.9,2026-05-01,,Growth
M10403,Debit card,0.9,2024-03-01,2026-04-30,Standard
M10403,Debit card,0.8,2026-05-01,,Growth
M10403,Netbanking,1.8,2024-03-01,2026-04-30,Standard
M10403,Netbanking,1.7,2026-05-01,,Growth
M10403,Wallet,1.9,2024-03-01,2026-04-30,Standard
M10403,Wallet,1.8,2026-05-01,,Growth
M10404,UPI,0.0,2024-03-02,,Standard
M10404,Credit card,2.0,2024-03-02,,Standard
M10404,Debit card,0.9,2024-03-02,,Standard
M10404,Netbanking,1.8,2024-03-02,,Standard
M10404,Wallet,1.9,2024-03-02,,Standard
M10405,UPI,0.0,2024-03-02,2026-04-30,Standard
M10405,UPI,0.0,2026-05-01,,Growth
M10405,Credit card,2.0,2024-03-02,2026-04-30,Standard
M10405,Credit card,1.9,2026-05-01,,Growth
M10405,Debit card,0.9,2024-03-02,2026-04-30,Standard
M10405,Debit card,0.8,2026-05-01,,Growth
M10405,Netbanking,1.8,2024-03-02,2026-04-30,Standard
M10405,Netbanking,1.7,2026-05-01,,Growth
M10405,Wallet,1.9,2024-03-02,2026-04-30,Standard
M10405,Wallet,1.8,2026-05-01,,Growth
M10406,UPI,0.0,2024-03-02,2026-04-30,Standard
M10406,UPI,0.0,2026-05-01,,Growth
M10406,Credit card,2.0,2024-03-02,2026-04-30,Standard
M10406,Credit card,1.9,2026-05-01,,Growth
M10406,Debit card,0.9,2024-03-02,2026-04-30,Standard
M10406,Debit card,0.8,2026-05-01,,Growth
M10406,Netbanking,1.8,2024-03-02,2026-04-30,Standard
M10406,Netbanking,1.7,2026-05-01,,Growth
M10406,Wallet,1.9,2024-03-02,2026-04-30,Standard
M10406,Wallet,1.8,2026-05-01,,Growth
M10407,UPI,0.0,2024-03-03,,Standard
M10407,Credit card,2.0,2024-03-03,,Standard
M10407,Debit card,0.9,2024-03-03,,Standard
M10407,Netbanking,1.8,2024-03-03,,Standard
M10407,Wallet,1.9,2024-03-03,,Standard
M10408,UPI,0.0,2024-03-04,2026-04-30,Standard
M10408,UPI,0.0,2026-05-01,,Growth
M10408,Credit card,2.0,2024-03-04,2026-04-30,Standard
M10408,Credit card,1.9,2026-05-01,,Growth
M10408,Debit card,0.9,2024-03-04,2026-04-30,Standard
M10408,Debit card,0.8,2026-05-01,,Growth
M10408,Netbanking,1.8,2024-03-04,2026-04-30,Standard
M10408,Netbanking,1.7,2026-05-01,,Growth
M10408,Wallet,1.9,2024-03-04,2026-04-30,Standard
M10408,Wallet,1.8,2026-05-01,,Growth
M10409,UPI,0.0,2024-03-04,,Standard
M10409,Credit card,2.0,2024-03-04,,Standard
M10409,Debit card,0.9,2024-03-04,,Standard
M10409,Netbanking,1.8,2024-03-04,,Standard
M10409,Wallet,1.9,2024-03-04,,Standard
M10410,UPI,0.0,2024-03-04,,Standard
M10410,Credit card,2.0,2024-03-04,,Standard
M10410,Debit card,0.9,2024-03-04,,Standard
M10410,Netbanking,1.8,2024-03-04,,Standard
M10410,Wallet,1.9,2024-03-04,,Standard
M10411,UPI,0.0,2024-03-04,2026-04-30,Standard
M10411,UPI,0.0,2026-05-01,,Growth
M10411,Credit card,2.0,2024-03-04,2026-04-30,Standard
M10411,Credit card,1.9,2026-05-01,,Growth
M10411,Debit card,0.9,2024-03-04,2026-04-30,Standard
M10411,Debit card,0.8,2026-05-01,,Growth
M10411,Netbanking,1.8,2024-03-04,2026-04-30,Standard
M10411,Netbanking,1.7,2026-05-01,,Growth
M10411,Wallet,1.9,2024-03-04,2026-04-30,Standard
M10411,Wallet,1.8,2026-05-01,,Growth
M10412,UPI,0.0,2024-03-05,,Standard
M10412,Credit card,2.0,2024-03-05,,Standard
M10412,Debit card,0.9,2024-03-05,,Standard
M10412,Netbanking,1.8,2024-03-05,,Standard
M10412,Wallet,1.9,2024-03-05,,Standard
M10413,UPI,0.0,2024-03-07,,Standard
M10413,Credit card,2.0,2024-03-07,,Standard
M10413,Debit card,0.9,2024-03-07,,Standard
M10413,Netbanking,1.8,2024-03-07,,Standard
M10413,Wallet,1.9,2024-03-07,,Standard
M10414,UPI,0.0,2024-03-07,,Standard
M10414,Credit card,2.0,2024-03-07,,Standard
M10414,Debit card,0.9,2024-03-07,,Standard
M10414,Netbanking,1.8,2024-03-07,,Standard
M10414,Wallet,1.9,2024-03-07,,Standard
M10415,UPI,0.0,2024-03-08,,Standard
M10415,Credit card,2.0,2024-03-08,,Standard
M10415,Debit card,0.9,2024-03-08,,Standard
M10415,Netbanking,1.8,2024-03-08,,Standard
M10415,Wallet,1.9,2024-03-08,,Standard
M10416,UPI,0.0,2024-03-08,2026-04-30,Standard
M10416,UPI,0.0,2026-05-01,,Growth
M10416,Credit card,2.0,2024-03-08,2026-04-30,Standard
M10416,Credit card,1.9,2026-05-01,,Growth
M10416,Debit card,0.9,2024-03-08,2026-04-30,Standard
M10416,Debit card,0.8,2026-05-01,,Growth
M10416,Netbanking,1.8,2024-03-08,2026-04-30,Standard
M10416,Netbanking,1.7,2026-05-01,,Growth
M10416,Wallet,1.9,2024-03-08,2026-04-30,Standard
M10416,Wallet,1.8,2026-05-01,,Growth
M10417,UPI,0.0,2024-03-08,2026-04-30,Standard
M10417,UPI,0.0,2026-05-01,,Growth
M10417,Credit card,2.0,2024-03-08,2026-04-30,Standard
M10417,Credit card,1.9,2026-05-01,,Growth
M10417,Debit card,0.9,2024-03-08,2026-04-30,Standard
M10417,Debit card,0.8,2026-05-01,,Growth
M10417,Netbanking,1.8,2024-03-08,2026-04-30,Standard
M10417,Netbanking,1.7,2026-05-01,,Growth
M10417,Wallet,1.9,2024-03-08,2026-04-30,Standard
M10417,Wallet,1.8,2026-05-01,,Growth
M10418,UPI,0.0,2024-03-08,2026-04-30,Standard
M10418,UPI,0.0,2026-05-01,,Growth
M10418,Credit card,2.0,2024-03-08,2026-04-30,Standard
M10418,Credit card,1.9,2026-05-01,,Growth
M10418,Debit card,0.9,2024-03-08,2026-04-30,Standard
M10418,Debit card,0.8,2026-05-01,,Growth
M10418,Netbanking,1.8,2024-03-08,2026-04-30,Standard
M10418,Netbanking,1.7,2026-05-01,,Growth
M10418,Wallet,1.9,2024-03-08,2026-04-30,Standard
M10418,Wallet,1.8,2026-05-01,,Growth
M10419,UPI,0.0,2024-03-08,,Enterprise
M10419,Credit card,1.46,2024-03-08,,Enterprise
M10419,Debit card,0.56,2024-03-08,,Enterprise
M10419,Netbanking,1.26,2024-03-08,,Enterprise
M10419,Wallet,1.36,2024-03-08,,Enterprise
M10420,UPI,0.0,2024-03-08,,Standard
M10420,Credit card,2.0,2024-03-08,,Standard
M10420,Debit card,0.9,2024-03-08,,Standard
M10420,Netbanking,1.8,2024-03-08,,Standard
M10420,Wallet,1.9,2024-03-08,,Standard
M10421,UPI,0.0,2024-03-09,,Standard
M10421,Credit card,2.0,2024-03-09,,Standard
M10421,Debit card,0.9,2024-03-09,,Standard
M10421,Netbanking,1.8,2024-03-09,,Standard
M10421,Wallet,1.9,2024-03-09,,Standard
M10422,UPI,0.0,2024-03-09,,Standard
M10422,Credit card,2.0,2024-03-09,,Standard
M10422,Debit card,0.9,2024-03-09,,Standard
M10422,Netbanking,1.8,2024-03-09,,Standard
M10422,Wallet,1.9,2024-03-09,,Standard
M10423,UPI,0.0,2024-03-09,,Standard
M10423,Credit card,2.0,2024-03-09,,Standard
M10423,Debit card,0.9,2024-03-09,,Standard
M10423,Netbanking,1.8,2024-03-09,,Standard
M10423,Wallet,1.9,2024-03-09,,Standard
M10424,UPI,0.0,2024-03-10,,Standard
M10424,Credit card,2.0,2024-03-10,,Standard
M10424,Debit card,0.9,2024-03-10,,Standard
M10424,Netbanking,1.8,2024-03-10,,Standard
M10424,Wallet,1.9,2024-03-10,,Standard
M10425,UPI,0.0,2024-03-11,,Standard
M10425,Credit card,2.0,2024-03-11,,Standard
M10425,Debit card,0.9,2024-03-11,,Standard
M10425,Netbanking,1.8,2024-03-11,,Standard
M10425,Wallet,1.9,2024-03-11,,Standard
M10426,UPI,0.0,2024-03-13,2026-04-30,Standard
M10426,UPI,0.0,2026-05-01,,Growth
M10426,Credit card,2.0,2024-03-13,2026-04-30,Standard
M10426,Credit card,1.9,2026-05-01,,Growth
M10426,Debit card,0.9,2024-03-13,2026-04-30,Standard
M10426,Debit card,0.8,2026-05-01,,Growth
M10426,Netbanking,1.8,2024-03-13,2026-04-30,Standard
M10426,Netbanking,1.7,2026-05-01,,Growth
M10426,Wallet,1.9,2024-03-13,2026-04-30,Standard
M10426,Wallet,1.8,2026-05-01,,Growth
M10427,UPI,0.0,2024-03-13,2026-04-30,Standard
M10427,UPI,0.0,2026-05-01,,Growth
M10427,Credit card,2.0,2024-03-13,2026-04-30,Standard
M10427,Credit card,1.9,2026-05-01,,Growth
M10427,Debit card,0.9,2024-03-13,2026-04-30,Standard
M10427,Debit card,0.8,2026-05-01,,Growth
M10427,Netbanking,1.8,2024-03-13,2026-04-30,Standard
M10427,Netbanking,1.7,2026-05-01,,Growth
M10427,Wallet,1.9,2024-03-13,2026-04-30,Standard
M10427,Wallet,1.8,2026-05-01,,Growth
M10428,UPI,0.0,2024-03-13,,Standard
M10428,Credit card,2.0,2024-03-13,,Standard
M10428,Debit card,0.9,2024-03-13,,Standard
M10428,Netbanking,1.8,2024-03-13,,Standard
M10428,Wallet,1.9,2024-03-13,,Standard
M10429,UPI,0.0,2024-03-15,,Standard
M10429,Credit card,2.0,2024-03-15,,Standard
M10429,Debit card,0.9,2024-03-15,,Standard
M10429,Netbanking,1.8,2024-03-15,,Standard
M10429,Wallet,1.9,2024-03-15,,Standard
M10430,UPI,0.0,2024-03-15,,Standard
M10430,Credit card,2.0,2024-03-15,,Standard
M10430,Debit card,0.9,2024-03-15,,Standard
M10430,Netbanking,1.8,2024-03-15,,Standard
M10430,Wallet,1.9,2024-03-15,,Standard
M10431,UPI,0.0,2024-03-15,,Standard
M10431,Credit card,2.0,2024-03-15,,Standard
M10431,Debit card,0.9,2024-03-15,,Standard
M10431,Netbanking,1.8,2024-03-15,,Standard
M10431,Wallet,1.9,2024-03-15,,Standard
M10432,UPI,0.0,2024-03-16,,Standard
M10432,Credit card,2.0,2024-03-16,,Standard
M10432,Debit card,0.9,2024-03-16,,Standard
M10432,Netbanking,1.8,2024-03-16,,Standard
M10432,Wallet,1.9,2024-03-16,,Standard
M10433,UPI,0.0,2024-03-16,,Standard
M10433,Credit card,2.0,2024-03-16,,Standard
M10433,Debit card,0.9,2024-03-16,,Standard
M10433,Netbanking,1.8,2024-03-16,,Standard
M10433,Wallet,1.9,2024-03-16,,Standard
M10434,UPI,0.0,2024-03-16,,Standard
M10434,Credit card,2.0,2024-03-16,,Standard
M10434,Debit card,0.9,2024-03-16,,Standard
M10434,Netbanking,1.8,2024-03-16,,Standard
M10434,Wallet,1.9,2024-03-16,,Standard
M10435,UPI,0.0,2024-03-16,,Standard
M10435,Credit card,2.0,2024-03-16,,Standard
M10435,Debit card,0.9,2024-03-16,,Standard
M10435,Netbanking,1.8,2024-03-16,,Standard
M10435,Wallet,1.9,2024-03-16,,Standard
M10436,UPI,0.0,2024-03-16,,Standard
M10436,Credit card,2.0,2024-03-16,,Standard
M10436,Debit card,0.9,2024-03-16,,Standard
M10436,Netbanking,1.8,2024-03-16,,Standard
M10436,Wallet,1.9,2024-03-16,,Standard
M10437,UPI,0.0,2024-03-16,,Standard
M10437,Credit card,2.0,2024-03-16,,Standard
M10437,Debit card,0.9,2024-03-16,,Standard
M10437,Netbanking,1.8,2024-03-16,,Standard
M10437,Wallet,1.9,2024-03-16,,Standard
M10438,UPI,0.0,2024-03-17,2026-04-30,Standard
M10438,UPI,0.0,2026-05-01,,Growth
M10438,Credit card,2.0,2024-03-17,2026-04-30,Standard
M10438,Credit card,1.9,2026-05-01,,Growth
M10438,Debit card,0.9,2024-03-17,2026-04-30,Standard
M10438,Debit card,0.8,2026-05-01,,Growth
M10438,Netbanking,1.8,2024-03-17,2026-04-30,Standard
M10438,Netbanking,1.7,2026-05-01,,Growth
M10438,Wallet,1.9,2024-03-17,2026-04-30,Standard
M10438,Wallet,1.8,2026-05-01,,Growth
M10439,UPI,0.0,2024-03-18,,Standard
M10439,Credit card,2.0,2024-03-18,,Standard
M10439,Debit card,0.9,2024-03-18,,Standard
M10439,Netbanking,1.8,2024-03-18,,Standard
M10439,Wallet,1.9,2024-03-18,,Standard
M10440,UPI,0.0,2024-03-18,2026-04-30,Standard
M10440,UPI,0.0,2026-05-01,,Growth
M10440,Credit card,2.0,2024-03-18,2026-04-30,Standard
M10440,Credit card,1.9,2026-05-01,,Growth
M10440,Debit card,0.9,2024-03-18,2026-04-30,Standard
M10440,Debit card,0.8,2026-05-01,,Growth
M10440,Netbanking,1.8,2024-03-18,2026-04-30,Standard
M10440,Netbanking,1.7,2026-05-01,,Growth
M10440,Wallet,1.9,2024-03-18,2026-04-30,Standard
M10440,Wallet,1.8,2026-05-01,,Growth
M10441,UPI,0.0,2024-03-19,2026-04-30,Standard
M10441,UPI,0.0,2026-05-01,,Growth
M10441,Credit card,2.0,2024-03-19,2026-04-30,Standard
M10441,Credit card,1.9,2026-05-01,,Growth
M10441,Debit card,0.9,2024-03-19,2026-04-30,Standard
M10441,Debit card,0.8,2026-05-01,,Growth
M10441,Netbanking,1.8,2024-03-19,2026-04-30,Standard
M10441,Netbanking,1.7,2026-05-01,,Growth
M10441,Wallet,1.9,2024-03-19,2026-04-30,Standard
M10441,Wallet,1.8,2026-05-01,,Growth
M10442,UPI,0.0,2024-03-20,,Standard
M10442,Credit card,2.0,2024-03-20,,Standard
M10442,Debit card,0.9,2024-03-20,,Standard
M10442,Netbanking,1.8,2024-03-20,,Standard
M10442,Wallet,1.9,2024-03-20,,Standard
M10443,UPI,0.0,2024-03-22,,Standard
M10443,Credit card,2.0,2024-03-22,,Standard
M10443,Debit card,0.9,2024-03-22,,Standard
M10443,Netbanking,1.8,2024-03-22,,Standard
M10443,Wallet,1.9,2024-03-22,,Standard
M10444,UPI,0.0,2024-03-23,2026-04-30,Standard
M10444,UPI,0.0,2026-05-01,,Growth
M10444,Credit card,2.0,2024-03-23,2026-04-30,Standard
M10444,Credit card,1.9,2026-05-01,,Growth
M10444,Debit card,0.9,2024-03-23,2026-04-30,Standard
M10444,Debit card,0.8,2026-05-01,,Growth
M10444,Netbanking,1.8,2024-03-23,2026-04-30,Standard
M10444,Netbanking,1.7,2026-05-01,,Growth
M10444,Wallet,1.9,2024-03-23,2026-04-30,Standard
M10444,Wallet,1.8,2026-05-01,,Growth
M10445,UPI,0.0,2024-03-23,,Standard
M10445,Credit card,2.0,2024-03-23,,Standard
M10445,Debit card,0.9,2024-03-23,,Standard
M10445,Netbanking,1.8,2024-03-23,,Standard
M10445,Wallet,1.9,2024-03-23,,Standard
M10446,UPI,0.0,2024-03-23,,Standard
M10446,Credit card,2.0,2024-03-23,,Standard
M10446,Debit card,0.9,2024-03-23,,Standard
M10446,Netbanking,1.8,2024-03-23,,Standard
M10446,Wallet,1.9,2024-03-23,,Standard
M10447,UPI,0.0,2024-03-24,,Standard
M10447,Credit card,2.0,2024-03-24,,Standard
M10447,Debit card,0.9,2024-03-24,,Standard
M10447,Netbanking,1.8,2024-03-24,,Standard
M10447,Wallet,1.9,2024-03-24,,Standard
M10448,UPI,0.0,2024-03-24,,Standard
M10448,Credit card,2.0,2024-03-24,,Standard
M10448,Debit card,0.9,2024-03-24,,Standard
M10448,Netbanking,1.8,2024-03-24,,Standard
M10448,Wallet,1.9,2024-03-24,,Standard
M10449,UPI,0.0,2024-03-25,,Standard
M10449,Credit card,2.0,2024-03-25,,Standard
M10449,Debit card,0.9,2024-03-25,,Standard
M10449,Netbanking,1.8,2024-03-25,,Standard
M10449,Wallet,1.9,2024-03-25,,Standard
M10450,UPI,0.0,2024-03-26,,Standard
M10450,Credit card,2.0,2024-03-26,,Standard
M10450,Debit card,0.9,2024-03-26,,Standard
M10450,Netbanking,1.8,2024-03-26,,Standard
M10450,Wallet,1.9,2024-03-26,,Standard
M10451,UPI,0.0,2024-03-27,2026-04-30,Standard
M10451,UPI,0.0,2026-05-01,,Growth
M10451,Credit card,2.0,2024-03-27,2026-04-30,Standard
M10451,Credit card,1.9,2026-05-01,,Growth
M10451,Debit card,0.9,2024-03-27,2026-04-30,Standard
M10451,Debit card,0.8,2026-05-01,,Growth
M10451,Netbanking,1.8,2024-03-27,2026-04-30,Standard
M10451,Netbanking,1.7,2026-05-01,,Growth
M10451,Wallet,1.9,2024-03-27,2026-04-30,Standard
M10451,Wallet,1.8,2026-05-01,,Growth
M10452,UPI,0.0,2024-03-27,,Standard
M10452,Credit card,2.0,2024-03-27,,Standard
M10452,Debit card,0.9,2024-03-27,,Standard
M10452,Netbanking,1.8,2024-03-27,,Standard
M10452,Wallet,1.9,2024-03-27,,Standard
M10453,UPI,0.0,2024-03-27,,Standard
M10453,Credit card,2.0,2024-03-27,,Standard
M10453,Debit card,0.9,2024-03-27,,Standard
M10453,Netbanking,1.8,2024-03-27,,Standard
M10453,Wallet,1.9,2024-03-27,,Standard
M10454,UPI,0.0,2024-03-27,2026-04-30,Standard
M10454,UPI,0.0,2026-05-01,,Growth
M10454,Credit card,2.0,2024-03-27,2026-04-30,Standard
M10454,Credit card,1.9,2026-05-01,,Growth
M10454,Debit card,0.9,2024-03-27,2026-04-30,Standard
M10454,Debit card,0.8,2026-05-01,,Growth
M10454,Netbanking,1.8,2024-03-27,2026-04-30,Standard
M10454,Netbanking,1.7,2026-05-01,,Growth
M10454,Wallet,1.9,2024-03-27,2026-04-30,Standard
M10454,Wallet,1.8,2026-05-01,,Growth
M10455,UPI,0.0,2024-03-28,,Standard
M10455,Credit card,2.0,2024-03-28,,Standard
M10455,Debit card,0.9,2024-03-28,,Standard
M10455,Netbanking,1.8,2024-03-28,,Standard
M10455,Wallet,1.9,2024-03-28,,Standard
M10456,UPI,0.0,2024-03-29,2026-04-30,Standard
M10456,UPI,0.0,2026-05-01,,Growth
M10456,Credit card,2.0,2024-03-29,2026-04-30,Standard
M10456,Credit card,1.9,2026-05-01,,Growth
M10456,Debit card,0.9,2024-03-29,2026-04-30,Standard
M10456,Debit card,0.8,2026-05-01,,Growth
M10456,Netbanking,1.8,2024-03-29,2026-04-30,Standard
M10456,Netbanking,1.7,2026-05-01,,Growth
M10456,Wallet,1.9,2024-03-29,2026-04-30,Standard
M10456,Wallet,1.8,2026-05-01,,Growth
M10457,UPI,0.0,2024-03-30,2026-04-30,Standard
M10457,UPI,0.0,2026-05-01,,Growth
M10457,Credit card,2.0,2024-03-30,2026-04-30,Standard
M10457,Credit card,1.9,2026-05-01,,Growth
M10457,Debit card,0.9,2024-03-30,2026-04-30,Standard
M10457,Debit card,0.8,2026-05-01,,Growth
M10457,Netbanking,1.8,2024-03-30,2026-04-30,Standard
M10457,Netbanking,1.7,2026-05-01,,Growth
M10457,Wallet,1.9,2024-03-30,2026-04-30,Standard
M10457,Wallet,1.8,2026-05-01,,Growth
M10458,UPI,0.0,2024-03-30,,Standard
M10458,Credit card,2.0,2024-03-30,,Standard
M10458,Debit card,0.9,2024-03-30,,Standard
M10458,Netbanking,1.8,2024-03-30,,Standard
M10458,Wallet,1.9,2024-03-30,,Standard
M10459,UPI,0.0,2024-03-31,,Standard
M10459,Credit card,2.0,2024-03-31,,Standard
M10459,Debit card,0.9,2024-03-31,,Standard
M10459,Netbanking,1.8,2024-03-31,,Standard
M10459,Wallet,1.9,2024-03-31,,Standard
M10460,UPI,0.0,2024-03-31,,Standard
M10460,Credit card,2.0,2024-03-31,,Standard
M10460,Debit card,0.9,2024-03-31,,Standard
M10460,Netbanking,1.8,2024-03-31,,Standard
M10460,Wallet,1.9,2024-03-31,,Standard
M10461,UPI,0.0,2024-04-01,2026-04-30,Standard
M10461,UPI,0.0,2026-05-01,,Growth
M10461,Credit card,2.0,2024-04-01,2026-04-30,Standard
M10461,Credit card,1.9,2026-05-01,,Growth
M10461,Debit card,0.9,2024-04-01,2026-04-30,Standard
M10461,Debit card,0.8,2026-05-01,,Growth
M10461,Netbanking,1.8,2024-04-01,2026-04-30,Standard
M10461,Netbanking,1.7,2026-05-01,,Growth
M10461,Wallet,1.9,2024-04-01,2026-04-30,Standard
M10461,Wallet,1.8,2026-05-01,,Growth
M10462,UPI,0.0,2024-04-01,,Standard
M10462,Credit card,2.0,2024-04-01,,Standard
M10462,Debit card,0.9,2024-04-01,,Standard
M10462,Netbanking,1.8,2024-04-01,,Standard
M10462,Wallet,1.9,2024-04-01,,Standard
M10463,UPI,0.0,2024-04-03,,Standard
M10463,Credit card,2.0,2024-04-03,,Standard
M10463,Debit card,0.9,2024-04-03,,Standard
M10463,Netbanking,1.8,2024-04-03,,Standard
M10463,Wallet,1.9,2024-04-03,,Standard
M10464,UPI,0.0,2024-04-03,,Standard
M10464,Credit card,2.0,2024-04-03,,Standard
M10464,Debit card,0.9,2024-04-03,,Standard
M10464,Netbanking,1.8,2024-04-03,,Standard
M10464,Wallet,1.9,2024-04-03,,Standard
M10465,UPI,0.0,2024-04-03,,Standard
M10465,Credit card,2.0,2024-04-03,,Standard
M10465,Debit card,0.9,2024-04-03,,Standard
M10465,Netbanking,1.8,2024-04-03,,Standard
M10465,Wallet,1.9,2024-04-03,,Standard
M10466,UPI,0.0,2024-04-03,,Standard
M10466,Credit card,2.0,2024-04-03,,Standard
M10466,Debit card,0.9,2024-04-03,,Standard
M10466,Netbanking,1.8,2024-04-03,,Standard
M10466,Wallet,1.9,2024-04-03,,Standard
M10467,UPI,0.0,2024-04-06,,Standard
M10467,Credit card,2.0,2024-04-06,,Standard
M10467,Debit card,0.9,2024-04-06,,Standard
M10467,Netbanking,1.8,2024-04-06,,Standard
M10467,Wallet,1.9,2024-04-06,,Standard
M10468,UPI,0.0,2024-04-07,2026-04-30,Standard
M10468,UPI,0.0,2026-05-01,,Growth
M10468,Credit card,2.0,2024-04-07,2026-04-30,Standard
M10468,Credit card,1.9,2026-05-01,,Growth
M10468,Debit card,0.9,2024-04-07,2026-04-30,Standard
M10468,Debit card,0.8,2026-05-01,,Growth
M10468,Netbanking,1.8,2024-04-07,2026-04-30,Standard
M10468,Netbanking,1.7,2026-05-01,,Growth
M10468,Wallet,1.9,2024-04-07,2026-04-30,Standard
M10468,Wallet,1.8,2026-05-01,,Growth
M10469,UPI,0.0,2024-04-07,,Standard
M10469,Credit card,2.0,2024-04-07,,Standard
M10469,Debit card,0.9,2024-04-07,,Standard
M10469,Netbanking,1.8,2024-04-07,,Standard
M10469,Wallet,1.9,2024-04-07,,Standard
M10470,UPI,0.0,2024-04-08,,Standard
M10470,Credit card,2.0,2024-04-08,,Standard
M10470,Debit card,0.9,2024-04-08,,Standard
M10470,Netbanking,1.8,2024-04-08,,Standard
M10470,Wallet,1.9,2024-04-08,,Standard
M10471,UPI,0.0,2024-04-08,,Standard
M10471,Credit card,2.0,2024-04-08,,Standard
M10471,Debit card,0.9,2024-04-08,,Standard
M10471,Netbanking,1.8,2024-04-08,,Standard
M10471,Wallet,1.9,2024-04-08,,Standard
M10472,UPI,0.0,2024-04-08,,Standard
M10472,Credit card,2.0,2024-04-08,,Standard
M10472,Debit card,0.9,2024-04-08,,Standard
M10472,Netbanking,1.8,2024-04-08,,Standard
M10472,Wallet,1.9,2024-04-08,,Standard
M10473,UPI,0.0,2024-04-09,,Standard
M10473,Credit card,2.0,2024-04-09,,Standard
M10473,Debit card,0.9,2024-04-09,,Standard
M10473,Netbanking,1.8,2024-04-09,,Standard
M10473,Wallet,1.9,2024-04-09,,Standard
M10474,UPI,0.0,2024-04-09,,Standard
M10474,Credit card,2.0,2024-04-09,,Standard
M10474,Debit card,0.9,2024-04-09,,Standard
M10474,Netbanking,1.8,2024-04-09,,Standard
M10474,Wallet,1.9,2024-04-09,,Standard
M10475,UPI,0.0,2024-04-10,,Standard
M10475,Credit card,2.0,2024-04-10,,Standard
M10475,Debit card,0.9,2024-04-10,,Standard
M10475,Netbanking,1.8,2024-04-10,,Standard
M10475,Wallet,1.9,2024-04-10,,Standard
M10476,UPI,0.0,2024-04-11,,Standard
M10476,Credit card,2.0,2024-04-11,,Standard
M10476,Debit card,0.9,2024-04-11,,Standard
M10476,Netbanking,1.8,2024-04-11,,Standard
M10476,Wallet,1.9,2024-04-11,,Standard
M10477,UPI,0.0,2024-04-11,,Standard
M10477,Credit card,2.0,2024-04-11,,Standard
M10477,Debit card,0.9,2024-04-11,,Standard
M10477,Netbanking,1.8,2024-04-11,,Standard
M10477,Wallet,1.9,2024-04-11,,Standard
M10478,UPI,0.0,2024-04-13,,Standard
M10478,Credit card,2.0,2024-04-13,,Standard
M10478,Debit card,0.9,2024-04-13,,Standard
M10478,Netbanking,1.8,2024-04-13,,Standard
M10478,Wallet,1.9,2024-04-13,,Standard
M10479,UPI,0.0,2024-04-13,,Standard
M10479,Credit card,2.0,2024-04-13,,Standard
M10479,Debit card,0.9,2024-04-13,,Standard
M10479,Netbanking,1.8,2024-04-13,,Standard
M10479,Wallet,1.9,2024-04-13,,Standard
M10480,UPI,0.0,2024-04-13,,Standard
M10480,Credit card,2.0,2024-04-13,,Standard
M10480,Debit card,0.9,2024-04-13,,Standard
M10480,Netbanking,1.8,2024-04-13,,Standard
M10480,Wallet,1.9,2024-04-13,,Standard
M10481,UPI,0.0,2024-04-14,,Standard
M10481,Credit card,2.0,2024-04-14,,Standard
M10481,Debit card,0.9,2024-04-14,,Standard
M10481,Netbanking,1.8,2024-04-14,,Standard
M10481,Wallet,1.9,2024-04-14,,Standard
M10482,UPI,0.0,2024-04-14,,Standard
M10482,Credit card,2.0,2024-04-14,,Standard
M10482,Debit card,0.9,2024-04-14,,Standard
M10482,Netbanking,1.8,2024-04-14,,Standard
M10482,Wallet,1.9,2024-04-14,,Standard
M10483,UPI,0.0,2024-04-14,,Standard
M10483,Credit card,2.0,2024-04-14,,Standard
M10483,Debit card,0.9,2024-04-14,,Standard
M10483,Netbanking,1.8,2024-04-14,,Standard
M10483,Wallet,1.9,2024-04-14,,Standard
M10484,UPI,0.0,2024-04-14,,Standard
M10484,Credit card,2.0,2024-04-14,,Standard
M10484,Debit card,0.9,2024-04-14,,Standard
M10484,Netbanking,1.8,2024-04-14,,Standard
M10484,Wallet,1.9,2024-04-14,,Standard
M10485,UPI,0.0,2024-04-15,,Standard
M10485,Credit card,2.0,2024-04-15,,Standard
M10485,Debit card,0.9,2024-04-15,,Standard
M10485,Netbanking,1.8,2024-04-15,,Standard
M10485,Wallet,1.9,2024-04-15,,Standard
M10486,UPI,0.0,2024-04-15,,Standard
M10486,Credit card,2.0,2024-04-15,,Standard
M10486,Debit card,0.9,2024-04-15,,Standard
M10486,Netbanking,1.8,2024-04-15,,Standard
M10486,Wallet,1.9,2024-04-15,,Standard
M10487,UPI,0.0,2024-04-15,,Standard
M10487,Credit card,2.0,2024-04-15,,Standard
M10487,Debit card,0.9,2024-04-15,,Standard
M10487,Netbanking,1.8,2024-04-15,,Standard
M10487,Wallet,1.9,2024-04-15,,Standard
M10488,UPI,0.0,2024-04-15,,Standard
M10488,Credit card,2.0,2024-04-15,,Standard
M10488,Debit card,0.9,2024-04-15,,Standard
M10488,Netbanking,1.8,2024-04-15,,Standard
M10488,Wallet,1.9,2024-04-15,,Standard
M10489,UPI,0.0,2024-04-16,2026-04-30,Standard
M10489,UPI,0.0,2026-05-01,,Growth
M10489,Credit card,2.0,2024-04-16,2026-04-30,Standard
M10489,Credit card,1.9,2026-05-01,,Growth
M10489,Debit card,0.9,2024-04-16,2026-04-30,Standard
M10489,Debit card,0.8,2026-05-01,,Growth
M10489,Netbanking,1.8,2024-04-16,2026-04-30,Standard
M10489,Netbanking,1.7,2026-05-01,,Growth
M10489,Wallet,1.9,2024-04-16,2026-04-30,Standard
M10489,Wallet,1.8,2026-05-01,,Growth
M10490,UPI,0.0,2024-04-16,,Standard
M10490,Credit card,2.0,2024-04-16,,Standard
M10490,Debit card,0.9,2024-04-16,,Standard
M10490,Netbanking,1.8,2024-04-16,,Standard
M10490,Wallet,1.9,2024-04-16,,Standard
M10491,UPI,0.0,2024-04-16,2026-04-30,Standard
M10491,UPI,0.0,2026-05-01,,Growth
M10491,Credit card,2.0,2024-04-16,2026-04-30,Standard
M10491,Credit card,1.9,2026-05-01,,Growth
M10491,Debit card,0.9,2024-04-16,2026-04-30,Standard
M10491,Debit card,0.8,2026-05-01,,Growth
M10491,Netbanking,1.8,2024-04-16,2026-04-30,Standard
M10491,Netbanking,1.7,2026-05-01,,Growth
M10491,Wallet,1.9,2024-04-16,2026-04-30,Standard
M10491,Wallet,1.8,2026-05-01,,Growth
M10492,UPI,0.0,2024-04-17,2026-04-30,Standard
M10492,UPI,0.0,2026-05-01,,Growth
M10492,Credit card,2.0,2024-04-17,2026-04-30,Standard
M10492,Credit card,1.9,2026-05-01,,Growth
M10492,Debit card,0.9,2024-04-17,2026-04-30,Standard
M10492,Debit card,0.8,2026-05-01,,Growth
M10492,Netbanking,1.8,2024-04-17,2026-04-30,Standard
M10492,Netbanking,1.7,2026-05-01,,Growth
M10492,Wallet,1.9,2024-04-17,2026-04-30,Standard
M10492,Wallet,1.8,2026-05-01,,Growth
M10493,UPI,0.0,2024-04-17,,Enterprise
M10493,Credit card,1.55,2024-04-17,,Enterprise
M10493,Debit card,0.65,2024-04-17,,Enterprise
M10493,Netbanking,1.35,2024-04-17,,Enterprise
M10493,Wallet,1.45,2024-04-17,,Enterprise
M10494,UPI,0.0,2024-04-17,2026-04-30,Standard
M10494,UPI,0.0,2026-05-01,,Growth
M10494,Credit card,2.0,2024-04-17,2026-04-30,Standard
M10494,Credit card,1.9,2026-05-01,,Growth
M10494,Debit card,0.9,2024-04-17,2026-04-30,Standard
M10494,Debit card,0.8,2026-05-01,,Growth
M10494,Netbanking,1.8,2024-04-17,2026-04-30,Standard
M10494,Netbanking,1.7,2026-05-01,,Growth
M10494,Wallet,1.9,2024-04-17,2026-04-30,Standard
M10494,Wallet,1.8,2026-05-01,,Growth
M10495,UPI,0.0,2024-04-18,,Standard
M10495,Credit card,2.0,2024-04-18,,Standard
M10495,Debit card,0.9,2024-04-18,,Standard
M10495,Netbanking,1.8,2024-04-18,,Standard
M10495,Wallet,1.9,2024-04-18,,Standard
M10496,UPI,0.0,2024-04-18,2026-04-30,Standard
M10496,UPI,0.0,2026-05-01,,Growth
M10496,Credit card,2.0,2024-04-18,2026-04-30,Standard
M10496,Credit card,1.9,2026-05-01,,Growth
M10496,Debit card,0.9,2024-04-18,2026-04-30,Standard
M10496,Debit card,0.8,2026-05-01,,Growth
M10496,Netbanking,1.8,2024-04-18,2026-04-30,Standard
M10496,Netbanking,1.7,2026-05-01,,Growth
M10496,Wallet,1.9,2024-04-18,2026-04-30,Standard
M10496,Wallet,1.8,2026-05-01,,Growth
M10497,UPI,0.0,2024-04-18,,Standard
M10497,Credit card,2.0,2024-04-18,,Standard
M10497,Debit card,0.9,2024-04-18,,Standard
M10497,Netbanking,1.8,2024-04-18,,Standard
M10497,Wallet,1.9,2024-04-18,,Standard
M10498,UPI,0.0,2024-04-19,2026-04-30,Standard
M10498,UPI,0.0,2026-05-01,,Growth
M10498,Credit card,2.0,2024-04-19,2026-04-30,Standard
M10498,Credit card,1.9,2026-05-01,,Growth
M10498,Debit card,0.9,2024-04-19,2026-04-30,Standard
M10498,Debit card,0.8,2026-05-01,,Growth
M10498,Netbanking,1.8,2024-04-19,2026-04-30,Standard
M10498,Netbanking,1.7,2026-05-01,,Growth
M10498,Wallet,1.9,2024-04-19,2026-04-30,Standard
M10498,Wallet,1.8,2026-05-01,,Growth
M10499,UPI,0.0,2024-04-20,,Standard
M10499,Credit card,2.0,2024-04-20,,Standard
M10499,Debit card,0.9,2024-04-20,,Standard
M10499,Netbanking,1.8,2024-04-20,,Standard
M10499,Wallet,1.9,2024-04-20,,Standard
M10500,UPI,0.0,2024-04-20,2026-04-30,Standard
M10500,UPI,0.0,2026-05-01,,Growth
M10500,Credit card,2.0,2024-04-20,2026-04-30,Standard
M10500,Credit card,1.9,2026-05-01,,Growth
M10500,Debit card,0.9,2024-04-20,2026-04-30,Standard
M10500,Debit card,0.8,2026-05-01,,Growth
M10500,Netbanking,1.8,2024-04-20,2026-04-30,Standard
M10500,Netbanking,1.7,2026-05-01,,Growth
M10500,Wallet,1.9,2024-04-20,2026-04-30,Standard
M10500,Wallet,1.8,2026-05-01,,Growth
M10501,UPI,0.0,2024-04-20,,Standard
M10501,Credit card,2.0,2024-04-20,,Standard
M10501,Debit card,0.9,2024-04-20,,Standard
M10501,Netbanking,1.8,2024-04-20,,Standard
M10501,Wallet,1.9,2024-04-20,,Standard
M10502,UPI,0.0,2024-04-21,,Standard
M10502,Credit card,2.0,2024-04-21,,Standard
M10502,Debit card,0.9,2024-04-21,,Standard
M10502,Netbanking,1.8,2024-04-21,,Standard
M10502,Wallet,1.9,2024-04-21,,Standard
M10503,UPI,0.0,2024-04-21,,Standard
M10503,Credit card,2.0,2024-04-21,,Standard
M10503,Debit card,0.9,2024-04-21,,Standard
M10503,Netbanking,1.8,2024-04-21,,Standard
M10503,Wallet,1.9,2024-04-21,,Standard
M10504,UPI,0.0,2024-04-21,,Standard
M10504,Credit card,2.0,2024-04-21,,Standard
M10504,Debit card,0.9,2024-04-21,,Standard
M10504,Netbanking,1.8,2024-04-21,,Standard
M10504,Wallet,1.9,2024-04-21,,Standard
M10505,UPI,0.0,2024-04-22,,Standard
M10505,Credit card,2.0,2024-04-22,,Standard
M10505,Debit card,0.9,2024-04-22,,Standard
M10505,Netbanking,1.8,2024-04-22,,Standard
M10505,Wallet,1.9,2024-04-22,,Standard
M10506,UPI,0.0,2024-04-22,,Standard
M10506,Credit card,2.0,2024-04-22,,Standard
M10506,Debit card,0.9,2024-04-22,,Standard
M10506,Netbanking,1.8,2024-04-22,,Standard
M10506,Wallet,1.9,2024-04-22,,Standard
M10507,UPI,0.0,2024-04-23,,Standard
M10507,Credit card,2.0,2024-04-23,,Standard
M10507,Debit card,0.9,2024-04-23,,Standard
M10507,Netbanking,1.8,2024-04-23,,Standard
M10507,Wallet,1.9,2024-04-23,,Standard
M10508,UPI,0.0,2024-04-23,,Standard
M10508,Credit card,2.0,2024-04-23,,Standard
M10508,Debit card,0.9,2024-04-23,,Standard
M10508,Netbanking,1.8,2024-04-23,,Standard
M10508,Wallet,1.9,2024-04-23,,Standard
M10509,UPI,0.0,2024-04-23,,Standard
M10509,Credit card,2.0,2024-04-23,,Standard
M10509,Debit card,0.9,2024-04-23,,Standard
M10509,Netbanking,1.8,2024-04-23,,Standard
M10509,Wallet,1.9,2024-04-23,,Standard
M10510,UPI,0.0,2024-04-23,,Standard
M10510,Credit card,2.0,2024-04-23,,Standard
M10510,Debit card,0.9,2024-04-23,,Standard
M10510,Netbanking,1.8,2024-04-23,,Standard
M10510,Wallet,1.9,2024-04-23,,Standard
M10511,UPI,0.0,2024-04-25,,Standard
M10511,Credit card,2.0,2024-04-25,,Standard
M10511,Debit card,0.9,2024-04-25,,Standard
M10511,Netbanking,1.8,2024-04-25,,Standard
M10511,Wallet,1.9,2024-04-25,,Standard
M10512,UPI,0.0,2024-04-25,,Standard
M10512,Credit card,2.0,2024-04-25,,Standard
M10512,Debit card,0.9,2024-04-25,,Standard
M10512,Netbanking,1.8,2024-04-25,,Standard
M10512,Wallet,1.9,2024-04-25,,Standard
M10513,UPI,0.0,2024-04-26,2026-04-30,Standard
M10513,UPI,0.0,2026-05-01,,Growth
M10513,Credit card,2.0,2024-04-26,2026-04-30,Standard
M10513,Credit card,1.9,2026-05-01,,Growth
M10513,Debit card,0.9,2024-04-26,2026-04-30,Standard
M10513,Debit card,0.8,2026-05-01,,Growth
M10513,Netbanking,1.8,2024-04-26,2026-04-30,Standard
M10513,Netbanking,1.7,2026-05-01,,Growth
M10513,Wallet,1.9,2024-04-26,2026-04-30,Standard
M10513,Wallet,1.8,2026-05-01,,Growth
M10514,UPI,0.0,2024-04-27,,Standard
M10514,Credit card,2.0,2024-04-27,,Standard
M10514,Debit card,0.9,2024-04-27,,Standard
M10514,Netbanking,1.8,2024-04-27,,Standard
M10514,Wallet,1.9,2024-04-27,,Standard
M10515,UPI,0.0,2024-04-27,,Standard
M10515,Credit card,2.0,2024-04-27,,Standard
M10515,Debit card,0.9,2024-04-27,,Standard
M10515,Netbanking,1.8,2024-04-27,,Standard
M10515,Wallet,1.9,2024-04-27,,Standard
M10516,UPI,0.0,2024-04-28,,Standard
M10516,Credit card,2.0,2024-04-28,,Standard
M10516,Debit card,0.9,2024-04-28,,Standard
M10516,Netbanking,1.8,2024-04-28,,Standard
M10516,Wallet,1.9,2024-04-28,,Standard
M10517,UPI,0.0,2024-04-29,,Standard
M10517,Credit card,2.0,2024-04-29,,Standard
M10517,Debit card,0.9,2024-04-29,,Standard
M10517,Netbanking,1.8,2024-04-29,,Standard
M10517,Wallet,1.9,2024-04-29,,Standard
M10518,UPI,0.0,2024-04-29,,Standard
M10518,Credit card,2.0,2024-04-29,,Standard
M10518,Debit card,0.9,2024-04-29,,Standard
M10518,Netbanking,1.8,2024-04-29,,Standard
M10518,Wallet,1.9,2024-04-29,,Standard
M10519,UPI,0.0,2024-04-29,,Standard
M10519,Credit card,2.0,2024-04-29,,Standard
M10519,Debit card,0.9,2024-04-29,,Standard
M10519,Netbanking,1.8,2024-04-29,,Standard
M10519,Wallet,1.9,2024-04-29,,Standard
M10520,UPI,0.0,2024-05-01,2026-04-30,Standard
M10520,UPI,0.0,2026-05-01,,Growth
M10520,Credit card,2.0,2024-05-01,2026-04-30,Standard
M10520,Credit card,1.9,2026-05-01,,Growth
M10520,Debit card,0.9,2024-05-01,2026-04-30,Standard
M10520,Debit card,0.8,2026-05-01,,Growth
M10520,Netbanking,1.8,2024-05-01,2026-04-30,Standard
M10520,Netbanking,1.7,2026-05-01,,Growth
M10520,Wallet,1.9,2024-05-01,2026-04-30,Standard
M10520,Wallet,1.8,2026-05-01,,Growth
M10521,UPI,0.0,2024-05-01,,Standard
M10521,Credit card,2.0,2024-05-01,,Standard
M10521,Debit card,0.9,2024-05-01,,Standard
M10521,Netbanking,1.8,2024-05-01,,Standard
M10521,Wallet,1.9,2024-05-01,,Standard
M10522,UPI,0.0,2024-05-02,,Standard
M10522,Credit card,2.0,2024-05-02,,Standard
M10522,Debit card,0.9,2024-05-02,,Standard
M10522,Netbanking,1.8,2024-05-02,,Standard
M10522,Wallet,1.9,2024-05-02,,Standard
M10523,UPI,0.0,2024-05-02,,Standard
M10523,Credit card,2.0,2024-05-02,,Standard
M10523,Debit card,0.9,2024-05-02,,Standard
M10523,Netbanking,1.8,2024-05-02,,Standard
M10523,Wallet,1.9,2024-05-02,,Standard
M10524,UPI,0.0,2024-05-03,,Standard
M10524,Credit card,2.0,2024-05-03,,Standard
M10524,Debit card,0.9,2024-05-03,,Standard
M10524,Netbanking,1.8,2024-05-03,,Standard
M10524,Wallet,1.9,2024-05-03,,Standard
M10525,UPI,0.0,2024-05-03,,Standard
M10525,Credit card,2.0,2024-05-03,,Standard
M10525,Debit card,0.9,2024-05-03,,Standard
M10525,Netbanking,1.8,2024-05-03,,Standard
M10525,Wallet,1.9,2024-05-03,,Standard
M10526,UPI,0.0,2024-05-03,,Standard
M10526,Credit card,2.0,2024-05-03,,Standard
M10526,Debit card,0.9,2024-05-03,,Standard
M10526,Netbanking,1.8,2024-05-03,,Standard
M10526,Wallet,1.9,2024-05-03,,Standard
M10527,UPI,0.0,2024-05-04,,Standard
M10527,Credit card,2.0,2024-05-04,,Standard
M10527,Debit card,0.9,2024-05-04,,Standard
M10527,Netbanking,1.8,2024-05-04,,Standard
M10527,Wallet,1.9,2024-05-04,,Standard
M10528,UPI,0.0,2024-05-05,,Standard
M10528,Credit card,2.0,2024-05-05,,Standard
M10528,Debit card,0.9,2024-05-05,,Standard
M10528,Netbanking,1.8,2024-05-05,,Standard
M10528,Wallet,1.9,2024-05-05,,Standard
M10529,UPI,0.0,2024-05-06,,Standard
M10529,Credit card,2.0,2024-05-06,,Standard
M10529,Debit card,0.9,2024-05-06,,Standard
M10529,Netbanking,1.8,2024-05-06,,Standard
M10529,Wallet,1.9,2024-05-06,,Standard
M10530,UPI,0.0,2024-05-07,,Standard
M10530,Credit card,2.0,2024-05-07,,Standard
M10530,Debit card,0.9,2024-05-07,,Standard
M10530,Netbanking,1.8,2024-05-07,,Standard
M10530,Wallet,1.9,2024-05-07,,Standard
M10531,UPI,0.0,2024-05-08,,Standard
M10531,Credit card,2.0,2024-05-08,,Standard
M10531,Debit card,0.9,2024-05-08,,Standard
M10531,Netbanking,1.8,2024-05-08,,Standard
M10531,Wallet,1.9,2024-05-08,,Standard
M10532,UPI,0.0,2024-05-08,2026-04-30,Standard
M10532,UPI,0.0,2026-05-01,,Growth
M10532,Credit card,2.0,2024-05-08,2026-04-30,Standard
M10532,Credit card,1.9,2026-05-01,,Growth
M10532,Debit card,0.9,2024-05-08,2026-04-30,Standard
M10532,Debit card,0.8,2026-05-01,,Growth
M10532,Netbanking,1.8,2024-05-08,2026-04-30,Standard
M10532,Netbanking,1.7,2026-05-01,,Growth
M10532,Wallet,1.9,2024-05-08,2026-04-30,Standard
M10532,Wallet,1.8,2026-05-01,,Growth
M10533,UPI,0.0,2024-05-08,,Standard
M10533,Credit card,2.0,2024-05-08,,Standard
M10533,Debit card,0.9,2024-05-08,,Standard
M10533,Netbanking,1.8,2024-05-08,,Standard
M10533,Wallet,1.9,2024-05-08,,Standard
M10534,UPI,0.0,2024-05-10,2026-04-30,Standard
M10534,UPI,0.0,2026-05-01,,Growth
M10534,Credit card,2.0,2024-05-10,2026-04-30,Standard
M10534,Credit card,1.9,2026-05-01,,Growth
M10534,Debit card,0.9,2024-05-10,2026-04-30,Standard
M10534,Debit card,0.8,2026-05-01,,Growth
M10534,Netbanking,1.8,2024-05-10,2026-04-30,Standard
M10534,Netbanking,1.7,2026-05-01,,Growth
M10534,Wallet,1.9,2024-05-10,2026-04-30,Standard
M10534,Wallet,1.8,2026-05-01,,Growth
M10535,UPI,0.0,2024-05-10,,Standard
M10535,Credit card,2.0,2024-05-10,,Standard
M10535,Debit card,0.9,2024-05-10,,Standard
M10535,Netbanking,1.8,2024-05-10,,Standard
M10535,Wallet,1.9,2024-05-10,,Standard
M10536,UPI,0.0,2024-05-10,,Standard
M10536,Credit card,2.0,2024-05-10,,Standard
M10536,Debit card,0.9,2024-05-10,,Standard
M10536,Netbanking,1.8,2024-05-10,,Standard
M10536,Wallet,1.9,2024-05-10,,Standard
M10537,UPI,0.0,2024-05-11,,Standard
M10537,Credit card,2.0,2024-05-11,,Standard
M10537,Debit card,0.9,2024-05-11,,Standard
M10537,Netbanking,1.8,2024-05-11,,Standard
M10537,Wallet,1.9,2024-05-11,,Standard
M10538,UPI,0.0,2024-05-12,,Standard
M10538,Credit card,2.0,2024-05-12,,Standard
M10538,Debit card,0.9,2024-05-12,,Standard
M10538,Netbanking,1.8,2024-05-12,,Standard
M10538,Wallet,1.9,2024-05-12,,Standard
M10539,UPI,0.0,2024-05-13,,Standard
M10539,Credit card,2.0,2024-05-13,,Standard
M10539,Debit card,0.9,2024-05-13,,Standard
M10539,Netbanking,1.8,2024-05-13,,Standard
M10539,Wallet,1.9,2024-05-13,,Standard
M10540,UPI,0.0,2024-05-13,,Standard
M10540,Credit card,2.0,2024-05-13,,Standard
M10540,Debit card,0.9,2024-05-13,,Standard
M10540,Netbanking,1.8,2024-05-13,,Standard
M10540,Wallet,1.9,2024-05-13,,Standard
M10541,UPI,0.0,2024-05-13,,Standard
M10541,Credit card,2.0,2024-05-13,,Standard
M10541,Debit card,0.9,2024-05-13,,Standard
M10541,Netbanking,1.8,2024-05-13,,Standard
M10541,Wallet,1.9,2024-05-13,,Standard
M10542,UPI,0.0,2024-05-13,,Standard
M10542,Credit card,2.0,2024-05-13,,Standard
M10542,Debit card,0.9,2024-05-13,,Standard
M10542,Netbanking,1.8,2024-05-13,,Standard
M10542,Wallet,1.9,2024-05-13,,Standard
M10543,UPI,0.0,2024-05-14,,Standard
M10543,Credit card,2.0,2024-05-14,,Standard
M10543,Debit card,0.9,2024-05-14,,Standard
M10543,Netbanking,1.8,2024-05-14,,Standard
M10543,Wallet,1.9,2024-05-14,,Standard
M10544,UPI,0.0,2024-05-14,2026-04-30,Standard
M10544,UPI,0.0,2026-05-01,,Growth
M10544,Credit card,2.0,2024-05-14,2026-04-30,Standard
M10544,Credit card,1.9,2026-05-01,,Growth
M10544,Debit card,0.9,2024-05-14,2026-04-30,Standard
M10544,Debit card,0.8,2026-05-01,,Growth
M10544,Netbanking,1.8,2024-05-14,2026-04-30,Standard
M10544,Netbanking,1.7,2026-05-01,,Growth
M10544,Wallet,1.9,2024-05-14,2026-04-30,Standard
M10544,Wallet,1.8,2026-05-01,,Growth
M10545,UPI,0.0,2024-05-15,,Standard
M10545,Credit card,2.0,2024-05-15,,Standard
M10545,Debit card,0.9,2024-05-15,,Standard
M10545,Netbanking,1.8,2024-05-15,,Standard
M10545,Wallet,1.9,2024-05-15,,Standard
M10546,UPI,0.0,2024-05-15,2026-04-30,Standard
M10546,UPI,0.0,2026-05-01,,Growth
M10546,Credit card,2.0,2024-05-15,2026-04-30,Standard
M10546,Credit card,1.9,2026-05-01,,Growth
M10546,Debit card,0.9,2024-05-15,2026-04-30,Standard
M10546,Debit card,0.8,2026-05-01,,Growth
M10546,Netbanking,1.8,2024-05-15,2026-04-30,Standard
M10546,Netbanking,1.7,2026-05-01,,Growth
M10546,Wallet,1.9,2024-05-15,2026-04-30,Standard
M10546,Wallet,1.8,2026-05-01,,Growth
M10547,UPI,0.0,2024-05-17,,Standard
M10547,Credit card,2.0,2024-05-17,,Standard
M10547,Debit card,0.9,2024-05-17,,Standard
M10547,Netbanking,1.8,2024-05-17,,Standard
M10547,Wallet,1.9,2024-05-17,,Standard
M10548,UPI,0.0,2024-05-18,,Standard
M10548,Credit card,2.0,2024-05-18,,Standard
M10548,Debit card,0.9,2024-05-18,,Standard
M10548,Netbanking,1.8,2024-05-18,,Standard
M10548,Wallet,1.9,2024-05-18,,Standard
M10549,UPI,0.0,2024-05-18,,Standard
M10549,Credit card,2.0,2024-05-18,,Standard
M10549,Debit card,0.9,2024-05-18,,Standard
M10549,Netbanking,1.8,2024-05-18,,Standard
M10549,Wallet,1.9,2024-05-18,,Standard
M10550,UPI,0.0,2024-05-19,,Standard
M10550,Credit card,2.0,2024-05-19,,Standard
M10550,Debit card,0.9,2024-05-19,,Standard
M10550,Netbanking,1.8,2024-05-19,,Standard
M10550,Wallet,1.9,2024-05-19,,Standard
M10551,UPI,0.0,2024-05-19,,Standard
M10551,Credit card,2.0,2024-05-19,,Standard
M10551,Debit card,0.9,2024-05-19,,Standard
M10551,Netbanking,1.8,2024-05-19,,Standard
M10551,Wallet,1.9,2024-05-19,,Standard
M10552,UPI,0.0,2024-05-20,,Standard
M10552,Credit card,2.0,2024-05-20,,Standard
M10552,Debit card,0.9,2024-05-20,,Standard
M10552,Netbanking,1.8,2024-05-20,,Standard
M10552,Wallet,1.9,2024-05-20,,Standard
M10553,UPI,0.0,2024-05-21,,Standard
M10553,Credit card,2.0,2024-05-21,,Standard
M10553,Debit card,0.9,2024-05-21,,Standard
M10553,Netbanking,1.8,2024-05-21,,Standard
M10553,Wallet,1.9,2024-05-21,,Standard
M10554,UPI,0.0,2024-05-21,2026-04-30,Standard
M10554,UPI,0.0,2026-05-01,,Growth
M10554,Credit card,2.0,2024-05-21,2026-04-30,Standard
M10554,Credit card,1.9,2026-05-01,,Growth
M10554,Debit card,0.9,2024-05-21,2026-04-30,Standard
M10554,Debit card,0.8,2026-05-01,,Growth
M10554,Netbanking,1.8,2024-05-21,2026-04-30,Standard
M10554,Netbanking,1.7,2026-05-01,,Growth
M10554,Wallet,1.9,2024-05-21,2026-04-30,Standard
M10554,Wallet,1.8,2026-05-01,,Growth
M10555,UPI,0.0,2024-05-22,,Standard
M10555,Credit card,2.0,2024-05-22,,Standard
M10555,Debit card,0.9,2024-05-22,,Standard
M10555,Netbanking,1.8,2024-05-22,,Standard
M10555,Wallet,1.9,2024-05-22,,Standard
M10556,UPI,0.0,2024-05-22,,Standard
M10556,Credit card,2.0,2024-05-22,,Standard
M10556,Debit card,0.9,2024-05-22,,Standard
M10556,Netbanking,1.8,2024-05-22,,Standard
M10556,Wallet,1.9,2024-05-22,,Standard
M10557,UPI,0.0,2024-05-23,2026-04-30,Standard
M10557,UPI,0.0,2026-05-01,,Growth
M10557,Credit card,2.0,2024-05-23,2026-04-30,Standard
M10557,Credit card,1.9,2026-05-01,,Growth
M10557,Debit card,0.9,2024-05-23,2026-04-30,Standard
M10557,Debit card,0.8,2026-05-01,,Growth
M10557,Netbanking,1.8,2024-05-23,2026-04-30,Standard
M10557,Netbanking,1.7,2026-05-01,,Growth
M10557,Wallet,1.9,2024-05-23,2026-04-30,Standard
M10557,Wallet,1.8,2026-05-01,,Growth
M10558,UPI,0.0,2024-05-24,2026-04-30,Standard
M10558,UPI,0.0,2026-05-01,,Growth
M10558,Credit card,2.0,2024-05-24,2026-04-30,Standard
M10558,Credit card,1.9,2026-05-01,,Growth
M10558,Debit card,0.9,2024-05-24,2026-04-30,Standard
M10558,Debit card,0.8,2026-05-01,,Growth
M10558,Netbanking,1.8,2024-05-24,2026-04-30,Standard
M10558,Netbanking,1.7,2026-05-01,,Growth
M10558,Wallet,1.9,2024-05-24,2026-04-30,Standard
M10558,Wallet,1.8,2026-05-01,,Growth
M10559,UPI,0.0,2024-05-25,,Standard
M10559,Credit card,2.0,2024-05-25,,Standard
M10559,Debit card,0.9,2024-05-25,,Standard
M10559,Netbanking,1.8,2024-05-25,,Standard
M10559,Wallet,1.9,2024-05-25,,Standard
M10560,UPI,0.0,2024-05-25,,Standard
M10560,Credit card,2.0,2024-05-25,,Standard
M10560,Debit card,0.9,2024-05-25,,Standard
M10560,Netbanking,1.8,2024-05-25,,Standard
M10560,Wallet,1.9,2024-05-25,,Standard
M10561,UPI,0.0,2024-05-25,,Standard
M10561,Credit card,2.0,2024-05-25,,Standard
M10561,Debit card,0.9,2024-05-25,,Standard
M10561,Netbanking,1.8,2024-05-25,,Standard
M10561,Wallet,1.9,2024-05-25,,Standard
M10562,UPI,0.0,2024-05-25,2026-04-30,Standard
M10562,UPI,0.0,2026-05-01,,Growth
M10562,Credit card,2.0,2024-05-25,2026-04-30,Standard
M10562,Credit card,1.9,2026-05-01,,Growth
M10562,Debit card,0.9,2024-05-25,2026-04-30,Standard
M10562,Debit card,0.8,2026-05-01,,Growth
M10562,Netbanking,1.8,2024-05-25,2026-04-30,Standard
M10562,Netbanking,1.7,2026-05-01,,Growth
M10562,Wallet,1.9,2024-05-25,2026-04-30,Standard
M10562,Wallet,1.8,2026-05-01,,Growth
M10563,UPI,0.0,2024-05-26,,Standard
M10563,Credit card,2.0,2024-05-26,,Standard
M10563,Debit card,0.9,2024-05-26,,Standard
M10563,Netbanking,1.8,2024-05-26,,Standard
M10563,Wallet,1.9,2024-05-26,,Standard
M10564,UPI,0.0,2024-05-27,,Standard
M10564,Credit card,2.0,2024-05-27,,Standard
M10564,Debit card,0.9,2024-05-27,,Standard
M10564,Netbanking,1.8,2024-05-27,,Standard
M10564,Wallet,1.9,2024-05-27,,Standard
M10565,UPI,0.0,2024-05-28,2026-04-30,Standard
M10565,UPI,0.0,2026-05-01,,Growth
M10565,Credit card,2.0,2024-05-28,2026-04-30,Standard
M10565,Credit card,1.9,2026-05-01,,Growth
M10565,Debit card,0.9,2024-05-28,2026-04-30,Standard
M10565,Debit card,0.8,2026-05-01,,Growth
M10565,Netbanking,1.8,2024-05-28,2026-04-30,Standard
M10565,Netbanking,1.7,2026-05-01,,Growth
M10565,Wallet,1.9,2024-05-28,2026-04-30,Standard
M10565,Wallet,1.8,2026-05-01,,Growth
M10566,UPI,0.0,2024-05-28,,Standard
M10566,Credit card,2.0,2024-05-28,,Standard
M10566,Debit card,0.9,2024-05-28,,Standard
M10566,Netbanking,1.8,2024-05-28,,Standard
M10566,Wallet,1.9,2024-05-28,,Standard
M10567,UPI,0.0,2024-05-28,,Enterprise
M10567,Credit card,1.6,2024-05-28,,Enterprise
M10567,Debit card,0.7,2024-05-28,,Enterprise
M10567,Netbanking,1.4,2024-05-28,,Enterprise
M10567,Wallet,1.5,2024-05-28,,Enterprise
M10568,UPI,0.0,2024-05-30,2026-04-30,Standard
M10568,UPI,0.0,2026-05-01,,Growth
M10568,Credit card,2.0,2024-05-30,2026-04-30,Standard
M10568,Credit card,1.9,2026-05-01,,Growth
M10568,Debit card,0.9,2024-05-30,2026-04-30,Standard
M10568,Debit card,0.8,2026-05-01,,Growth
M10568,Netbanking,1.8,2024-05-30,2026-04-30,Standard
M10568,Netbanking,1.7,2026-05-01,,Growth
M10568,Wallet,1.9,2024-05-30,2026-04-30,Standard
M10568,Wallet,1.8,2026-05-01,,Growth
M10569,UPI,0.0,2024-05-30,,Standard
M10569,Credit card,2.0,2024-05-30,,Standard
M10569,Debit card,0.9,2024-05-30,,Standard
M10569,Netbanking,1.8,2024-05-30,,Standard
M10569,Wallet,1.9,2024-05-30,,Standard
M10570,UPI,0.0,2024-05-31,,Standard
M10570,Credit card,2.0,2024-05-31,,Standard
M10570,Debit card,0.9,2024-05-31,,Standard
M10570,Netbanking,1.8,2024-05-31,,Standard
M10570,Wallet,1.9,2024-05-31,,Standard
M10571,UPI,0.0,2024-06-02,,Standard
M10571,Credit card,2.0,2024-06-02,,Standard
M10571,Debit card,0.9,2024-06-02,,Standard
M10571,Netbanking,1.8,2024-06-02,,Standard
M10571,Wallet,1.9,2024-06-02,,Standard
M10572,UPI,0.0,2024-06-02,,Standard
M10572,Credit card,2.0,2024-06-02,,Standard
M10572,Debit card,0.9,2024-06-02,,Standard
M10572,Netbanking,1.8,2024-06-02,,Standard
M10572,Wallet,1.9,2024-06-02,,Standard
M10573,UPI,0.0,2024-06-02,,Standard
M10573,Credit card,2.0,2024-06-02,,Standard
M10573,Debit card,0.9,2024-06-02,,Standard
M10573,Netbanking,1.8,2024-06-02,,Standard
M10573,Wallet,1.9,2024-06-02,,Standard
M10574,UPI,0.0,2024-06-03,,Enterprise
M10574,Credit card,1.54,2024-06-03,,Enterprise
M10574,Debit card,0.64,2024-06-03,,Enterprise
M10574,Netbanking,1.34,2024-06-03,,Enterprise
M10574,Wallet,1.44,2024-06-03,,Enterprise
M10575,UPI,0.0,2024-06-05,2026-04-30,Standard
M10575,UPI,0.0,2026-05-01,,Growth
M10575,Credit card,2.0,2024-06-05,2026-04-30,Standard
M10575,Credit card,1.9,2026-05-01,,Growth
M10575,Debit card,0.9,2024-06-05,2026-04-30,Standard
M10575,Debit card,0.8,2026-05-01,,Growth
M10575,Netbanking,1.8,2024-06-05,2026-04-30,Standard
M10575,Netbanking,1.7,2026-05-01,,Growth
M10575,Wallet,1.9,2024-06-05,2026-04-30,Standard
M10575,Wallet,1.8,2026-05-01,,Growth
M10576,UPI,0.0,2024-06-06,2026-04-30,Standard
M10576,UPI,0.0,2026-05-01,,Growth
M10576,Credit card,2.0,2024-06-06,2026-04-30,Standard
M10576,Credit card,1.9,2026-05-01,,Growth
M10576,Debit card,0.9,2024-06-06,2026-04-30,Standard
M10576,Debit card,0.8,2026-05-01,,Growth
M10576,Netbanking,1.8,2024-06-06,2026-04-30,Standard
M10576,Netbanking,1.7,2026-05-01,,Growth
M10576,Wallet,1.9,2024-06-06,2026-04-30,Standard
M10576,Wallet,1.8,2026-05-01,,Growth
M10577,UPI,0.0,2024-06-06,,Enterprise
M10577,Credit card,1.56,2024-06-06,,Enterprise
M10577,Debit card,0.66,2024-06-06,,Enterprise
M10577,Netbanking,1.36,2024-06-06,,Enterprise
M10577,Wallet,1.46,2024-06-06,,Enterprise
M10578,UPI,0.0,2024-06-07,,Standard
M10578,Credit card,2.0,2024-06-07,,Standard
M10578,Debit card,0.9,2024-06-07,,Standard
M10578,Netbanking,1.8,2024-06-07,,Standard
M10578,Wallet,1.9,2024-06-07,,Standard
M10579,UPI,0.0,2024-06-08,,Standard
M10579,Credit card,2.0,2024-06-08,,Standard
M10579,Debit card,0.9,2024-06-08,,Standard
M10579,Netbanking,1.8,2024-06-08,,Standard
M10579,Wallet,1.9,2024-06-08,,Standard
M10580,UPI,0.0,2024-06-08,,Standard
M10580,Credit card,2.0,2024-06-08,,Standard
M10580,Debit card,0.9,2024-06-08,,Standard
M10580,Netbanking,1.8,2024-06-08,,Standard
M10580,Wallet,1.9,2024-06-08,,Standard
M10581,UPI,0.0,2024-06-09,,Standard
M10581,Credit card,2.0,2024-06-09,,Standard
M10581,Debit card,0.9,2024-06-09,,Standard
M10581,Netbanking,1.8,2024-06-09,,Standard
M10581,Wallet,1.9,2024-06-09,,Standard
M10582,UPI,0.0,2024-06-10,,Standard
M10582,Credit card,2.0,2024-06-10,,Standard
M10582,Debit card,0.9,2024-06-10,,Standard
M10582,Netbanking,1.8,2024-06-10,,Standard
M10582,Wallet,1.9,2024-06-10,,Standard
M10583,UPI,0.0,2024-06-12,,Standard
M10583,Credit card,2.0,2024-06-12,,Standard
M10583,Debit card,0.9,2024-06-12,,Standard
M10583,Netbanking,1.8,2024-06-12,,Standard
M10583,Wallet,1.9,2024-06-12,,Standard
M10584,UPI,0.0,2024-06-12,2026-04-30,Standard
M10584,UPI,0.0,2026-05-01,,Growth
M10584,Credit card,2.0,2024-06-12,2026-04-30,Standard
M10584,Credit card,1.9,2026-05-01,,Growth
M10584,Debit card,0.9,2024-06-12,2026-04-30,Standard
M10584,Debit card,0.8,2026-05-01,,Growth
M10584,Netbanking,1.8,2024-06-12,2026-04-30,Standard
M10584,Netbanking,1.7,2026-05-01,,Growth
M10584,Wallet,1.9,2024-06-12,2026-04-30,Standard
M10584,Wallet,1.8,2026-05-01,,Growth
M10585,UPI,0.0,2024-06-12,,Standard
M10585,Credit card,2.0,2024-06-12,,Standard
M10585,Debit card,0.9,2024-06-12,,Standard
M10585,Netbanking,1.8,2024-06-12,,Standard
M10585,Wallet,1.9,2024-06-12,,Standard
M10586,UPI,0.0,2024-06-13,,Standard
M10586,Credit card,2.0,2024-06-13,,Standard
M10586,Debit card,0.9,2024-06-13,,Standard
M10586,Netbanking,1.8,2024-06-13,,Standard
M10586,Wallet,1.9,2024-06-13,,Standard
M10587,UPI,0.0,2024-06-14,,Standard
M10587,Credit card,2.0,2024-06-14,,Standard
M10587,Debit card,0.9,2024-06-14,,Standard
M10587,Netbanking,1.8,2024-06-14,,Standard
M10587,Wallet,1.9,2024-06-14,,Standard
M10588,UPI,0.0,2024-06-15,,Standard
M10588,Credit card,2.0,2024-06-15,,Standard
M10588,Debit card,0.9,2024-06-15,,Standard
M10588,Netbanking,1.8,2024-06-15,,Standard
M10588,Wallet,1.9,2024-06-15,,Standard
M10589,UPI,0.0,2024-06-16,,Standard
M10589,Credit card,2.0,2024-06-16,,Standard
M10589,Debit card,0.9,2024-06-16,,Standard
M10589,Netbanking,1.8,2024-06-16,,Standard
M10589,Wallet,1.9,2024-06-16,,Standard
M10590,UPI,0.0,2024-06-16,,Standard
M10590,Credit card,2.0,2024-06-16,,Standard
M10590,Debit card,0.9,2024-06-16,,Standard
M10590,Netbanking,1.8,2024-06-16,,Standard
M10590,Wallet,1.9,2024-06-16,,Standard
M10591,UPI,0.0,2024-06-17,,Standard
M10591,Credit card,2.0,2024-06-17,,Standard
M10591,Debit card,0.9,2024-06-17,,Standard
M10591,Netbanking,1.8,2024-06-17,,Standard
M10591,Wallet,1.9,2024-06-17,,Standard
M10592,UPI,0.0,2024-06-18,2026-04-30,Standard
M10592,UPI,0.0,2026-05-01,,Growth
M10592,Credit card,2.0,2024-06-18,2026-04-30,Standard
M10592,Credit card,1.9,2026-05-01,,Growth
M10592,Debit card,0.9,2024-06-18,2026-04-30,Standard
M10592,Debit card,0.8,2026-05-01,,Growth
M10592,Netbanking,1.8,2024-06-18,2026-04-30,Standard
M10592,Netbanking,1.7,2026-05-01,,Growth
M10592,Wallet,1.9,2024-06-18,2026-04-30,Standard
M10592,Wallet,1.8,2026-05-01,,Growth
M10593,UPI,0.0,2024-06-18,,Standard
M10593,Credit card,2.0,2024-06-18,,Standard
M10593,Debit card,0.9,2024-06-18,,Standard
M10593,Netbanking,1.8,2024-06-18,,Standard
M10593,Wallet,1.9,2024-06-18,,Standard
M10594,UPI,0.0,2024-06-19,,Standard
M10594,Credit card,2.0,2024-06-19,,Standard
M10594,Debit card,0.9,2024-06-19,,Standard
M10594,Netbanking,1.8,2024-06-19,,Standard
M10594,Wallet,1.9,2024-06-19,,Standard
M10595,UPI,0.0,2024-06-19,,Standard
M10595,Credit card,2.0,2024-06-19,,Standard
M10595,Debit card,0.9,2024-06-19,,Standard
M10595,Netbanking,1.8,2024-06-19,,Standard
M10595,Wallet,1.9,2024-06-19,,Standard
M10596,UPI,0.0,2024-06-20,,Standard
M10596,Credit card,2.0,2024-06-20,,Standard
M10596,Debit card,0.9,2024-06-20,,Standard
M10596,Netbanking,1.8,2024-06-20,,Standard
M10596,Wallet,1.9,2024-06-20,,Standard
M10597,UPI,0.0,2024-06-20,2026-04-30,Standard
M10597,UPI,0.0,2026-05-01,,Growth
M10597,Credit card,2.0,2024-06-20,2026-04-30,Standard
M10597,Credit card,1.9,2026-05-01,,Growth
M10597,Debit card,0.9,2024-06-20,2026-04-30,Standard
M10597,Debit card,0.8,2026-05-01,,Growth
M10597,Netbanking,1.8,2024-06-20,2026-04-30,Standard
M10597,Netbanking,1.7,2026-05-01,,Growth
M10597,Wallet,1.9,2024-06-20,2026-04-30,Standard
M10597,Wallet,1.8,2026-05-01,,Growth
M10598,UPI,0.0,2024-06-21,,Standard
M10598,Credit card,2.0,2024-06-21,,Standard
M10598,Debit card,0.9,2024-06-21,,Standard
M10598,Netbanking,1.8,2024-06-21,,Standard
M10598,Wallet,1.9,2024-06-21,,Standard
M10599,UPI,0.0,2024-06-21,,Standard
M10599,Credit card,2.0,2024-06-21,,Standard
M10599,Debit card,0.9,2024-06-21,,Standard
M10599,Netbanking,1.8,2024-06-21,,Standard
M10599,Wallet,1.9,2024-06-21,,Standard
M10600,UPI,0.0,2024-06-22,,Standard
M10600,Credit card,2.0,2024-06-22,,Standard
M10600,Debit card,0.9,2024-06-22,,Standard
M10600,Netbanking,1.8,2024-06-22,,Standard
M10600,Wallet,1.9,2024-06-22,,Standard
M10601,UPI,0.0,2024-06-24,,Standard
M10601,Credit card,2.0,2024-06-24,,Standard
M10601,Debit card,0.9,2024-06-24,,Standard
M10601,Netbanking,1.8,2024-06-24,,Standard
M10601,Wallet,1.9,2024-06-24,,Standard
M10602,UPI,0.0,2024-06-25,,Standard
M10602,Credit card,2.0,2024-06-25,,Standard
M10602,Debit card,0.9,2024-06-25,,Standard
M10602,Netbanking,1.8,2024-06-25,,Standard
M10602,Wallet,1.9,2024-06-25,,Standard
M10603,UPI,0.0,2024-06-25,,Standard
M10603,Credit card,2.0,2024-06-25,,Standard
M10603,Debit card,0.9,2024-06-25,,Standard
M10603,Netbanking,1.8,2024-06-25,,Standard
M10603,Wallet,1.9,2024-06-25,,Standard
M10604,UPI,0.0,2024-06-28,,Standard
M10604,Credit card,2.0,2024-06-28,,Standard
M10604,Debit card,0.9,2024-06-28,,Standard
M10604,Netbanking,1.8,2024-06-28,,Standard
M10604,Wallet,1.9,2024-06-28,,Standard
M10605,UPI,0.0,2024-06-29,,Standard
M10605,Credit card,2.0,2024-06-29,,Standard
M10605,Debit card,0.9,2024-06-29,,Standard
M10605,Netbanking,1.8,2024-06-29,,Standard
M10605,Wallet,1.9,2024-06-29,,Standard
M10606,UPI,0.0,2024-06-29,2026-04-30,Standard
M10606,UPI,0.0,2026-05-01,,Growth
M10606,Credit card,2.0,2024-06-29,2026-04-30,Standard
M10606,Credit card,1.9,2026-05-01,,Growth
M10606,Debit card,0.9,2024-06-29,2026-04-30,Standard
M10606,Debit card,0.8,2026-05-01,,Growth
M10606,Netbanking,1.8,2024-06-29,2026-04-30,Standard
M10606,Netbanking,1.7,2026-05-01,,Growth
M10606,Wallet,1.9,2024-06-29,2026-04-30,Standard
M10606,Wallet,1.8,2026-05-01,,Growth
M10607,UPI,0.0,2024-06-29,,Standard
M10607,Credit card,2.0,2024-06-29,,Standard
M10607,Debit card,0.9,2024-06-29,,Standard
M10607,Netbanking,1.8,2024-06-29,,Standard
M10607,Wallet,1.9,2024-06-29,,Standard
M10608,UPI,0.0,2024-06-29,,Standard
M10608,Credit card,2.0,2024-06-29,,Standard
M10608,Debit card,0.9,2024-06-29,,Standard
M10608,Netbanking,1.8,2024-06-29,,Standard
M10608,Wallet,1.9,2024-06-29,,Standard
M10609,UPI,0.0,2024-07-01,,Standard
M10609,Credit card,2.0,2024-07-01,,Standard
M10609,Debit card,0.9,2024-07-01,,Standard
M10609,Netbanking,1.8,2024-07-01,,Standard
M10609,Wallet,1.9,2024-07-01,,Standard
M10610,UPI,0.0,2024-07-02,,Standard
M10610,Credit card,2.0,2024-07-02,,Standard
M10610,Debit card,0.9,2024-07-02,,Standard
M10610,Netbanking,1.8,2024-07-02,,Standard
M10610,Wallet,1.9,2024-07-02,,Standard
M10611,UPI,0.0,2024-07-03,,Standard
M10611,Credit card,2.0,2024-07-03,,Standard
M10611,Debit card,0.9,2024-07-03,,Standard
M10611,Netbanking,1.8,2024-07-03,,Standard
M10611,Wallet,1.9,2024-07-03,,Standard
M10612,UPI,0.0,2024-07-03,,Standard
M10612,Credit card,2.0,2024-07-03,,Standard
M10612,Debit card,0.9,2024-07-03,,Standard
M10612,Netbanking,1.8,2024-07-03,,Standard
M10612,Wallet,1.9,2024-07-03,,Standard
M10613,UPI,0.0,2024-07-04,2026-04-30,Standard
M10613,UPI,0.0,2026-05-01,,Growth
M10613,Credit card,2.0,2024-07-04,2026-04-30,Standard
M10613,Credit card,1.9,2026-05-01,,Growth
M10613,Debit card,0.9,2024-07-04,2026-04-30,Standard
M10613,Debit card,0.8,2026-05-01,,Growth
M10613,Netbanking,1.8,2024-07-04,2026-04-30,Standard
M10613,Netbanking,1.7,2026-05-01,,Growth
M10613,Wallet,1.9,2024-07-04,2026-04-30,Standard
M10613,Wallet,1.8,2026-05-01,,Growth
M10614,UPI,0.0,2024-07-05,,Standard
M10614,Credit card,2.0,2024-07-05,,Standard
M10614,Debit card,0.9,2024-07-05,,Standard
M10614,Netbanking,1.8,2024-07-05,,Standard
M10614,Wallet,1.9,2024-07-05,,Standard
M10615,UPI,0.0,2024-07-05,2026-04-30,Standard
M10615,UPI,0.0,2026-05-01,,Growth
M10615,Credit card,2.0,2024-07-05,2026-04-30,Standard
M10615,Credit card,1.9,2026-05-01,,Growth
M10615,Debit card,0.9,2024-07-05,2026-04-30,Standard
M10615,Debit card,0.8,2026-05-01,,Growth
M10615,Netbanking,1.8,2024-07-05,2026-04-30,Standard
M10615,Netbanking,1.7,2026-05-01,,Growth
M10615,Wallet,1.9,2024-07-05,2026-04-30,Standard
M10615,Wallet,1.8,2026-05-01,,Growth
M10616,UPI,0.0,2024-07-06,,Standard
M10616,Credit card,2.0,2024-07-06,,Standard
M10616,Debit card,0.9,2024-07-06,,Standard
M10616,Netbanking,1.8,2024-07-06,,Standard
M10616,Wallet,1.9,2024-07-06,,Standard
M10617,UPI,0.0,2024-07-07,,Standard
M10617,Credit card,2.0,2024-07-07,,Standard
M10617,Debit card,0.9,2024-07-07,,Standard
M10617,Netbanking,1.8,2024-07-07,,Standard
M10617,Wallet,1.9,2024-07-07,,Standard
M10618,UPI,0.0,2024-07-07,,Standard
M10618,Credit card,2.0,2024-07-07,,Standard
M10618,Debit card,0.9,2024-07-07,,Standard
M10618,Netbanking,1.8,2024-07-07,,Standard
M10618,Wallet,1.9,2024-07-07,,Standard
M10619,UPI,0.0,2024-07-08,,Standard
M10619,Credit card,2.0,2024-07-08,,Standard
M10619,Debit card,0.9,2024-07-08,,Standard
M10619,Netbanking,1.8,2024-07-08,,Standard
M10619,Wallet,1.9,2024-07-08,,Standard
M10620,UPI,0.0,2024-07-08,,Standard
M10620,Credit card,2.0,2024-07-08,,Standard
M10620,Debit card,0.9,2024-07-08,,Standard
M10620,Netbanking,1.8,2024-07-08,,Standard
M10620,Wallet,1.9,2024-07-08,,Standard
M10621,UPI,0.0,2024-07-09,,Standard
M10621,Credit card,2.0,2024-07-09,,Standard
M10621,Debit card,0.9,2024-07-09,,Standard
M10621,Netbanking,1.8,2024-07-09,,Standard
M10621,Wallet,1.9,2024-07-09,,Standard
M10622,UPI,0.0,2024-07-10,2026-04-30,Standard
M10622,UPI,0.0,2026-05-01,,Growth
M10622,Credit card,2.0,2024-07-10,2026-04-30,Standard
M10622,Credit card,1.9,2026-05-01,,Growth
M10622,Debit card,0.9,2024-07-10,2026-04-30,Standard
M10622,Debit card,0.8,2026-05-01,,Growth
M10622,Netbanking,1.8,2024-07-10,2026-04-30,Standard
M10622,Netbanking,1.7,2026-05-01,,Growth
M10622,Wallet,1.9,2024-07-10,2026-04-30,Standard
M10622,Wallet,1.8,2026-05-01,,Growth
M10623,UPI,0.0,2024-07-11,,Standard
M10623,Credit card,2.0,2024-07-11,,Standard
M10623,Debit card,0.9,2024-07-11,,Standard
M10623,Netbanking,1.8,2024-07-11,,Standard
M10623,Wallet,1.9,2024-07-11,,Standard
M10624,UPI,0.0,2024-07-11,2026-04-30,Standard
M10624,UPI,0.0,2026-05-01,,Growth
M10624,Credit card,2.0,2024-07-11,2026-04-30,Standard
M10624,Credit card,1.9,2026-05-01,,Growth
M10624,Debit card,0.9,2024-07-11,2026-04-30,Standard
M10624,Debit card,0.8,2026-05-01,,Growth
M10624,Netbanking,1.8,2024-07-11,2026-04-30,Standard
M10624,Netbanking,1.7,2026-05-01,,Growth
M10624,Wallet,1.9,2024-07-11,2026-04-30,Standard
M10624,Wallet,1.8,2026-05-01,,Growth
M10625,UPI,0.0,2024-07-11,,Standard
M10625,Credit card,2.0,2024-07-11,,Standard
M10625,Debit card,0.9,2024-07-11,,Standard
M10625,Netbanking,1.8,2024-07-11,,Standard
M10625,Wallet,1.9,2024-07-11,,Standard
M10626,UPI,0.0,2024-07-13,,Standard
M10626,Credit card,2.0,2024-07-13,,Standard
M10626,Debit card,0.9,2024-07-13,,Standard
M10626,Netbanking,1.8,2024-07-13,,Standard
M10626,Wallet,1.9,2024-07-13,,Standard
M10627,UPI,0.0,2024-07-14,2026-04-30,Standard
M10627,UPI,0.0,2026-05-01,,Growth
M10627,Credit card,2.0,2024-07-14,2026-04-30,Standard
M10627,Credit card,1.9,2026-05-01,,Growth
M10627,Debit card,0.9,2024-07-14,2026-04-30,Standard
M10627,Debit card,0.8,2026-05-01,,Growth
M10627,Netbanking,1.8,2024-07-14,2026-04-30,Standard
M10627,Netbanking,1.7,2026-05-01,,Growth
M10627,Wallet,1.9,2024-07-14,2026-04-30,Standard
M10627,Wallet,1.8,2026-05-01,,Growth
M10628,UPI,0.0,2024-07-15,,Standard
M10628,Credit card,2.0,2024-07-15,,Standard
M10628,Debit card,0.9,2024-07-15,,Standard
M10628,Netbanking,1.8,2024-07-15,,Standard
M10628,Wallet,1.9,2024-07-15,,Standard
M10629,UPI,0.0,2024-07-15,,Standard
M10629,Credit card,2.0,2024-07-15,,Standard
M10629,Debit card,0.9,2024-07-15,,Standard
M10629,Netbanking,1.8,2024-07-15,,Standard
M10629,Wallet,1.9,2024-07-15,,Standard
M10630,UPI,0.0,2024-07-16,,Standard
M10630,Credit card,2.0,2024-07-16,,Standard
M10630,Debit card,0.9,2024-07-16,,Standard
M10630,Netbanking,1.8,2024-07-16,,Standard
M10630,Wallet,1.9,2024-07-16,,Standard
M10631,UPI,0.0,2024-07-19,2026-04-30,Standard
M10631,UPI,0.0,2026-05-01,,Growth
M10631,Credit card,2.0,2024-07-19,2026-04-30,Standard
M10631,Credit card,1.9,2026-05-01,,Growth
M10631,Debit card,0.9,2024-07-19,2026-04-30,Standard
M10631,Debit card,0.8,2026-05-01,,Growth
M10631,Netbanking,1.8,2024-07-19,2026-04-30,Standard
M10631,Netbanking,1.7,2026-05-01,,Growth
M10631,Wallet,1.9,2024-07-19,2026-04-30,Standard
M10631,Wallet,1.8,2026-05-01,,Growth
M10632,UPI,0.0,2024-07-21,,Standard
M10632,Credit card,2.0,2024-07-21,,Standard
M10632,Debit card,0.9,2024-07-21,,Standard
M10632,Netbanking,1.8,2024-07-21,,Standard
M10632,Wallet,1.9,2024-07-21,,Standard
M10633,UPI,0.0,2024-07-21,,Standard
M10633,Credit card,2.0,2024-07-21,,Standard
M10633,Debit card,0.9,2024-07-21,,Standard
M10633,Netbanking,1.8,2024-07-21,,Standard
M10633,Wallet,1.9,2024-07-21,,Standard
M10634,UPI,0.0,2024-07-23,2026-04-30,Standard
M10634,UPI,0.0,2026-05-01,,Growth
M10634,Credit card,2.0,2024-07-23,2026-04-30,Standard
M10634,Credit card,1.9,2026-05-01,,Growth
M10634,Debit card,0.9,2024-07-23,2026-04-30,Standard
M10634,Debit card,0.8,2026-05-01,,Growth
M10634,Netbanking,1.8,2024-07-23,2026-04-30,Standard
M10634,Netbanking,1.7,2026-05-01,,Growth
M10634,Wallet,1.9,2024-07-23,2026-04-30,Standard
M10634,Wallet,1.8,2026-05-01,,Growth
M10635,UPI,0.0,2024-07-23,,Standard
M10635,Credit card,2.0,2024-07-23,,Standard
M10635,Debit card,0.9,2024-07-23,,Standard
M10635,Netbanking,1.8,2024-07-23,,Standard
M10635,Wallet,1.9,2024-07-23,,Standard
M10636,UPI,0.0,2024-07-23,,Standard
M10636,Credit card,2.0,2024-07-23,,Standard
M10636,Debit card,0.9,2024-07-23,,Standard
M10636,Netbanking,1.8,2024-07-23,,Standard
M10636,Wallet,1.9,2024-07-23,,Standard
M10637,UPI,0.0,2024-07-23,,Standard
M10637,Credit card,2.0,2024-07-23,,Standard
M10637,Debit card,0.9,2024-07-23,,Standard
M10637,Netbanking,1.8,2024-07-23,,Standard
M10637,Wallet,1.9,2024-07-23,,Standard
M10638,UPI,0.0,2024-07-24,,Standard
M10638,Credit card,2.0,2024-07-24,,Standard
M10638,Debit card,0.9,2024-07-24,,Standard
M10638,Netbanking,1.8,2024-07-24,,Standard
M10638,Wallet,1.9,2024-07-24,,Standard
M10639,UPI,0.0,2024-07-25,,Standard
M10639,Credit card,2.0,2024-07-25,,Standard
M10639,Debit card,0.9,2024-07-25,,Standard
M10639,Netbanking,1.8,2024-07-25,,Standard
M10639,Wallet,1.9,2024-07-25,,Standard
M10640,UPI,0.0,2024-07-27,,Standard
M10640,Credit card,2.0,2024-07-27,,Standard
M10640,Debit card,0.9,2024-07-27,,Standard
M10640,Netbanking,1.8,2024-07-27,,Standard
M10640,Wallet,1.9,2024-07-27,,Standard
M10641,UPI,0.0,2024-07-29,2026-04-30,Standard
M10641,UPI,0.0,2026-05-01,,Growth
M10641,Credit card,2.0,2024-07-29,2026-04-30,Standard
M10641,Credit card,1.9,2026-05-01,,Growth
M10641,Debit card,0.9,2024-07-29,2026-04-30,Standard
M10641,Debit card,0.8,2026-05-01,,Growth
M10641,Netbanking,1.8,2024-07-29,2026-04-30,Standard
M10641,Netbanking,1.7,2026-05-01,,Growth
M10641,Wallet,1.9,2024-07-29,2026-04-30,Standard
M10641,Wallet,1.8,2026-05-01,,Growth
M10642,UPI,0.0,2024-07-29,2026-04-30,Standard
M10642,UPI,0.0,2026-05-01,,Growth
M10642,Credit card,2.0,2024-07-29,2026-04-30,Standard
M10642,Credit card,1.9,2026-05-01,,Growth
M10642,Debit card,0.9,2024-07-29,2026-04-30,Standard
M10642,Debit card,0.8,2026-05-01,,Growth
M10642,Netbanking,1.8,2024-07-29,2026-04-30,Standard
M10642,Netbanking,1.7,2026-05-01,,Growth
M10642,Wallet,1.9,2024-07-29,2026-04-30,Standard
M10642,Wallet,1.8,2026-05-01,,Growth
M10643,UPI,0.0,2024-07-30,,Standard
M10643,Credit card,2.0,2024-07-30,,Standard
M10643,Debit card,0.9,2024-07-30,,Standard
M10643,Netbanking,1.8,2024-07-30,,Standard
M10643,Wallet,1.9,2024-07-30,,Standard
M10644,UPI,0.0,2024-07-30,,Standard
M10644,Credit card,2.0,2024-07-30,,Standard
M10644,Debit card,0.9,2024-07-30,,Standard
M10644,Netbanking,1.8,2024-07-30,,Standard
M10644,Wallet,1.9,2024-07-30,,Standard
M10645,UPI,0.0,2024-07-31,,Standard
M10645,Credit card,2.0,2024-07-31,,Standard
M10645,Debit card,0.9,2024-07-31,,Standard
M10645,Netbanking,1.8,2024-07-31,,Standard
M10645,Wallet,1.9,2024-07-31,,Standard
M10646,UPI,0.0,2024-08-01,,Standard
M10646,Credit card,2.0,2024-08-01,,Standard
M10646,Debit card,0.9,2024-08-01,,Standard
M10646,Netbanking,1.8,2024-08-01,,Standard
M10646,Wallet,1.9,2024-08-01,,Standard
M10647,UPI,0.0,2024-08-01,2026-04-30,Standard
M10647,UPI,0.0,2026-05-01,,Growth
M10647,Credit card,2.0,2024-08-01,2026-04-30,Standard
M10647,Credit card,1.9,2026-05-01,,Growth
M10647,Debit card,0.9,2024-08-01,2026-04-30,Standard
M10647,Debit card,0.8,2026-05-01,,Growth
M10647,Netbanking,1.8,2024-08-01,2026-04-30,Standard
M10647,Netbanking,1.7,2026-05-01,,Growth
M10647,Wallet,1.9,2024-08-01,2026-04-30,Standard
M10647,Wallet,1.8,2026-05-01,,Growth
M10648,UPI,0.0,2024-08-01,,Standard
M10648,Credit card,2.0,2024-08-01,,Standard
M10648,Debit card,0.9,2024-08-01,,Standard
M10648,Netbanking,1.8,2024-08-01,,Standard
M10648,Wallet,1.9,2024-08-01,,Standard
M10649,UPI,0.0,2024-08-02,,Standard
M10649,Credit card,2.0,2024-08-02,,Standard
M10649,Debit card,0.9,2024-08-02,,Standard
M10649,Netbanking,1.8,2024-08-02,,Standard
M10649,Wallet,1.9,2024-08-02,,Standard
M10650,UPI,0.0,2024-08-02,,Enterprise
M10650,Credit card,1.46,2024-08-02,,Enterprise
M10650,Debit card,0.56,2024-08-02,,Enterprise
M10650,Netbanking,1.26,2024-08-02,,Enterprise
M10650,Wallet,1.36,2024-08-02,,Enterprise
M10651,UPI,0.0,2024-08-04,,Standard
M10651,Credit card,2.0,2024-08-04,,Standard
M10651,Debit card,0.9,2024-08-04,,Standard
M10651,Netbanking,1.8,2024-08-04,,Standard
M10651,Wallet,1.9,2024-08-04,,Standard
M10652,UPI,0.0,2024-08-06,,Standard
M10652,Credit card,2.0,2024-08-06,,Standard
M10652,Debit card,0.9,2024-08-06,,Standard
M10652,Netbanking,1.8,2024-08-06,,Standard
M10652,Wallet,1.9,2024-08-06,,Standard
M10653,UPI,0.0,2024-08-08,2026-04-30,Standard
M10653,UPI,0.0,2026-05-01,,Growth
M10653,Credit card,2.0,2024-08-08,2026-04-30,Standard
M10653,Credit card,1.9,2026-05-01,,Growth
M10653,Debit card,0.9,2024-08-08,2026-04-30,Standard
M10653,Debit card,0.8,2026-05-01,,Growth
M10653,Netbanking,1.8,2024-08-08,2026-04-30,Standard
M10653,Netbanking,1.7,2026-05-01,,Growth
M10653,Wallet,1.9,2024-08-08,2026-04-30,Standard
M10653,Wallet,1.8,2026-05-01,,Growth
M10654,UPI,0.0,2024-08-08,,Standard
M10654,Credit card,2.0,2024-08-08,,Standard
M10654,Debit card,0.9,2024-08-08,,Standard
M10654,Netbanking,1.8,2024-08-08,,Standard
M10654,Wallet,1.9,2024-08-08,,Standard
M10655,UPI,0.0,2024-08-09,,Standard
M10655,Credit card,2.0,2024-08-09,,Standard
M10655,Debit card,0.9,2024-08-09,,Standard
M10655,Netbanking,1.8,2024-08-09,,Standard
M10655,Wallet,1.9,2024-08-09,,Standard
M10656,UPI,0.0,2024-08-09,,Standard
M10656,Credit card,2.0,2024-08-09,,Standard
M10656,Debit card,0.9,2024-08-09,,Standard
M10656,Netbanking,1.8,2024-08-09,,Standard
M10656,Wallet,1.9,2024-08-09,,Standard
M10657,UPI,0.0,2024-08-09,,Standard
M10657,Credit card,2.0,2024-08-09,,Standard
M10657,Debit card,0.9,2024-08-09,,Standard
M10657,Netbanking,1.8,2024-08-09,,Standard
M10657,Wallet,1.9,2024-08-09,,Standard
M10658,UPI,0.0,2024-08-09,,Standard
M10658,Credit card,2.0,2024-08-09,,Standard
M10658,Debit card,0.9,2024-08-09,,Standard
M10658,Netbanking,1.8,2024-08-09,,Standard
M10658,Wallet,1.9,2024-08-09,,Standard
M10659,UPI,0.0,2024-08-10,,Standard
M10659,Credit card,2.0,2024-08-10,,Standard
M10659,Debit card,0.9,2024-08-10,,Standard
M10659,Netbanking,1.8,2024-08-10,,Standard
M10659,Wallet,1.9,2024-08-10,,Standard
M10660,UPI,0.0,2024-08-10,,Standard
M10660,Credit card,2.0,2024-08-10,,Standard
M10660,Debit card,0.9,2024-08-10,,Standard
M10660,Netbanking,1.8,2024-08-10,,Standard
M10660,Wallet,1.9,2024-08-10,,Standard
M10661,UPI,0.0,2024-08-10,,Standard
M10661,Credit card,2.0,2024-08-10,,Standard
M10661,Debit card,0.9,2024-08-10,,Standard
M10661,Netbanking,1.8,2024-08-10,,Standard
M10661,Wallet,1.9,2024-08-10,,Standard
M10662,UPI,0.0,2024-08-11,,Standard
M10662,Credit card,2.0,2024-08-11,,Standard
M10662,Debit card,0.9,2024-08-11,,Standard
M10662,Netbanking,1.8,2024-08-11,,Standard
M10662,Wallet,1.9,2024-08-11,,Standard
M10663,UPI,0.0,2024-08-11,,Standard
M10663,Credit card,2.0,2024-08-11,,Standard
M10663,Debit card,0.9,2024-08-11,,Standard
M10663,Netbanking,1.8,2024-08-11,,Standard
M10663,Wallet,1.9,2024-08-11,,Standard
M10664,UPI,0.0,2024-08-12,,Standard
M10664,Credit card,2.0,2024-08-12,,Standard
M10664,Debit card,0.9,2024-08-12,,Standard
M10664,Netbanking,1.8,2024-08-12,,Standard
M10664,Wallet,1.9,2024-08-12,,Standard
M10665,UPI,0.0,2024-08-12,2026-04-30,Standard
M10665,UPI,0.0,2026-05-01,,Growth
M10665,Credit card,2.0,2024-08-12,2026-04-30,Standard
M10665,Credit card,1.9,2026-05-01,,Growth
M10665,Debit card,0.9,2024-08-12,2026-04-30,Standard
M10665,Debit card,0.8,2026-05-01,,Growth
M10665,Netbanking,1.8,2024-08-12,2026-04-30,Standard
M10665,Netbanking,1.7,2026-05-01,,Growth
M10665,Wallet,1.9,2024-08-12,2026-04-30,Standard
M10665,Wallet,1.8,2026-05-01,,Growth
M10666,UPI,0.0,2024-08-12,2026-04-30,Standard
M10666,UPI,0.0,2026-05-01,,Growth
M10666,Credit card,2.0,2024-08-12,2026-04-30,Standard
M10666,Credit card,1.9,2026-05-01,,Growth
M10666,Debit card,0.9,2024-08-12,2026-04-30,Standard
M10666,Debit card,0.8,2026-05-01,,Growth
M10666,Netbanking,1.8,2024-08-12,2026-04-30,Standard
M10666,Netbanking,1.7,2026-05-01,,Growth
M10666,Wallet,1.9,2024-08-12,2026-04-30,Standard
M10666,Wallet,1.8,2026-05-01,,Growth
M10667,UPI,0.0,2024-08-14,,Standard
M10667,Credit card,2.0,2024-08-14,,Standard
M10667,Debit card,0.9,2024-08-14,,Standard
M10667,Netbanking,1.8,2024-08-14,,Standard
M10667,Wallet,1.9,2024-08-14,,Standard
M10668,UPI,0.0,2024-08-15,,Standard
M10668,Credit card,2.0,2024-08-15,,Standard
M10668,Debit card,0.9,2024-08-15,,Standard
M10668,Netbanking,1.8,2024-08-15,,Standard
M10668,Wallet,1.9,2024-08-15,,Standard
M10669,UPI,0.0,2024-08-15,,Standard
M10669,Credit card,2.0,2024-08-15,,Standard
M10669,Debit card,0.9,2024-08-15,,Standard
M10669,Netbanking,1.8,2024-08-15,,Standard
M10669,Wallet,1.9,2024-08-15,,Standard
M10670,UPI,0.0,2024-08-16,,Standard
M10670,Credit card,2.0,2024-08-16,,Standard
M10670,Debit card,0.9,2024-08-16,,Standard
M10670,Netbanking,1.8,2024-08-16,,Standard
M10670,Wallet,1.9,2024-08-16,,Standard
M10671,UPI,0.0,2024-08-16,2026-04-30,Standard
M10671,UPI,0.0,2026-05-01,,Growth
M10671,Credit card,2.0,2024-08-16,2026-04-30,Standard
M10671,Credit card,1.9,2026-05-01,,Growth
M10671,Debit card,0.9,2024-08-16,2026-04-30,Standard
M10671,Debit card,0.8,2026-05-01,,Growth
M10671,Netbanking,1.8,2024-08-16,2026-04-30,Standard
M10671,Netbanking,1.7,2026-05-01,,Growth
M10671,Wallet,1.9,2024-08-16,2026-04-30,Standard
M10671,Wallet,1.8,2026-05-01,,Growth
M10672,UPI,0.0,2024-08-17,,Standard
M10672,Credit card,2.0,2024-08-17,,Standard
M10672,Debit card,0.9,2024-08-17,,Standard
M10672,Netbanking,1.8,2024-08-17,,Standard
M10672,Wallet,1.9,2024-08-17,,Standard
M10673,UPI,0.0,2024-08-17,,Standard
M10673,Credit card,2.0,2024-08-17,,Standard
M10673,Debit card,0.9,2024-08-17,,Standard
M10673,Netbanking,1.8,2024-08-17,,Standard
M10673,Wallet,1.9,2024-08-17,,Standard
M10674,UPI,0.0,2024-08-17,2026-04-30,Standard
M10674,UPI,0.0,2026-05-01,,Growth
M10674,Credit card,2.0,2024-08-17,2026-04-30,Standard
M10674,Credit card,1.9,2026-05-01,,Growth
M10674,Debit card,0.9,2024-08-17,2026-04-30,Standard
M10674,Debit card,0.8,2026-05-01,,Growth
M10674,Netbanking,1.8,2024-08-17,2026-04-30,Standard
M10674,Netbanking,1.7,2026-05-01,,Growth
M10674,Wallet,1.9,2024-08-17,2026-04-30,Standard
M10674,Wallet,1.8,2026-05-01,,Growth
M10675,UPI,0.0,2024-08-18,,Standard
M10675,Credit card,2.0,2024-08-18,,Standard
M10675,Debit card,0.9,2024-08-18,,Standard
M10675,Netbanking,1.8,2024-08-18,,Standard
M10675,Wallet,1.9,2024-08-18,,Standard
M10676,UPI,0.0,2024-08-18,,Standard
M10676,Credit card,2.0,2024-08-18,,Standard
M10676,Debit card,0.9,2024-08-18,,Standard
M10676,Netbanking,1.8,2024-08-18,,Standard
M10676,Wallet,1.9,2024-08-18,,Standard
M10677,UPI,0.0,2024-08-20,,Standard
M10677,Credit card,2.0,2024-08-20,,Standard
M10677,Debit card,0.9,2024-08-20,,Standard
M10677,Netbanking,1.8,2024-08-20,,Standard
M10677,Wallet,1.9,2024-08-20,,Standard
M10678,UPI,0.0,2024-08-20,2026-04-30,Standard
M10678,UPI,0.0,2026-05-01,,Growth
M10678,Credit card,2.0,2024-08-20,2026-04-30,Standard
M10678,Credit card,1.9,2026-05-01,,Growth
M10678,Debit card,0.9,2024-08-20,2026-04-30,Standard
M10678,Debit card,0.8,2026-05-01,,Growth
M10678,Netbanking,1.8,2024-08-20,2026-04-30,Standard
M10678,Netbanking,1.7,2026-05-01,,Growth
M10678,Wallet,1.9,2024-08-20,2026-04-30,Standard
M10678,Wallet,1.8,2026-05-01,,Growth
M10679,UPI,0.0,2024-08-20,,Standard
M10679,Credit card,2.0,2024-08-20,,Standard
M10679,Debit card,0.9,2024-08-20,,Standard
M10679,Netbanking,1.8,2024-08-20,,Standard
M10679,Wallet,1.9,2024-08-20,,Standard
M10680,UPI,0.0,2024-08-22,,Standard
M10680,Credit card,2.0,2024-08-22,,Standard
M10680,Debit card,0.9,2024-08-22,,Standard
M10680,Netbanking,1.8,2024-08-22,,Standard
M10680,Wallet,1.9,2024-08-22,,Standard
M10681,UPI,0.0,2024-08-23,,Standard
M10681,Credit card,2.0,2024-08-23,,Standard
M10681,Debit card,0.9,2024-08-23,,Standard
M10681,Netbanking,1.8,2024-08-23,,Standard
M10681,Wallet,1.9,2024-08-23,,Standard
M10682,UPI,0.0,2024-08-23,2026-04-30,Standard
M10682,UPI,0.0,2026-05-01,,Growth
M10682,Credit card,2.0,2024-08-23,2026-04-30,Standard
M10682,Credit card,1.9,2026-05-01,,Growth
M10682,Debit card,0.9,2024-08-23,2026-04-30,Standard
M10682,Debit card,0.8,2026-05-01,,Growth
M10682,Netbanking,1.8,2024-08-23,2026-04-30,Standard
M10682,Netbanking,1.7,2026-05-01,,Growth
M10682,Wallet,1.9,2024-08-23,2026-04-30,Standard
M10682,Wallet,1.8,2026-05-01,,Growth
M10683,UPI,0.0,2024-08-25,,Standard
M10683,Credit card,2.0,2024-08-25,,Standard
M10683,Debit card,0.9,2024-08-25,,Standard
M10683,Netbanking,1.8,2024-08-25,,Standard
M10683,Wallet,1.9,2024-08-25,,Standard
M10684,UPI,0.0,2024-08-25,,Standard
M10684,Credit card,2.0,2024-08-25,,Standard
M10684,Debit card,0.9,2024-08-25,,Standard
M10684,Netbanking,1.8,2024-08-25,,Standard
M10684,Wallet,1.9,2024-08-25,,Standard
M10685,UPI,0.0,2024-08-26,,Enterprise
M10685,Credit card,1.53,2024-08-26,,Enterprise
M10685,Debit card,0.63,2024-08-26,,Enterprise
M10685,Netbanking,1.33,2024-08-26,,Enterprise
M10685,Wallet,1.43,2024-08-26,,Enterprise
M10686,UPI,0.0,2024-08-28,,Standard
M10686,Credit card,2.0,2024-08-28,,Standard
M10686,Debit card,0.9,2024-08-28,,Standard
M10686,Netbanking,1.8,2024-08-28,,Standard
M10686,Wallet,1.9,2024-08-28,,Standard
M10687,UPI,0.0,2024-08-29,,Standard
M10687,Credit card,2.0,2024-08-29,,Standard
M10687,Debit card,0.9,2024-08-29,,Standard
M10687,Netbanking,1.8,2024-08-29,,Standard
M10687,Wallet,1.9,2024-08-29,,Standard
M10688,UPI,0.0,2024-08-30,,Standard
M10688,Credit card,2.0,2024-08-30,,Standard
M10688,Debit card,0.9,2024-08-30,,Standard
M10688,Netbanking,1.8,2024-08-30,,Standard
M10688,Wallet,1.9,2024-08-30,,Standard
M10689,UPI,0.0,2024-08-30,,Standard
M10689,Credit card,2.0,2024-08-30,,Standard
M10689,Debit card,0.9,2024-08-30,,Standard
M10689,Netbanking,1.8,2024-08-30,,Standard
M10689,Wallet,1.9,2024-08-30,,Standard
M10690,UPI,0.0,2024-08-31,,Standard
M10690,Credit card,2.0,2024-08-31,,Standard
M10690,Debit card,0.9,2024-08-31,,Standard
M10690,Netbanking,1.8,2024-08-31,,Standard
M10690,Wallet,1.9,2024-08-31,,Standard
M10691,UPI,0.0,2024-08-31,,Standard
M10691,Credit card,2.0,2024-08-31,,Standard
M10691,Debit card,0.9,2024-08-31,,Standard
M10691,Netbanking,1.8,2024-08-31,,Standard
M10691,Wallet,1.9,2024-08-31,,Standard
M10692,UPI,0.0,2024-09-01,2026-04-30,Standard
M10692,UPI,0.0,2026-05-01,,Growth
M10692,Credit card,2.0,2024-09-01,2026-04-30,Standard
M10692,Credit card,1.9,2026-05-01,,Growth
M10692,Debit card,0.9,2024-09-01,2026-04-30,Standard
M10692,Debit card,0.8,2026-05-01,,Growth
M10692,Netbanking,1.8,2024-09-01,2026-04-30,Standard
M10692,Netbanking,1.7,2026-05-01,,Growth
M10692,Wallet,1.9,2024-09-01,2026-04-30,Standard
M10692,Wallet,1.8,2026-05-01,,Growth
M10693,UPI,0.0,2024-09-01,,Standard
M10693,Credit card,2.0,2024-09-01,,Standard
M10693,Debit card,0.9,2024-09-01,,Standard
M10693,Netbanking,1.8,2024-09-01,,Standard
M10693,Wallet,1.9,2024-09-01,,Standard
M10694,UPI,0.0,2024-09-01,,Standard
M10694,Credit card,2.0,2024-09-01,,Standard
M10694,Debit card,0.9,2024-09-01,,Standard
M10694,Netbanking,1.8,2024-09-01,,Standard
M10694,Wallet,1.9,2024-09-01,,Standard
M10695,UPI,0.0,2024-09-02,,Standard
M10695,Credit card,2.0,2024-09-02,,Standard
M10695,Debit card,0.9,2024-09-02,,Standard
M10695,Netbanking,1.8,2024-09-02,,Standard
M10695,Wallet,1.9,2024-09-02,,Standard
M10696,UPI,0.0,2024-09-03,,Standard
M10696,Credit card,2.0,2024-09-03,,Standard
M10696,Debit card,0.9,2024-09-03,,Standard
M10696,Netbanking,1.8,2024-09-03,,Standard
M10696,Wallet,1.9,2024-09-03,,Standard
M10697,UPI,0.0,2024-09-04,2026-04-30,Standard
M10697,UPI,0.0,2026-05-01,,Growth
M10697,Credit card,2.0,2024-09-04,2026-04-30,Standard
M10697,Credit card,1.9,2026-05-01,,Growth
M10697,Debit card,0.9,2024-09-04,2026-04-30,Standard
M10697,Debit card,0.8,2026-05-01,,Growth
M10697,Netbanking,1.8,2024-09-04,2026-04-30,Standard
M10697,Netbanking,1.7,2026-05-01,,Growth
M10697,Wallet,1.9,2024-09-04,2026-04-30,Standard
M10697,Wallet,1.8,2026-05-01,,Growth
M10698,UPI,0.0,2024-09-05,,Standard
M10698,Credit card,2.0,2024-09-05,,Standard
M10698,Debit card,0.9,2024-09-05,,Standard
M10698,Netbanking,1.8,2024-09-05,,Standard
M10698,Wallet,1.9,2024-09-05,,Standard
M10699,UPI,0.0,2024-09-05,2026-04-30,Standard
M10699,UPI,0.0,2026-05-01,,Growth
M10699,Credit card,2.0,2024-09-05,2026-04-30,Standard
M10699,Credit card,1.9,2026-05-01,,Growth
M10699,Debit card,0.9,2024-09-05,2026-04-30,Standard
M10699,Debit card,0.8,2026-05-01,,Growth
M10699,Netbanking,1.8,2024-09-05,2026-04-30,Standard
M10699,Netbanking,1.7,2026-05-01,,Growth
M10699,Wallet,1.9,2024-09-05,2026-04-30,Standard
M10699,Wallet,1.8,2026-05-01,,Growth
M10700,UPI,0.0,2024-09-06,,Standard
M10700,Credit card,2.0,2024-09-06,,Standard
M10700,Debit card,0.9,2024-09-06,,Standard
M10700,Netbanking,1.8,2024-09-06,,Standard
M10700,Wallet,1.9,2024-09-06,,Standard
M10701,UPI,0.0,2024-09-06,,Standard
M10701,Credit card,2.0,2024-09-06,,Standard
M10701,Debit card,0.9,2024-09-06,,Standard
M10701,Netbanking,1.8,2024-09-06,,Standard
M10701,Wallet,1.9,2024-09-06,,Standard
M10702,UPI,0.0,2024-09-08,2026-04-30,Standard
M10702,UPI,0.0,2026-05-01,,Growth
M10702,Credit card,2.0,2024-09-08,2026-04-30,Standard
M10702,Credit card,1.9,2026-05-01,,Growth
M10702,Debit card,0.9,2024-09-08,2026-04-30,Standard
M10702,Debit card,0.8,2026-05-01,,Growth
M10702,Netbanking,1.8,2024-09-08,2026-04-30,Standard
M10702,Netbanking,1.7,2026-05-01,,Growth
M10702,Wallet,1.9,2024-09-08,2026-04-30,Standard
M10702,Wallet,1.8,2026-05-01,,Growth
M10703,UPI,0.0,2024-09-10,,Standard
M10703,Credit card,2.0,2024-09-10,,Standard
M10703,Debit card,0.9,2024-09-10,,Standard
M10703,Netbanking,1.8,2024-09-10,,Standard
M10703,Wallet,1.9,2024-09-10,,Standard
M10704,UPI,0.0,2024-09-10,2026-04-30,Standard
M10704,UPI,0.0,2026-05-01,,Growth
M10704,Credit card,2.0,2024-09-10,2026-04-30,Standard
M10704,Credit card,1.9,2026-05-01,,Growth
M10704,Debit card,0.9,2024-09-10,2026-04-30,Standard
M10704,Debit card,0.8,2026-05-01,,Growth
M10704,Netbanking,1.8,2024-09-10,2026-04-30,Standard
M10704,Netbanking,1.7,2026-05-01,,Growth
M10704,Wallet,1.9,2024-09-10,2026-04-30,Standard
M10704,Wallet,1.8,2026-05-01,,Growth
M10705,UPI,0.0,2024-09-11,,Standard
M10705,Credit card,2.0,2024-09-11,,Standard
M10705,Debit card,0.9,2024-09-11,,Standard
M10705,Netbanking,1.8,2024-09-11,,Standard
M10705,Wallet,1.9,2024-09-11,,Standard
M10706,UPI,0.0,2024-09-12,2026-04-30,Standard
M10706,UPI,0.0,2026-05-01,,Growth
M10706,Credit card,2.0,2024-09-12,2026-04-30,Standard
M10706,Credit card,1.9,2026-05-01,,Growth
M10706,Debit card,0.9,2024-09-12,2026-04-30,Standard
M10706,Debit card,0.8,2026-05-01,,Growth
M10706,Netbanking,1.8,2024-09-12,2026-04-30,Standard
M10706,Netbanking,1.7,2026-05-01,,Growth
M10706,Wallet,1.9,2024-09-12,2026-04-30,Standard
M10706,Wallet,1.8,2026-05-01,,Growth
M10707,UPI,0.0,2024-09-12,,Standard
M10707,Credit card,2.0,2024-09-12,,Standard
M10707,Debit card,0.9,2024-09-12,,Standard
M10707,Netbanking,1.8,2024-09-12,,Standard
M10707,Wallet,1.9,2024-09-12,,Standard
M10708,UPI,0.0,2024-09-12,2026-04-30,Standard
M10708,UPI,0.0,2026-05-01,,Growth
M10708,Credit card,2.0,2024-09-12,2026-04-30,Standard
M10708,Credit card,1.9,2026-05-01,,Growth
M10708,Debit card,0.9,2024-09-12,2026-04-30,Standard
M10708,Debit card,0.8,2026-05-01,,Growth
M10708,Netbanking,1.8,2024-09-12,2026-04-30,Standard
M10708,Netbanking,1.7,2026-05-01,,Growth
M10708,Wallet,1.9,2024-09-12,2026-04-30,Standard
M10708,Wallet,1.8,2026-05-01,,Growth
M10709,UPI,0.0,2024-09-12,,Standard
M10709,Credit card,2.0,2024-09-12,,Standard
M10709,Debit card,0.9,2024-09-12,,Standard
M10709,Netbanking,1.8,2024-09-12,,Standard
M10709,Wallet,1.9,2024-09-12,,Standard
M10710,UPI,0.0,2024-09-13,,Standard
M10710,Credit card,2.0,2024-09-13,,Standard
M10710,Debit card,0.9,2024-09-13,,Standard
M10710,Netbanking,1.8,2024-09-13,,Standard
M10710,Wallet,1.9,2024-09-13,,Standard
M10711,UPI,0.0,2024-09-14,,Standard
M10711,Credit card,2.0,2024-09-14,,Standard
M10711,Debit card,0.9,2024-09-14,,Standard
M10711,Netbanking,1.8,2024-09-14,,Standard
M10711,Wallet,1.9,2024-09-14,,Standard
M10712,UPI,0.0,2024-09-14,,Standard
M10712,Credit card,2.0,2024-09-14,,Standard
M10712,Debit card,0.9,2024-09-14,,Standard
M10712,Netbanking,1.8,2024-09-14,,Standard
M10712,Wallet,1.9,2024-09-14,,Standard
M10713,UPI,0.0,2024-09-14,,Standard
M10713,Credit card,2.0,2024-09-14,,Standard
M10713,Debit card,0.9,2024-09-14,,Standard
M10713,Netbanking,1.8,2024-09-14,,Standard
M10713,Wallet,1.9,2024-09-14,,Standard
M10714,UPI,0.0,2024-09-14,,Standard
M10714,Credit card,2.0,2024-09-14,,Standard
M10714,Debit card,0.9,2024-09-14,,Standard
M10714,Netbanking,1.8,2024-09-14,,Standard
M10714,Wallet,1.9,2024-09-14,,Standard
M10715,UPI,0.0,2024-09-14,2026-04-30,Standard
M10715,UPI,0.0,2026-05-01,,Growth
M10715,Credit card,2.0,2024-09-14,2026-04-30,Standard
M10715,Credit card,1.9,2026-05-01,,Growth
M10715,Debit card,0.9,2024-09-14,2026-04-30,Standard
M10715,Debit card,0.8,2026-05-01,,Growth
M10715,Netbanking,1.8,2024-09-14,2026-04-30,Standard
M10715,Netbanking,1.7,2026-05-01,,Growth
M10715,Wallet,1.9,2024-09-14,2026-04-30,Standard
M10715,Wallet,1.8,2026-05-01,,Growth
M10716,UPI,0.0,2024-09-15,2026-04-30,Standard
M10716,UPI,0.0,2026-05-01,,Growth
M10716,Credit card,2.0,2024-09-15,2026-04-30,Standard
M10716,Credit card,1.9,2026-05-01,,Growth
M10716,Debit card,0.9,2024-09-15,2026-04-30,Standard
M10716,Debit card,0.8,2026-05-01,,Growth
M10716,Netbanking,1.8,2024-09-15,2026-04-30,Standard
M10716,Netbanking,1.7,2026-05-01,,Growth
M10716,Wallet,1.9,2024-09-15,2026-04-30,Standard
M10716,Wallet,1.8,2026-05-01,,Growth
M10717,UPI,0.0,2024-09-15,,Enterprise
M10717,Credit card,1.58,2024-09-15,,Enterprise
M10717,Debit card,0.68,2024-09-15,,Enterprise
M10717,Netbanking,1.38,2024-09-15,,Enterprise
M10717,Wallet,1.48,2024-09-15,,Enterprise
M10718,UPI,0.0,2024-09-15,,Standard
M10718,Credit card,2.0,2024-09-15,,Standard
M10718,Debit card,0.9,2024-09-15,,Standard
M10718,Netbanking,1.8,2024-09-15,,Standard
M10718,Wallet,1.9,2024-09-15,,Standard
M10719,UPI,0.0,2024-09-15,,Standard
M10719,Credit card,2.0,2024-09-15,,Standard
M10719,Debit card,0.9,2024-09-15,,Standard
M10719,Netbanking,1.8,2024-09-15,,Standard
M10719,Wallet,1.9,2024-09-15,,Standard
M10720,UPI,0.0,2024-09-15,,Standard
M10720,Credit card,2.0,2024-09-15,,Standard
M10720,Debit card,0.9,2024-09-15,,Standard
M10720,Netbanking,1.8,2024-09-15,,Standard
M10720,Wallet,1.9,2024-09-15,,Standard
M10721,UPI,0.0,2024-09-16,,Standard
M10721,Credit card,2.0,2024-09-16,,Standard
M10721,Debit card,0.9,2024-09-16,,Standard
M10721,Netbanking,1.8,2024-09-16,,Standard
M10721,Wallet,1.9,2024-09-16,,Standard
M10722,UPI,0.0,2024-09-16,,Standard
M10722,Credit card,2.0,2024-09-16,,Standard
M10722,Debit card,0.9,2024-09-16,,Standard
M10722,Netbanking,1.8,2024-09-16,,Standard
M10722,Wallet,1.9,2024-09-16,,Standard
M10723,UPI,0.0,2024-09-16,2026-04-30,Standard
M10723,UPI,0.0,2026-05-01,,Growth
M10723,Credit card,2.0,2024-09-16,2026-04-30,Standard
M10723,Credit card,1.9,2026-05-01,,Growth
M10723,Debit card,0.9,2024-09-16,2026-04-30,Standard
M10723,Debit card,0.8,2026-05-01,,Growth
M10723,Netbanking,1.8,2024-09-16,2026-04-30,Standard
M10723,Netbanking,1.7,2026-05-01,,Growth
M10723,Wallet,1.9,2024-09-16,2026-04-30,Standard
M10723,Wallet,1.8,2026-05-01,,Growth
M10724,UPI,0.0,2024-09-16,2026-04-30,Standard
M10724,UPI,0.0,2026-05-01,,Growth
M10724,Credit card,2.0,2024-09-16,2026-04-30,Standard
M10724,Credit card,1.9,2026-05-01,,Growth
M10724,Debit card,0.9,2024-09-16,2026-04-30,Standard
M10724,Debit card,0.8,2026-05-01,,Growth
M10724,Netbanking,1.8,2024-09-16,2026-04-30,Standard
M10724,Netbanking,1.7,2026-05-01,,Growth
M10724,Wallet,1.9,2024-09-16,2026-04-30,Standard
M10724,Wallet,1.8,2026-05-01,,Growth
M10725,UPI,0.0,2024-09-16,,Standard
M10725,Credit card,2.0,2024-09-16,,Standard
M10725,Debit card,0.9,2024-09-16,,Standard
M10725,Netbanking,1.8,2024-09-16,,Standard
M10725,Wallet,1.9,2024-09-16,,Standard
M10726,UPI,0.0,2024-09-16,,Standard
M10726,Credit card,2.0,2024-09-16,,Standard
M10726,Debit card,0.9,2024-09-16,,Standard
M10726,Netbanking,1.8,2024-09-16,,Standard
M10726,Wallet,1.9,2024-09-16,,Standard
M10727,UPI,0.0,2024-09-18,,Standard
M10727,Credit card,2.0,2024-09-18,,Standard
M10727,Debit card,0.9,2024-09-18,,Standard
M10727,Netbanking,1.8,2024-09-18,,Standard
M10727,Wallet,1.9,2024-09-18,,Standard
M10728,UPI,0.0,2024-09-18,,Standard
M10728,Credit card,2.0,2024-09-18,,Standard
M10728,Debit card,0.9,2024-09-18,,Standard
M10728,Netbanking,1.8,2024-09-18,,Standard
M10728,Wallet,1.9,2024-09-18,,Standard
M10729,UPI,0.0,2024-09-19,2026-04-30,Standard
M10729,UPI,0.0,2026-05-01,,Growth
M10729,Credit card,2.0,2024-09-19,2026-04-30,Standard
M10729,Credit card,1.9,2026-05-01,,Growth
M10729,Debit card,0.9,2024-09-19,2026-04-30,Standard
M10729,Debit card,0.8,2026-05-01,,Growth
M10729,Netbanking,1.8,2024-09-19,2026-04-30,Standard
M10729,Netbanking,1.7,2026-05-01,,Growth
M10729,Wallet,1.9,2024-09-19,2026-04-30,Standard
M10729,Wallet,1.8,2026-05-01,,Growth
M10730,UPI,0.0,2024-09-19,,Standard
M10730,Credit card,2.0,2024-09-19,,Standard
M10730,Debit card,0.9,2024-09-19,,Standard
M10730,Netbanking,1.8,2024-09-19,,Standard
M10730,Wallet,1.9,2024-09-19,,Standard
M10731,UPI,0.0,2024-09-19,,Standard
M10731,Credit card,2.0,2024-09-19,,Standard
M10731,Debit card,0.9,2024-09-19,,Standard
M10731,Netbanking,1.8,2024-09-19,,Standard
M10731,Wallet,1.9,2024-09-19,,Standard
M10732,UPI,0.0,2024-09-20,,Standard
M10732,Credit card,2.0,2024-09-20,,Standard
M10732,Debit card,0.9,2024-09-20,,Standard
M10732,Netbanking,1.8,2024-09-20,,Standard
M10732,Wallet,1.9,2024-09-20,,Standard
M10733,UPI,0.0,2024-09-20,,Standard
M10733,Credit card,2.0,2024-09-20,,Standard
M10733,Debit card,0.9,2024-09-20,,Standard
M10733,Netbanking,1.8,2024-09-20,,Standard
M10733,Wallet,1.9,2024-09-20,,Standard
M10734,UPI,0.0,2024-09-21,,Standard
M10734,Credit card,2.0,2024-09-21,,Standard
M10734,Debit card,0.9,2024-09-21,,Standard
M10734,Netbanking,1.8,2024-09-21,,Standard
M10734,Wallet,1.9,2024-09-21,,Standard
M10735,UPI,0.0,2024-09-21,,Standard
M10735,Credit card,2.0,2024-09-21,,Standard
M10735,Debit card,0.9,2024-09-21,,Standard
M10735,Netbanking,1.8,2024-09-21,,Standard
M10735,Wallet,1.9,2024-09-21,,Standard
M10736,UPI,0.0,2024-09-21,,Standard
M10736,Credit card,2.0,2024-09-21,,Standard
M10736,Debit card,0.9,2024-09-21,,Standard
M10736,Netbanking,1.8,2024-09-21,,Standard
M10736,Wallet,1.9,2024-09-21,,Standard
M10737,UPI,0.0,2024-09-21,,Standard
M10737,Credit card,2.0,2024-09-21,,Standard
M10737,Debit card,0.9,2024-09-21,,Standard
M10737,Netbanking,1.8,2024-09-21,,Standard
M10737,Wallet,1.9,2024-09-21,,Standard
M10738,UPI,0.0,2024-09-21,2026-04-30,Standard
M10738,UPI,0.0,2026-05-01,,Growth
M10738,Credit card,2.0,2024-09-21,2026-04-30,Standard
M10738,Credit card,1.9,2026-05-01,,Growth
M10738,Debit card,0.9,2024-09-21,2026-04-30,Standard
M10738,Debit card,0.8,2026-05-01,,Growth
M10738,Netbanking,1.8,2024-09-21,2026-04-30,Standard
M10738,Netbanking,1.7,2026-05-01,,Growth
M10738,Wallet,1.9,2024-09-21,2026-04-30,Standard
M10738,Wallet,1.8,2026-05-01,,Growth
M10739,UPI,0.0,2024-09-22,,Standard
M10739,Credit card,2.0,2024-09-22,,Standard
M10739,Debit card,0.9,2024-09-22,,Standard
M10739,Netbanking,1.8,2024-09-22,,Standard
M10739,Wallet,1.9,2024-09-22,,Standard
M10740,UPI,0.0,2024-09-23,,Standard
M10740,Credit card,2.0,2024-09-23,,Standard
M10740,Debit card,0.9,2024-09-23,,Standard
M10740,Netbanking,1.8,2024-09-23,,Standard
M10740,Wallet,1.9,2024-09-23,,Standard
M10741,UPI,0.0,2024-09-23,,Standard
M10741,Credit card,2.0,2024-09-23,,Standard
M10741,Debit card,0.9,2024-09-23,,Standard
M10741,Netbanking,1.8,2024-09-23,,Standard
M10741,Wallet,1.9,2024-09-23,,Standard
M10742,UPI,0.0,2024-09-24,2026-04-30,Standard
M10742,UPI,0.0,2026-05-01,,Growth
M10742,Credit card,2.0,2024-09-24,2026-04-30,Standard
M10742,Credit card,1.9,2026-05-01,,Growth
M10742,Debit card,0.9,2024-09-24,2026-04-30,Standard
M10742,Debit card,0.8,2026-05-01,,Growth
M10742,Netbanking,1.8,2024-09-24,2026-04-30,Standard
M10742,Netbanking,1.7,2026-05-01,,Growth
M10742,Wallet,1.9,2024-09-24,2026-04-30,Standard
M10742,Wallet,1.8,2026-05-01,,Growth
M10743,UPI,0.0,2024-09-24,,Standard
M10743,Credit card,2.0,2024-09-24,,Standard
M10743,Debit card,0.9,2024-09-24,,Standard
M10743,Netbanking,1.8,2024-09-24,,Standard
M10743,Wallet,1.9,2024-09-24,,Standard
M10744,UPI,0.0,2024-09-25,,Standard
M10744,Credit card,2.0,2024-09-25,,Standard
M10744,Debit card,0.9,2024-09-25,,Standard
M10744,Netbanking,1.8,2024-09-25,,Standard
M10744,Wallet,1.9,2024-09-25,,Standard
M10745,UPI,0.0,2024-09-25,,Standard
M10745,Credit card,2.0,2024-09-25,,Standard
M10745,Debit card,0.9,2024-09-25,,Standard
M10745,Netbanking,1.8,2024-09-25,,Standard
M10745,Wallet,1.9,2024-09-25,,Standard
M10746,UPI,0.0,2024-09-25,,Enterprise
M10746,Credit card,1.48,2024-09-25,,Enterprise
M10746,Debit card,0.58,2024-09-25,,Enterprise
M10746,Netbanking,1.28,2024-09-25,,Enterprise
M10746,Wallet,1.38,2024-09-25,,Enterprise
M10747,UPI,0.0,2024-09-26,,Standard
M10747,Credit card,2.0,2024-09-26,,Standard
M10747,Debit card,0.9,2024-09-26,,Standard
M10747,Netbanking,1.8,2024-09-26,,Standard
M10747,Wallet,1.9,2024-09-26,,Standard
M10748,UPI,0.0,2024-09-26,,Standard
M10748,Credit card,2.0,2024-09-26,,Standard
M10748,Debit card,0.9,2024-09-26,,Standard
M10748,Netbanking,1.8,2024-09-26,,Standard
M10748,Wallet,1.9,2024-09-26,,Standard
M10749,UPI,0.0,2024-09-27,,Standard
M10749,Credit card,2.0,2024-09-27,,Standard
M10749,Debit card,0.9,2024-09-27,,Standard
M10749,Netbanking,1.8,2024-09-27,,Standard
M10749,Wallet,1.9,2024-09-27,,Standard
M10750,UPI,0.0,2024-09-28,2026-04-30,Standard
M10750,UPI,0.0,2026-05-01,,Growth
M10750,Credit card,2.0,2024-09-28,2026-04-30,Standard
M10750,Credit card,1.9,2026-05-01,,Growth
M10750,Debit card,0.9,2024-09-28,2026-04-30,Standard
M10750,Debit card,0.8,2026-05-01,,Growth
M10750,Netbanking,1.8,2024-09-28,2026-04-30,Standard
M10750,Netbanking,1.7,2026-05-01,,Growth
M10750,Wallet,1.9,2024-09-28,2026-04-30,Standard
M10750,Wallet,1.8,2026-05-01,,Growth
M10751,UPI,0.0,2024-09-28,,Standard
M10751,Credit card,2.0,2024-09-28,,Standard
M10751,Debit card,0.9,2024-09-28,,Standard
M10751,Netbanking,1.8,2024-09-28,,Standard
M10751,Wallet,1.9,2024-09-28,,Standard
M10752,UPI,0.0,2024-09-28,,Standard
M10752,Credit card,2.0,2024-09-28,,Standard
M10752,Debit card,0.9,2024-09-28,,Standard
M10752,Netbanking,1.8,2024-09-28,,Standard
M10752,Wallet,1.9,2024-09-28,,Standard
M10753,UPI,0.0,2024-09-30,,Standard
M10753,Credit card,2.0,2024-09-30,,Standard
M10753,Debit card,0.9,2024-09-30,,Standard
M10753,Netbanking,1.8,2024-09-30,,Standard
M10753,Wallet,1.9,2024-09-30,,Standard
M10754,UPI,0.0,2024-09-30,,Standard
M10754,Credit card,2.0,2024-09-30,,Standard
M10754,Debit card,0.9,2024-09-30,,Standard
M10754,Netbanking,1.8,2024-09-30,,Standard
M10754,Wallet,1.9,2024-09-30,,Standard
M10755,UPI,0.0,2024-09-30,,Standard
M10755,Credit card,2.0,2024-09-30,,Standard
M10755,Debit card,0.9,2024-09-30,,Standard
M10755,Netbanking,1.8,2024-09-30,,Standard
M10755,Wallet,1.9,2024-09-30,,Standard
M10756,UPI,0.0,2024-10-01,,Standard
M10756,Credit card,2.0,2024-10-01,,Standard
M10756,Debit card,0.9,2024-10-01,,Standard
M10756,Netbanking,1.8,2024-10-01,,Standard
M10756,Wallet,1.9,2024-10-01,,Standard
M10757,UPI,0.0,2024-10-02,2026-04-30,Standard
M10757,UPI,0.0,2026-05-01,,Growth
M10757,Credit card,2.0,2024-10-02,2026-04-30,Standard
M10757,Credit card,1.9,2026-05-01,,Growth
M10757,Debit card,0.9,2024-10-02,2026-04-30,Standard
M10757,Debit card,0.8,2026-05-01,,Growth
M10757,Netbanking,1.8,2024-10-02,2026-04-30,Standard
M10757,Netbanking,1.7,2026-05-01,,Growth
M10757,Wallet,1.9,2024-10-02,2026-04-30,Standard
M10757,Wallet,1.8,2026-05-01,,Growth
M10758,UPI,0.0,2024-10-03,,Standard
M10758,Credit card,2.0,2024-10-03,,Standard
M10758,Debit card,0.9,2024-10-03,,Standard
M10758,Netbanking,1.8,2024-10-03,,Standard
M10758,Wallet,1.9,2024-10-03,,Standard
M10759,UPI,0.0,2024-10-05,,Standard
M10759,Credit card,2.0,2024-10-05,,Standard
M10759,Debit card,0.9,2024-10-05,,Standard
M10759,Netbanking,1.8,2024-10-05,,Standard
M10759,Wallet,1.9,2024-10-05,,Standard
M10760,UPI,0.0,2024-10-07,,Standard
M10760,Credit card,2.0,2024-10-07,,Standard
M10760,Debit card,0.9,2024-10-07,,Standard
M10760,Netbanking,1.8,2024-10-07,,Standard
M10760,Wallet,1.9,2024-10-07,,Standard
M10761,UPI,0.0,2024-10-08,,Standard
M10761,Credit card,2.0,2024-10-08,,Standard
M10761,Debit card,0.9,2024-10-08,,Standard
M10761,Netbanking,1.8,2024-10-08,,Standard
M10761,Wallet,1.9,2024-10-08,,Standard
M10762,UPI,0.0,2024-10-08,,Standard
M10762,Credit card,2.0,2024-10-08,,Standard
M10762,Debit card,0.9,2024-10-08,,Standard
M10762,Netbanking,1.8,2024-10-08,,Standard
M10762,Wallet,1.9,2024-10-08,,Standard
M10763,UPI,0.0,2024-10-10,,Standard
M10763,Credit card,2.0,2024-10-10,,Standard
M10763,Debit card,0.9,2024-10-10,,Standard
M10763,Netbanking,1.8,2024-10-10,,Standard
M10763,Wallet,1.9,2024-10-10,,Standard
M10764,UPI,0.0,2024-10-10,2026-04-30,Standard
M10764,UPI,0.0,2026-05-01,,Growth
M10764,Credit card,2.0,2024-10-10,2026-04-30,Standard
M10764,Credit card,1.9,2026-05-01,,Growth
M10764,Debit card,0.9,2024-10-10,2026-04-30,Standard
M10764,Debit card,0.8,2026-05-01,,Growth
M10764,Netbanking,1.8,2024-10-10,2026-04-30,Standard
M10764,Netbanking,1.7,2026-05-01,,Growth
M10764,Wallet,1.9,2024-10-10,2026-04-30,Standard
M10764,Wallet,1.8,2026-05-01,,Growth
M10765,UPI,0.0,2024-10-10,,Standard
M10765,Credit card,2.0,2024-10-10,,Standard
M10765,Debit card,0.9,2024-10-10,,Standard
M10765,Netbanking,1.8,2024-10-10,,Standard
M10765,Wallet,1.9,2024-10-10,,Standard
M10766,UPI,0.0,2024-10-11,,Standard
M10766,Credit card,2.0,2024-10-11,,Standard
M10766,Debit card,0.9,2024-10-11,,Standard
M10766,Netbanking,1.8,2024-10-11,,Standard
M10766,Wallet,1.9,2024-10-11,,Standard
M10767,UPI,0.0,2024-10-12,,Standard
M10767,Credit card,2.0,2024-10-12,,Standard
M10767,Debit card,0.9,2024-10-12,,Standard
M10767,Netbanking,1.8,2024-10-12,,Standard
M10767,Wallet,1.9,2024-10-12,,Standard
M10768,UPI,0.0,2024-10-12,,Standard
M10768,Credit card,2.0,2024-10-12,,Standard
M10768,Debit card,0.9,2024-10-12,,Standard
M10768,Netbanking,1.8,2024-10-12,,Standard
M10768,Wallet,1.9,2024-10-12,,Standard
M10769,UPI,0.0,2024-10-13,,Standard
M10769,Credit card,2.0,2024-10-13,,Standard
M10769,Debit card,0.9,2024-10-13,,Standard
M10769,Netbanking,1.8,2024-10-13,,Standard
M10769,Wallet,1.9,2024-10-13,,Standard
M10770,UPI,0.0,2024-10-13,,Standard
M10770,Credit card,2.0,2024-10-13,,Standard
M10770,Debit card,0.9,2024-10-13,,Standard
M10770,Netbanking,1.8,2024-10-13,,Standard
M10770,Wallet,1.9,2024-10-13,,Standard
M10771,UPI,0.0,2024-10-13,,Standard
M10771,Credit card,2.0,2024-10-13,,Standard
M10771,Debit card,0.9,2024-10-13,,Standard
M10771,Netbanking,1.8,2024-10-13,,Standard
M10771,Wallet,1.9,2024-10-13,,Standard
M10772,UPI,0.0,2024-10-14,,Standard
M10772,Credit card,2.0,2024-10-14,,Standard
M10772,Debit card,0.9,2024-10-14,,Standard
M10772,Netbanking,1.8,2024-10-14,,Standard
M10772,Wallet,1.9,2024-10-14,,Standard
M10773,UPI,0.0,2024-10-14,,Standard
M10773,Credit card,2.0,2024-10-14,,Standard
M10773,Debit card,0.9,2024-10-14,,Standard
M10773,Netbanking,1.8,2024-10-14,,Standard
M10773,Wallet,1.9,2024-10-14,,Standard
M10774,UPI,0.0,2024-10-16,,Standard
M10774,Credit card,2.0,2024-10-16,,Standard
M10774,Debit card,0.9,2024-10-16,,Standard
M10774,Netbanking,1.8,2024-10-16,,Standard
M10774,Wallet,1.9,2024-10-16,,Standard
M10775,UPI,0.0,2024-10-17,,Standard
M10775,Credit card,2.0,2024-10-17,,Standard
M10775,Debit card,0.9,2024-10-17,,Standard
M10775,Netbanking,1.8,2024-10-17,,Standard
M10775,Wallet,1.9,2024-10-17,,Standard
M10776,UPI,0.0,2024-10-17,2026-04-30,Standard
M10776,UPI,0.0,2026-05-01,,Growth
M10776,Credit card,2.0,2024-10-17,2026-04-30,Standard
M10776,Credit card,1.9,2026-05-01,,Growth
M10776,Debit card,0.9,2024-10-17,2026-04-30,Standard
M10776,Debit card,0.8,2026-05-01,,Growth
M10776,Netbanking,1.8,2024-10-17,2026-04-30,Standard
M10776,Netbanking,1.7,2026-05-01,,Growth
M10776,Wallet,1.9,2024-10-17,2026-04-30,Standard
M10776,Wallet,1.8,2026-05-01,,Growth
M10777,UPI,0.0,2024-10-18,2026-04-30,Standard
M10777,UPI,0.0,2026-05-01,,Growth
M10777,Credit card,2.0,2024-10-18,2026-04-30,Standard
M10777,Credit card,1.9,2026-05-01,,Growth
M10777,Debit card,0.9,2024-10-18,2026-04-30,Standard
M10777,Debit card,0.8,2026-05-01,,Growth
M10777,Netbanking,1.8,2024-10-18,2026-04-30,Standard
M10777,Netbanking,1.7,2026-05-01,,Growth
M10777,Wallet,1.9,2024-10-18,2026-04-30,Standard
M10777,Wallet,1.8,2026-05-01,,Growth
M10778,UPI,0.0,2024-10-19,,Standard
M10778,Credit card,2.0,2024-10-19,,Standard
M10778,Debit card,0.9,2024-10-19,,Standard
M10778,Netbanking,1.8,2024-10-19,,Standard
M10778,Wallet,1.9,2024-10-19,,Standard
M10779,UPI,0.0,2024-10-19,,Standard
M10779,Credit card,2.0,2024-10-19,,Standard
M10779,Debit card,0.9,2024-10-19,,Standard
M10779,Netbanking,1.8,2024-10-19,,Standard
M10779,Wallet,1.9,2024-10-19,,Standard
M10780,UPI,0.0,2024-10-20,,Standard
M10780,Credit card,2.0,2024-10-20,,Standard
M10780,Debit card,0.9,2024-10-20,,Standard
M10780,Netbanking,1.8,2024-10-20,,Standard
M10780,Wallet,1.9,2024-10-20,,Standard
M10781,UPI,0.0,2024-10-22,,Standard
M10781,Credit card,2.0,2024-10-22,,Standard
M10781,Debit card,0.9,2024-10-22,,Standard
M10781,Netbanking,1.8,2024-10-22,,Standard
M10781,Wallet,1.9,2024-10-22,,Standard
M10782,UPI,0.0,2024-10-22,,Standard
M10782,Credit card,2.0,2024-10-22,,Standard
M10782,Debit card,0.9,2024-10-22,,Standard
M10782,Netbanking,1.8,2024-10-22,,Standard
M10782,Wallet,1.9,2024-10-22,,Standard
M10783,UPI,0.0,2024-10-26,,Enterprise
M10783,Credit card,1.59,2024-10-26,,Enterprise
M10783,Debit card,0.69,2024-10-26,,Enterprise
M10783,Netbanking,1.39,2024-10-26,,Enterprise
M10783,Wallet,1.49,2024-10-26,,Enterprise
M10784,UPI,0.0,2024-10-26,,Standard
M10784,Credit card,2.0,2024-10-26,,Standard
M10784,Debit card,0.9,2024-10-26,,Standard
M10784,Netbanking,1.8,2024-10-26,,Standard
M10784,Wallet,1.9,2024-10-26,,Standard
M10785,UPI,0.0,2024-10-27,,Standard
M10785,Credit card,2.0,2024-10-27,,Standard
M10785,Debit card,0.9,2024-10-27,,Standard
M10785,Netbanking,1.8,2024-10-27,,Standard
M10785,Wallet,1.9,2024-10-27,,Standard
M10786,UPI,0.0,2024-10-27,,Standard
M10786,Credit card,2.0,2024-10-27,,Standard
M10786,Debit card,0.9,2024-10-27,,Standard
M10786,Netbanking,1.8,2024-10-27,,Standard
M10786,Wallet,1.9,2024-10-27,,Standard
M10787,UPI,0.0,2024-10-27,2026-04-30,Standard
M10787,UPI,0.0,2026-05-01,,Growth
M10787,Credit card,2.0,2024-10-27,2026-04-30,Standard
M10787,Credit card,1.9,2026-05-01,,Growth
M10787,Debit card,0.9,2024-10-27,2026-04-30,Standard
M10787,Debit card,0.8,2026-05-01,,Growth
M10787,Netbanking,1.8,2024-10-27,2026-04-30,Standard
M10787,Netbanking,1.7,2026-05-01,,Growth
M10787,Wallet,1.9,2024-10-27,2026-04-30,Standard
M10787,Wallet,1.8,2026-05-01,,Growth
M10788,UPI,0.0,2024-10-28,2026-04-30,Standard
M10788,UPI,0.0,2026-05-01,,Growth
M10788,Credit card,2.0,2024-10-28,2026-04-30,Standard
M10788,Credit card,1.9,2026-05-01,,Growth
M10788,Debit card,0.9,2024-10-28,2026-04-30,Standard
M10788,Debit card,0.8,2026-05-01,,Growth
M10788,Netbanking,1.8,2024-10-28,2026-04-30,Standard
M10788,Netbanking,1.7,2026-05-01,,Growth
M10788,Wallet,1.9,2024-10-28,2026-04-30,Standard
M10788,Wallet,1.8,2026-05-01,,Growth
M10789,UPI,0.0,2024-10-28,,Standard
M10789,Credit card,2.0,2024-10-28,,Standard
M10789,Debit card,0.9,2024-10-28,,Standard
M10789,Netbanking,1.8,2024-10-28,,Standard
M10789,Wallet,1.9,2024-10-28,,Standard
M10790,UPI,0.0,2024-10-29,,Enterprise
M10790,Credit card,1.54,2024-10-29,,Enterprise
M10790,Debit card,0.64,2024-10-29,,Enterprise
M10790,Netbanking,1.34,2024-10-29,,Enterprise
M10790,Wallet,1.44,2024-10-29,,Enterprise
M10791,UPI,0.0,2024-10-30,,Standard
M10791,Credit card,2.0,2024-10-30,,Standard
M10791,Debit card,0.9,2024-10-30,,Standard
M10791,Netbanking,1.8,2024-10-30,,Standard
M10791,Wallet,1.9,2024-10-30,,Standard
M10792,UPI,0.0,2024-10-30,,Standard
M10792,Credit card,2.0,2024-10-30,,Standard
M10792,Debit card,0.9,2024-10-30,,Standard
M10792,Netbanking,1.8,2024-10-30,,Standard
M10792,Wallet,1.9,2024-10-30,,Standard
M10793,UPI,0.0,2024-10-31,2026-04-30,Standard
M10793,UPI,0.0,2026-05-01,,Growth
M10793,Credit card,2.0,2024-10-31,2026-04-30,Standard
M10793,Credit card,1.9,2026-05-01,,Growth
M10793,Debit card,0.9,2024-10-31,2026-04-30,Standard
M10793,Debit card,0.8,2026-05-01,,Growth
M10793,Netbanking,1.8,2024-10-31,2026-04-30,Standard
M10793,Netbanking,1.7,2026-05-01,,Growth
M10793,Wallet,1.9,2024-10-31,2026-04-30,Standard
M10793,Wallet,1.8,2026-05-01,,Growth
M10794,UPI,0.0,2024-10-31,,Standard
M10794,Credit card,2.0,2024-10-31,,Standard
M10794,Debit card,0.9,2024-10-31,,Standard
M10794,Netbanking,1.8,2024-10-31,,Standard
M10794,Wallet,1.9,2024-10-31,,Standard
M10795,UPI,0.0,2024-10-31,,Standard
M10795,Credit card,2.0,2024-10-31,,Standard
M10795,Debit card,0.9,2024-10-31,,Standard
M10795,Netbanking,1.8,2024-10-31,,Standard
M10795,Wallet,1.9,2024-10-31,,Standard
M10796,UPI,0.0,2024-10-31,,Standard
M10796,Credit card,2.0,2024-10-31,,Standard
M10796,Debit card,0.9,2024-10-31,,Standard
M10796,Netbanking,1.8,2024-10-31,,Standard
M10796,Wallet,1.9,2024-10-31,,Standard
M10797,UPI,0.0,2024-11-02,2026-04-30,Standard
M10797,UPI,0.0,2026-05-01,,Growth
M10797,Credit card,2.0,2024-11-02,2026-04-30,Standard
M10797,Credit card,1.9,2026-05-01,,Growth
M10797,Debit card,0.9,2024-11-02,2026-04-30,Standard
M10797,Debit card,0.8,2026-05-01,,Growth
M10797,Netbanking,1.8,2024-11-02,2026-04-30,Standard
M10797,Netbanking,1.7,2026-05-01,,Growth
M10797,Wallet,1.9,2024-11-02,2026-04-30,Standard
M10797,Wallet,1.8,2026-05-01,,Growth
M10798,UPI,0.0,2024-11-03,,Standard
M10798,Credit card,2.0,2024-11-03,,Standard
M10798,Debit card,0.9,2024-11-03,,Standard
M10798,Netbanking,1.8,2024-11-03,,Standard
M10798,Wallet,1.9,2024-11-03,,Standard
M10799,UPI,0.0,2024-11-03,2026-04-30,Standard
M10799,UPI,0.0,2026-05-01,,Growth
M10799,Credit card,2.0,2024-11-03,2026-04-30,Standard
M10799,Credit card,1.9,2026-05-01,,Growth
M10799,Debit card,0.9,2024-11-03,2026-04-30,Standard
M10799,Debit card,0.8,2026-05-01,,Growth
M10799,Netbanking,1.8,2024-11-03,2026-04-30,Standard
M10799,Netbanking,1.7,2026-05-01,,Growth
M10799,Wallet,1.9,2024-11-03,2026-04-30,Standard
M10799,Wallet,1.8,2026-05-01,,Growth
M10800,UPI,0.0,2024-11-04,2026-04-30,Standard
M10800,UPI,0.0,2026-05-01,,Growth
M10800,Credit card,2.0,2024-11-04,2026-04-30,Standard
M10800,Credit card,1.9,2026-05-01,,Growth
M10800,Debit card,0.9,2024-11-04,2026-04-30,Standard
M10800,Debit card,0.8,2026-05-01,,Growth
M10800,Netbanking,1.8,2024-11-04,2026-04-30,Standard
M10800,Netbanking,1.7,2026-05-01,,Growth
M10800,Wallet,1.9,2024-11-04,2026-04-30,Standard
M10800,Wallet,1.8,2026-05-01,,Growth
M10801,UPI,0.0,2024-11-04,,Standard
M10801,Credit card,2.0,2024-11-04,,Standard
M10801,Debit card,0.9,2024-11-04,,Standard
M10801,Netbanking,1.8,2024-11-04,,Standard
M10801,Wallet,1.9,2024-11-04,,Standard
M10802,UPI,0.0,2024-11-04,,Standard
M10802,Credit card,2.0,2024-11-04,,Standard
M10802,Debit card,0.9,2024-11-04,,Standard
M10802,Netbanking,1.8,2024-11-04,,Standard
M10802,Wallet,1.9,2024-11-04,,Standard
M10803,UPI,0.0,2024-11-05,,Standard
M10803,Credit card,2.0,2024-11-05,,Standard
M10803,Debit card,0.9,2024-11-05,,Standard
M10803,Netbanking,1.8,2024-11-05,,Standard
M10803,Wallet,1.9,2024-11-05,,Standard
M10804,UPI,0.0,2024-11-06,2026-04-30,Standard
M10804,UPI,0.0,2026-05-01,,Growth
M10804,Credit card,2.0,2024-11-06,2026-04-30,Standard
M10804,Credit card,1.9,2026-05-01,,Growth
M10804,Debit card,0.9,2024-11-06,2026-04-30,Standard
M10804,Debit card,0.8,2026-05-01,,Growth
M10804,Netbanking,1.8,2024-11-06,2026-04-30,Standard
M10804,Netbanking,1.7,2026-05-01,,Growth
M10804,Wallet,1.9,2024-11-06,2026-04-30,Standard
M10804,Wallet,1.8,2026-05-01,,Growth
M10805,UPI,0.0,2024-11-06,,Standard
M10805,Credit card,2.0,2024-11-06,,Standard
M10805,Debit card,0.9,2024-11-06,,Standard
M10805,Netbanking,1.8,2024-11-06,,Standard
M10805,Wallet,1.9,2024-11-06,,Standard
M10806,UPI,0.0,2024-11-06,,Standard
M10806,Credit card,2.0,2024-11-06,,Standard
M10806,Debit card,0.9,2024-11-06,,Standard
M10806,Netbanking,1.8,2024-11-06,,Standard
M10806,Wallet,1.9,2024-11-06,,Standard
M10807,UPI,0.0,2024-11-06,,Standard
M10807,Credit card,2.0,2024-11-06,,Standard
M10807,Debit card,0.9,2024-11-06,,Standard
M10807,Netbanking,1.8,2024-11-06,,Standard
M10807,Wallet,1.9,2024-11-06,,Standard
M10808,UPI,0.0,2024-11-07,,Enterprise
M10808,Credit card,1.57,2024-11-07,,Enterprise
M10808,Debit card,0.67,2024-11-07,,Enterprise
M10808,Netbanking,1.37,2024-11-07,,Enterprise
M10808,Wallet,1.47,2024-11-07,,Enterprise
M10809,UPI,0.0,2024-11-07,,Standard
M10809,Credit card,2.0,2024-11-07,,Standard
M10809,Debit card,0.9,2024-11-07,,Standard
M10809,Netbanking,1.8,2024-11-07,,Standard
M10809,Wallet,1.9,2024-11-07,,Standard
M10810,UPI,0.0,2024-11-08,,Standard
M10810,Credit card,2.0,2024-11-08,,Standard
M10810,Debit card,0.9,2024-11-08,,Standard
M10810,Netbanking,1.8,2024-11-08,,Standard
M10810,Wallet,1.9,2024-11-08,,Standard
M10811,UPI,0.0,2024-11-08,,Standard
M10811,Credit card,2.0,2024-11-08,,Standard
M10811,Debit card,0.9,2024-11-08,,Standard
M10811,Netbanking,1.8,2024-11-08,,Standard
M10811,Wallet,1.9,2024-11-08,,Standard
M10812,UPI,0.0,2024-11-08,,Standard
M10812,Credit card,2.0,2024-11-08,,Standard
M10812,Debit card,0.9,2024-11-08,,Standard
M10812,Netbanking,1.8,2024-11-08,,Standard
M10812,Wallet,1.9,2024-11-08,,Standard
M10813,UPI,0.0,2024-11-08,,Standard
M10813,Credit card,2.0,2024-11-08,,Standard
M10813,Debit card,0.9,2024-11-08,,Standard
M10813,Netbanking,1.8,2024-11-08,,Standard
M10813,Wallet,1.9,2024-11-08,,Standard
M10814,UPI,0.0,2024-11-09,2026-04-30,Standard
M10814,UPI,0.0,2026-05-01,,Growth
M10814,Credit card,2.0,2024-11-09,2026-04-30,Standard
M10814,Credit card,1.9,2026-05-01,,Growth
M10814,Debit card,0.9,2024-11-09,2026-04-30,Standard
M10814,Debit card,0.8,2026-05-01,,Growth
M10814,Netbanking,1.8,2024-11-09,2026-04-30,Standard
M10814,Netbanking,1.7,2026-05-01,,Growth
M10814,Wallet,1.9,2024-11-09,2026-04-30,Standard
M10814,Wallet,1.8,2026-05-01,,Growth
M10815,UPI,0.0,2024-11-09,,Standard
M10815,Credit card,2.0,2024-11-09,,Standard
M10815,Debit card,0.9,2024-11-09,,Standard
M10815,Netbanking,1.8,2024-11-09,,Standard
M10815,Wallet,1.9,2024-11-09,,Standard
M10816,UPI,0.0,2024-11-11,,Standard
M10816,Credit card,2.0,2024-11-11,,Standard
M10816,Debit card,0.9,2024-11-11,,Standard
M10816,Netbanking,1.8,2024-11-11,,Standard
M10816,Wallet,1.9,2024-11-11,,Standard
M10817,UPI,0.0,2024-11-11,,Standard
M10817,Credit card,2.0,2024-11-11,,Standard
M10817,Debit card,0.9,2024-11-11,,Standard
M10817,Netbanking,1.8,2024-11-11,,Standard
M10817,Wallet,1.9,2024-11-11,,Standard
M10818,UPI,0.0,2024-11-11,,Standard
M10818,Credit card,2.0,2024-11-11,,Standard
M10818,Debit card,0.9,2024-11-11,,Standard
M10818,Netbanking,1.8,2024-11-11,,Standard
M10818,Wallet,1.9,2024-11-11,,Standard
M10819,UPI,0.0,2024-11-11,,Standard
M10819,Credit card,2.0,2024-11-11,,Standard
M10819,Debit card,0.9,2024-11-11,,Standard
M10819,Netbanking,1.8,2024-11-11,,Standard
M10819,Wallet,1.9,2024-11-11,,Standard
M10820,UPI,0.0,2024-11-12,,Standard
M10820,Credit card,2.0,2024-11-12,,Standard
M10820,Debit card,0.9,2024-11-12,,Standard
M10820,Netbanking,1.8,2024-11-12,,Standard
M10820,Wallet,1.9,2024-11-12,,Standard
M10821,UPI,0.0,2024-11-14,,Standard
M10821,Credit card,2.0,2024-11-14,,Standard
M10821,Debit card,0.9,2024-11-14,,Standard
M10821,Netbanking,1.8,2024-11-14,,Standard
M10821,Wallet,1.9,2024-11-14,,Standard
M10822,UPI,0.0,2024-11-14,,Standard
M10822,Credit card,2.0,2024-11-14,,Standard
M10822,Debit card,0.9,2024-11-14,,Standard
M10822,Netbanking,1.8,2024-11-14,,Standard
M10822,Wallet,1.9,2024-11-14,,Standard
M10823,UPI,0.0,2024-11-16,2026-04-30,Standard
M10823,UPI,0.0,2026-05-01,,Growth
M10823,Credit card,2.0,2024-11-16,2026-04-30,Standard
M10823,Credit card,1.9,2026-05-01,,Growth
M10823,Debit card,0.9,2024-11-16,2026-04-30,Standard
M10823,Debit card,0.8,2026-05-01,,Growth
M10823,Netbanking,1.8,2024-11-16,2026-04-30,Standard
M10823,Netbanking,1.7,2026-05-01,,Growth
M10823,Wallet,1.9,2024-11-16,2026-04-30,Standard
M10823,Wallet,1.8,2026-05-01,,Growth
M10824,UPI,0.0,2024-11-16,2026-04-30,Standard
M10824,UPI,0.0,2026-05-01,,Growth
M10824,Credit card,2.0,2024-11-16,2026-04-30,Standard
M10824,Credit card,1.9,2026-05-01,,Growth
M10824,Debit card,0.9,2024-11-16,2026-04-30,Standard
M10824,Debit card,0.8,2026-05-01,,Growth
M10824,Netbanking,1.8,2024-11-16,2026-04-30,Standard
M10824,Netbanking,1.7,2026-05-01,,Growth
M10824,Wallet,1.9,2024-11-16,2026-04-30,Standard
M10824,Wallet,1.8,2026-05-01,,Growth
M10825,UPI,0.0,2024-11-16,2026-04-30,Standard
M10825,UPI,0.0,2026-05-01,,Growth
M10825,Credit card,2.0,2024-11-16,2026-04-30,Standard
M10825,Credit card,1.9,2026-05-01,,Growth
M10825,Debit card,0.9,2024-11-16,2026-04-30,Standard
M10825,Debit card,0.8,2026-05-01,,Growth
M10825,Netbanking,1.8,2024-11-16,2026-04-30,Standard
M10825,Netbanking,1.7,2026-05-01,,Growth
M10825,Wallet,1.9,2024-11-16,2026-04-30,Standard
M10825,Wallet,1.8,2026-05-01,,Growth
M10826,UPI,0.0,2024-11-16,,Standard
M10826,Credit card,2.0,2024-11-16,,Standard
M10826,Debit card,0.9,2024-11-16,,Standard
M10826,Netbanking,1.8,2024-11-16,,Standard
M10826,Wallet,1.9,2024-11-16,,Standard
M10827,UPI,0.0,2024-11-17,,Standard
M10827,Credit card,2.0,2024-11-17,,Standard
M10827,Debit card,0.9,2024-11-17,,Standard
M10827,Netbanking,1.8,2024-11-17,,Standard
M10827,Wallet,1.9,2024-11-17,,Standard
M10828,UPI,0.0,2024-11-17,,Enterprise
M10828,Credit card,1.47,2024-11-17,,Enterprise
M10828,Debit card,0.57,2024-11-17,,Enterprise
M10828,Netbanking,1.27,2024-11-17,,Enterprise
M10828,Wallet,1.37,2024-11-17,,Enterprise
M10829,UPI,0.0,2024-11-18,,Standard
M10829,Credit card,2.0,2024-11-18,,Standard
M10829,Debit card,0.9,2024-11-18,,Standard
M10829,Netbanking,1.8,2024-11-18,,Standard
M10829,Wallet,1.9,2024-11-18,,Standard
M10830,UPI,0.0,2024-11-19,,Standard
M10830,Credit card,2.0,2024-11-19,,Standard
M10830,Debit card,0.9,2024-11-19,,Standard
M10830,Netbanking,1.8,2024-11-19,,Standard
M10830,Wallet,1.9,2024-11-19,,Standard
M10831,UPI,0.0,2024-11-19,,Standard
M10831,Credit card,2.0,2024-11-19,,Standard
M10831,Debit card,0.9,2024-11-19,,Standard
M10831,Netbanking,1.8,2024-11-19,,Standard
M10831,Wallet,1.9,2024-11-19,,Standard
M10832,UPI,0.0,2024-11-20,2026-04-30,Standard
M10832,UPI,0.0,2026-05-01,,Growth
M10832,Credit card,2.0,2024-11-20,2026-04-30,Standard
M10832,Credit card,1.9,2026-05-01,,Growth
M10832,Debit card,0.9,2024-11-20,2026-04-30,Standard
M10832,Debit card,0.8,2026-05-01,,Growth
M10832,Netbanking,1.8,2024-11-20,2026-04-30,Standard
M10832,Netbanking,1.7,2026-05-01,,Growth
M10832,Wallet,1.9,2024-11-20,2026-04-30,Standard
M10832,Wallet,1.8,2026-05-01,,Growth
M10833,UPI,0.0,2024-11-20,,Standard
M10833,Credit card,2.0,2024-11-20,,Standard
M10833,Debit card,0.9,2024-11-20,,Standard
M10833,Netbanking,1.8,2024-11-20,,Standard
M10833,Wallet,1.9,2024-11-20,,Standard
M10834,UPI,0.0,2024-11-20,2026-04-30,Standard
M10834,UPI,0.0,2026-05-01,,Growth
M10834,Credit card,2.0,2024-11-20,2026-04-30,Standard
M10834,Credit card,1.9,2026-05-01,,Growth
M10834,Debit card,0.9,2024-11-20,2026-04-30,Standard
M10834,Debit card,0.8,2026-05-01,,Growth
M10834,Netbanking,1.8,2024-11-20,2026-04-30,Standard
M10834,Netbanking,1.7,2026-05-01,,Growth
M10834,Wallet,1.9,2024-11-20,2026-04-30,Standard
M10834,Wallet,1.8,2026-05-01,,Growth
M10835,UPI,0.0,2024-11-22,,Standard
M10835,Credit card,2.0,2024-11-22,,Standard
M10835,Debit card,0.9,2024-11-22,,Standard
M10835,Netbanking,1.8,2024-11-22,,Standard
M10835,Wallet,1.9,2024-11-22,,Standard
M10836,UPI,0.0,2024-11-23,,Standard
M10836,Credit card,2.0,2024-11-23,,Standard
M10836,Debit card,0.9,2024-11-23,,Standard
M10836,Netbanking,1.8,2024-11-23,,Standard
M10836,Wallet,1.9,2024-11-23,,Standard
M10837,UPI,0.0,2024-11-23,,Standard
M10837,Credit card,2.0,2024-11-23,,Standard
M10837,Debit card,0.9,2024-11-23,,Standard
M10837,Netbanking,1.8,2024-11-23,,Standard
M10837,Wallet,1.9,2024-11-23,,Standard
M10838,UPI,0.0,2024-11-24,,Standard
M10838,Credit card,2.0,2024-11-24,,Standard
M10838,Debit card,0.9,2024-11-24,,Standard
M10838,Netbanking,1.8,2024-11-24,,Standard
M10838,Wallet,1.9,2024-11-24,,Standard
M10839,UPI,0.0,2024-11-24,2026-04-30,Standard
M10839,UPI,0.0,2026-05-01,,Growth
M10839,Credit card,2.0,2024-11-24,2026-04-30,Standard
M10839,Credit card,1.9,2026-05-01,,Growth
M10839,Debit card,0.9,2024-11-24,2026-04-30,Standard
M10839,Debit card,0.8,2026-05-01,,Growth
M10839,Netbanking,1.8,2024-11-24,2026-04-30,Standard
M10839,Netbanking,1.7,2026-05-01,,Growth
M10839,Wallet,1.9,2024-11-24,2026-04-30,Standard
M10839,Wallet,1.8,2026-05-01,,Growth
M10840,UPI,0.0,2024-11-25,,Standard
M10840,Credit card,2.0,2024-11-25,,Standard
M10840,Debit card,0.9,2024-11-25,,Standard
M10840,Netbanking,1.8,2024-11-25,,Standard
M10840,Wallet,1.9,2024-11-25,,Standard
M10841,UPI,0.0,2024-11-25,,Standard
M10841,Credit card,2.0,2024-11-25,,Standard
M10841,Debit card,0.9,2024-11-25,,Standard
M10841,Netbanking,1.8,2024-11-25,,Standard
M10841,Wallet,1.9,2024-11-25,,Standard
M10842,UPI,0.0,2024-11-25,2026-04-30,Standard
M10842,UPI,0.0,2026-05-01,,Growth
M10842,Credit card,2.0,2024-11-25,2026-04-30,Standard
M10842,Credit card,1.9,2026-05-01,,Growth
M10842,Debit card,0.9,2024-11-25,2026-04-30,Standard
M10842,Debit card,0.8,2026-05-01,,Growth
M10842,Netbanking,1.8,2024-11-25,2026-04-30,Standard
M10842,Netbanking,1.7,2026-05-01,,Growth
M10842,Wallet,1.9,2024-11-25,2026-04-30,Standard
M10842,Wallet,1.8,2026-05-01,,Growth
M10843,UPI,0.0,2024-11-26,,Standard
M10843,Credit card,2.0,2024-11-26,,Standard
M10843,Debit card,0.9,2024-11-26,,Standard
M10843,Netbanking,1.8,2024-11-26,,Standard
M10843,Wallet,1.9,2024-11-26,,Standard
M10844,UPI,0.0,2024-11-26,,Standard
M10844,Credit card,2.0,2024-11-26,,Standard
M10844,Debit card,0.9,2024-11-26,,Standard
M10844,Netbanking,1.8,2024-11-26,,Standard
M10844,Wallet,1.9,2024-11-26,,Standard
M10845,UPI,0.0,2024-11-26,2026-04-30,Standard
M10845,UPI,0.0,2026-05-01,,Growth
M10845,Credit card,2.0,2024-11-26,2026-04-30,Standard
M10845,Credit card,1.9,2026-05-01,,Growth
M10845,Debit card,0.9,2024-11-26,2026-04-30,Standard
M10845,Debit card,0.8,2026-05-01,,Growth
M10845,Netbanking,1.8,2024-11-26,2026-04-30,Standard
M10845,Netbanking,1.7,2026-05-01,,Growth
M10845,Wallet,1.9,2024-11-26,2026-04-30,Standard
M10845,Wallet,1.8,2026-05-01,,Growth
M10846,UPI,0.0,2024-11-27,2026-04-30,Standard
M10846,UPI,0.0,2026-05-01,,Growth
M10846,Credit card,2.0,2024-11-27,2026-04-30,Standard
M10846,Credit card,1.9,2026-05-01,,Growth
M10846,Debit card,0.9,2024-11-27,2026-04-30,Standard
M10846,Debit card,0.8,2026-05-01,,Growth
M10846,Netbanking,1.8,2024-11-27,2026-04-30,Standard
M10846,Netbanking,1.7,2026-05-01,,Growth
M10846,Wallet,1.9,2024-11-27,2026-04-30,Standard
M10846,Wallet,1.8,2026-05-01,,Growth
M10847,UPI,0.0,2024-11-27,,Standard
M10847,Credit card,2.0,2024-11-27,,Standard
M10847,Debit card,0.9,2024-11-27,,Standard
M10847,Netbanking,1.8,2024-11-27,,Standard
M10847,Wallet,1.9,2024-11-27,,Standard
M10848,UPI,0.0,2024-11-28,,Standard
M10848,Credit card,2.0,2024-11-28,,Standard
M10848,Debit card,0.9,2024-11-28,,Standard
M10848,Netbanking,1.8,2024-11-28,,Standard
M10848,Wallet,1.9,2024-11-28,,Standard
M10849,UPI,0.0,2024-11-28,,Standard
M10849,Credit card,2.0,2024-11-28,,Standard
M10849,Debit card,0.9,2024-11-28,,Standard
M10849,Netbanking,1.8,2024-11-28,,Standard
M10849,Wallet,1.9,2024-11-28,,Standard
M10850,UPI,0.0,2024-11-28,2026-04-30,Standard
M10850,UPI,0.0,2026-05-01,,Growth
M10850,Credit card,2.0,2024-11-28,2026-04-30,Standard
M10850,Credit card,1.9,2026-05-01,,Growth
M10850,Debit card,0.9,2024-11-28,2026-04-30,Standard
M10850,Debit card,0.8,2026-05-01,,Growth
M10850,Netbanking,1.8,2024-11-28,2026-04-30,Standard
M10850,Netbanking,1.7,2026-05-01,,Growth
M10850,Wallet,1.9,2024-11-28,2026-04-30,Standard
M10850,Wallet,1.8,2026-05-01,,Growth
M10851,UPI,0.0,2024-11-29,2026-04-30,Standard
M10851,UPI,0.0,2026-05-01,,Growth
M10851,Credit card,2.0,2024-11-29,2026-04-30,Standard
M10851,Credit card,1.9,2026-05-01,,Growth
M10851,Debit card,0.9,2024-11-29,2026-04-30,Standard
M10851,Debit card,0.8,2026-05-01,,Growth
M10851,Netbanking,1.8,2024-11-29,2026-04-30,Standard
M10851,Netbanking,1.7,2026-05-01,,Growth
M10851,Wallet,1.9,2024-11-29,2026-04-30,Standard
M10851,Wallet,1.8,2026-05-01,,Growth
M10852,UPI,0.0,2024-11-29,,Standard
M10852,Credit card,2.0,2024-11-29,,Standard
M10852,Debit card,0.9,2024-11-29,,Standard
M10852,Netbanking,1.8,2024-11-29,,Standard
M10852,Wallet,1.9,2024-11-29,,Standard
M10853,UPI,0.0,2024-11-30,,Enterprise
M10853,Credit card,1.46,2024-11-30,,Enterprise
M10853,Debit card,0.56,2024-11-30,,Enterprise
M10853,Netbanking,1.26,2024-11-30,,Enterprise
M10853,Wallet,1.36,2024-11-30,,Enterprise
M10854,UPI,0.0,2024-11-30,,Standard
M10854,Credit card,2.0,2024-11-30,,Standard
M10854,Debit card,0.9,2024-11-30,,Standard
M10854,Netbanking,1.8,2024-11-30,,Standard
M10854,Wallet,1.9,2024-11-30,,Standard
M10855,UPI,0.0,2024-11-30,,Standard
M10855,Credit card,2.0,2024-11-30,,Standard
M10855,Debit card,0.9,2024-11-30,,Standard
M10855,Netbanking,1.8,2024-11-30,,Standard
M10855,Wallet,1.9,2024-11-30,,Standard
M10856,UPI,0.0,2024-12-01,,Standard
M10856,Credit card,2.0,2024-12-01,,Standard
M10856,Debit card,0.9,2024-12-01,,Standard
M10856,Netbanking,1.8,2024-12-01,,Standard
M10856,Wallet,1.9,2024-12-01,,Standard
M10857,UPI,0.0,2024-12-03,,Standard
M10857,Credit card,2.0,2024-12-03,,Standard
M10857,Debit card,0.9,2024-12-03,,Standard
M10857,Netbanking,1.8,2024-12-03,,Standard
M10857,Wallet,1.9,2024-12-03,,Standard
M10858,UPI,0.0,2024-12-04,,Standard
M10858,Credit card,2.0,2024-12-04,,Standard
M10858,Debit card,0.9,2024-12-04,,Standard
M10858,Netbanking,1.8,2024-12-04,,Standard
M10858,Wallet,1.9,2024-12-04,,Standard
M10859,UPI,0.0,2024-12-04,,Standard
M10859,Credit card,2.0,2024-12-04,,Standard
M10859,Debit card,0.9,2024-12-04,,Standard
M10859,Netbanking,1.8,2024-12-04,,Standard
M10859,Wallet,1.9,2024-12-04,,Standard
M10860,UPI,0.0,2024-12-07,,Standard
M10860,Credit card,2.0,2024-12-07,,Standard
M10860,Debit card,0.9,2024-12-07,,Standard
M10860,Netbanking,1.8,2024-12-07,,Standard
M10860,Wallet,1.9,2024-12-07,,Standard
M10861,UPI,0.0,2024-12-07,,Standard
M10861,Credit card,2.0,2024-12-07,,Standard
M10861,Debit card,0.9,2024-12-07,,Standard
M10861,Netbanking,1.8,2024-12-07,,Standard
M10861,Wallet,1.9,2024-12-07,,Standard
M10862,UPI,0.0,2024-12-07,,Enterprise
M10862,Credit card,1.58,2024-12-07,,Enterprise
M10862,Debit card,0.68,2024-12-07,,Enterprise
M10862,Netbanking,1.38,2024-12-07,,Enterprise
M10862,Wallet,1.48,2024-12-07,,Enterprise
M10863,UPI,0.0,2024-12-08,,Standard
M10863,Credit card,2.0,2024-12-08,,Standard
M10863,Debit card,0.9,2024-12-08,,Standard
M10863,Netbanking,1.8,2024-12-08,,Standard
M10863,Wallet,1.9,2024-12-08,,Standard
M10864,UPI,0.0,2024-12-09,,Standard
M10864,Credit card,2.0,2024-12-09,,Standard
M10864,Debit card,0.9,2024-12-09,,Standard
M10864,Netbanking,1.8,2024-12-09,,Standard
M10864,Wallet,1.9,2024-12-09,,Standard
M10865,UPI,0.0,2024-12-11,,Standard
M10865,Credit card,2.0,2024-12-11,,Standard
M10865,Debit card,0.9,2024-12-11,,Standard
M10865,Netbanking,1.8,2024-12-11,,Standard
M10865,Wallet,1.9,2024-12-11,,Standard
M10866,UPI,0.0,2024-12-11,,Standard
M10866,Credit card,2.0,2024-12-11,,Standard
M10866,Debit card,0.9,2024-12-11,,Standard
M10866,Netbanking,1.8,2024-12-11,,Standard
M10866,Wallet,1.9,2024-12-11,,Standard
M10867,UPI,0.0,2024-12-11,2026-04-30,Standard
M10867,UPI,0.0,2026-05-01,,Growth
M10867,Credit card,2.0,2024-12-11,2026-04-30,Standard
M10867,Credit card,1.9,2026-05-01,,Growth
M10867,Debit card,0.9,2024-12-11,2026-04-30,Standard
M10867,Debit card,0.8,2026-05-01,,Growth
M10867,Netbanking,1.8,2024-12-11,2026-04-30,Standard
M10867,Netbanking,1.7,2026-05-01,,Growth
M10867,Wallet,1.9,2024-12-11,2026-04-30,Standard
M10867,Wallet,1.8,2026-05-01,,Growth
M10868,UPI,0.0,2024-12-11,,Standard
M10868,Credit card,2.0,2024-12-11,,Standard
M10868,Debit card,0.9,2024-12-11,,Standard
M10868,Netbanking,1.8,2024-12-11,,Standard
M10868,Wallet,1.9,2024-12-11,,Standard
M10869,UPI,0.0,2024-12-12,,Standard
M10869,Credit card,2.0,2024-12-12,,Standard
M10869,Debit card,0.9,2024-12-12,,Standard
M10869,Netbanking,1.8,2024-12-12,,Standard
M10869,Wallet,1.9,2024-12-12,,Standard
M10870,UPI,0.0,2024-12-12,,Standard
M10870,Credit card,2.0,2024-12-12,,Standard
M10870,Debit card,0.9,2024-12-12,,Standard
M10870,Netbanking,1.8,2024-12-12,,Standard
M10870,Wallet,1.9,2024-12-12,,Standard
M10871,UPI,0.0,2024-12-12,,Standard
M10871,Credit card,2.0,2024-12-12,,Standard
M10871,Debit card,0.9,2024-12-12,,Standard
M10871,Netbanking,1.8,2024-12-12,,Standard
M10871,Wallet,1.9,2024-12-12,,Standard
M10872,UPI,0.0,2024-12-13,2026-04-30,Standard
M10872,UPI,0.0,2026-05-01,,Growth
M10872,Credit card,2.0,2024-12-13,2026-04-30,Standard
M10872,Credit card,1.9,2026-05-01,,Growth
M10872,Debit card,0.9,2024-12-13,2026-04-30,Standard
M10872,Debit card,0.8,2026-05-01,,Growth
M10872,Netbanking,1.8,2024-12-13,2026-04-30,Standard
M10872,Netbanking,1.7,2026-05-01,,Growth
M10872,Wallet,1.9,2024-12-13,2026-04-30,Standard
M10872,Wallet,1.8,2026-05-01,,Growth
M10873,UPI,0.0,2024-12-14,,Standard
M10873,Credit card,2.0,2024-12-14,,Standard
M10873,Debit card,0.9,2024-12-14,,Standard
M10873,Netbanking,1.8,2024-12-14,,Standard
M10873,Wallet,1.9,2024-12-14,,Standard
M10874,UPI,0.0,2024-12-14,,Standard
M10874,Credit card,2.0,2024-12-14,,Standard
M10874,Debit card,0.9,2024-12-14,,Standard
M10874,Netbanking,1.8,2024-12-14,,Standard
M10874,Wallet,1.9,2024-12-14,,Standard
M10875,UPI,0.0,2024-12-15,,Standard
M10875,Credit card,2.0,2024-12-15,,Standard
M10875,Debit card,0.9,2024-12-15,,Standard
M10875,Netbanking,1.8,2024-12-15,,Standard
M10875,Wallet,1.9,2024-12-15,,Standard
M10876,UPI,0.0,2024-12-15,,Standard
M10876,Credit card,2.0,2024-12-15,,Standard
M10876,Debit card,0.9,2024-12-15,,Standard
M10876,Netbanking,1.8,2024-12-15,,Standard
M10876,Wallet,1.9,2024-12-15,,Standard
M10877,UPI,0.0,2024-12-15,,Standard
M10877,Credit card,2.0,2024-12-15,,Standard
M10877,Debit card,0.9,2024-12-15,,Standard
M10877,Netbanking,1.8,2024-12-15,,Standard
M10877,Wallet,1.9,2024-12-15,,Standard
M10878,UPI,0.0,2024-12-15,,Standard
M10878,Credit card,2.0,2024-12-15,,Standard
M10878,Debit card,0.9,2024-12-15,,Standard
M10878,Netbanking,1.8,2024-12-15,,Standard
M10878,Wallet,1.9,2024-12-15,,Standard
M10879,UPI,0.0,2024-12-15,,Standard
M10879,Credit card,2.0,2024-12-15,,Standard
M10879,Debit card,0.9,2024-12-15,,Standard
M10879,Netbanking,1.8,2024-12-15,,Standard
M10879,Wallet,1.9,2024-12-15,,Standard
M10880,UPI,0.0,2024-12-15,,Standard
M10880,Credit card,2.0,2024-12-15,,Standard
M10880,Debit card,0.9,2024-12-15,,Standard
M10880,Netbanking,1.8,2024-12-15,,Standard
M10880,Wallet,1.9,2024-12-15,,Standard
M10881,UPI,0.0,2024-12-16,,Standard
M10881,Credit card,2.0,2024-12-16,,Standard
M10881,Debit card,0.9,2024-12-16,,Standard
M10881,Netbanking,1.8,2024-12-16,,Standard
M10881,Wallet,1.9,2024-12-16,,Standard
M10882,UPI,0.0,2024-12-17,2026-04-30,Standard
M10882,UPI,0.0,2026-05-01,,Growth
M10882,Credit card,2.0,2024-12-17,2026-04-30,Standard
M10882,Credit card,1.9,2026-05-01,,Growth
M10882,Debit card,0.9,2024-12-17,2026-04-30,Standard
M10882,Debit card,0.8,2026-05-01,,Growth
M10882,Netbanking,1.8,2024-12-17,2026-04-30,Standard
M10882,Netbanking,1.7,2026-05-01,,Growth
M10882,Wallet,1.9,2024-12-17,2026-04-30,Standard
M10882,Wallet,1.8,2026-05-01,,Growth
M10883,UPI,0.0,2024-12-18,,Standard
M10883,Credit card,2.0,2024-12-18,,Standard
M10883,Debit card,0.9,2024-12-18,,Standard
M10883,Netbanking,1.8,2024-12-18,,Standard
M10883,Wallet,1.9,2024-12-18,,Standard
M10884,UPI,0.0,2024-12-19,,Standard
M10884,Credit card,2.0,2024-12-19,,Standard
M10884,Debit card,0.9,2024-12-19,,Standard
M10884,Netbanking,1.8,2024-12-19,,Standard
M10884,Wallet,1.9,2024-12-19,,Standard
M10885,UPI,0.0,2024-12-19,,Standard
M10885,Credit card,2.0,2024-12-19,,Standard
M10885,Debit card,0.9,2024-12-19,,Standard
M10885,Netbanking,1.8,2024-12-19,,Standard
M10885,Wallet,1.9,2024-12-19,,Standard
M10886,UPI,0.0,2024-12-19,2026-04-30,Standard
M10886,UPI,0.0,2026-05-01,,Growth
M10886,Credit card,2.0,2024-12-19,2026-04-30,Standard
M10886,Credit card,1.9,2026-05-01,,Growth
M10886,Debit card,0.9,2024-12-19,2026-04-30,Standard
M10886,Debit card,0.8,2026-05-01,,Growth
M10886,Netbanking,1.8,2024-12-19,2026-04-30,Standard
M10886,Netbanking,1.7,2026-05-01,,Growth
M10886,Wallet,1.9,2024-12-19,2026-04-30,Standard
M10886,Wallet,1.8,2026-05-01,,Growth
M10887,UPI,0.0,2024-12-20,,Standard
M10887,Credit card,2.0,2024-12-20,,Standard
M10887,Debit card,0.9,2024-12-20,,Standard
M10887,Netbanking,1.8,2024-12-20,,Standard
M10887,Wallet,1.9,2024-12-20,,Standard
M10888,UPI,0.0,2024-12-20,,Standard
M10888,Credit card,2.0,2024-12-20,,Standard
M10888,Debit card,0.9,2024-12-20,,Standard
M10888,Netbanking,1.8,2024-12-20,,Standard
M10888,Wallet,1.9,2024-12-20,,Standard
M10889,UPI,0.0,2024-12-20,,Standard
M10889,Credit card,2.0,2024-12-20,,Standard
M10889,Debit card,0.9,2024-12-20,,Standard
M10889,Netbanking,1.8,2024-12-20,,Standard
M10889,Wallet,1.9,2024-12-20,,Standard
M10890,UPI,0.0,2024-12-24,,Standard
M10890,Credit card,2.0,2024-12-24,,Standard
M10890,Debit card,0.9,2024-12-24,,Standard
M10890,Netbanking,1.8,2024-12-24,,Standard
M10890,Wallet,1.9,2024-12-24,,Standard
M10891,UPI,0.0,2024-12-26,2026-04-30,Standard
M10891,UPI,0.0,2026-05-01,,Growth
M10891,Credit card,2.0,2024-12-26,2026-04-30,Standard
M10891,Credit card,1.9,2026-05-01,,Growth
M10891,Debit card,0.9,2024-12-26,2026-04-30,Standard
M10891,Debit card,0.8,2026-05-01,,Growth
M10891,Netbanking,1.8,2024-12-26,2026-04-30,Standard
M10891,Netbanking,1.7,2026-05-01,,Growth
M10891,Wallet,1.9,2024-12-26,2026-04-30,Standard
M10891,Wallet,1.8,2026-05-01,,Growth
M10892,UPI,0.0,2024-12-26,,Standard
M10892,Credit card,2.0,2024-12-26,,Standard
M10892,Debit card,0.9,2024-12-26,,Standard
M10892,Netbanking,1.8,2024-12-26,,Standard
M10892,Wallet,1.9,2024-12-26,,Standard
M10893,UPI,0.0,2024-12-28,2026-04-30,Standard
M10893,UPI,0.0,2026-05-01,,Growth
M10893,Credit card,2.0,2024-12-28,2026-04-30,Standard
M10893,Credit card,1.9,2026-05-01,,Growth
M10893,Debit card,0.9,2024-12-28,2026-04-30,Standard
M10893,Debit card,0.8,2026-05-01,,Growth
M10893,Netbanking,1.8,2024-12-28,2026-04-30,Standard
M10893,Netbanking,1.7,2026-05-01,,Growth
M10893,Wallet,1.9,2024-12-28,2026-04-30,Standard
M10893,Wallet,1.8,2026-05-01,,Growth
M10894,UPI,0.0,2024-12-29,,Standard
M10894,Credit card,2.0,2024-12-29,,Standard
M10894,Debit card,0.9,2024-12-29,,Standard
M10894,Netbanking,1.8,2024-12-29,,Standard
M10894,Wallet,1.9,2024-12-29,,Standard
M10895,UPI,0.0,2024-12-29,2026-04-30,Standard
M10895,UPI,0.0,2026-05-01,,Growth
M10895,Credit card,2.0,2024-12-29,2026-04-30,Standard
M10895,Credit card,1.9,2026-05-01,,Growth
M10895,Debit card,0.9,2024-12-29,2026-04-30,Standard
M10895,Debit card,0.8,2026-05-01,,Growth
M10895,Netbanking,1.8,2024-12-29,2026-04-30,Standard
M10895,Netbanking,1.7,2026-05-01,,Growth
M10895,Wallet,1.9,2024-12-29,2026-04-30,Standard
M10895,Wallet,1.8,2026-05-01,,Growth
M10896,UPI,0.0,2024-12-29,,Standard
M10896,Credit card,2.0,2024-12-29,,Standard
M10896,Debit card,0.9,2024-12-29,,Standard
M10896,Netbanking,1.8,2024-12-29,,Standard
M10896,Wallet,1.9,2024-12-29,,Standard
M10897,UPI,0.0,2024-12-29,,Standard
M10897,Credit card,2.0,2024-12-29,,Standard
M10897,Debit card,0.9,2024-12-29,,Standard
M10897,Netbanking,1.8,2024-12-29,,Standard
M10897,Wallet,1.9,2024-12-29,,Standard
M10898,UPI,0.0,2024-12-30,2026-04-30,Standard
M10898,UPI,0.0,2026-05-01,,Growth
M10898,Credit card,2.0,2024-12-30,2026-04-30,Standard
M10898,Credit card,1.9,2026-05-01,,Growth
M10898,Debit card,0.9,2024-12-30,2026-04-30,Standard
M10898,Debit card,0.8,2026-05-01,,Growth
M10898,Netbanking,1.8,2024-12-30,2026-04-30,Standard
M10898,Netbanking,1.7,2026-05-01,,Growth
M10898,Wallet,1.9,2024-12-30,2026-04-30,Standard
M10898,Wallet,1.8,2026-05-01,,Growth
M10899,UPI,0.0,2024-12-30,,Standard
M10899,Credit card,2.0,2024-12-30,,Standard
M10899,Debit card,0.9,2024-12-30,,Standard
M10899,Netbanking,1.8,2024-12-30,,Standard
M10899,Wallet,1.9,2024-12-30,,Standard
M10900,UPI,0.0,2024-12-30,,Standard
M10900,Credit card,2.0,2024-12-30,,Standard
M10900,Debit card,0.9,2024-12-30,,Standard
M10900,Netbanking,1.8,2024-12-30,,Standard
M10900,Wallet,1.9,2024-12-30,,Standard
M10901,UPI,0.0,2024-12-31,,Standard
M10901,Credit card,2.0,2024-12-31,,Standard
M10901,Debit card,0.9,2024-12-31,,Standard
M10901,Netbanking,1.8,2024-12-31,,Standard
M10901,Wallet,1.9,2024-12-31,,Standard
M10902,UPI,0.0,2024-12-31,,Standard
M10902,Credit card,2.0,2024-12-31,,Standard
M10902,Debit card,0.9,2024-12-31,,Standard
M10902,Netbanking,1.8,2024-12-31,,Standard
M10902,Wallet,1.9,2024-12-31,,Standard
M10903,UPI,0.0,2024-12-31,,Standard
M10903,Credit card,2.0,2024-12-31,,Standard
M10903,Debit card,0.9,2024-12-31,,Standard
M10903,Netbanking,1.8,2024-12-31,,Standard
M10903,Wallet,1.9,2024-12-31,,Standard
M10904,UPI,0.0,2024-12-31,,Standard
M10904,Credit card,2.0,2024-12-31,,Standard
M10904,Debit card,0.9,2024-12-31,,Standard
M10904,Netbanking,1.8,2024-12-31,,Standard
M10904,Wallet,1.9,2024-12-31,,Standard
M10905,UPI,0.0,2025-01-01,,Standard
M10905,Credit card,2.0,2025-01-01,,Standard
M10905,Debit card,0.9,2025-01-01,,Standard
M10905,Netbanking,1.8,2025-01-01,,Standard
M10905,Wallet,1.9,2025-01-01,,Standard
M10906,UPI,0.0,2025-01-02,,Standard
M10906,Credit card,2.0,2025-01-02,,Standard
M10906,Debit card,0.9,2025-01-02,,Standard
M10906,Netbanking,1.8,2025-01-02,,Standard
M10906,Wallet,1.9,2025-01-02,,Standard
M10907,UPI,0.0,2025-01-02,,Standard
M10907,Credit card,2.0,2025-01-02,,Standard
M10907,Debit card,0.9,2025-01-02,,Standard
M10907,Netbanking,1.8,2025-01-02,,Standard
M10907,Wallet,1.9,2025-01-02,,Standard
M10908,UPI,0.0,2025-01-02,,Standard
M10908,Credit card,2.0,2025-01-02,,Standard
M10908,Debit card,0.9,2025-01-02,,Standard
M10908,Netbanking,1.8,2025-01-02,,Standard
M10908,Wallet,1.9,2025-01-02,,Standard
M10909,UPI,0.0,2025-01-03,2026-04-30,Standard
M10909,UPI,0.0,2026-05-01,,Growth
M10909,Credit card,2.0,2025-01-03,2026-04-30,Standard
M10909,Credit card,1.9,2026-05-01,,Growth
M10909,Debit card,0.9,2025-01-03,2026-04-30,Standard
M10909,Debit card,0.8,2026-05-01,,Growth
M10909,Netbanking,1.8,2025-01-03,2026-04-30,Standard
M10909,Netbanking,1.7,2026-05-01,,Growth
M10909,Wallet,1.9,2025-01-03,2026-04-30,Standard
M10909,Wallet,1.8,2026-05-01,,Growth
M10910,UPI,0.0,2025-01-03,2026-04-30,Standard
M10910,UPI,0.0,2026-05-01,,Growth
M10910,Credit card,2.0,2025-01-03,2026-04-30,Standard
M10910,Credit card,1.9,2026-05-01,,Growth
M10910,Debit card,0.9,2025-01-03,2026-04-30,Standard
M10910,Debit card,0.8,2026-05-01,,Growth
M10910,Netbanking,1.8,2025-01-03,2026-04-30,Standard
M10910,Netbanking,1.7,2026-05-01,,Growth
M10910,Wallet,1.9,2025-01-03,2026-04-30,Standard
M10910,Wallet,1.8,2026-05-01,,Growth
M10911,UPI,0.0,2025-01-03,,Standard
M10911,Credit card,2.0,2025-01-03,,Standard
M10911,Debit card,0.9,2025-01-03,,Standard
M10911,Netbanking,1.8,2025-01-03,,Standard
M10911,Wallet,1.9,2025-01-03,,Standard
M10912,UPI,0.0,2025-01-03,,Standard
M10912,Credit card,2.0,2025-01-03,,Standard
M10912,Debit card,0.9,2025-01-03,,Standard
M10912,Netbanking,1.8,2025-01-03,,Standard
M10912,Wallet,1.9,2025-01-03,,Standard
M10913,UPI,0.0,2025-01-04,,Standard
M10913,Credit card,2.0,2025-01-04,,Standard
M10913,Debit card,0.9,2025-01-04,,Standard
M10913,Netbanking,1.8,2025-01-04,,Standard
M10913,Wallet,1.9,2025-01-04,,Standard
M10914,UPI,0.0,2025-01-05,,Standard
M10914,Credit card,2.0,2025-01-05,,Standard
M10914,Debit card,0.9,2025-01-05,,Standard
M10914,Netbanking,1.8,2025-01-05,,Standard
M10914,Wallet,1.9,2025-01-05,,Standard
M10915,UPI,0.0,2025-01-05,2026-04-30,Standard
M10915,UPI,0.0,2026-05-01,,Growth
M10915,Credit card,2.0,2025-01-05,2026-04-30,Standard
M10915,Credit card,1.9,2026-05-01,,Growth
M10915,Debit card,0.9,2025-01-05,2026-04-30,Standard
M10915,Debit card,0.8,2026-05-01,,Growth
M10915,Netbanking,1.8,2025-01-05,2026-04-30,Standard
M10915,Netbanking,1.7,2026-05-01,,Growth
M10915,Wallet,1.9,2025-01-05,2026-04-30,Standard
M10915,Wallet,1.8,2026-05-01,,Growth
M10916,UPI,0.0,2025-01-05,,Standard
M10916,Credit card,2.0,2025-01-05,,Standard
M10916,Debit card,0.9,2025-01-05,,Standard
M10916,Netbanking,1.8,2025-01-05,,Standard
M10916,Wallet,1.9,2025-01-05,,Standard
M10917,UPI,0.0,2025-01-07,,Standard
M10917,Credit card,2.0,2025-01-07,,Standard
M10917,Debit card,0.9,2025-01-07,,Standard
M10917,Netbanking,1.8,2025-01-07,,Standard
M10917,Wallet,1.9,2025-01-07,,Standard
M10918,UPI,0.0,2025-01-07,,Standard
M10918,Credit card,2.0,2025-01-07,,Standard
M10918,Debit card,0.9,2025-01-07,,Standard
M10918,Netbanking,1.8,2025-01-07,,Standard
M10918,Wallet,1.9,2025-01-07,,Standard
M10919,UPI,0.0,2025-01-07,,Standard
M10919,Credit card,2.0,2025-01-07,,Standard
M10919,Debit card,0.9,2025-01-07,,Standard
M10919,Netbanking,1.8,2025-01-07,,Standard
M10919,Wallet,1.9,2025-01-07,,Standard
M10920,UPI,0.0,2025-01-08,2026-04-30,Standard
M10920,UPI,0.0,2026-05-01,,Growth
M10920,Credit card,2.0,2025-01-08,2026-04-30,Standard
M10920,Credit card,1.9,2026-05-01,,Growth
M10920,Debit card,0.9,2025-01-08,2026-04-30,Standard
M10920,Debit card,0.8,2026-05-01,,Growth
M10920,Netbanking,1.8,2025-01-08,2026-04-30,Standard
M10920,Netbanking,1.7,2026-05-01,,Growth
M10920,Wallet,1.9,2025-01-08,2026-04-30,Standard
M10920,Wallet,1.8,2026-05-01,,Growth
M10921,UPI,0.0,2025-01-09,,Standard
M10921,Credit card,2.0,2025-01-09,,Standard
M10921,Debit card,0.9,2025-01-09,,Standard
M10921,Netbanking,1.8,2025-01-09,,Standard
M10921,Wallet,1.9,2025-01-09,,Standard
M10922,UPI,0.0,2025-01-09,2026-04-30,Standard
M10922,UPI,0.0,2026-05-01,,Growth
M10922,Credit card,2.0,2025-01-09,2026-04-30,Standard
M10922,Credit card,1.9,2026-05-01,,Growth
M10922,Debit card,0.9,2025-01-09,2026-04-30,Standard
M10922,Debit card,0.8,2026-05-01,,Growth
M10922,Netbanking,1.8,2025-01-09,2026-04-30,Standard
M10922,Netbanking,1.7,2026-05-01,,Growth
M10922,Wallet,1.9,2025-01-09,2026-04-30,Standard
M10922,Wallet,1.8,2026-05-01,,Growth
M10923,UPI,0.0,2025-01-09,,Standard
M10923,Credit card,2.0,2025-01-09,,Standard
M10923,Debit card,0.9,2025-01-09,,Standard
M10923,Netbanking,1.8,2025-01-09,,Standard
M10923,Wallet,1.9,2025-01-09,,Standard
M10924,UPI,0.0,2025-01-10,,Standard
M10924,Credit card,2.0,2025-01-10,,Standard
M10924,Debit card,0.9,2025-01-10,,Standard
M10924,Netbanking,1.8,2025-01-10,,Standard
M10924,Wallet,1.9,2025-01-10,,Standard
M10925,UPI,0.0,2025-01-12,,Standard
M10925,Credit card,2.0,2025-01-12,,Standard
M10925,Debit card,0.9,2025-01-12,,Standard
M10925,Netbanking,1.8,2025-01-12,,Standard
M10925,Wallet,1.9,2025-01-12,,Standard
M10926,UPI,0.0,2025-01-13,,Standard
M10926,Credit card,2.0,2025-01-13,,Standard
M10926,Debit card,0.9,2025-01-13,,Standard
M10926,Netbanking,1.8,2025-01-13,,Standard
M10926,Wallet,1.9,2025-01-13,,Standard
M10927,UPI,0.0,2025-01-14,2026-04-30,Standard
M10927,UPI,0.0,2026-05-01,,Growth
M10927,Credit card,2.0,2025-01-14,2026-04-30,Standard
M10927,Credit card,1.9,2026-05-01,,Growth
M10927,Debit card,0.9,2025-01-14,2026-04-30,Standard
M10927,Debit card,0.8,2026-05-01,,Growth
M10927,Netbanking,1.8,2025-01-14,2026-04-30,Standard
M10927,Netbanking,1.7,2026-05-01,,Growth
M10927,Wallet,1.9,2025-01-14,2026-04-30,Standard
M10927,Wallet,1.8,2026-05-01,,Growth
M10928,UPI,0.0,2025-01-14,,Standard
M10928,Credit card,2.0,2025-01-14,,Standard
M10928,Debit card,0.9,2025-01-14,,Standard
M10928,Netbanking,1.8,2025-01-14,,Standard
M10928,Wallet,1.9,2025-01-14,,Standard
M10929,UPI,0.0,2025-01-15,,Standard
M10929,Credit card,2.0,2025-01-15,,Standard
M10929,Debit card,0.9,2025-01-15,,Standard
M10929,Netbanking,1.8,2025-01-15,,Standard
M10929,Wallet,1.9,2025-01-15,,Standard
M10930,UPI,0.0,2025-01-16,,Standard
M10930,Credit card,2.0,2025-01-16,,Standard
M10930,Debit card,0.9,2025-01-16,,Standard
M10930,Netbanking,1.8,2025-01-16,,Standard
M10930,Wallet,1.9,2025-01-16,,Standard
M10931,UPI,0.0,2025-01-16,,Enterprise
M10931,Credit card,1.48,2025-01-16,,Enterprise
M10931,Debit card,0.58,2025-01-16,,Enterprise
M10931,Netbanking,1.28,2025-01-16,,Enterprise
M10931,Wallet,1.38,2025-01-16,,Enterprise
M10932,UPI,0.0,2025-01-17,,Standard
M10932,Credit card,2.0,2025-01-17,,Standard
M10932,Debit card,0.9,2025-01-17,,Standard
M10932,Netbanking,1.8,2025-01-17,,Standard
M10932,Wallet,1.9,2025-01-17,,Standard
M10933,UPI,0.0,2025-01-19,,Standard
M10933,Credit card,2.0,2025-01-19,,Standard
M10933,Debit card,0.9,2025-01-19,,Standard
M10933,Netbanking,1.8,2025-01-19,,Standard
M10933,Wallet,1.9,2025-01-19,,Standard
M10934,UPI,0.0,2025-01-19,,Standard
M10934,Credit card,2.0,2025-01-19,,Standard
M10934,Debit card,0.9,2025-01-19,,Standard
M10934,Netbanking,1.8,2025-01-19,,Standard
M10934,Wallet,1.9,2025-01-19,,Standard
M10935,UPI,0.0,2025-01-19,,Standard
M10935,Credit card,2.0,2025-01-19,,Standard
M10935,Debit card,0.9,2025-01-19,,Standard
M10935,Netbanking,1.8,2025-01-19,,Standard
M10935,Wallet,1.9,2025-01-19,,Standard
M10936,UPI,0.0,2025-01-20,,Standard
M10936,Credit card,2.0,2025-01-20,,Standard
M10936,Debit card,0.9,2025-01-20,,Standard
M10936,Netbanking,1.8,2025-01-20,,Standard
M10936,Wallet,1.9,2025-01-20,,Standard
M10937,UPI,0.0,2025-01-21,,Standard
M10937,Credit card,2.0,2025-01-21,,Standard
M10937,Debit card,0.9,2025-01-21,,Standard
M10937,Netbanking,1.8,2025-01-21,,Standard
M10937,Wallet,1.9,2025-01-21,,Standard
M10938,UPI,0.0,2025-01-22,,Standard
M10938,Credit card,2.0,2025-01-22,,Standard
M10938,Debit card,0.9,2025-01-22,,Standard
M10938,Netbanking,1.8,2025-01-22,,Standard
M10938,Wallet,1.9,2025-01-22,,Standard
M10939,UPI,0.0,2025-01-23,,Standard
M10939,Credit card,2.0,2025-01-23,,Standard
M10939,Debit card,0.9,2025-01-23,,Standard
M10939,Netbanking,1.8,2025-01-23,,Standard
M10939,Wallet,1.9,2025-01-23,,Standard
M10940,UPI,0.0,2025-01-23,,Standard
M10940,Credit card,2.0,2025-01-23,,Standard
M10940,Debit card,0.9,2025-01-23,,Standard
M10940,Netbanking,1.8,2025-01-23,,Standard
M10940,Wallet,1.9,2025-01-23,,Standard
M10941,UPI,0.0,2025-01-23,,Standard
M10941,Credit card,2.0,2025-01-23,,Standard
M10941,Debit card,0.9,2025-01-23,,Standard
M10941,Netbanking,1.8,2025-01-23,,Standard
M10941,Wallet,1.9,2025-01-23,,Standard
M10942,UPI,0.0,2025-01-24,2026-04-30,Standard
M10942,UPI,0.0,2026-05-01,,Growth
M10942,Credit card,2.0,2025-01-24,2026-04-30,Standard
M10942,Credit card,1.9,2026-05-01,,Growth
M10942,Debit card,0.9,2025-01-24,2026-04-30,Standard
M10942,Debit card,0.8,2026-05-01,,Growth
M10942,Netbanking,1.8,2025-01-24,2026-04-30,Standard
M10942,Netbanking,1.7,2026-05-01,,Growth
M10942,Wallet,1.9,2025-01-24,2026-04-30,Standard
M10942,Wallet,1.8,2026-05-01,,Growth
M10943,UPI,0.0,2025-01-24,,Standard
M10943,Credit card,2.0,2025-01-24,,Standard
M10943,Debit card,0.9,2025-01-24,,Standard
M10943,Netbanking,1.8,2025-01-24,,Standard
M10943,Wallet,1.9,2025-01-24,,Standard
M10944,UPI,0.0,2025-01-24,,Standard
M10944,Credit card,2.0,2025-01-24,,Standard
M10944,Debit card,0.9,2025-01-24,,Standard
M10944,Netbanking,1.8,2025-01-24,,Standard
M10944,Wallet,1.9,2025-01-24,,Standard
M10945,UPI,0.0,2025-01-27,2026-04-30,Standard
M10945,UPI,0.0,2026-05-01,,Growth
M10945,Credit card,2.0,2025-01-27,2026-04-30,Standard
M10945,Credit card,1.9,2026-05-01,,Growth
M10945,Debit card,0.9,2025-01-27,2026-04-30,Standard
M10945,Debit card,0.8,2026-05-01,,Growth
M10945,Netbanking,1.8,2025-01-27,2026-04-30,Standard
M10945,Netbanking,1.7,2026-05-01,,Growth
M10945,Wallet,1.9,2025-01-27,2026-04-30,Standard
M10945,Wallet,1.8,2026-05-01,,Growth
M10946,UPI,0.0,2025-01-28,,Standard
M10946,Credit card,2.0,2025-01-28,,Standard
M10946,Debit card,0.9,2025-01-28,,Standard
M10946,Netbanking,1.8,2025-01-28,,Standard
M10946,Wallet,1.9,2025-01-28,,Standard
M10947,UPI,0.0,2025-01-28,,Enterprise
M10947,Credit card,1.49,2025-01-28,,Enterprise
M10947,Debit card,0.59,2025-01-28,,Enterprise
M10947,Netbanking,1.29,2025-01-28,,Enterprise
M10947,Wallet,1.39,2025-01-28,,Enterprise
M10948,UPI,0.0,2025-01-29,2026-04-30,Standard
M10948,UPI,0.0,2026-05-01,,Growth
M10948,Credit card,2.0,2025-01-29,2026-04-30,Standard
M10948,Credit card,1.9,2026-05-01,,Growth
M10948,Debit card,0.9,2025-01-29,2026-04-30,Standard
M10948,Debit card,0.8,2026-05-01,,Growth
M10948,Netbanking,1.8,2025-01-29,2026-04-30,Standard
M10948,Netbanking,1.7,2026-05-01,,Growth
M10948,Wallet,1.9,2025-01-29,2026-04-30,Standard
M10948,Wallet,1.8,2026-05-01,,Growth
M10949,UPI,0.0,2025-01-29,,Standard
M10949,Credit card,2.0,2025-01-29,,Standard
M10949,Debit card,0.9,2025-01-29,,Standard
M10949,Netbanking,1.8,2025-01-29,,Standard
M10949,Wallet,1.9,2025-01-29,,Standard
M10950,UPI,0.0,2025-01-29,,Standard
M10950,Credit card,2.0,2025-01-29,,Standard
M10950,Debit card,0.9,2025-01-29,,Standard
M10950,Netbanking,1.8,2025-01-29,,Standard
M10950,Wallet,1.9,2025-01-29,,Standard
M10951,UPI,0.0,2025-01-29,,Standard
M10951,Credit card,2.0,2025-01-29,,Standard
M10951,Debit card,0.9,2025-01-29,,Standard
M10951,Netbanking,1.8,2025-01-29,,Standard
M10951,Wallet,1.9,2025-01-29,,Standard
M10952,UPI,0.0,2025-01-30,,Standard
M10952,Credit card,2.0,2025-01-30,,Standard
M10952,Debit card,0.9,2025-01-30,,Standard
M10952,Netbanking,1.8,2025-01-30,,Standard
M10952,Wallet,1.9,2025-01-30,,Standard
M10953,UPI,0.0,2025-01-30,,Standard
M10953,Credit card,2.0,2025-01-30,,Standard
M10953,Debit card,0.9,2025-01-30,,Standard
M10953,Netbanking,1.8,2025-01-30,,Standard
M10953,Wallet,1.9,2025-01-30,,Standard
M10954,UPI,0.0,2025-01-30,2026-04-30,Standard
M10954,UPI,0.0,2026-05-01,,Growth
M10954,Credit card,2.0,2025-01-30,2026-04-30,Standard
M10954,Credit card,1.9,2026-05-01,,Growth
M10954,Debit card,0.9,2025-01-30,2026-04-30,Standard
M10954,Debit card,0.8,2026-05-01,,Growth
M10954,Netbanking,1.8,2025-01-30,2026-04-30,Standard
M10954,Netbanking,1.7,2026-05-01,,Growth
M10954,Wallet,1.9,2025-01-30,2026-04-30,Standard
M10954,Wallet,1.8,2026-05-01,,Growth
M10955,UPI,0.0,2025-01-31,,Standard
M10955,Credit card,2.0,2025-01-31,,Standard
M10955,Debit card,0.9,2025-01-31,,Standard
M10955,Netbanking,1.8,2025-01-31,,Standard
M10955,Wallet,1.9,2025-01-31,,Standard
M10956,UPI,0.0,2025-02-01,2026-04-30,Standard
M10956,UPI,0.0,2026-05-01,,Growth
M10956,Credit card,2.0,2025-02-01,2026-04-30,Standard
M10956,Credit card,1.9,2026-05-01,,Growth
M10956,Debit card,0.9,2025-02-01,2026-04-30,Standard
M10956,Debit card,0.8,2026-05-01,,Growth
M10956,Netbanking,1.8,2025-02-01,2026-04-30,Standard
M10956,Netbanking,1.7,2026-05-01,,Growth
M10956,Wallet,1.9,2025-02-01,2026-04-30,Standard
M10956,Wallet,1.8,2026-05-01,,Growth
M10957,UPI,0.0,2025-02-01,,Standard
M10957,Credit card,2.0,2025-02-01,,Standard
M10957,Debit card,0.9,2025-02-01,,Standard
M10957,Netbanking,1.8,2025-02-01,,Standard
M10957,Wallet,1.9,2025-02-01,,Standard
M10958,UPI,0.0,2025-02-02,,Standard
M10958,Credit card,2.0,2025-02-02,,Standard
M10958,Debit card,0.9,2025-02-02,,Standard
M10958,Netbanking,1.8,2025-02-02,,Standard
M10958,Wallet,1.9,2025-02-02,,Standard
M10959,UPI,0.0,2025-02-02,,Standard
M10959,Credit card,2.0,2025-02-02,,Standard
M10959,Debit card,0.9,2025-02-02,,Standard
M10959,Netbanking,1.8,2025-02-02,,Standard
M10959,Wallet,1.9,2025-02-02,,Standard
M10960,UPI,0.0,2025-02-02,,Standard
M10960,Credit card,2.0,2025-02-02,,Standard
M10960,Debit card,0.9,2025-02-02,,Standard
M10960,Netbanking,1.8,2025-02-02,,Standard
M10960,Wallet,1.9,2025-02-02,,Standard
M10961,UPI,0.0,2025-02-04,,Standard
M10961,Credit card,2.0,2025-02-04,,Standard
M10961,Debit card,0.9,2025-02-04,,Standard
M10961,Netbanking,1.8,2025-02-04,,Standard
M10961,Wallet,1.9,2025-02-04,,Standard
M10962,UPI,0.0,2025-02-04,,Standard
M10962,Credit card,2.0,2025-02-04,,Standard
M10962,Debit card,0.9,2025-02-04,,Standard
M10962,Netbanking,1.8,2025-02-04,,Standard
M10962,Wallet,1.9,2025-02-04,,Standard
M10963,UPI,0.0,2025-02-05,,Standard
M10963,Credit card,2.0,2025-02-05,,Standard
M10963,Debit card,0.9,2025-02-05,,Standard
M10963,Netbanking,1.8,2025-02-05,,Standard
M10963,Wallet,1.9,2025-02-05,,Standard
M10964,UPI,0.0,2025-02-08,,Standard
M10964,Credit card,2.0,2025-02-08,,Standard
M10964,Debit card,0.9,2025-02-08,,Standard
M10964,Netbanking,1.8,2025-02-08,,Standard
M10964,Wallet,1.9,2025-02-08,,Standard
M10965,UPI,0.0,2025-02-08,2026-04-30,Standard
M10965,UPI,0.0,2026-05-01,,Growth
M10965,Credit card,2.0,2025-02-08,2026-04-30,Standard
M10965,Credit card,1.9,2026-05-01,,Growth
M10965,Debit card,0.9,2025-02-08,2026-04-30,Standard
M10965,Debit card,0.8,2026-05-01,,Growth
M10965,Netbanking,1.8,2025-02-08,2026-04-30,Standard
M10965,Netbanking,1.7,2026-05-01,,Growth
M10965,Wallet,1.9,2025-02-08,2026-04-30,Standard
M10965,Wallet,1.8,2026-05-01,,Growth
M10966,UPI,0.0,2025-02-08,,Standard
M10966,Credit card,2.0,2025-02-08,,Standard
M10966,Debit card,0.9,2025-02-08,,Standard
M10966,Netbanking,1.8,2025-02-08,,Standard
M10966,Wallet,1.9,2025-02-08,,Standard
M10967,UPI,0.0,2025-02-09,2026-04-30,Standard
M10967,UPI,0.0,2026-05-01,,Growth
M10967,Credit card,2.0,2025-02-09,2026-04-30,Standard
M10967,Credit card,1.9,2026-05-01,,Growth
M10967,Debit card,0.9,2025-02-09,2026-04-30,Standard
M10967,Debit card,0.8,2026-05-01,,Growth
M10967,Netbanking,1.8,2025-02-09,2026-04-30,Standard
M10967,Netbanking,1.7,2026-05-01,,Growth
M10967,Wallet,1.9,2025-02-09,2026-04-30,Standard
M10967,Wallet,1.8,2026-05-01,,Growth
M10968,UPI,0.0,2025-02-09,,Standard
M10968,Credit card,2.0,2025-02-09,,Standard
M10968,Debit card,0.9,2025-02-09,,Standard
M10968,Netbanking,1.8,2025-02-09,,Standard
M10968,Wallet,1.9,2025-02-09,,Standard
M10969,UPI,0.0,2025-02-10,,Standard
M10969,Credit card,2.0,2025-02-10,,Standard
M10969,Debit card,0.9,2025-02-10,,Standard
M10969,Netbanking,1.8,2025-02-10,,Standard
M10969,Wallet,1.9,2025-02-10,,Standard
M10970,UPI,0.0,2025-02-10,2026-04-30,Standard
M10970,UPI,0.0,2026-05-01,,Growth
M10970,Credit card,2.0,2025-02-10,2026-04-30,Standard
M10970,Credit card,1.9,2026-05-01,,Growth
M10970,Debit card,0.9,2025-02-10,2026-04-30,Standard
M10970,Debit card,0.8,2026-05-01,,Growth
M10970,Netbanking,1.8,2025-02-10,2026-04-30,Standard
M10970,Netbanking,1.7,2026-05-01,,Growth
M10970,Wallet,1.9,2025-02-10,2026-04-30,Standard
M10970,Wallet,1.8,2026-05-01,,Growth
M10971,UPI,0.0,2025-02-12,,Standard
M10971,Credit card,2.0,2025-02-12,,Standard
M10971,Debit card,0.9,2025-02-12,,Standard
M10971,Netbanking,1.8,2025-02-12,,Standard
M10971,Wallet,1.9,2025-02-12,,Standard
M10972,UPI,0.0,2025-02-14,,Standard
M10972,Credit card,2.0,2025-02-14,,Standard
M10972,Debit card,0.9,2025-02-14,,Standard
M10972,Netbanking,1.8,2025-02-14,,Standard
M10972,Wallet,1.9,2025-02-14,,Standard
M10973,UPI,0.0,2025-02-14,,Standard
M10973,Credit card,2.0,2025-02-14,,Standard
M10973,Debit card,0.9,2025-02-14,,Standard
M10973,Netbanking,1.8,2025-02-14,,Standard
M10973,Wallet,1.9,2025-02-14,,Standard
M10974,UPI,0.0,2025-02-15,,Standard
M10974,Credit card,2.0,2025-02-15,,Standard
M10974,Debit card,0.9,2025-02-15,,Standard
M10974,Netbanking,1.8,2025-02-15,,Standard
M10974,Wallet,1.9,2025-02-15,,Standard
M10975,UPI,0.0,2025-02-15,,Standard
M10975,Credit card,2.0,2025-02-15,,Standard
M10975,Debit card,0.9,2025-02-15,,Standard
M10975,Netbanking,1.8,2025-02-15,,Standard
M10975,Wallet,1.9,2025-02-15,,Standard
M10976,UPI,0.0,2025-02-16,,Standard
M10976,Credit card,2.0,2025-02-16,,Standard
M10976,Debit card,0.9,2025-02-16,,Standard
M10976,Netbanking,1.8,2025-02-16,,Standard
M10976,Wallet,1.9,2025-02-16,,Standard
M10977,UPI,0.0,2025-02-17,,Standard
M10977,Credit card,2.0,2025-02-17,,Standard
M10977,Debit card,0.9,2025-02-17,,Standard
M10977,Netbanking,1.8,2025-02-17,,Standard
M10977,Wallet,1.9,2025-02-17,,Standard
M10978,UPI,0.0,2025-02-21,2026-04-30,Standard
M10978,UPI,0.0,2026-05-01,,Growth
M10978,Credit card,2.0,2025-02-21,2026-04-30,Standard
M10978,Credit card,1.9,2026-05-01,,Growth
M10978,Debit card,0.9,2025-02-21,2026-04-30,Standard
M10978,Debit card,0.8,2026-05-01,,Growth
M10978,Netbanking,1.8,2025-02-21,2026-04-30,Standard
M10978,Netbanking,1.7,2026-05-01,,Growth
M10978,Wallet,1.9,2025-02-21,2026-04-30,Standard
M10978,Wallet,1.8,2026-05-01,,Growth
M10979,UPI,0.0,2025-02-21,,Standard
M10979,Credit card,2.0,2025-02-21,,Standard
M10979,Debit card,0.9,2025-02-21,,Standard
M10979,Netbanking,1.8,2025-02-21,,Standard
M10979,Wallet,1.9,2025-02-21,,Standard
M10980,UPI,0.0,2025-02-22,,Standard
M10980,Credit card,2.0,2025-02-22,,Standard
M10980,Debit card,0.9,2025-02-22,,Standard
M10980,Netbanking,1.8,2025-02-22,,Standard
M10980,Wallet,1.9,2025-02-22,,Standard
M10981,UPI,0.0,2025-02-23,2026-04-30,Standard
M10981,UPI,0.0,2026-05-01,,Growth
M10981,Credit card,2.0,2025-02-23,2026-04-30,Standard
M10981,Credit card,1.9,2026-05-01,,Growth
M10981,Debit card,0.9,2025-02-23,2026-04-30,Standard
M10981,Debit card,0.8,2026-05-01,,Growth
M10981,Netbanking,1.8,2025-02-23,2026-04-30,Standard
M10981,Netbanking,1.7,2026-05-01,,Growth
M10981,Wallet,1.9,2025-02-23,2026-04-30,Standard
M10981,Wallet,1.8,2026-05-01,,Growth
M10982,UPI,0.0,2025-02-23,2026-04-30,Standard
M10982,UPI,0.0,2026-05-01,,Growth
M10982,Credit card,2.0,2025-02-23,2026-04-30,Standard
M10982,Credit card,1.9,2026-05-01,,Growth
M10982,Debit card,0.9,2025-02-23,2026-04-30,Standard
M10982,Debit card,0.8,2026-05-01,,Growth
M10982,Netbanking,1.8,2025-02-23,2026-04-30,Standard
M10982,Netbanking,1.7,2026-05-01,,Growth
M10982,Wallet,1.9,2025-02-23,2026-04-30,Standard
M10982,Wallet,1.8,2026-05-01,,Growth
M10983,UPI,0.0,2025-02-23,,Standard
M10983,Credit card,2.0,2025-02-23,,Standard
M10983,Debit card,0.9,2025-02-23,,Standard
M10983,Netbanking,1.8,2025-02-23,,Standard
M10983,Wallet,1.9,2025-02-23,,Standard
M10984,UPI,0.0,2025-02-23,,Standard
M10984,Credit card,2.0,2025-02-23,,Standard
M10984,Debit card,0.9,2025-02-23,,Standard
M10984,Netbanking,1.8,2025-02-23,,Standard
M10984,Wallet,1.9,2025-02-23,,Standard
M10985,UPI,0.0,2025-02-24,2026-04-30,Standard
M10985,UPI,0.0,2026-05-01,,Growth
M10985,Credit card,2.0,2025-02-24,2026-04-30,Standard
M10985,Credit card,1.9,2026-05-01,,Growth
M10985,Debit card,0.9,2025-02-24,2026-04-30,Standard
M10985,Debit card,0.8,2026-05-01,,Growth
M10985,Netbanking,1.8,2025-02-24,2026-04-30,Standard
M10985,Netbanking,1.7,2026-05-01,,Growth
M10985,Wallet,1.9,2025-02-24,2026-04-30,Standard
M10985,Wallet,1.8,2026-05-01,,Growth
M10986,UPI,0.0,2025-02-24,2026-04-30,Standard
M10986,UPI,0.0,2026-05-01,,Growth
M10986,Credit card,2.0,2025-02-24,2026-04-30,Standard
M10986,Credit card,1.9,2026-05-01,,Growth
M10986,Debit card,0.9,2025-02-24,2026-04-30,Standard
M10986,Debit card,0.8,2026-05-01,,Growth
M10986,Netbanking,1.8,2025-02-24,2026-04-30,Standard
M10986,Netbanking,1.7,2026-05-01,,Growth
M10986,Wallet,1.9,2025-02-24,2026-04-30,Standard
M10986,Wallet,1.8,2026-05-01,,Growth
M10987,UPI,0.0,2025-02-24,,Standard
M10987,Credit card,2.0,2025-02-24,,Standard
M10987,Debit card,0.9,2025-02-24,,Standard
M10987,Netbanking,1.8,2025-02-24,,Standard
M10987,Wallet,1.9,2025-02-24,,Standard
M10988,UPI,0.0,2025-02-24,,Standard
M10988,Credit card,2.0,2025-02-24,,Standard
M10988,Debit card,0.9,2025-02-24,,Standard
M10988,Netbanking,1.8,2025-02-24,,Standard
M10988,Wallet,1.9,2025-02-24,,Standard
M10989,UPI,0.0,2025-02-25,,Enterprise
M10989,Credit card,1.6,2025-02-25,,Enterprise
M10989,Debit card,0.7,2025-02-25,,Enterprise
M10989,Netbanking,1.4,2025-02-25,,Enterprise
M10989,Wallet,1.5,2025-02-25,,Enterprise
M10990,UPI,0.0,2025-02-25,2026-04-30,Standard
M10990,UPI,0.0,2026-05-01,,Growth
M10990,Credit card,2.0,2025-02-25,2026-04-30,Standard
M10990,Credit card,1.9,2026-05-01,,Growth
M10990,Debit card,0.9,2025-02-25,2026-04-30,Standard
M10990,Debit card,0.8,2026-05-01,,Growth
M10990,Netbanking,1.8,2025-02-25,2026-04-30,Standard
M10990,Netbanking,1.7,2026-05-01,,Growth
M10990,Wallet,1.9,2025-02-25,2026-04-30,Standard
M10990,Wallet,1.8,2026-05-01,,Growth
M10991,UPI,0.0,2025-02-25,2026-04-30,Standard
M10991,UPI,0.0,2026-05-01,,Growth
M10991,Credit card,2.0,2025-02-25,2026-04-30,Standard
M10991,Credit card,1.9,2026-05-01,,Growth
M10991,Debit card,0.9,2025-02-25,2026-04-30,Standard
M10991,Debit card,0.8,2026-05-01,,Growth
M10991,Netbanking,1.8,2025-02-25,2026-04-30,Standard
M10991,Netbanking,1.7,2026-05-01,,Growth
M10991,Wallet,1.9,2025-02-25,2026-04-30,Standard
M10991,Wallet,1.8,2026-05-01,,Growth
M10992,UPI,0.0,2025-02-26,,Standard
M10992,Credit card,2.0,2025-02-26,,Standard
M10992,Debit card,0.9,2025-02-26,,Standard
M10992,Netbanking,1.8,2025-02-26,,Standard
M10992,Wallet,1.9,2025-02-26,,Standard
M10993,UPI,0.0,2025-02-27,,Standard
M10993,Credit card,2.0,2025-02-27,,Standard
M10993,Debit card,0.9,2025-02-27,,Standard
M10993,Netbanking,1.8,2025-02-27,,Standard
M10993,Wallet,1.9,2025-02-27,,Standard
M10994,UPI,0.0,2025-02-27,,Standard
M10994,Credit card,2.0,2025-02-27,,Standard
M10994,Debit card,0.9,2025-02-27,,Standard
M10994,Netbanking,1.8,2025-02-27,,Standard
M10994,Wallet,1.9,2025-02-27,,Standard
M10995,UPI,0.0,2025-02-27,,Standard
M10995,Credit card,2.0,2025-02-27,,Standard
M10995,Debit card,0.9,2025-02-27,,Standard
M10995,Netbanking,1.8,2025-02-27,,Standard
M10995,Wallet,1.9,2025-02-27,,Standard
M10996,UPI,0.0,2025-03-02,,Standard
M10996,Credit card,2.0,2025-03-02,,Standard
M10996,Debit card,0.9,2025-03-02,,Standard
M10996,Netbanking,1.8,2025-03-02,,Standard
M10996,Wallet,1.9,2025-03-02,,Standard
M10997,UPI,0.0,2025-03-03,,Standard
M10997,Credit card,2.0,2025-03-03,,Standard
M10997,Debit card,0.9,2025-03-03,,Standard
M10997,Netbanking,1.8,2025-03-03,,Standard
M10997,Wallet,1.9,2025-03-03,,Standard
M10998,UPI,0.0,2025-03-03,,Standard
M10998,Credit card,2.0,2025-03-03,,Standard
M10998,Debit card,0.9,2025-03-03,,Standard
M10998,Netbanking,1.8,2025-03-03,,Standard
M10998,Wallet,1.9,2025-03-03,,Standard
M10999,UPI,0.0,2025-03-04,,Standard
M10999,Credit card,2.0,2025-03-04,,Standard
M10999,Debit card,0.9,2025-03-04,,Standard
M10999,Netbanking,1.8,2025-03-04,,Standard
M10999,Wallet,1.9,2025-03-04,,Standard
M11000,UPI,0.0,2025-03-05,,Standard
M11000,Credit card,2.0,2025-03-05,,Standard
M11000,Debit card,0.9,2025-03-05,,Standard
M11000,Netbanking,1.8,2025-03-05,,Standard
M11000,Wallet,1.9,2025-03-05,,Standard
M11001,UPI,0.0,2025-03-06,,Standard
M11001,Credit card,2.0,2025-03-06,,Standard
M11001,Debit card,0.9,2025-03-06,,Standard
M11001,Netbanking,1.8,2025-03-06,,Standard
M11001,Wallet,1.9,2025-03-06,,Standard
M11002,UPI,0.0,2025-03-09,,Standard
M11002,Credit card,2.0,2025-03-09,,Standard
M11002,Debit card,0.9,2025-03-09,,Standard
M11002,Netbanking,1.8,2025-03-09,,Standard
M11002,Wallet,1.9,2025-03-09,,Standard
M11003,UPI,0.0,2025-03-09,,Enterprise
M11003,Credit card,1.48,2025-03-09,,Enterprise
M11003,Debit card,0.58,2025-03-09,,Enterprise
M11003,Netbanking,1.28,2025-03-09,,Enterprise
M11003,Wallet,1.38,2025-03-09,,Enterprise
M11004,UPI,0.0,2025-03-10,,Standard
M11004,Credit card,2.0,2025-03-10,,Standard
M11004,Debit card,0.9,2025-03-10,,Standard
M11004,Netbanking,1.8,2025-03-10,,Standard
M11004,Wallet,1.9,2025-03-10,,Standard
M11005,UPI,0.0,2025-03-10,,Standard
M11005,Credit card,2.0,2025-03-10,,Standard
M11005,Debit card,0.9,2025-03-10,,Standard
M11005,Netbanking,1.8,2025-03-10,,Standard
M11005,Wallet,1.9,2025-03-10,,Standard
M11006,UPI,0.0,2025-03-10,,Standard
M11006,Credit card,2.0,2025-03-10,,Standard
M11006,Debit card,0.9,2025-03-10,,Standard
M11006,Netbanking,1.8,2025-03-10,,Standard
M11006,Wallet,1.9,2025-03-10,,Standard
M11007,UPI,0.0,2025-03-10,,Standard
M11007,Credit card,2.0,2025-03-10,,Standard
M11007,Debit card,0.9,2025-03-10,,Standard
M11007,Netbanking,1.8,2025-03-10,,Standard
M11007,Wallet,1.9,2025-03-10,,Standard
M11008,UPI,0.0,2025-03-11,,Standard
M11008,Credit card,2.0,2025-03-11,,Standard
M11008,Debit card,0.9,2025-03-11,,Standard
M11008,Netbanking,1.8,2025-03-11,,Standard
M11008,Wallet,1.9,2025-03-11,,Standard
M11009,UPI,0.0,2025-03-11,,Standard
M11009,Credit card,2.0,2025-03-11,,Standard
M11009,Debit card,0.9,2025-03-11,,Standard
M11009,Netbanking,1.8,2025-03-11,,Standard
M11009,Wallet,1.9,2025-03-11,,Standard
M11010,UPI,0.0,2025-03-11,2026-04-30,Standard
M11010,UPI,0.0,2026-05-01,,Growth
M11010,Credit card,2.0,2025-03-11,2026-04-30,Standard
M11010,Credit card,1.9,2026-05-01,,Growth
M11010,Debit card,0.9,2025-03-11,2026-04-30,Standard
M11010,Debit card,0.8,2026-05-01,,Growth
M11010,Netbanking,1.8,2025-03-11,2026-04-30,Standard
M11010,Netbanking,1.7,2026-05-01,,Growth
M11010,Wallet,1.9,2025-03-11,2026-04-30,Standard
M11010,Wallet,1.8,2026-05-01,,Growth
M11011,UPI,0.0,2025-03-11,2026-04-30,Standard
M11011,UPI,0.0,2026-05-01,,Growth
M11011,Credit card,2.0,2025-03-11,2026-04-30,Standard
M11011,Credit card,1.9,2026-05-01,,Growth
M11011,Debit card,0.9,2025-03-11,2026-04-30,Standard
M11011,Debit card,0.8,2026-05-01,,Growth
M11011,Netbanking,1.8,2025-03-11,2026-04-30,Standard
M11011,Netbanking,1.7,2026-05-01,,Growth
M11011,Wallet,1.9,2025-03-11,2026-04-30,Standard
M11011,Wallet,1.8,2026-05-01,,Growth
M11012,UPI,0.0,2025-03-12,,Standard
M11012,Credit card,2.0,2025-03-12,,Standard
M11012,Debit card,0.9,2025-03-12,,Standard
M11012,Netbanking,1.8,2025-03-12,,Standard
M11012,Wallet,1.9,2025-03-12,,Standard
M11013,UPI,0.0,2025-03-13,,Standard
M11013,Credit card,2.0,2025-03-13,,Standard
M11013,Debit card,0.9,2025-03-13,,Standard
M11013,Netbanking,1.8,2025-03-13,,Standard
M11013,Wallet,1.9,2025-03-13,,Standard
M11014,UPI,0.0,2025-03-13,,Standard
M11014,Credit card,2.0,2025-03-13,,Standard
M11014,Debit card,0.9,2025-03-13,,Standard
M11014,Netbanking,1.8,2025-03-13,,Standard
M11014,Wallet,1.9,2025-03-13,,Standard
M11015,UPI,0.0,2025-03-14,,Standard
M11015,Credit card,2.0,2025-03-14,,Standard
M11015,Debit card,0.9,2025-03-14,,Standard
M11015,Netbanking,1.8,2025-03-14,,Standard
M11015,Wallet,1.9,2025-03-14,,Standard
M11016,UPI,0.0,2025-03-15,,Standard
M11016,Credit card,2.0,2025-03-15,,Standard
M11016,Debit card,0.9,2025-03-15,,Standard
M11016,Netbanking,1.8,2025-03-15,,Standard
M11016,Wallet,1.9,2025-03-15,,Standard
M11017,UPI,0.0,2025-03-15,,Standard
M11017,Credit card,2.0,2025-03-15,,Standard
M11017,Debit card,0.9,2025-03-15,,Standard
M11017,Netbanking,1.8,2025-03-15,,Standard
M11017,Wallet,1.9,2025-03-15,,Standard
M11018,UPI,0.0,2025-03-15,,Standard
M11018,Credit card,2.0,2025-03-15,,Standard
M11018,Debit card,0.9,2025-03-15,,Standard
M11018,Netbanking,1.8,2025-03-15,,Standard
M11018,Wallet,1.9,2025-03-15,,Standard
M11019,UPI,0.0,2025-03-16,2026-04-30,Standard
M11019,UPI,0.0,2026-05-01,,Growth
M11019,Credit card,2.0,2025-03-16,2026-04-30,Standard
M11019,Credit card,1.9,2026-05-01,,Growth
M11019,Debit card,0.9,2025-03-16,2026-04-30,Standard
M11019,Debit card,0.8,2026-05-01,,Growth
M11019,Netbanking,1.8,2025-03-16,2026-04-30,Standard
M11019,Netbanking,1.7,2026-05-01,,Growth
M11019,Wallet,1.9,2025-03-16,2026-04-30,Standard
M11019,Wallet,1.8,2026-05-01,,Growth
M11020,UPI,0.0,2025-03-17,,Standard
M11020,Credit card,2.0,2025-03-17,,Standard
M11020,Debit card,0.9,2025-03-17,,Standard
M11020,Netbanking,1.8,2025-03-17,,Standard
M11020,Wallet,1.9,2025-03-17,,Standard
M11021,UPI,0.0,2025-03-18,,Standard
M11021,Credit card,2.0,2025-03-18,,Standard
M11021,Debit card,0.9,2025-03-18,,Standard
M11021,Netbanking,1.8,2025-03-18,,Standard
M11021,Wallet,1.9,2025-03-18,,Standard
M11022,UPI,0.0,2025-03-18,,Standard
M11022,Credit card,2.0,2025-03-18,,Standard
M11022,Debit card,0.9,2025-03-18,,Standard
M11022,Netbanking,1.8,2025-03-18,,Standard
M11022,Wallet,1.9,2025-03-18,,Standard
M11023,UPI,0.0,2025-03-19,2026-04-30,Standard
M11023,UPI,0.0,2026-05-01,,Growth
M11023,Credit card,2.0,2025-03-19,2026-04-30,Standard
M11023,Credit card,1.9,2026-05-01,,Growth
M11023,Debit card,0.9,2025-03-19,2026-04-30,Standard
M11023,Debit card,0.8,2026-05-01,,Growth
M11023,Netbanking,1.8,2025-03-19,2026-04-30,Standard
M11023,Netbanking,1.7,2026-05-01,,Growth
M11023,Wallet,1.9,2025-03-19,2026-04-30,Standard
M11023,Wallet,1.8,2026-05-01,,Growth
M11024,UPI,0.0,2025-03-19,,Standard
M11024,Credit card,2.0,2025-03-19,,Standard
M11024,Debit card,0.9,2025-03-19,,Standard
M11024,Netbanking,1.8,2025-03-19,,Standard
M11024,Wallet,1.9,2025-03-19,,Standard
M11025,UPI,0.0,2025-03-19,2026-04-30,Standard
M11025,UPI,0.0,2026-05-01,,Growth
M11025,Credit card,2.0,2025-03-19,2026-04-30,Standard
M11025,Credit card,1.9,2026-05-01,,Growth
M11025,Debit card,0.9,2025-03-19,2026-04-30,Standard
M11025,Debit card,0.8,2026-05-01,,Growth
M11025,Netbanking,1.8,2025-03-19,2026-04-30,Standard
M11025,Netbanking,1.7,2026-05-01,,Growth
M11025,Wallet,1.9,2025-03-19,2026-04-30,Standard
M11025,Wallet,1.8,2026-05-01,,Growth
M11026,UPI,0.0,2025-03-20,,Standard
M11026,Credit card,2.0,2025-03-20,,Standard
M11026,Debit card,0.9,2025-03-20,,Standard
M11026,Netbanking,1.8,2025-03-20,,Standard
M11026,Wallet,1.9,2025-03-20,,Standard
M11027,UPI,0.0,2025-03-22,,Standard
M11027,Credit card,2.0,2025-03-22,,Standard
M11027,Debit card,0.9,2025-03-22,,Standard
M11027,Netbanking,1.8,2025-03-22,,Standard
M11027,Wallet,1.9,2025-03-22,,Standard
M11028,UPI,0.0,2025-03-22,2026-04-30,Standard
M11028,UPI,0.0,2026-05-01,,Growth
M11028,Credit card,2.0,2025-03-22,2026-04-30,Standard
M11028,Credit card,1.9,2026-05-01,,Growth
M11028,Debit card,0.9,2025-03-22,2026-04-30,Standard
M11028,Debit card,0.8,2026-05-01,,Growth
M11028,Netbanking,1.8,2025-03-22,2026-04-30,Standard
M11028,Netbanking,1.7,2026-05-01,,Growth
M11028,Wallet,1.9,2025-03-22,2026-04-30,Standard
M11028,Wallet,1.8,2026-05-01,,Growth
M11029,UPI,0.0,2025-03-22,,Standard
M11029,Credit card,2.0,2025-03-22,,Standard
M11029,Debit card,0.9,2025-03-22,,Standard
M11029,Netbanking,1.8,2025-03-22,,Standard
M11029,Wallet,1.9,2025-03-22,,Standard
M11030,UPI,0.0,2025-03-24,2026-04-30,Standard
M11030,UPI,0.0,2026-05-01,,Growth
M11030,Credit card,2.0,2025-03-24,2026-04-30,Standard
M11030,Credit card,1.9,2026-05-01,,Growth
M11030,Debit card,0.9,2025-03-24,2026-04-30,Standard
M11030,Debit card,0.8,2026-05-01,,Growth
M11030,Netbanking,1.8,2025-03-24,2026-04-30,Standard
M11030,Netbanking,1.7,2026-05-01,,Growth
M11030,Wallet,1.9,2025-03-24,2026-04-30,Standard
M11030,Wallet,1.8,2026-05-01,,Growth
M11031,UPI,0.0,2025-03-25,,Standard
M11031,Credit card,2.0,2025-03-25,,Standard
M11031,Debit card,0.9,2025-03-25,,Standard
M11031,Netbanking,1.8,2025-03-25,,Standard
M11031,Wallet,1.9,2025-03-25,,Standard
M11032,UPI,0.0,2025-03-26,,Standard
M11032,Credit card,2.0,2025-03-26,,Standard
M11032,Debit card,0.9,2025-03-26,,Standard
M11032,Netbanking,1.8,2025-03-26,,Standard
M11032,Wallet,1.9,2025-03-26,,Standard
M11033,UPI,0.0,2025-03-26,2026-04-30,Standard
M11033,UPI,0.0,2026-05-01,,Growth
M11033,Credit card,2.0,2025-03-26,2026-04-30,Standard
M11033,Credit card,1.9,2026-05-01,,Growth
M11033,Debit card,0.9,2025-03-26,2026-04-30,Standard
M11033,Debit card,0.8,2026-05-01,,Growth
M11033,Netbanking,1.8,2025-03-26,2026-04-30,Standard
M11033,Netbanking,1.7,2026-05-01,,Growth
M11033,Wallet,1.9,2025-03-26,2026-04-30,Standard
M11033,Wallet,1.8,2026-05-01,,Growth
M11034,UPI,0.0,2025-03-26,,Standard
M11034,Credit card,2.0,2025-03-26,,Standard
M11034,Debit card,0.9,2025-03-26,,Standard
M11034,Netbanking,1.8,2025-03-26,,Standard
M11034,Wallet,1.9,2025-03-26,,Standard
M11035,UPI,0.0,2025-03-27,2026-04-30,Standard
M11035,UPI,0.0,2026-05-01,,Growth
M11035,Credit card,2.0,2025-03-27,2026-04-30,Standard
M11035,Credit card,1.9,2026-05-01,,Growth
M11035,Debit card,0.9,2025-03-27,2026-04-30,Standard
M11035,Debit card,0.8,2026-05-01,,Growth
M11035,Netbanking,1.8,2025-03-27,2026-04-30,Standard
M11035,Netbanking,1.7,2026-05-01,,Growth
M11035,Wallet,1.9,2025-03-27,2026-04-30,Standard
M11035,Wallet,1.8,2026-05-01,,Growth
M11036,UPI,0.0,2025-03-28,,Standard
M11036,Credit card,2.0,2025-03-28,,Standard
M11036,Debit card,0.9,2025-03-28,,Standard
M11036,Netbanking,1.8,2025-03-28,,Standard
M11036,Wallet,1.9,2025-03-28,,Standard
M11037,UPI,0.0,2025-03-29,,Standard
M11037,Credit card,2.0,2025-03-29,,Standard
M11037,Debit card,0.9,2025-03-29,,Standard
M11037,Netbanking,1.8,2025-03-29,,Standard
M11037,Wallet,1.9,2025-03-29,,Standard
M11038,UPI,0.0,2025-03-30,,Standard
M11038,Credit card,2.0,2025-03-30,,Standard
M11038,Debit card,0.9,2025-03-30,,Standard
M11038,Netbanking,1.8,2025-03-30,,Standard
M11038,Wallet,1.9,2025-03-30,,Standard
M11039,UPI,0.0,2025-03-31,,Standard
M11039,Credit card,2.0,2025-03-31,,Standard
M11039,Debit card,0.9,2025-03-31,,Standard
M11039,Netbanking,1.8,2025-03-31,,Standard
M11039,Wallet,1.9,2025-03-31,,Standard
M11040,UPI,0.0,2025-03-31,,Standard
M11040,Credit card,2.0,2025-03-31,,Standard
M11040,Debit card,0.9,2025-03-31,,Standard
M11040,Netbanking,1.8,2025-03-31,,Standard
M11040,Wallet,1.9,2025-03-31,,Standard
M11041,UPI,0.0,2025-03-31,,Standard
M11041,Credit card,2.0,2025-03-31,,Standard
M11041,Debit card,0.9,2025-03-31,,Standard
M11041,Netbanking,1.8,2025-03-31,,Standard
M11041,Wallet,1.9,2025-03-31,,Standard
M11042,UPI,0.0,2025-04-01,2026-04-30,Standard
M11042,UPI,0.0,2026-05-01,,Growth
M11042,Credit card,2.0,2025-04-01,2026-04-30,Standard
M11042,Credit card,1.9,2026-05-01,,Growth
M11042,Debit card,0.9,2025-04-01,2026-04-30,Standard
M11042,Debit card,0.8,2026-05-01,,Growth
M11042,Netbanking,1.8,2025-04-01,2026-04-30,Standard
M11042,Netbanking,1.7,2026-05-01,,Growth
M11042,Wallet,1.9,2025-04-01,2026-04-30,Standard
M11042,Wallet,1.8,2026-05-01,,Growth
M11043,UPI,0.0,2025-04-01,,Standard
M11043,Credit card,2.0,2025-04-01,,Standard
M11043,Debit card,0.9,2025-04-01,,Standard
M11043,Netbanking,1.8,2025-04-01,,Standard
M11043,Wallet,1.9,2025-04-01,,Standard
M11044,UPI,0.0,2025-04-02,2026-04-30,Standard
M11044,UPI,0.0,2026-05-01,,Growth
M11044,Credit card,2.0,2025-04-02,2026-04-30,Standard
M11044,Credit card,1.9,2026-05-01,,Growth
M11044,Debit card,0.9,2025-04-02,2026-04-30,Standard
M11044,Debit card,0.8,2026-05-01,,Growth
M11044,Netbanking,1.8,2025-04-02,2026-04-30,Standard
M11044,Netbanking,1.7,2026-05-01,,Growth
M11044,Wallet,1.9,2025-04-02,2026-04-30,Standard
M11044,Wallet,1.8,2026-05-01,,Growth
M11045,UPI,0.0,2025-04-02,,Standard
M11045,Credit card,2.0,2025-04-02,,Standard
M11045,Debit card,0.9,2025-04-02,,Standard
M11045,Netbanking,1.8,2025-04-02,,Standard
M11045,Wallet,1.9,2025-04-02,,Standard
M11046,UPI,0.0,2025-04-03,,Standard
M11046,Credit card,2.0,2025-04-03,,Standard
M11046,Debit card,0.9,2025-04-03,,Standard
M11046,Netbanking,1.8,2025-04-03,,Standard
M11046,Wallet,1.9,2025-04-03,,Standard
M11047,UPI,0.0,2025-04-03,,Standard
M11047,Credit card,2.0,2025-04-03,,Standard
M11047,Debit card,0.9,2025-04-03,,Standard
M11047,Netbanking,1.8,2025-04-03,,Standard
M11047,Wallet,1.9,2025-04-03,,Standard
M11048,UPI,0.0,2025-04-03,,Standard
M11048,Credit card,2.0,2025-04-03,,Standard
M11048,Debit card,0.9,2025-04-03,,Standard
M11048,Netbanking,1.8,2025-04-03,,Standard
M11048,Wallet,1.9,2025-04-03,,Standard
M11049,UPI,0.0,2025-04-03,2026-04-30,Standard
M11049,UPI,0.0,2026-05-01,,Growth
M11049,Credit card,2.0,2025-04-03,2026-04-30,Standard
M11049,Credit card,1.9,2026-05-01,,Growth
M11049,Debit card,0.9,2025-04-03,2026-04-30,Standard
M11049,Debit card,0.8,2026-05-01,,Growth
M11049,Netbanking,1.8,2025-04-03,2026-04-30,Standard
M11049,Netbanking,1.7,2026-05-01,,Growth
M11049,Wallet,1.9,2025-04-03,2026-04-30,Standard
M11049,Wallet,1.8,2026-05-01,,Growth
M11050,UPI,0.0,2025-04-04,2026-04-30,Standard
M11050,UPI,0.0,2026-05-01,,Growth
M11050,Credit card,2.0,2025-04-04,2026-04-30,Standard
M11050,Credit card,1.9,2026-05-01,,Growth
M11050,Debit card,0.9,2025-04-04,2026-04-30,Standard
M11050,Debit card,0.8,2026-05-01,,Growth
M11050,Netbanking,1.8,2025-04-04,2026-04-30,Standard
M11050,Netbanking,1.7,2026-05-01,,Growth
M11050,Wallet,1.9,2025-04-04,2026-04-30,Standard
M11050,Wallet,1.8,2026-05-01,,Growth
M11051,UPI,0.0,2025-04-04,,Standard
M11051,Credit card,2.0,2025-04-04,,Standard
M11051,Debit card,0.9,2025-04-04,,Standard
M11051,Netbanking,1.8,2025-04-04,,Standard
M11051,Wallet,1.9,2025-04-04,,Standard
M11052,UPI,0.0,2025-04-06,2026-04-30,Standard
M11052,UPI,0.0,2026-05-01,,Growth
M11052,Credit card,2.0,2025-04-06,2026-04-30,Standard
M11052,Credit card,1.9,2026-05-01,,Growth
M11052,Debit card,0.9,2025-04-06,2026-04-30,Standard
M11052,Debit card,0.8,2026-05-01,,Growth
M11052,Netbanking,1.8,2025-04-06,2026-04-30,Standard
M11052,Netbanking,1.7,2026-05-01,,Growth
M11052,Wallet,1.9,2025-04-06,2026-04-30,Standard
M11052,Wallet,1.8,2026-05-01,,Growth
M11053,UPI,0.0,2025-04-07,,Standard
M11053,Credit card,2.0,2025-04-07,,Standard
M11053,Debit card,0.9,2025-04-07,,Standard
M11053,Netbanking,1.8,2025-04-07,,Standard
M11053,Wallet,1.9,2025-04-07,,Standard
M11054,UPI,0.0,2025-04-07,,Standard
M11054,Credit card,2.0,2025-04-07,,Standard
M11054,Debit card,0.9,2025-04-07,,Standard
M11054,Netbanking,1.8,2025-04-07,,Standard
M11054,Wallet,1.9,2025-04-07,,Standard
M11055,UPI,0.0,2025-04-08,,Standard
M11055,Credit card,2.0,2025-04-08,,Standard
M11055,Debit card,0.9,2025-04-08,,Standard
M11055,Netbanking,1.8,2025-04-08,,Standard
M11055,Wallet,1.9,2025-04-08,,Standard
M11056,UPI,0.0,2025-04-08,,Standard
M11056,Credit card,2.0,2025-04-08,,Standard
M11056,Debit card,0.9,2025-04-08,,Standard
M11056,Netbanking,1.8,2025-04-08,,Standard
M11056,Wallet,1.9,2025-04-08,,Standard
M11057,UPI,0.0,2025-04-08,,Standard
M11057,Credit card,2.0,2025-04-08,,Standard
M11057,Debit card,0.9,2025-04-08,,Standard
M11057,Netbanking,1.8,2025-04-08,,Standard
M11057,Wallet,1.9,2025-04-08,,Standard
M11058,UPI,0.0,2025-04-08,,Standard
M11058,Credit card,2.0,2025-04-08,,Standard
M11058,Debit card,0.9,2025-04-08,,Standard
M11058,Netbanking,1.8,2025-04-08,,Standard
M11058,Wallet,1.9,2025-04-08,,Standard
M11059,UPI,0.0,2025-04-08,,Standard
M11059,Credit card,2.0,2025-04-08,,Standard
M11059,Debit card,0.9,2025-04-08,,Standard
M11059,Netbanking,1.8,2025-04-08,,Standard
M11059,Wallet,1.9,2025-04-08,,Standard
M11060,UPI,0.0,2025-04-08,,Standard
M11060,Credit card,2.0,2025-04-08,,Standard
M11060,Debit card,0.9,2025-04-08,,Standard
M11060,Netbanking,1.8,2025-04-08,,Standard
M11060,Wallet,1.9,2025-04-08,,Standard
M11061,UPI,0.0,2025-04-09,,Standard
M11061,Credit card,2.0,2025-04-09,,Standard
M11061,Debit card,0.9,2025-04-09,,Standard
M11061,Netbanking,1.8,2025-04-09,,Standard
M11061,Wallet,1.9,2025-04-09,,Standard
M11062,UPI,0.0,2025-04-10,,Standard
M11062,Credit card,2.0,2025-04-10,,Standard
M11062,Debit card,0.9,2025-04-10,,Standard
M11062,Netbanking,1.8,2025-04-10,,Standard
M11062,Wallet,1.9,2025-04-10,,Standard
M11063,UPI,0.0,2025-04-12,,Standard
M11063,Credit card,2.0,2025-04-12,,Standard
M11063,Debit card,0.9,2025-04-12,,Standard
M11063,Netbanking,1.8,2025-04-12,,Standard
M11063,Wallet,1.9,2025-04-12,,Standard
M11064,UPI,0.0,2025-04-12,,Standard
M11064,Credit card,2.0,2025-04-12,,Standard
M11064,Debit card,0.9,2025-04-12,,Standard
M11064,Netbanking,1.8,2025-04-12,,Standard
M11064,Wallet,1.9,2025-04-12,,Standard
M11065,UPI,0.0,2025-04-12,,Standard
M11065,Credit card,2.0,2025-04-12,,Standard
M11065,Debit card,0.9,2025-04-12,,Standard
M11065,Netbanking,1.8,2025-04-12,,Standard
M11065,Wallet,1.9,2025-04-12,,Standard
M11066,UPI,0.0,2025-04-12,,Standard
M11066,Credit card,2.0,2025-04-12,,Standard
M11066,Debit card,0.9,2025-04-12,,Standard
M11066,Netbanking,1.8,2025-04-12,,Standard
M11066,Wallet,1.9,2025-04-12,,Standard
M11067,UPI,0.0,2025-04-13,,Standard
M11067,Credit card,2.0,2025-04-13,,Standard
M11067,Debit card,0.9,2025-04-13,,Standard
M11067,Netbanking,1.8,2025-04-13,,Standard
M11067,Wallet,1.9,2025-04-13,,Standard
M11068,UPI,0.0,2025-04-13,2026-04-30,Standard
M11068,UPI,0.0,2026-05-01,,Growth
M11068,Credit card,2.0,2025-04-13,2026-04-30,Standard
M11068,Credit card,1.9,2026-05-01,,Growth
M11068,Debit card,0.9,2025-04-13,2026-04-30,Standard
M11068,Debit card,0.8,2026-05-01,,Growth
M11068,Netbanking,1.8,2025-04-13,2026-04-30,Standard
M11068,Netbanking,1.7,2026-05-01,,Growth
M11068,Wallet,1.9,2025-04-13,2026-04-30,Standard
M11068,Wallet,1.8,2026-05-01,,Growth
M11069,UPI,0.0,2025-04-13,,Standard
M11069,Credit card,2.0,2025-04-13,,Standard
M11069,Debit card,0.9,2025-04-13,,Standard
M11069,Netbanking,1.8,2025-04-13,,Standard
M11069,Wallet,1.9,2025-04-13,,Standard
M11070,UPI,0.0,2025-04-14,,Standard
M11070,Credit card,2.0,2025-04-14,,Standard
M11070,Debit card,0.9,2025-04-14,,Standard
M11070,Netbanking,1.8,2025-04-14,,Standard
M11070,Wallet,1.9,2025-04-14,,Standard
M11071,UPI,0.0,2025-04-14,,Standard
M11071,Credit card,2.0,2025-04-14,,Standard
M11071,Debit card,0.9,2025-04-14,,Standard
M11071,Netbanking,1.8,2025-04-14,,Standard
M11071,Wallet,1.9,2025-04-14,,Standard
M11072,UPI,0.0,2025-04-14,,Standard
M11072,Credit card,2.0,2025-04-14,,Standard
M11072,Debit card,0.9,2025-04-14,,Standard
M11072,Netbanking,1.8,2025-04-14,,Standard
M11072,Wallet,1.9,2025-04-14,,Standard
M11073,UPI,0.0,2025-04-15,,Standard
M11073,Credit card,2.0,2025-04-15,,Standard
M11073,Debit card,0.9,2025-04-15,,Standard
M11073,Netbanking,1.8,2025-04-15,,Standard
M11073,Wallet,1.9,2025-04-15,,Standard
M11074,UPI,0.0,2025-04-16,,Standard
M11074,Credit card,2.0,2025-04-16,,Standard
M11074,Debit card,0.9,2025-04-16,,Standard
M11074,Netbanking,1.8,2025-04-16,,Standard
M11074,Wallet,1.9,2025-04-16,,Standard
M11075,UPI,0.0,2025-04-16,,Standard
M11075,Credit card,2.0,2025-04-16,,Standard
M11075,Debit card,0.9,2025-04-16,,Standard
M11075,Netbanking,1.8,2025-04-16,,Standard
M11075,Wallet,1.9,2025-04-16,,Standard
M11076,UPI,0.0,2025-04-16,,Standard
M11076,Credit card,2.0,2025-04-16,,Standard
M11076,Debit card,0.9,2025-04-16,,Standard
M11076,Netbanking,1.8,2025-04-16,,Standard
M11076,Wallet,1.9,2025-04-16,,Standard
M11077,UPI,0.0,2025-04-16,2026-04-30,Standard
M11077,UPI,0.0,2026-05-01,,Growth
M11077,Credit card,2.0,2025-04-16,2026-04-30,Standard
M11077,Credit card,1.9,2026-05-01,,Growth
M11077,Debit card,0.9,2025-04-16,2026-04-30,Standard
M11077,Debit card,0.8,2026-05-01,,Growth
M11077,Netbanking,1.8,2025-04-16,2026-04-30,Standard
M11077,Netbanking,1.7,2026-05-01,,Growth
M11077,Wallet,1.9,2025-04-16,2026-04-30,Standard
M11077,Wallet,1.8,2026-05-01,,Growth
M11078,UPI,0.0,2025-04-16,,Standard
M11078,Credit card,2.0,2025-04-16,,Standard
M11078,Debit card,0.9,2025-04-16,,Standard
M11078,Netbanking,1.8,2025-04-16,,Standard
M11078,Wallet,1.9,2025-04-16,,Standard
M11079,UPI,0.0,2025-04-18,,Standard
M11079,Credit card,2.0,2025-04-18,,Standard
M11079,Debit card,0.9,2025-04-18,,Standard
M11079,Netbanking,1.8,2025-04-18,,Standard
M11079,Wallet,1.9,2025-04-18,,Standard
M11080,UPI,0.0,2025-04-18,2026-04-30,Standard
M11080,UPI,0.0,2026-05-01,,Growth
M11080,Credit card,2.0,2025-04-18,2026-04-30,Standard
M11080,Credit card,1.9,2026-05-01,,Growth
M11080,Debit card,0.9,2025-04-18,2026-04-30,Standard
M11080,Debit card,0.8,2026-05-01,,Growth
M11080,Netbanking,1.8,2025-04-18,2026-04-30,Standard
M11080,Netbanking,1.7,2026-05-01,,Growth
M11080,Wallet,1.9,2025-04-18,2026-04-30,Standard
M11080,Wallet,1.8,2026-05-01,,Growth
M11081,UPI,0.0,2025-04-19,,Standard
M11081,Credit card,2.0,2025-04-19,,Standard
M11081,Debit card,0.9,2025-04-19,,Standard
M11081,Netbanking,1.8,2025-04-19,,Standard
M11081,Wallet,1.9,2025-04-19,,Standard
M11082,UPI,0.0,2025-04-19,,Standard
M11082,Credit card,2.0,2025-04-19,,Standard
M11082,Debit card,0.9,2025-04-19,,Standard
M11082,Netbanking,1.8,2025-04-19,,Standard
M11082,Wallet,1.9,2025-04-19,,Standard
M11083,UPI,0.0,2025-04-19,,Standard
M11083,Credit card,2.0,2025-04-19,,Standard
M11083,Debit card,0.9,2025-04-19,,Standard
M11083,Netbanking,1.8,2025-04-19,,Standard
M11083,Wallet,1.9,2025-04-19,,Standard
M11084,UPI,0.0,2025-04-19,,Standard
M11084,Credit card,2.0,2025-04-19,,Standard
M11084,Debit card,0.9,2025-04-19,,Standard
M11084,Netbanking,1.8,2025-04-19,,Standard
M11084,Wallet,1.9,2025-04-19,,Standard
M11085,UPI,0.0,2025-04-22,,Standard
M11085,Credit card,2.0,2025-04-22,,Standard
M11085,Debit card,0.9,2025-04-22,,Standard
M11085,Netbanking,1.8,2025-04-22,,Standard
M11085,Wallet,1.9,2025-04-22,,Standard
M11086,UPI,0.0,2025-04-23,,Standard
M11086,Credit card,2.0,2025-04-23,,Standard
M11086,Debit card,0.9,2025-04-23,,Standard
M11086,Netbanking,1.8,2025-04-23,,Standard
M11086,Wallet,1.9,2025-04-23,,Standard
M11087,UPI,0.0,2025-04-24,,Standard
M11087,Credit card,2.0,2025-04-24,,Standard
M11087,Debit card,0.9,2025-04-24,,Standard
M11087,Netbanking,1.8,2025-04-24,,Standard
M11087,Wallet,1.9,2025-04-24,,Standard
M11088,UPI,0.0,2025-04-24,2026-04-30,Standard
M11088,UPI,0.0,2026-05-01,,Growth
M11088,Credit card,2.0,2025-04-24,2026-04-30,Standard
M11088,Credit card,1.9,2026-05-01,,Growth
M11088,Debit card,0.9,2025-04-24,2026-04-30,Standard
M11088,Debit card,0.8,2026-05-01,,Growth
M11088,Netbanking,1.8,2025-04-24,2026-04-30,Standard
M11088,Netbanking,1.7,2026-05-01,,Growth
M11088,Wallet,1.9,2025-04-24,2026-04-30,Standard
M11088,Wallet,1.8,2026-05-01,,Growth
M11089,UPI,0.0,2025-04-27,,Standard
M11089,Credit card,2.0,2025-04-27,,Standard
M11089,Debit card,0.9,2025-04-27,,Standard
M11089,Netbanking,1.8,2025-04-27,,Standard
M11089,Wallet,1.9,2025-04-27,,Standard
M11090,UPI,0.0,2025-04-28,2026-04-30,Standard
M11090,UPI,0.0,2026-05-01,,Growth
M11090,Credit card,2.0,2025-04-28,2026-04-30,Standard
M11090,Credit card,1.9,2026-05-01,,Growth
M11090,Debit card,0.9,2025-04-28,2026-04-30,Standard
M11090,Debit card,0.8,2026-05-01,,Growth
M11090,Netbanking,1.8,2025-04-28,2026-04-30,Standard
M11090,Netbanking,1.7,2026-05-01,,Growth
M11090,Wallet,1.9,2025-04-28,2026-04-30,Standard
M11090,Wallet,1.8,2026-05-01,,Growth
M11091,UPI,0.0,2025-04-28,,Standard
M11091,Credit card,2.0,2025-04-28,,Standard
M11091,Debit card,0.9,2025-04-28,,Standard
M11091,Netbanking,1.8,2025-04-28,,Standard
M11091,Wallet,1.9,2025-04-28,,Standard
M11092,UPI,0.0,2025-04-28,,Standard
M11092,Credit card,2.0,2025-04-28,,Standard
M11092,Debit card,0.9,2025-04-28,,Standard
M11092,Netbanking,1.8,2025-04-28,,Standard
M11092,Wallet,1.9,2025-04-28,,Standard
M11093,UPI,0.0,2025-04-28,,Standard
M11093,Credit card,2.0,2025-04-28,,Standard
M11093,Debit card,0.9,2025-04-28,,Standard
M11093,Netbanking,1.8,2025-04-28,,Standard
M11093,Wallet,1.9,2025-04-28,,Standard
M11094,UPI,0.0,2025-04-28,,Standard
M11094,Credit card,2.0,2025-04-28,,Standard
M11094,Debit card,0.9,2025-04-28,,Standard
M11094,Netbanking,1.8,2025-04-28,,Standard
M11094,Wallet,1.9,2025-04-28,,Standard
M11095,UPI,0.0,2025-04-30,,Standard
M11095,Credit card,2.0,2025-04-30,,Standard
M11095,Debit card,0.9,2025-04-30,,Standard
M11095,Netbanking,1.8,2025-04-30,,Standard
M11095,Wallet,1.9,2025-04-30,,Standard
M11096,UPI,0.0,2025-05-01,,Standard
M11096,Credit card,2.0,2025-05-01,,Standard
M11096,Debit card,0.9,2025-05-01,,Standard
M11096,Netbanking,1.8,2025-05-01,,Standard
M11096,Wallet,1.9,2025-05-01,,Standard
M11097,UPI,0.0,2025-05-02,,Standard
M11097,Credit card,2.0,2025-05-02,,Standard
M11097,Debit card,0.9,2025-05-02,,Standard
M11097,Netbanking,1.8,2025-05-02,,Standard
M11097,Wallet,1.9,2025-05-02,,Standard
M11098,UPI,0.0,2025-05-04,2026-04-30,Standard
M11098,UPI,0.0,2026-05-01,,Growth
M11098,Credit card,2.0,2025-05-04,2026-04-30,Standard
M11098,Credit card,1.9,2026-05-01,,Growth
M11098,Debit card,0.9,2025-05-04,2026-04-30,Standard
M11098,Debit card,0.8,2026-05-01,,Growth
M11098,Netbanking,1.8,2025-05-04,2026-04-30,Standard
M11098,Netbanking,1.7,2026-05-01,,Growth
M11098,Wallet,1.9,2025-05-04,2026-04-30,Standard
M11098,Wallet,1.8,2026-05-01,,Growth
M11099,UPI,0.0,2025-05-04,,Standard
M11099,Credit card,2.0,2025-05-04,,Standard
M11099,Debit card,0.9,2025-05-04,,Standard
M11099,Netbanking,1.8,2025-05-04,,Standard
M11099,Wallet,1.9,2025-05-04,,Standard
M11100,UPI,0.0,2025-05-04,,Standard
M11100,Credit card,2.0,2025-05-04,,Standard
M11100,Debit card,0.9,2025-05-04,,Standard
M11100,Netbanking,1.8,2025-05-04,,Standard
M11100,Wallet,1.9,2025-05-04,,Standard
M11101,UPI,0.0,2025-05-05,,Standard
M11101,Credit card,2.0,2025-05-05,,Standard
M11101,Debit card,0.9,2025-05-05,,Standard
M11101,Netbanking,1.8,2025-05-05,,Standard
M11101,Wallet,1.9,2025-05-05,,Standard
M11102,UPI,0.0,2025-05-05,,Standard
M11102,Credit card,2.0,2025-05-05,,Standard
M11102,Debit card,0.9,2025-05-05,,Standard
M11102,Netbanking,1.8,2025-05-05,,Standard
M11102,Wallet,1.9,2025-05-05,,Standard
M11103,UPI,0.0,2025-05-05,,Standard
M11103,Credit card,2.0,2025-05-05,,Standard
M11103,Debit card,0.9,2025-05-05,,Standard
M11103,Netbanking,1.8,2025-05-05,,Standard
M11103,Wallet,1.9,2025-05-05,,Standard
M11104,UPI,0.0,2025-05-06,,Standard
M11104,Credit card,2.0,2025-05-06,,Standard
M11104,Debit card,0.9,2025-05-06,,Standard
M11104,Netbanking,1.8,2025-05-06,,Standard
M11104,Wallet,1.9,2025-05-06,,Standard
M11105,UPI,0.0,2025-05-07,,Standard
M11105,Credit card,2.0,2025-05-07,,Standard
M11105,Debit card,0.9,2025-05-07,,Standard
M11105,Netbanking,1.8,2025-05-07,,Standard
M11105,Wallet,1.9,2025-05-07,,Standard
M11106,UPI,0.0,2025-05-07,2026-04-30,Standard
M11106,UPI,0.0,2026-05-01,,Growth
M11106,Credit card,2.0,2025-05-07,2026-04-30,Standard
M11106,Credit card,1.9,2026-05-01,,Growth
M11106,Debit card,0.9,2025-05-07,2026-04-30,Standard
M11106,Debit card,0.8,2026-05-01,,Growth
M11106,Netbanking,1.8,2025-05-07,2026-04-30,Standard
M11106,Netbanking,1.7,2026-05-01,,Growth
M11106,Wallet,1.9,2025-05-07,2026-04-30,Standard
M11106,Wallet,1.8,2026-05-01,,Growth
M11107,UPI,0.0,2025-05-07,2026-04-30,Standard
M11107,UPI,0.0,2026-05-01,,Growth
M11107,Credit card,2.0,2025-05-07,2026-04-30,Standard
M11107,Credit card,1.9,2026-05-01,,Growth
M11107,Debit card,0.9,2025-05-07,2026-04-30,Standard
M11107,Debit card,0.8,2026-05-01,,Growth
M11107,Netbanking,1.8,2025-05-07,2026-04-30,Standard
M11107,Netbanking,1.7,2026-05-01,,Growth
M11107,Wallet,1.9,2025-05-07,2026-04-30,Standard
M11107,Wallet,1.8,2026-05-01,,Growth
M11108,UPI,0.0,2025-05-09,,Standard
M11108,Credit card,2.0,2025-05-09,,Standard
M11108,Debit card,0.9,2025-05-09,,Standard
M11108,Netbanking,1.8,2025-05-09,,Standard
M11108,Wallet,1.9,2025-05-09,,Standard
M11109,UPI,0.0,2025-05-09,,Enterprise
M11109,Credit card,1.46,2025-05-09,,Enterprise
M11109,Debit card,0.56,2025-05-09,,Enterprise
M11109,Netbanking,1.26,2025-05-09,,Enterprise
M11109,Wallet,1.36,2025-05-09,,Enterprise
M11110,UPI,0.0,2025-05-09,,Standard
M11110,Credit card,2.0,2025-05-09,,Standard
M11110,Debit card,0.9,2025-05-09,,Standard
M11110,Netbanking,1.8,2025-05-09,,Standard
M11110,Wallet,1.9,2025-05-09,,Standard
M11111,UPI,0.0,2025-05-10,,Standard
M11111,Credit card,2.0,2025-05-10,,Standard
M11111,Debit card,0.9,2025-05-10,,Standard
M11111,Netbanking,1.8,2025-05-10,,Standard
M11111,Wallet,1.9,2025-05-10,,Standard
M11112,UPI,0.0,2025-05-10,,Standard
M11112,Credit card,2.0,2025-05-10,,Standard
M11112,Debit card,0.9,2025-05-10,,Standard
M11112,Netbanking,1.8,2025-05-10,,Standard
M11112,Wallet,1.9,2025-05-10,,Standard
M11113,UPI,0.0,2025-05-10,2026-04-30,Standard
M11113,UPI,0.0,2026-05-01,,Growth
M11113,Credit card,2.0,2025-05-10,2026-04-30,Standard
M11113,Credit card,1.9,2026-05-01,,Growth
M11113,Debit card,0.9,2025-05-10,2026-04-30,Standard
M11113,Debit card,0.8,2026-05-01,,Growth
M11113,Netbanking,1.8,2025-05-10,2026-04-30,Standard
M11113,Netbanking,1.7,2026-05-01,,Growth
M11113,Wallet,1.9,2025-05-10,2026-04-30,Standard
M11113,Wallet,1.8,2026-05-01,,Growth
M11114,UPI,0.0,2025-05-11,,Standard
M11114,Credit card,2.0,2025-05-11,,Standard
M11114,Debit card,0.9,2025-05-11,,Standard
M11114,Netbanking,1.8,2025-05-11,,Standard
M11114,Wallet,1.9,2025-05-11,,Standard
M11115,UPI,0.0,2025-05-12,,Standard
M11115,Credit card,2.0,2025-05-12,,Standard
M11115,Debit card,0.9,2025-05-12,,Standard
M11115,Netbanking,1.8,2025-05-12,,Standard
M11115,Wallet,1.9,2025-05-12,,Standard
M11116,UPI,0.0,2025-05-13,2026-04-30,Standard
M11116,UPI,0.0,2026-05-01,,Growth
M11116,Credit card,2.0,2025-05-13,2026-04-30,Standard
M11116,Credit card,1.9,2026-05-01,,Growth
M11116,Debit card,0.9,2025-05-13,2026-04-30,Standard
M11116,Debit card,0.8,2026-05-01,,Growth
M11116,Netbanking,1.8,2025-05-13,2026-04-30,Standard
M11116,Netbanking,1.7,2026-05-01,,Growth
M11116,Wallet,1.9,2025-05-13,2026-04-30,Standard
M11116,Wallet,1.8,2026-05-01,,Growth
M11117,UPI,0.0,2025-05-16,,Standard
M11117,Credit card,2.0,2025-05-16,,Standard
M11117,Debit card,0.9,2025-05-16,,Standard
M11117,Netbanking,1.8,2025-05-16,,Standard
M11117,Wallet,1.9,2025-05-16,,Standard
M11118,UPI,0.0,2025-05-16,2026-04-30,Standard
M11118,UPI,0.0,2026-05-01,,Growth
M11118,Credit card,2.0,2025-05-16,2026-04-30,Standard
M11118,Credit card,1.9,2026-05-01,,Growth
M11118,Debit card,0.9,2025-05-16,2026-04-30,Standard
M11118,Debit card,0.8,2026-05-01,,Growth
M11118,Netbanking,1.8,2025-05-16,2026-04-30,Standard
M11118,Netbanking,1.7,2026-05-01,,Growth
M11118,Wallet,1.9,2025-05-16,2026-04-30,Standard
M11118,Wallet,1.8,2026-05-01,,Growth
M11119,UPI,0.0,2025-05-16,,Standard
M11119,Credit card,2.0,2025-05-16,,Standard
M11119,Debit card,0.9,2025-05-16,,Standard
M11119,Netbanking,1.8,2025-05-16,,Standard
M11119,Wallet,1.9,2025-05-16,,Standard
M11120,UPI,0.0,2025-05-16,,Standard
M11120,Credit card,2.0,2025-05-16,,Standard
M11120,Debit card,0.9,2025-05-16,,Standard
M11120,Netbanking,1.8,2025-05-16,,Standard
M11120,Wallet,1.9,2025-05-16,,Standard
M11121,UPI,0.0,2025-05-16,,Standard
M11121,Credit card,2.0,2025-05-16,,Standard
M11121,Debit card,0.9,2025-05-16,,Standard
M11121,Netbanking,1.8,2025-05-16,,Standard
M11121,Wallet,1.9,2025-05-16,,Standard
M11122,UPI,0.0,2025-05-18,,Standard
M11122,Credit card,2.0,2025-05-18,,Standard
M11122,Debit card,0.9,2025-05-18,,Standard
M11122,Netbanking,1.8,2025-05-18,,Standard
M11122,Wallet,1.9,2025-05-18,,Standard
M11123,UPI,0.0,2025-05-21,,Standard
M11123,Credit card,2.0,2025-05-21,,Standard
M11123,Debit card,0.9,2025-05-21,,Standard
M11123,Netbanking,1.8,2025-05-21,,Standard
M11123,Wallet,1.9,2025-05-21,,Standard
M11124,UPI,0.0,2025-05-22,2026-04-30,Standard
M11124,UPI,0.0,2026-05-01,,Growth
M11124,Credit card,2.0,2025-05-22,2026-04-30,Standard
M11124,Credit card,1.9,2026-05-01,,Growth
M11124,Debit card,0.9,2025-05-22,2026-04-30,Standard
M11124,Debit card,0.8,2026-05-01,,Growth
M11124,Netbanking,1.8,2025-05-22,2026-04-30,Standard
M11124,Netbanking,1.7,2026-05-01,,Growth
M11124,Wallet,1.9,2025-05-22,2026-04-30,Standard
M11124,Wallet,1.8,2026-05-01,,Growth
M11125,UPI,0.0,2025-05-22,,Standard
M11125,Credit card,2.0,2025-05-22,,Standard
M11125,Debit card,0.9,2025-05-22,,Standard
M11125,Netbanking,1.8,2025-05-22,,Standard
M11125,Wallet,1.9,2025-05-22,,Standard
M11126,UPI,0.0,2025-05-23,,Standard
M11126,Credit card,2.0,2025-05-23,,Standard
M11126,Debit card,0.9,2025-05-23,,Standard
M11126,Netbanking,1.8,2025-05-23,,Standard
M11126,Wallet,1.9,2025-05-23,,Standard
M11127,UPI,0.0,2025-05-23,2026-04-30,Standard
M11127,UPI,0.0,2026-05-01,,Growth
M11127,Credit card,2.0,2025-05-23,2026-04-30,Standard
M11127,Credit card,1.9,2026-05-01,,Growth
M11127,Debit card,0.9,2025-05-23,2026-04-30,Standard
M11127,Debit card,0.8,2026-05-01,,Growth
M11127,Netbanking,1.8,2025-05-23,2026-04-30,Standard
M11127,Netbanking,1.7,2026-05-01,,Growth
M11127,Wallet,1.9,2025-05-23,2026-04-30,Standard
M11127,Wallet,1.8,2026-05-01,,Growth
M11128,UPI,0.0,2025-05-23,,Standard
M11128,Credit card,2.0,2025-05-23,,Standard
M11128,Debit card,0.9,2025-05-23,,Standard
M11128,Netbanking,1.8,2025-05-23,,Standard
M11128,Wallet,1.9,2025-05-23,,Standard
M11129,UPI,0.0,2025-05-24,,Standard
M11129,Credit card,2.0,2025-05-24,,Standard
M11129,Debit card,0.9,2025-05-24,,Standard
M11129,Netbanking,1.8,2025-05-24,,Standard
M11129,Wallet,1.9,2025-05-24,,Standard
M11130,UPI,0.0,2025-05-24,,Standard
M11130,Credit card,2.0,2025-05-24,,Standard
M11130,Debit card,0.9,2025-05-24,,Standard
M11130,Netbanking,1.8,2025-05-24,,Standard
M11130,Wallet,1.9,2025-05-24,,Standard
M11131,UPI,0.0,2025-05-26,,Standard
M11131,Credit card,2.0,2025-05-26,,Standard
M11131,Debit card,0.9,2025-05-26,,Standard
M11131,Netbanking,1.8,2025-05-26,,Standard
M11131,Wallet,1.9,2025-05-26,,Standard
M11132,UPI,0.0,2025-05-26,,Standard
M11132,Credit card,2.0,2025-05-26,,Standard
M11132,Debit card,0.9,2025-05-26,,Standard
M11132,Netbanking,1.8,2025-05-26,,Standard
M11132,Wallet,1.9,2025-05-26,,Standard
M11133,UPI,0.0,2025-05-27,,Standard
M11133,Credit card,2.0,2025-05-27,,Standard
M11133,Debit card,0.9,2025-05-27,,Standard
M11133,Netbanking,1.8,2025-05-27,,Standard
M11133,Wallet,1.9,2025-05-27,,Standard
M11134,UPI,0.0,2025-05-27,2026-04-30,Standard
M11134,UPI,0.0,2026-05-01,,Growth
M11134,Credit card,2.0,2025-05-27,2026-04-30,Standard
M11134,Credit card,1.9,2026-05-01,,Growth
M11134,Debit card,0.9,2025-05-27,2026-04-30,Standard
M11134,Debit card,0.8,2026-05-01,,Growth
M11134,Netbanking,1.8,2025-05-27,2026-04-30,Standard
M11134,Netbanking,1.7,2026-05-01,,Growth
M11134,Wallet,1.9,2025-05-27,2026-04-30,Standard
M11134,Wallet,1.8,2026-05-01,,Growth
M11135,UPI,0.0,2025-05-27,,Standard
M11135,Credit card,2.0,2025-05-27,,Standard
M11135,Debit card,0.9,2025-05-27,,Standard
M11135,Netbanking,1.8,2025-05-27,,Standard
M11135,Wallet,1.9,2025-05-27,,Standard
M11136,UPI,0.0,2025-05-27,,Standard
M11136,Credit card,2.0,2025-05-27,,Standard
M11136,Debit card,0.9,2025-05-27,,Standard
M11136,Netbanking,1.8,2025-05-27,,Standard
M11136,Wallet,1.9,2025-05-27,,Standard
M11137,UPI,0.0,2025-05-28,,Standard
M11137,Credit card,2.0,2025-05-28,,Standard
M11137,Debit card,0.9,2025-05-28,,Standard
M11137,Netbanking,1.8,2025-05-28,,Standard
M11137,Wallet,1.9,2025-05-28,,Standard
M11138,UPI,0.0,2025-05-30,,Standard
M11138,Credit card,2.0,2025-05-30,,Standard
M11138,Debit card,0.9,2025-05-30,,Standard
M11138,Netbanking,1.8,2025-05-30,,Standard
M11138,Wallet,1.9,2025-05-30,,Standard
M11139,UPI,0.0,2025-05-31,,Standard
M11139,Credit card,2.0,2025-05-31,,Standard
M11139,Debit card,0.9,2025-05-31,,Standard
M11139,Netbanking,1.8,2025-05-31,,Standard
M11139,Wallet,1.9,2025-05-31,,Standard
M11140,UPI,0.0,2025-05-31,,Standard
M11140,Credit card,2.0,2025-05-31,,Standard
M11140,Debit card,0.9,2025-05-31,,Standard
M11140,Netbanking,1.8,2025-05-31,,Standard
M11140,Wallet,1.9,2025-05-31,,Standard
M11141,UPI,0.0,2025-06-02,,Standard
M11141,Credit card,2.0,2025-06-02,,Standard
M11141,Debit card,0.9,2025-06-02,,Standard
M11141,Netbanking,1.8,2025-06-02,,Standard
M11141,Wallet,1.9,2025-06-02,,Standard
M11142,UPI,0.0,2025-06-02,2026-04-30,Standard
M11142,UPI,0.0,2026-05-01,,Growth
M11142,Credit card,2.0,2025-06-02,2026-04-30,Standard
M11142,Credit card,1.9,2026-05-01,,Growth
M11142,Debit card,0.9,2025-06-02,2026-04-30,Standard
M11142,Debit card,0.8,2026-05-01,,Growth
M11142,Netbanking,1.8,2025-06-02,2026-04-30,Standard
M11142,Netbanking,1.7,2026-05-01,,Growth
M11142,Wallet,1.9,2025-06-02,2026-04-30,Standard
M11142,Wallet,1.8,2026-05-01,,Growth
M11143,UPI,0.0,2025-06-03,2026-04-30,Standard
M11143,UPI,0.0,2026-05-01,,Growth
M11143,Credit card,2.0,2025-06-03,2026-04-30,Standard
M11143,Credit card,1.9,2026-05-01,,Growth
M11143,Debit card,0.9,2025-06-03,2026-04-30,Standard
M11143,Debit card,0.8,2026-05-01,,Growth
M11143,Netbanking,1.8,2025-06-03,2026-04-30,Standard
M11143,Netbanking,1.7,2026-05-01,,Growth
M11143,Wallet,1.9,2025-06-03,2026-04-30,Standard
M11143,Wallet,1.8,2026-05-01,,Growth
M11144,UPI,0.0,2025-06-03,2026-04-30,Standard
M11144,UPI,0.0,2026-05-01,,Growth
M11144,Credit card,2.0,2025-06-03,2026-04-30,Standard
M11144,Credit card,1.9,2026-05-01,,Growth
M11144,Debit card,0.9,2025-06-03,2026-04-30,Standard
M11144,Debit card,0.8,2026-05-01,,Growth
M11144,Netbanking,1.8,2025-06-03,2026-04-30,Standard
M11144,Netbanking,1.7,2026-05-01,,Growth
M11144,Wallet,1.9,2025-06-03,2026-04-30,Standard
M11144,Wallet,1.8,2026-05-01,,Growth
M11145,UPI,0.0,2025-06-03,,Standard
M11145,Credit card,2.0,2025-06-03,,Standard
M11145,Debit card,0.9,2025-06-03,,Standard
M11145,Netbanking,1.8,2025-06-03,,Standard
M11145,Wallet,1.9,2025-06-03,,Standard
M11146,UPI,0.0,2025-06-03,2026-04-30,Standard
M11146,UPI,0.0,2026-05-01,,Growth
M11146,Credit card,2.0,2025-06-03,2026-04-30,Standard
M11146,Credit card,1.9,2026-05-01,,Growth
M11146,Debit card,0.9,2025-06-03,2026-04-30,Standard
M11146,Debit card,0.8,2026-05-01,,Growth
M11146,Netbanking,1.8,2025-06-03,2026-04-30,Standard
M11146,Netbanking,1.7,2026-05-01,,Growth
M11146,Wallet,1.9,2025-06-03,2026-04-30,Standard
M11146,Wallet,1.8,2026-05-01,,Growth
M11147,UPI,0.0,2025-06-04,,Standard
M11147,Credit card,2.0,2025-06-04,,Standard
M11147,Debit card,0.9,2025-06-04,,Standard
M11147,Netbanking,1.8,2025-06-04,,Standard
M11147,Wallet,1.9,2025-06-04,,Standard
M11148,UPI,0.0,2025-06-05,2026-04-30,Standard
M11148,UPI,0.0,2026-05-01,,Growth
M11148,Credit card,2.0,2025-06-05,2026-04-30,Standard
M11148,Credit card,1.9,2026-05-01,,Growth
M11148,Debit card,0.9,2025-06-05,2026-04-30,Standard
M11148,Debit card,0.8,2026-05-01,,Growth
M11148,Netbanking,1.8,2025-06-05,2026-04-30,Standard
M11148,Netbanking,1.7,2026-05-01,,Growth
M11148,Wallet,1.9,2025-06-05,2026-04-30,Standard
M11148,Wallet,1.8,2026-05-01,,Growth
M11149,UPI,0.0,2025-06-06,,Standard
M11149,Credit card,2.0,2025-06-06,,Standard
M11149,Debit card,0.9,2025-06-06,,Standard
M11149,Netbanking,1.8,2025-06-06,,Standard
M11149,Wallet,1.9,2025-06-06,,Standard
M11150,UPI,0.0,2025-06-07,,Standard
M11150,Credit card,2.0,2025-06-07,,Standard
M11150,Debit card,0.9,2025-06-07,,Standard
M11150,Netbanking,1.8,2025-06-07,,Standard
M11150,Wallet,1.9,2025-06-07,,Standard
M11151,UPI,0.0,2025-06-07,,Standard
M11151,Credit card,2.0,2025-06-07,,Standard
M11151,Debit card,0.9,2025-06-07,,Standard
M11151,Netbanking,1.8,2025-06-07,,Standard
M11151,Wallet,1.9,2025-06-07,,Standard
M11152,UPI,0.0,2025-06-07,,Standard
M11152,Credit card,2.0,2025-06-07,,Standard
M11152,Debit card,0.9,2025-06-07,,Standard
M11152,Netbanking,1.8,2025-06-07,,Standard
M11152,Wallet,1.9,2025-06-07,,Standard
M11153,UPI,0.0,2025-06-08,,Standard
M11153,Credit card,2.0,2025-06-08,,Standard
M11153,Debit card,0.9,2025-06-08,,Standard
M11153,Netbanking,1.8,2025-06-08,,Standard
M11153,Wallet,1.9,2025-06-08,,Standard
M11154,UPI,0.0,2025-06-08,,Standard
M11154,Credit card,2.0,2025-06-08,,Standard
M11154,Debit card,0.9,2025-06-08,,Standard
M11154,Netbanking,1.8,2025-06-08,,Standard
M11154,Wallet,1.9,2025-06-08,,Standard
M11155,UPI,0.0,2025-06-08,,Standard
M11155,Credit card,2.0,2025-06-08,,Standard
M11155,Debit card,0.9,2025-06-08,,Standard
M11155,Netbanking,1.8,2025-06-08,,Standard
M11155,Wallet,1.9,2025-06-08,,Standard
M11156,UPI,0.0,2025-06-08,,Standard
M11156,Credit card,2.0,2025-06-08,,Standard
M11156,Debit card,0.9,2025-06-08,,Standard
M11156,Netbanking,1.8,2025-06-08,,Standard
M11156,Wallet,1.9,2025-06-08,,Standard
M11157,UPI,0.0,2025-06-09,,Standard
M11157,Credit card,2.0,2025-06-09,,Standard
M11157,Debit card,0.9,2025-06-09,,Standard
M11157,Netbanking,1.8,2025-06-09,,Standard
M11157,Wallet,1.9,2025-06-09,,Standard
M11158,UPI,0.0,2025-06-09,,Standard
M11158,Credit card,2.0,2025-06-09,,Standard
M11158,Debit card,0.9,2025-06-09,,Standard
M11158,Netbanking,1.8,2025-06-09,,Standard
M11158,Wallet,1.9,2025-06-09,,Standard
M11159,UPI,0.0,2025-06-09,,Standard
M11159,Credit card,2.0,2025-06-09,,Standard
M11159,Debit card,0.9,2025-06-09,,Standard
M11159,Netbanking,1.8,2025-06-09,,Standard
M11159,Wallet,1.9,2025-06-09,,Standard
M11160,UPI,0.0,2025-06-09,,Standard
M11160,Credit card,2.0,2025-06-09,,Standard
M11160,Debit card,0.9,2025-06-09,,Standard
M11160,Netbanking,1.8,2025-06-09,,Standard
M11160,Wallet,1.9,2025-06-09,,Standard
M11161,UPI,0.0,2025-06-11,,Standard
M11161,Credit card,2.0,2025-06-11,,Standard
M11161,Debit card,0.9,2025-06-11,,Standard
M11161,Netbanking,1.8,2025-06-11,,Standard
M11161,Wallet,1.9,2025-06-11,,Standard
M11162,UPI,0.0,2025-06-11,,Standard
M11162,Credit card,2.0,2025-06-11,,Standard
M11162,Debit card,0.9,2025-06-11,,Standard
M11162,Netbanking,1.8,2025-06-11,,Standard
M11162,Wallet,1.9,2025-06-11,,Standard
M11163,UPI,0.0,2025-06-12,,Standard
M11163,Credit card,2.0,2025-06-12,,Standard
M11163,Debit card,0.9,2025-06-12,,Standard
M11163,Netbanking,1.8,2025-06-12,,Standard
M11163,Wallet,1.9,2025-06-12,,Standard
M11164,UPI,0.0,2025-06-13,,Standard
M11164,Credit card,2.0,2025-06-13,,Standard
M11164,Debit card,0.9,2025-06-13,,Standard
M11164,Netbanking,1.8,2025-06-13,,Standard
M11164,Wallet,1.9,2025-06-13,,Standard
M11165,UPI,0.0,2025-06-13,,Standard
M11165,Credit card,2.0,2025-06-13,,Standard
M11165,Debit card,0.9,2025-06-13,,Standard
M11165,Netbanking,1.8,2025-06-13,,Standard
M11165,Wallet,1.9,2025-06-13,,Standard
M11166,UPI,0.0,2025-06-14,,Standard
M11166,Credit card,2.0,2025-06-14,,Standard
M11166,Debit card,0.9,2025-06-14,,Standard
M11166,Netbanking,1.8,2025-06-14,,Standard
M11166,Wallet,1.9,2025-06-14,,Standard
M11167,UPI,0.0,2025-06-15,,Standard
M11167,Credit card,2.0,2025-06-15,,Standard
M11167,Debit card,0.9,2025-06-15,,Standard
M11167,Netbanking,1.8,2025-06-15,,Standard
M11167,Wallet,1.9,2025-06-15,,Standard
M11168,UPI,0.0,2025-06-16,,Standard
M11168,Credit card,2.0,2025-06-16,,Standard
M11168,Debit card,0.9,2025-06-16,,Standard
M11168,Netbanking,1.8,2025-06-16,,Standard
M11168,Wallet,1.9,2025-06-16,,Standard
M11169,UPI,0.0,2025-06-16,,Standard
M11169,Credit card,2.0,2025-06-16,,Standard
M11169,Debit card,0.9,2025-06-16,,Standard
M11169,Netbanking,1.8,2025-06-16,,Standard
M11169,Wallet,1.9,2025-06-16,,Standard
M11170,UPI,0.0,2025-06-16,,Standard
M11170,Credit card,2.0,2025-06-16,,Standard
M11170,Debit card,0.9,2025-06-16,,Standard
M11170,Netbanking,1.8,2025-06-16,,Standard
M11170,Wallet,1.9,2025-06-16,,Standard
M11171,UPI,0.0,2025-06-17,,Standard
M11171,Credit card,2.0,2025-06-17,,Standard
M11171,Debit card,0.9,2025-06-17,,Standard
M11171,Netbanking,1.8,2025-06-17,,Standard
M11171,Wallet,1.9,2025-06-17,,Standard
M11172,UPI,0.0,2025-06-18,,Standard
M11172,Credit card,2.0,2025-06-18,,Standard
M11172,Debit card,0.9,2025-06-18,,Standard
M11172,Netbanking,1.8,2025-06-18,,Standard
M11172,Wallet,1.9,2025-06-18,,Standard
M11173,UPI,0.0,2025-06-19,,Standard
M11173,Credit card,2.0,2025-06-19,,Standard
M11173,Debit card,0.9,2025-06-19,,Standard
M11173,Netbanking,1.8,2025-06-19,,Standard
M11173,Wallet,1.9,2025-06-19,,Standard
M11174,UPI,0.0,2025-06-20,,Standard
M11174,Credit card,2.0,2025-06-20,,Standard
M11174,Debit card,0.9,2025-06-20,,Standard
M11174,Netbanking,1.8,2025-06-20,,Standard
M11174,Wallet,1.9,2025-06-20,,Standard
M11175,UPI,0.0,2025-06-21,2026-04-30,Standard
M11175,UPI,0.0,2026-05-01,,Growth
M11175,Credit card,2.0,2025-06-21,2026-04-30,Standard
M11175,Credit card,1.9,2026-05-01,,Growth
M11175,Debit card,0.9,2025-06-21,2026-04-30,Standard
M11175,Debit card,0.8,2026-05-01,,Growth
M11175,Netbanking,1.8,2025-06-21,2026-04-30,Standard
M11175,Netbanking,1.7,2026-05-01,,Growth
M11175,Wallet,1.9,2025-06-21,2026-04-30,Standard
M11175,Wallet,1.8,2026-05-01,,Growth
M11176,UPI,0.0,2025-06-21,,Standard
M11176,Credit card,2.0,2025-06-21,,Standard
M11176,Debit card,0.9,2025-06-21,,Standard
M11176,Netbanking,1.8,2025-06-21,,Standard
M11176,Wallet,1.9,2025-06-21,,Standard
M11177,UPI,0.0,2025-06-22,,Standard
M11177,Credit card,2.0,2025-06-22,,Standard
M11177,Debit card,0.9,2025-06-22,,Standard
M11177,Netbanking,1.8,2025-06-22,,Standard
M11177,Wallet,1.9,2025-06-22,,Standard
M11178,UPI,0.0,2025-06-23,,Standard
M11178,Credit card,2.0,2025-06-23,,Standard
M11178,Debit card,0.9,2025-06-23,,Standard
M11178,Netbanking,1.8,2025-06-23,,Standard
M11178,Wallet,1.9,2025-06-23,,Standard
M11179,UPI,0.0,2025-06-26,,Standard
M11179,Credit card,2.0,2025-06-26,,Standard
M11179,Debit card,0.9,2025-06-26,,Standard
M11179,Netbanking,1.8,2025-06-26,,Standard
M11179,Wallet,1.9,2025-06-26,,Standard
M11180,UPI,0.0,2025-06-27,,Standard
M11180,Credit card,2.0,2025-06-27,,Standard
M11180,Debit card,0.9,2025-06-27,,Standard
M11180,Netbanking,1.8,2025-06-27,,Standard
M11180,Wallet,1.9,2025-06-27,,Standard
M11181,UPI,0.0,2025-06-28,,Standard
M11181,Credit card,2.0,2025-06-28,,Standard
M11181,Debit card,0.9,2025-06-28,,Standard
M11181,Netbanking,1.8,2025-06-28,,Standard
M11181,Wallet,1.9,2025-06-28,,Standard
M11182,UPI,0.0,2025-06-28,,Standard
M11182,Credit card,2.0,2025-06-28,,Standard
M11182,Debit card,0.9,2025-06-28,,Standard
M11182,Netbanking,1.8,2025-06-28,,Standard
M11182,Wallet,1.9,2025-06-28,,Standard
M11183,UPI,0.0,2025-06-30,2026-04-30,Standard
M11183,UPI,0.0,2026-05-01,,Growth
M11183,Credit card,2.0,2025-06-30,2026-04-30,Standard
M11183,Credit card,1.9,2026-05-01,,Growth
M11183,Debit card,0.9,2025-06-30,2026-04-30,Standard
M11183,Debit card,0.8,2026-05-01,,Growth
M11183,Netbanking,1.8,2025-06-30,2026-04-30,Standard
M11183,Netbanking,1.7,2026-05-01,,Growth
M11183,Wallet,1.9,2025-06-30,2026-04-30,Standard
M11183,Wallet,1.8,2026-05-01,,Growth
M11184,UPI,0.0,2025-06-30,,Standard
M11184,Credit card,2.0,2025-06-30,,Standard
M11184,Debit card,0.9,2025-06-30,,Standard
M11184,Netbanking,1.8,2025-06-30,,Standard
M11184,Wallet,1.9,2025-06-30,,Standard
M11185,UPI,0.0,2025-07-01,,Standard
M11185,Credit card,2.0,2025-07-01,,Standard
M11185,Debit card,0.9,2025-07-01,,Standard
M11185,Netbanking,1.8,2025-07-01,,Standard
M11185,Wallet,1.9,2025-07-01,,Standard
M11186,UPI,0.0,2025-07-02,,Standard
M11186,Credit card,2.0,2025-07-02,,Standard
M11186,Debit card,0.9,2025-07-02,,Standard
M11186,Netbanking,1.8,2025-07-02,,Standard
M11186,Wallet,1.9,2025-07-02,,Standard
M11187,UPI,0.0,2025-07-02,,Standard
M11187,Credit card,2.0,2025-07-02,,Standard
M11187,Debit card,0.9,2025-07-02,,Standard
M11187,Netbanking,1.8,2025-07-02,,Standard
M11187,Wallet,1.9,2025-07-02,,Standard
M11188,UPI,0.0,2025-07-02,,Standard
M11188,Credit card,2.0,2025-07-02,,Standard
M11188,Debit card,0.9,2025-07-02,,Standard
M11188,Netbanking,1.8,2025-07-02,,Standard
M11188,Wallet,1.9,2025-07-02,,Standard
M11189,UPI,0.0,2025-07-03,,Standard
M11189,Credit card,2.0,2025-07-03,,Standard
M11189,Debit card,0.9,2025-07-03,,Standard
M11189,Netbanking,1.8,2025-07-03,,Standard
M11189,Wallet,1.9,2025-07-03,,Standard
M11190,UPI,0.0,2025-07-03,,Standard
M11190,Credit card,2.0,2025-07-03,,Standard
M11190,Debit card,0.9,2025-07-03,,Standard
M11190,Netbanking,1.8,2025-07-03,,Standard
M11190,Wallet,1.9,2025-07-03,,Standard
M11191,UPI,0.0,2025-07-03,,Standard
M11191,Credit card,2.0,2025-07-03,,Standard
M11191,Debit card,0.9,2025-07-03,,Standard
M11191,Netbanking,1.8,2025-07-03,,Standard
M11191,Wallet,1.9,2025-07-03,,Standard
M11192,UPI,0.0,2025-07-04,,Standard
M11192,Credit card,2.0,2025-07-04,,Standard
M11192,Debit card,0.9,2025-07-04,,Standard
M11192,Netbanking,1.8,2025-07-04,,Standard
M11192,Wallet,1.9,2025-07-04,,Standard
M11193,UPI,0.0,2025-07-04,2026-04-30,Standard
M11193,UPI,0.0,2026-05-01,,Growth
M11193,Credit card,2.0,2025-07-04,2026-04-30,Standard
M11193,Credit card,1.9,2026-05-01,,Growth
M11193,Debit card,0.9,2025-07-04,2026-04-30,Standard
M11193,Debit card,0.8,2026-05-01,,Growth
M11193,Netbanking,1.8,2025-07-04,2026-04-30,Standard
M11193,Netbanking,1.7,2026-05-01,,Growth
M11193,Wallet,1.9,2025-07-04,2026-04-30,Standard
M11193,Wallet,1.8,2026-05-01,,Growth
M11194,UPI,0.0,2025-07-05,2026-04-30,Standard
M11194,UPI,0.0,2026-05-01,,Growth
M11194,Credit card,2.0,2025-07-05,2026-04-30,Standard
M11194,Credit card,1.9,2026-05-01,,Growth
M11194,Debit card,0.9,2025-07-05,2026-04-30,Standard
M11194,Debit card,0.8,2026-05-01,,Growth
M11194,Netbanking,1.8,2025-07-05,2026-04-30,Standard
M11194,Netbanking,1.7,2026-05-01,,Growth
M11194,Wallet,1.9,2025-07-05,2026-04-30,Standard
M11194,Wallet,1.8,2026-05-01,,Growth
M11195,UPI,0.0,2025-07-06,,Standard
M11195,Credit card,2.0,2025-07-06,,Standard
M11195,Debit card,0.9,2025-07-06,,Standard
M11195,Netbanking,1.8,2025-07-06,,Standard
M11195,Wallet,1.9,2025-07-06,,Standard
M11196,UPI,0.0,2025-07-06,2026-04-30,Standard
M11196,UPI,0.0,2026-05-01,,Growth
M11196,Credit card,2.0,2025-07-06,2026-04-30,Standard
M11196,Credit card,1.9,2026-05-01,,Growth
M11196,Debit card,0.9,2025-07-06,2026-04-30,Standard
M11196,Debit card,0.8,2026-05-01,,Growth
M11196,Netbanking,1.8,2025-07-06,2026-04-30,Standard
M11196,Netbanking,1.7,2026-05-01,,Growth
M11196,Wallet,1.9,2025-07-06,2026-04-30,Standard
M11196,Wallet,1.8,2026-05-01,,Growth
M11197,UPI,0.0,2025-07-06,,Standard
M11197,Credit card,2.0,2025-07-06,,Standard
M11197,Debit card,0.9,2025-07-06,,Standard
M11197,Netbanking,1.8,2025-07-06,,Standard
M11197,Wallet,1.9,2025-07-06,,Standard
M11198,UPI,0.0,2025-07-06,,Standard
M11198,Credit card,2.0,2025-07-06,,Standard
M11198,Debit card,0.9,2025-07-06,,Standard
M11198,Netbanking,1.8,2025-07-06,,Standard
M11198,Wallet,1.9,2025-07-06,,Standard
M11199,UPI,0.0,2025-07-08,,Standard
M11199,Credit card,2.0,2025-07-08,,Standard
M11199,Debit card,0.9,2025-07-08,,Standard
M11199,Netbanking,1.8,2025-07-08,,Standard
M11199,Wallet,1.9,2025-07-08,,Standard
M11200,UPI,0.0,2025-07-10,,Standard
M11200,Credit card,2.0,2025-07-10,,Standard
M11200,Debit card,0.9,2025-07-10,,Standard
M11200,Netbanking,1.8,2025-07-10,,Standard
M11200,Wallet,1.9,2025-07-10,,Standard
M11201,UPI,0.0,2025-07-10,,Standard
M11201,Credit card,2.0,2025-07-10,,Standard
M11201,Debit card,0.9,2025-07-10,,Standard
M11201,Netbanking,1.8,2025-07-10,,Standard
M11201,Wallet,1.9,2025-07-10,,Standard
M11202,UPI,0.0,2025-07-11,2026-04-30,Standard
M11202,UPI,0.0,2026-05-01,,Growth
M11202,Credit card,2.0,2025-07-11,2026-04-30,Standard
M11202,Credit card,1.9,2026-05-01,,Growth
M11202,Debit card,0.9,2025-07-11,2026-04-30,Standard
M11202,Debit card,0.8,2026-05-01,,Growth
M11202,Netbanking,1.8,2025-07-11,2026-04-30,Standard
M11202,Netbanking,1.7,2026-05-01,,Growth
M11202,Wallet,1.9,2025-07-11,2026-04-30,Standard
M11202,Wallet,1.8,2026-05-01,,Growth
M11203,UPI,0.0,2025-07-12,,Standard
M11203,Credit card,2.0,2025-07-12,,Standard
M11203,Debit card,0.9,2025-07-12,,Standard
M11203,Netbanking,1.8,2025-07-12,,Standard
M11203,Wallet,1.9,2025-07-12,,Standard
M11204,UPI,0.0,2025-07-12,,Standard
M11204,Credit card,2.0,2025-07-12,,Standard
M11204,Debit card,0.9,2025-07-12,,Standard
M11204,Netbanking,1.8,2025-07-12,,Standard
M11204,Wallet,1.9,2025-07-12,,Standard
M11205,UPI,0.0,2025-07-13,2026-04-30,Standard
M11205,UPI,0.0,2026-05-01,,Growth
M11205,Credit card,2.0,2025-07-13,2026-04-30,Standard
M11205,Credit card,1.9,2026-05-01,,Growth
M11205,Debit card,0.9,2025-07-13,2026-04-30,Standard
M11205,Debit card,0.8,2026-05-01,,Growth
M11205,Netbanking,1.8,2025-07-13,2026-04-30,Standard
M11205,Netbanking,1.7,2026-05-01,,Growth
M11205,Wallet,1.9,2025-07-13,2026-04-30,Standard
M11205,Wallet,1.8,2026-05-01,,Growth
M11206,UPI,0.0,2025-07-15,,Standard
M11206,Credit card,2.0,2025-07-15,,Standard
M11206,Debit card,0.9,2025-07-15,,Standard
M11206,Netbanking,1.8,2025-07-15,,Standard
M11206,Wallet,1.9,2025-07-15,,Standard
M11207,UPI,0.0,2025-07-15,,Standard
M11207,Credit card,2.0,2025-07-15,,Standard
M11207,Debit card,0.9,2025-07-15,,Standard
M11207,Netbanking,1.8,2025-07-15,,Standard
M11207,Wallet,1.9,2025-07-15,,Standard
M11208,UPI,0.0,2025-07-15,,Standard
M11208,Credit card,2.0,2025-07-15,,Standard
M11208,Debit card,0.9,2025-07-15,,Standard
M11208,Netbanking,1.8,2025-07-15,,Standard
M11208,Wallet,1.9,2025-07-15,,Standard
M11209,UPI,0.0,2025-07-15,,Standard
M11209,Credit card,2.0,2025-07-15,,Standard
M11209,Debit card,0.9,2025-07-15,,Standard
M11209,Netbanking,1.8,2025-07-15,,Standard
M11209,Wallet,1.9,2025-07-15,,Standard
M11210,UPI,0.0,2025-07-15,,Standard
M11210,Credit card,2.0,2025-07-15,,Standard
M11210,Debit card,0.9,2025-07-15,,Standard
M11210,Netbanking,1.8,2025-07-15,,Standard
M11210,Wallet,1.9,2025-07-15,,Standard
M11211,UPI,0.0,2025-07-16,,Standard
M11211,Credit card,2.0,2025-07-16,,Standard
M11211,Debit card,0.9,2025-07-16,,Standard
M11211,Netbanking,1.8,2025-07-16,,Standard
M11211,Wallet,1.9,2025-07-16,,Standard
M11212,UPI,0.0,2025-07-18,,Standard
M11212,Credit card,2.0,2025-07-18,,Standard
M11212,Debit card,0.9,2025-07-18,,Standard
M11212,Netbanking,1.8,2025-07-18,,Standard
M11212,Wallet,1.9,2025-07-18,,Standard
M11213,UPI,0.0,2025-07-18,,Standard
M11213,Credit card,2.0,2025-07-18,,Standard
M11213,Debit card,0.9,2025-07-18,,Standard
M11213,Netbanking,1.8,2025-07-18,,Standard
M11213,Wallet,1.9,2025-07-18,,Standard
M11214,UPI,0.0,2025-07-18,,Standard
M11214,Credit card,2.0,2025-07-18,,Standard
M11214,Debit card,0.9,2025-07-18,,Standard
M11214,Netbanking,1.8,2025-07-18,,Standard
M11214,Wallet,1.9,2025-07-18,,Standard
M11215,UPI,0.0,2025-07-19,,Standard
M11215,Credit card,2.0,2025-07-19,,Standard
M11215,Debit card,0.9,2025-07-19,,Standard
M11215,Netbanking,1.8,2025-07-19,,Standard
M11215,Wallet,1.9,2025-07-19,,Standard
M11216,UPI,0.0,2025-07-20,,Standard
M11216,Credit card,2.0,2025-07-20,,Standard
M11216,Debit card,0.9,2025-07-20,,Standard
M11216,Netbanking,1.8,2025-07-20,,Standard
M11216,Wallet,1.9,2025-07-20,,Standard
M11217,UPI,0.0,2025-07-20,,Enterprise
M11217,Credit card,1.55,2025-07-20,,Enterprise
M11217,Debit card,0.65,2025-07-20,,Enterprise
M11217,Netbanking,1.35,2025-07-20,,Enterprise
M11217,Wallet,1.45,2025-07-20,,Enterprise
M11218,UPI,0.0,2025-07-21,2026-04-30,Standard
M11218,UPI,0.0,2026-05-01,,Growth
M11218,Credit card,2.0,2025-07-21,2026-04-30,Standard
M11218,Credit card,1.9,2026-05-01,,Growth
M11218,Debit card,0.9,2025-07-21,2026-04-30,Standard
M11218,Debit card,0.8,2026-05-01,,Growth
M11218,Netbanking,1.8,2025-07-21,2026-04-30,Standard
M11218,Netbanking,1.7,2026-05-01,,Growth
M11218,Wallet,1.9,2025-07-21,2026-04-30,Standard
M11218,Wallet,1.8,2026-05-01,,Growth
M11219,UPI,0.0,2025-07-21,,Standard
M11219,Credit card,2.0,2025-07-21,,Standard
M11219,Debit card,0.9,2025-07-21,,Standard
M11219,Netbanking,1.8,2025-07-21,,Standard
M11219,Wallet,1.9,2025-07-21,,Standard
M11220,UPI,0.0,2025-07-21,,Standard
M11220,Credit card,2.0,2025-07-21,,Standard
M11220,Debit card,0.9,2025-07-21,,Standard
M11220,Netbanking,1.8,2025-07-21,,Standard
M11220,Wallet,1.9,2025-07-21,,Standard
M11221,UPI,0.0,2025-07-21,,Standard
M11221,Credit card,2.0,2025-07-21,,Standard
M11221,Debit card,0.9,2025-07-21,,Standard
M11221,Netbanking,1.8,2025-07-21,,Standard
M11221,Wallet,1.9,2025-07-21,,Standard
M11222,UPI,0.0,2025-07-23,,Standard
M11222,Credit card,2.0,2025-07-23,,Standard
M11222,Debit card,0.9,2025-07-23,,Standard
M11222,Netbanking,1.8,2025-07-23,,Standard
M11222,Wallet,1.9,2025-07-23,,Standard
M11223,UPI,0.0,2025-07-24,,Standard
M11223,Credit card,2.0,2025-07-24,,Standard
M11223,Debit card,0.9,2025-07-24,,Standard
M11223,Netbanking,1.8,2025-07-24,,Standard
M11223,Wallet,1.9,2025-07-24,,Standard
M11224,UPI,0.0,2025-07-24,,Standard
M11224,Credit card,2.0,2025-07-24,,Standard
M11224,Debit card,0.9,2025-07-24,,Standard
M11224,Netbanking,1.8,2025-07-24,,Standard
M11224,Wallet,1.9,2025-07-24,,Standard
M11225,UPI,0.0,2025-07-25,,Standard
M11225,Credit card,2.0,2025-07-25,,Standard
M11225,Debit card,0.9,2025-07-25,,Standard
M11225,Netbanking,1.8,2025-07-25,,Standard
M11225,Wallet,1.9,2025-07-25,,Standard
M11226,UPI,0.0,2025-07-26,,Standard
M11226,Credit card,2.0,2025-07-26,,Standard
M11226,Debit card,0.9,2025-07-26,,Standard
M11226,Netbanking,1.8,2025-07-26,,Standard
M11226,Wallet,1.9,2025-07-26,,Standard
M11227,UPI,0.0,2025-07-28,,Standard
M11227,Credit card,2.0,2025-07-28,,Standard
M11227,Debit card,0.9,2025-07-28,,Standard
M11227,Netbanking,1.8,2025-07-28,,Standard
M11227,Wallet,1.9,2025-07-28,,Standard
M11228,UPI,0.0,2025-07-29,2026-04-30,Standard
M11228,UPI,0.0,2026-05-01,,Growth
M11228,Credit card,2.0,2025-07-29,2026-04-30,Standard
M11228,Credit card,1.9,2026-05-01,,Growth
M11228,Debit card,0.9,2025-07-29,2026-04-30,Standard
M11228,Debit card,0.8,2026-05-01,,Growth
M11228,Netbanking,1.8,2025-07-29,2026-04-30,Standard
M11228,Netbanking,1.7,2026-05-01,,Growth
M11228,Wallet,1.9,2025-07-29,2026-04-30,Standard
M11228,Wallet,1.8,2026-05-01,,Growth
M11229,UPI,0.0,2025-07-30,,Enterprise
M11229,Credit card,1.52,2025-07-30,,Enterprise
M11229,Debit card,0.62,2025-07-30,,Enterprise
M11229,Netbanking,1.32,2025-07-30,,Enterprise
M11229,Wallet,1.42,2025-07-30,,Enterprise
M11230,UPI,0.0,2025-08-01,,Standard
M11230,Credit card,2.0,2025-08-01,,Standard
M11230,Debit card,0.9,2025-08-01,,Standard
M11230,Netbanking,1.8,2025-08-01,,Standard
M11230,Wallet,1.9,2025-08-01,,Standard
M11231,UPI,0.0,2025-08-01,,Standard
M11231,Credit card,2.0,2025-08-01,,Standard
M11231,Debit card,0.9,2025-08-01,,Standard
M11231,Netbanking,1.8,2025-08-01,,Standard
M11231,Wallet,1.9,2025-08-01,,Standard
M11232,UPI,0.0,2025-08-02,,Standard
M11232,Credit card,2.0,2025-08-02,,Standard
M11232,Debit card,0.9,2025-08-02,,Standard
M11232,Netbanking,1.8,2025-08-02,,Standard
M11232,Wallet,1.9,2025-08-02,,Standard
M11233,UPI,0.0,2025-08-04,,Standard
M11233,Credit card,2.0,2025-08-04,,Standard
M11233,Debit card,0.9,2025-08-04,,Standard
M11233,Netbanking,1.8,2025-08-04,,Standard
M11233,Wallet,1.9,2025-08-04,,Standard
M11234,UPI,0.0,2025-08-04,,Standard
M11234,Credit card,2.0,2025-08-04,,Standard
M11234,Debit card,0.9,2025-08-04,,Standard
M11234,Netbanking,1.8,2025-08-04,,Standard
M11234,Wallet,1.9,2025-08-04,,Standard
M11235,UPI,0.0,2025-08-04,,Standard
M11235,Credit card,2.0,2025-08-04,,Standard
M11235,Debit card,0.9,2025-08-04,,Standard
M11235,Netbanking,1.8,2025-08-04,,Standard
M11235,Wallet,1.9,2025-08-04,,Standard
M11236,UPI,0.0,2025-08-05,,Standard
M11236,Credit card,2.0,2025-08-05,,Standard
M11236,Debit card,0.9,2025-08-05,,Standard
M11236,Netbanking,1.8,2025-08-05,,Standard
M11236,Wallet,1.9,2025-08-05,,Standard
M11237,UPI,0.0,2025-08-05,2026-04-30,Standard
M11237,UPI,0.0,2026-05-01,,Growth
M11237,Credit card,2.0,2025-08-05,2026-04-30,Standard
M11237,Credit card,1.9,2026-05-01,,Growth
M11237,Debit card,0.9,2025-08-05,2026-04-30,Standard
M11237,Debit card,0.8,2026-05-01,,Growth
M11237,Netbanking,1.8,2025-08-05,2026-04-30,Standard
M11237,Netbanking,1.7,2026-05-01,,Growth
M11237,Wallet,1.9,2025-08-05,2026-04-30,Standard
M11237,Wallet,1.8,2026-05-01,,Growth
M11238,UPI,0.0,2025-08-05,2026-04-30,Standard
M11238,UPI,0.0,2026-05-01,,Growth
M11238,Credit card,2.0,2025-08-05,2026-04-30,Standard
M11238,Credit card,1.9,2026-05-01,,Growth
M11238,Debit card,0.9,2025-08-05,2026-04-30,Standard
M11238,Debit card,0.8,2026-05-01,,Growth
M11238,Netbanking,1.8,2025-08-05,2026-04-30,Standard
M11238,Netbanking,1.7,2026-05-01,,Growth
M11238,Wallet,1.9,2025-08-05,2026-04-30,Standard
M11238,Wallet,1.8,2026-05-01,,Growth
M11239,UPI,0.0,2025-08-05,,Standard
M11239,Credit card,2.0,2025-08-05,,Standard
M11239,Debit card,0.9,2025-08-05,,Standard
M11239,Netbanking,1.8,2025-08-05,,Standard
M11239,Wallet,1.9,2025-08-05,,Standard
M11240,UPI,0.0,2025-08-05,,Standard
M11240,Credit card,2.0,2025-08-05,,Standard
M11240,Debit card,0.9,2025-08-05,,Standard
M11240,Netbanking,1.8,2025-08-05,,Standard
M11240,Wallet,1.9,2025-08-05,,Standard
M11241,UPI,0.0,2025-08-06,2026-04-30,Standard
M11241,UPI,0.0,2026-05-01,,Growth
M11241,Credit card,2.0,2025-08-06,2026-04-30,Standard
M11241,Credit card,1.9,2026-05-01,,Growth
M11241,Debit card,0.9,2025-08-06,2026-04-30,Standard
M11241,Debit card,0.8,2026-05-01,,Growth
M11241,Netbanking,1.8,2025-08-06,2026-04-30,Standard
M11241,Netbanking,1.7,2026-05-01,,Growth
M11241,Wallet,1.9,2025-08-06,2026-04-30,Standard
M11241,Wallet,1.8,2026-05-01,,Growth
M11242,UPI,0.0,2025-08-07,,Standard
M11242,Credit card,2.0,2025-08-07,,Standard
M11242,Debit card,0.9,2025-08-07,,Standard
M11242,Netbanking,1.8,2025-08-07,,Standard
M11242,Wallet,1.9,2025-08-07,,Standard
M11243,UPI,0.0,2025-08-08,,Standard
M11243,Credit card,2.0,2025-08-08,,Standard
M11243,Debit card,0.9,2025-08-08,,Standard
M11243,Netbanking,1.8,2025-08-08,,Standard
M11243,Wallet,1.9,2025-08-08,,Standard
M11244,UPI,0.0,2025-08-08,2026-04-30,Standard
M11244,UPI,0.0,2026-05-01,,Growth
M11244,Credit card,2.0,2025-08-08,2026-04-30,Standard
M11244,Credit card,1.9,2026-05-01,,Growth
M11244,Debit card,0.9,2025-08-08,2026-04-30,Standard
M11244,Debit card,0.8,2026-05-01,,Growth
M11244,Netbanking,1.8,2025-08-08,2026-04-30,Standard
M11244,Netbanking,1.7,2026-05-01,,Growth
M11244,Wallet,1.9,2025-08-08,2026-04-30,Standard
M11244,Wallet,1.8,2026-05-01,,Growth
M11245,UPI,0.0,2025-08-08,,Standard
M11245,Credit card,2.0,2025-08-08,,Standard
M11245,Debit card,0.9,2025-08-08,,Standard
M11245,Netbanking,1.8,2025-08-08,,Standard
M11245,Wallet,1.9,2025-08-08,,Standard
M11246,UPI,0.0,2025-08-09,2026-04-30,Standard
M11246,UPI,0.0,2026-05-01,,Growth
M11246,Credit card,2.0,2025-08-09,2026-04-30,Standard
M11246,Credit card,1.9,2026-05-01,,Growth
M11246,Debit card,0.9,2025-08-09,2026-04-30,Standard
M11246,Debit card,0.8,2026-05-01,,Growth
M11246,Netbanking,1.8,2025-08-09,2026-04-30,Standard
M11246,Netbanking,1.7,2026-05-01,,Growth
M11246,Wallet,1.9,2025-08-09,2026-04-30,Standard
M11246,Wallet,1.8,2026-05-01,,Growth
M11247,UPI,0.0,2025-08-09,2026-04-30,Standard
M11247,UPI,0.0,2026-05-01,,Growth
M11247,Credit card,2.0,2025-08-09,2026-04-30,Standard
M11247,Credit card,1.9,2026-05-01,,Growth
M11247,Debit card,0.9,2025-08-09,2026-04-30,Standard
M11247,Debit card,0.8,2026-05-01,,Growth
M11247,Netbanking,1.8,2025-08-09,2026-04-30,Standard
M11247,Netbanking,1.7,2026-05-01,,Growth
M11247,Wallet,1.9,2025-08-09,2026-04-30,Standard
M11247,Wallet,1.8,2026-05-01,,Growth
M11248,UPI,0.0,2025-08-12,,Standard
M11248,Credit card,2.0,2025-08-12,,Standard
M11248,Debit card,0.9,2025-08-12,,Standard
M11248,Netbanking,1.8,2025-08-12,,Standard
M11248,Wallet,1.9,2025-08-12,,Standard
M11249,UPI,0.0,2025-08-13,,Enterprise
M11249,Credit card,1.59,2025-08-13,,Enterprise
M11249,Debit card,0.69,2025-08-13,,Enterprise
M11249,Netbanking,1.39,2025-08-13,,Enterprise
M11249,Wallet,1.49,2025-08-13,,Enterprise
M11250,UPI,0.0,2025-08-13,,Standard
M11250,Credit card,2.0,2025-08-13,,Standard
M11250,Debit card,0.9,2025-08-13,,Standard
M11250,Netbanking,1.8,2025-08-13,,Standard
M11250,Wallet,1.9,2025-08-13,,Standard
M11251,UPI,0.0,2025-08-14,2026-04-30,Standard
M11251,UPI,0.0,2026-05-01,,Growth
M11251,Credit card,2.0,2025-08-14,2026-04-30,Standard
M11251,Credit card,1.9,2026-05-01,,Growth
M11251,Debit card,0.9,2025-08-14,2026-04-30,Standard
M11251,Debit card,0.8,2026-05-01,,Growth
M11251,Netbanking,1.8,2025-08-14,2026-04-30,Standard
M11251,Netbanking,1.7,2026-05-01,,Growth
M11251,Wallet,1.9,2025-08-14,2026-04-30,Standard
M11251,Wallet,1.8,2026-05-01,,Growth
M11252,UPI,0.0,2025-08-15,,Standard
M11252,Credit card,2.0,2025-08-15,,Standard
M11252,Debit card,0.9,2025-08-15,,Standard
M11252,Netbanking,1.8,2025-08-15,,Standard
M11252,Wallet,1.9,2025-08-15,,Standard
M11253,UPI,0.0,2025-08-15,,Standard
M11253,Credit card,2.0,2025-08-15,,Standard
M11253,Debit card,0.9,2025-08-15,,Standard
M11253,Netbanking,1.8,2025-08-15,,Standard
M11253,Wallet,1.9,2025-08-15,,Standard
M11254,UPI,0.0,2025-08-17,2026-04-30,Standard
M11254,UPI,0.0,2026-05-01,,Growth
M11254,Credit card,2.0,2025-08-17,2026-04-30,Standard
M11254,Credit card,1.9,2026-05-01,,Growth
M11254,Debit card,0.9,2025-08-17,2026-04-30,Standard
M11254,Debit card,0.8,2026-05-01,,Growth
M11254,Netbanking,1.8,2025-08-17,2026-04-30,Standard
M11254,Netbanking,1.7,2026-05-01,,Growth
M11254,Wallet,1.9,2025-08-17,2026-04-30,Standard
M11254,Wallet,1.8,2026-05-01,,Growth
M11255,UPI,0.0,2025-08-17,,Standard
M11255,Credit card,2.0,2025-08-17,,Standard
M11255,Debit card,0.9,2025-08-17,,Standard
M11255,Netbanking,1.8,2025-08-17,,Standard
M11255,Wallet,1.9,2025-08-17,,Standard
M11256,UPI,0.0,2025-08-17,,Standard
M11256,Credit card,2.0,2025-08-17,,Standard
M11256,Debit card,0.9,2025-08-17,,Standard
M11256,Netbanking,1.8,2025-08-17,,Standard
M11256,Wallet,1.9,2025-08-17,,Standard
M11257,UPI,0.0,2025-08-17,,Standard
M11257,Credit card,2.0,2025-08-17,,Standard
M11257,Debit card,0.9,2025-08-17,,Standard
M11257,Netbanking,1.8,2025-08-17,,Standard
M11257,Wallet,1.9,2025-08-17,,Standard
M11258,UPI,0.0,2025-08-18,,Standard
M11258,Credit card,2.0,2025-08-18,,Standard
M11258,Debit card,0.9,2025-08-18,,Standard
M11258,Netbanking,1.8,2025-08-18,,Standard
M11258,Wallet,1.9,2025-08-18,,Standard
M11259,UPI,0.0,2025-08-18,,Standard
M11259,Credit card,2.0,2025-08-18,,Standard
M11259,Debit card,0.9,2025-08-18,,Standard
M11259,Netbanking,1.8,2025-08-18,,Standard
M11259,Wallet,1.9,2025-08-18,,Standard
M11260,UPI,0.0,2025-08-19,,Standard
M11260,Credit card,2.0,2025-08-19,,Standard
M11260,Debit card,0.9,2025-08-19,,Standard
M11260,Netbanking,1.8,2025-08-19,,Standard
M11260,Wallet,1.9,2025-08-19,,Standard
M11261,UPI,0.0,2025-08-20,,Standard
M11261,Credit card,2.0,2025-08-20,,Standard
M11261,Debit card,0.9,2025-08-20,,Standard
M11261,Netbanking,1.8,2025-08-20,,Standard
M11261,Wallet,1.9,2025-08-20,,Standard
M11262,UPI,0.0,2025-08-20,,Standard
M11262,Credit card,2.0,2025-08-20,,Standard
M11262,Debit card,0.9,2025-08-20,,Standard
M11262,Netbanking,1.8,2025-08-20,,Standard
M11262,Wallet,1.9,2025-08-20,,Standard
M11263,UPI,0.0,2025-08-20,,Standard
M11263,Credit card,2.0,2025-08-20,,Standard
M11263,Debit card,0.9,2025-08-20,,Standard
M11263,Netbanking,1.8,2025-08-20,,Standard
M11263,Wallet,1.9,2025-08-20,,Standard
M11264,UPI,0.0,2025-08-22,,Standard
M11264,Credit card,2.0,2025-08-22,,Standard
M11264,Debit card,0.9,2025-08-22,,Standard
M11264,Netbanking,1.8,2025-08-22,,Standard
M11264,Wallet,1.9,2025-08-22,,Standard
M11265,UPI,0.0,2025-08-23,,Standard
M11265,Credit card,2.0,2025-08-23,,Standard
M11265,Debit card,0.9,2025-08-23,,Standard
M11265,Netbanking,1.8,2025-08-23,,Standard
M11265,Wallet,1.9,2025-08-23,,Standard
M11266,UPI,0.0,2025-08-23,,Standard
M11266,Credit card,2.0,2025-08-23,,Standard
M11266,Debit card,0.9,2025-08-23,,Standard
M11266,Netbanking,1.8,2025-08-23,,Standard
M11266,Wallet,1.9,2025-08-23,,Standard
M11267,UPI,0.0,2025-08-24,,Standard
M11267,Credit card,2.0,2025-08-24,,Standard
M11267,Debit card,0.9,2025-08-24,,Standard
M11267,Netbanking,1.8,2025-08-24,,Standard
M11267,Wallet,1.9,2025-08-24,,Standard
M11268,UPI,0.0,2025-08-25,,Standard
M11268,Credit card,2.0,2025-08-25,,Standard
M11268,Debit card,0.9,2025-08-25,,Standard
M11268,Netbanking,1.8,2025-08-25,,Standard
M11268,Wallet,1.9,2025-08-25,,Standard
M11269,UPI,0.0,2025-08-26,,Standard
M11269,Credit card,2.0,2025-08-26,,Standard
M11269,Debit card,0.9,2025-08-26,,Standard
M11269,Netbanking,1.8,2025-08-26,,Standard
M11269,Wallet,1.9,2025-08-26,,Standard
M11270,UPI,0.0,2025-08-26,,Standard
M11270,Credit card,2.0,2025-08-26,,Standard
M11270,Debit card,0.9,2025-08-26,,Standard
M11270,Netbanking,1.8,2025-08-26,,Standard
M11270,Wallet,1.9,2025-08-26,,Standard
M11271,UPI,0.0,2025-08-27,2026-04-30,Standard
M11271,UPI,0.0,2026-05-01,,Growth
M11271,Credit card,2.0,2025-08-27,2026-04-30,Standard
M11271,Credit card,1.9,2026-05-01,,Growth
M11271,Debit card,0.9,2025-08-27,2026-04-30,Standard
M11271,Debit card,0.8,2026-05-01,,Growth
M11271,Netbanking,1.8,2025-08-27,2026-04-30,Standard
M11271,Netbanking,1.7,2026-05-01,,Growth
M11271,Wallet,1.9,2025-08-27,2026-04-30,Standard
M11271,Wallet,1.8,2026-05-01,,Growth
M11272,UPI,0.0,2025-08-28,,Standard
M11272,Credit card,2.0,2025-08-28,,Standard
M11272,Debit card,0.9,2025-08-28,,Standard
M11272,Netbanking,1.8,2025-08-28,,Standard
M11272,Wallet,1.9,2025-08-28,,Standard
M11273,UPI,0.0,2025-08-29,,Standard
M11273,Credit card,2.0,2025-08-29,,Standard
M11273,Debit card,0.9,2025-08-29,,Standard
M11273,Netbanking,1.8,2025-08-29,,Standard
M11273,Wallet,1.9,2025-08-29,,Standard
M11274,UPI,0.0,2025-08-29,2026-04-30,Standard
M11274,UPI,0.0,2026-05-01,,Growth
M11274,Credit card,2.0,2025-08-29,2026-04-30,Standard
M11274,Credit card,1.9,2026-05-01,,Growth
M11274,Debit card,0.9,2025-08-29,2026-04-30,Standard
M11274,Debit card,0.8,2026-05-01,,Growth
M11274,Netbanking,1.8,2025-08-29,2026-04-30,Standard
M11274,Netbanking,1.7,2026-05-01,,Growth
M11274,Wallet,1.9,2025-08-29,2026-04-30,Standard
M11274,Wallet,1.8,2026-05-01,,Growth
M11275,UPI,0.0,2025-08-30,,Enterprise
M11275,Credit card,1.5,2025-08-30,,Enterprise
M11275,Debit card,0.6,2025-08-30,,Enterprise
M11275,Netbanking,1.3,2025-08-30,,Enterprise
M11275,Wallet,1.4,2025-08-30,,Enterprise
M11276,UPI,0.0,2025-08-30,,Standard
M11276,Credit card,2.0,2025-08-30,,Standard
M11276,Debit card,0.9,2025-08-30,,Standard
M11276,Netbanking,1.8,2025-08-30,,Standard
M11276,Wallet,1.9,2025-08-30,,Standard
M11277,UPI,0.0,2025-08-30,2026-04-30,Standard
M11277,UPI,0.0,2026-05-01,,Growth
M11277,Credit card,2.0,2025-08-30,2026-04-30,Standard
M11277,Credit card,1.9,2026-05-01,,Growth
M11277,Debit card,0.9,2025-08-30,2026-04-30,Standard
M11277,Debit card,0.8,2026-05-01,,Growth
M11277,Netbanking,1.8,2025-08-30,2026-04-30,Standard
M11277,Netbanking,1.7,2026-05-01,,Growth
M11277,Wallet,1.9,2025-08-30,2026-04-30,Standard
M11277,Wallet,1.8,2026-05-01,,Growth
M11278,UPI,0.0,2025-08-31,,Standard
M11278,Credit card,2.0,2025-08-31,,Standard
M11278,Debit card,0.9,2025-08-31,,Standard
M11278,Netbanking,1.8,2025-08-31,,Standard
M11278,Wallet,1.9,2025-08-31,,Standard
M11279,UPI,0.0,2025-08-31,,Standard
M11279,Credit card,2.0,2025-08-31,,Standard
M11279,Debit card,0.9,2025-08-31,,Standard
M11279,Netbanking,1.8,2025-08-31,,Standard
M11279,Wallet,1.9,2025-08-31,,Standard
M11280,UPI,0.0,2025-09-02,,Standard
M11280,Credit card,2.0,2025-09-02,,Standard
M11280,Debit card,0.9,2025-09-02,,Standard
M11280,Netbanking,1.8,2025-09-02,,Standard
M11280,Wallet,1.9,2025-09-02,,Standard
M11281,UPI,0.0,2025-09-02,,Standard
M11281,Credit card,2.0,2025-09-02,,Standard
M11281,Debit card,0.9,2025-09-02,,Standard
M11281,Netbanking,1.8,2025-09-02,,Standard
M11281,Wallet,1.9,2025-09-02,,Standard
M11282,UPI,0.0,2025-09-02,,Standard
M11282,Credit card,2.0,2025-09-02,,Standard
M11282,Debit card,0.9,2025-09-02,,Standard
M11282,Netbanking,1.8,2025-09-02,,Standard
M11282,Wallet,1.9,2025-09-02,,Standard
M11283,UPI,0.0,2025-09-02,2026-04-30,Standard
M11283,UPI,0.0,2026-05-01,,Growth
M11283,Credit card,2.0,2025-09-02,2026-04-30,Standard
M11283,Credit card,1.9,2026-05-01,,Growth
M11283,Debit card,0.9,2025-09-02,2026-04-30,Standard
M11283,Debit card,0.8,2026-05-01,,Growth
M11283,Netbanking,1.8,2025-09-02,2026-04-30,Standard
M11283,Netbanking,1.7,2026-05-01,,Growth
M11283,Wallet,1.9,2025-09-02,2026-04-30,Standard
M11283,Wallet,1.8,2026-05-01,,Growth
M11284,UPI,0.0,2025-09-03,,Standard
M11284,Credit card,2.0,2025-09-03,,Standard
M11284,Debit card,0.9,2025-09-03,,Standard
M11284,Netbanking,1.8,2025-09-03,,Standard
M11284,Wallet,1.9,2025-09-03,,Standard
M11285,UPI,0.0,2025-09-05,,Standard
M11285,Credit card,2.0,2025-09-05,,Standard
M11285,Debit card,0.9,2025-09-05,,Standard
M11285,Netbanking,1.8,2025-09-05,,Standard
M11285,Wallet,1.9,2025-09-05,,Standard
M11286,UPI,0.0,2025-09-07,,Standard
M11286,Credit card,2.0,2025-09-07,,Standard
M11286,Debit card,0.9,2025-09-07,,Standard
M11286,Netbanking,1.8,2025-09-07,,Standard
M11286,Wallet,1.9,2025-09-07,,Standard
M11287,UPI,0.0,2025-09-08,,Standard
M11287,Credit card,2.0,2025-09-08,,Standard
M11287,Debit card,0.9,2025-09-08,,Standard
M11287,Netbanking,1.8,2025-09-08,,Standard
M11287,Wallet,1.9,2025-09-08,,Standard
M11288,UPI,0.0,2025-09-09,,Standard
M11288,Credit card,2.0,2025-09-09,,Standard
M11288,Debit card,0.9,2025-09-09,,Standard
M11288,Netbanking,1.8,2025-09-09,,Standard
M11288,Wallet,1.9,2025-09-09,,Standard
M11289,UPI,0.0,2025-09-12,,Standard
M11289,Credit card,2.0,2025-09-12,,Standard
M11289,Debit card,0.9,2025-09-12,,Standard
M11289,Netbanking,1.8,2025-09-12,,Standard
M11289,Wallet,1.9,2025-09-12,,Standard
M11290,UPI,0.0,2025-09-13,,Standard
M11290,Credit card,2.0,2025-09-13,,Standard
M11290,Debit card,0.9,2025-09-13,,Standard
M11290,Netbanking,1.8,2025-09-13,,Standard
M11290,Wallet,1.9,2025-09-13,,Standard
M11291,UPI,0.0,2025-09-13,2026-04-30,Standard
M11291,UPI,0.0,2026-05-01,,Growth
M11291,Credit card,2.0,2025-09-13,2026-04-30,Standard
M11291,Credit card,1.9,2026-05-01,,Growth
M11291,Debit card,0.9,2025-09-13,2026-04-30,Standard
M11291,Debit card,0.8,2026-05-01,,Growth
M11291,Netbanking,1.8,2025-09-13,2026-04-30,Standard
M11291,Netbanking,1.7,2026-05-01,,Growth
M11291,Wallet,1.9,2025-09-13,2026-04-30,Standard
M11291,Wallet,1.8,2026-05-01,,Growth
M11292,UPI,0.0,2025-09-13,2026-04-30,Standard
M11292,UPI,0.0,2026-05-01,,Growth
M11292,Credit card,2.0,2025-09-13,2026-04-30,Standard
M11292,Credit card,1.9,2026-05-01,,Growth
M11292,Debit card,0.9,2025-09-13,2026-04-30,Standard
M11292,Debit card,0.8,2026-05-01,,Growth
M11292,Netbanking,1.8,2025-09-13,2026-04-30,Standard
M11292,Netbanking,1.7,2026-05-01,,Growth
M11292,Wallet,1.9,2025-09-13,2026-04-30,Standard
M11292,Wallet,1.8,2026-05-01,,Growth
M11293,UPI,0.0,2025-09-13,,Standard
M11293,Credit card,2.0,2025-09-13,,Standard
M11293,Debit card,0.9,2025-09-13,,Standard
M11293,Netbanking,1.8,2025-09-13,,Standard
M11293,Wallet,1.9,2025-09-13,,Standard
M11294,UPI,0.0,2025-09-14,,Standard
M11294,Credit card,2.0,2025-09-14,,Standard
M11294,Debit card,0.9,2025-09-14,,Standard
M11294,Netbanking,1.8,2025-09-14,,Standard
M11294,Wallet,1.9,2025-09-14,,Standard
M11295,UPI,0.0,2025-09-14,,Standard
M11295,Credit card,2.0,2025-09-14,,Standard
M11295,Debit card,0.9,2025-09-14,,Standard
M11295,Netbanking,1.8,2025-09-14,,Standard
M11295,Wallet,1.9,2025-09-14,,Standard
M11296,UPI,0.0,2025-09-15,,Standard
M11296,Credit card,2.0,2025-09-15,,Standard
M11296,Debit card,0.9,2025-09-15,,Standard
M11296,Netbanking,1.8,2025-09-15,,Standard
M11296,Wallet,1.9,2025-09-15,,Standard
M11297,UPI,0.0,2025-09-16,,Standard
M11297,Credit card,2.0,2025-09-16,,Standard
M11297,Debit card,0.9,2025-09-16,,Standard
M11297,Netbanking,1.8,2025-09-16,,Standard
M11297,Wallet,1.9,2025-09-16,,Standard
M11298,UPI,0.0,2025-09-16,,Standard
M11298,Credit card,2.0,2025-09-16,,Standard
M11298,Debit card,0.9,2025-09-16,,Standard
M11298,Netbanking,1.8,2025-09-16,,Standard
M11298,Wallet,1.9,2025-09-16,,Standard
M11299,UPI,0.0,2025-09-17,,Standard
M11299,Credit card,2.0,2025-09-17,,Standard
M11299,Debit card,0.9,2025-09-17,,Standard
M11299,Netbanking,1.8,2025-09-17,,Standard
M11299,Wallet,1.9,2025-09-17,,Standard
M11300,UPI,0.0,2025-09-18,,Standard
M11300,Credit card,2.0,2025-09-18,,Standard
M11300,Debit card,0.9,2025-09-18,,Standard
M11300,Netbanking,1.8,2025-09-18,,Standard
M11300,Wallet,1.9,2025-09-18,,Standard
M11301,UPI,0.0,2025-09-19,,Standard
M11301,Credit card,2.0,2025-09-19,,Standard
M11301,Debit card,0.9,2025-09-19,,Standard
M11301,Netbanking,1.8,2025-09-19,,Standard
M11301,Wallet,1.9,2025-09-19,,Standard
M11302,UPI,0.0,2025-09-20,,Standard
M11302,Credit card,2.0,2025-09-20,,Standard
M11302,Debit card,0.9,2025-09-20,,Standard
M11302,Netbanking,1.8,2025-09-20,,Standard
M11302,Wallet,1.9,2025-09-20,,Standard
M11303,UPI,0.0,2025-09-22,,Standard
M11303,Credit card,2.0,2025-09-22,,Standard
M11303,Debit card,0.9,2025-09-22,,Standard
M11303,Netbanking,1.8,2025-09-22,,Standard
M11303,Wallet,1.9,2025-09-22,,Standard
M11304,UPI,0.0,2025-09-22,,Standard
M11304,Credit card,2.0,2025-09-22,,Standard
M11304,Debit card,0.9,2025-09-22,,Standard
M11304,Netbanking,1.8,2025-09-22,,Standard
M11304,Wallet,1.9,2025-09-22,,Standard
M11305,UPI,0.0,2025-09-23,2026-04-30,Standard
M11305,UPI,0.0,2026-05-01,,Growth
M11305,Credit card,2.0,2025-09-23,2026-04-30,Standard
M11305,Credit card,1.9,2026-05-01,,Growth
M11305,Debit card,0.9,2025-09-23,2026-04-30,Standard
M11305,Debit card,0.8,2026-05-01,,Growth
M11305,Netbanking,1.8,2025-09-23,2026-04-30,Standard
M11305,Netbanking,1.7,2026-05-01,,Growth
M11305,Wallet,1.9,2025-09-23,2026-04-30,Standard
M11305,Wallet,1.8,2026-05-01,,Growth
M11306,UPI,0.0,2025-09-24,,Standard
M11306,Credit card,2.0,2025-09-24,,Standard
M11306,Debit card,0.9,2025-09-24,,Standard
M11306,Netbanking,1.8,2025-09-24,,Standard
M11306,Wallet,1.9,2025-09-24,,Standard
M11307,UPI,0.0,2025-09-26,,Standard
M11307,Credit card,2.0,2025-09-26,,Standard
M11307,Debit card,0.9,2025-09-26,,Standard
M11307,Netbanking,1.8,2025-09-26,,Standard
M11307,Wallet,1.9,2025-09-26,,Standard
M11308,UPI,0.0,2025-09-26,,Standard
M11308,Credit card,2.0,2025-09-26,,Standard
M11308,Debit card,0.9,2025-09-26,,Standard
M11308,Netbanking,1.8,2025-09-26,,Standard
M11308,Wallet,1.9,2025-09-26,,Standard
M11309,UPI,0.0,2025-09-27,,Standard
M11309,Credit card,2.0,2025-09-27,,Standard
M11309,Debit card,0.9,2025-09-27,,Standard
M11309,Netbanking,1.8,2025-09-27,,Standard
M11309,Wallet,1.9,2025-09-27,,Standard
M11310,UPI,0.0,2025-09-27,2026-04-30,Standard
M11310,UPI,0.0,2026-05-01,,Growth
M11310,Credit card,2.0,2025-09-27,2026-04-30,Standard
M11310,Credit card,1.9,2026-05-01,,Growth
M11310,Debit card,0.9,2025-09-27,2026-04-30,Standard
M11310,Debit card,0.8,2026-05-01,,Growth
M11310,Netbanking,1.8,2025-09-27,2026-04-30,Standard
M11310,Netbanking,1.7,2026-05-01,,Growth
M11310,Wallet,1.9,2025-09-27,2026-04-30,Standard
M11310,Wallet,1.8,2026-05-01,,Growth
M11311,UPI,0.0,2025-09-27,,Standard
M11311,Credit card,2.0,2025-09-27,,Standard
M11311,Debit card,0.9,2025-09-27,,Standard
M11311,Netbanking,1.8,2025-09-27,,Standard
M11311,Wallet,1.9,2025-09-27,,Standard
M11312,UPI,0.0,2025-09-28,,Standard
M11312,Credit card,2.0,2025-09-28,,Standard
M11312,Debit card,0.9,2025-09-28,,Standard
M11312,Netbanking,1.8,2025-09-28,,Standard
M11312,Wallet,1.9,2025-09-28,,Standard
M11313,UPI,0.0,2025-09-28,,Standard
M11313,Credit card,2.0,2025-09-28,,Standard
M11313,Debit card,0.9,2025-09-28,,Standard
M11313,Netbanking,1.8,2025-09-28,,Standard
M11313,Wallet,1.9,2025-09-28,,Standard
M11314,UPI,0.0,2025-09-30,,Standard
M11314,Credit card,2.0,2025-09-30,,Standard
M11314,Debit card,0.9,2025-09-30,,Standard
M11314,Netbanking,1.8,2025-09-30,,Standard
M11314,Wallet,1.9,2025-09-30,,Standard
M11315,UPI,0.0,2025-10-01,,Standard
M11315,Credit card,2.0,2025-10-01,,Standard
M11315,Debit card,0.9,2025-10-01,,Standard
M11315,Netbanking,1.8,2025-10-01,,Standard
M11315,Wallet,1.9,2025-10-01,,Standard
M11316,UPI,0.0,2025-10-01,,Standard
M11316,Credit card,2.0,2025-10-01,,Standard
M11316,Debit card,0.9,2025-10-01,,Standard
M11316,Netbanking,1.8,2025-10-01,,Standard
M11316,Wallet,1.9,2025-10-01,,Standard
M11317,UPI,0.0,2025-10-01,,Standard
M11317,Credit card,2.0,2025-10-01,,Standard
M11317,Debit card,0.9,2025-10-01,,Standard
M11317,Netbanking,1.8,2025-10-01,,Standard
M11317,Wallet,1.9,2025-10-01,,Standard
M11318,UPI,0.0,2025-10-05,,Standard
M11318,Credit card,2.0,2025-10-05,,Standard
M11318,Debit card,0.9,2025-10-05,,Standard
M11318,Netbanking,1.8,2025-10-05,,Standard
M11318,Wallet,1.9,2025-10-05,,Standard
M11319,UPI,0.0,2025-10-06,,Standard
M11319,Credit card,2.0,2025-10-06,,Standard
M11319,Debit card,0.9,2025-10-06,,Standard
M11319,Netbanking,1.8,2025-10-06,,Standard
M11319,Wallet,1.9,2025-10-06,,Standard
M11320,UPI,0.0,2025-10-06,,Standard
M11320,Credit card,2.0,2025-10-06,,Standard
M11320,Debit card,0.9,2025-10-06,,Standard
M11320,Netbanking,1.8,2025-10-06,,Standard
M11320,Wallet,1.9,2025-10-06,,Standard
M11321,UPI,0.0,2025-10-07,2026-04-30,Standard
M11321,UPI,0.0,2026-05-01,,Growth
M11321,Credit card,2.0,2025-10-07,2026-04-30,Standard
M11321,Credit card,1.9,2026-05-01,,Growth
M11321,Debit card,0.9,2025-10-07,2026-04-30,Standard
M11321,Debit card,0.8,2026-05-01,,Growth
M11321,Netbanking,1.8,2025-10-07,2026-04-30,Standard
M11321,Netbanking,1.7,2026-05-01,,Growth
M11321,Wallet,1.9,2025-10-07,2026-04-30,Standard
M11321,Wallet,1.8,2026-05-01,,Growth
M11322,UPI,0.0,2025-10-08,,Standard
M11322,Credit card,2.0,2025-10-08,,Standard
M11322,Debit card,0.9,2025-10-08,,Standard
M11322,Netbanking,1.8,2025-10-08,,Standard
M11322,Wallet,1.9,2025-10-08,,Standard
M11323,UPI,0.0,2025-10-08,,Enterprise
M11323,Credit card,1.45,2025-10-08,,Enterprise
M11323,Debit card,0.55,2025-10-08,,Enterprise
M11323,Netbanking,1.25,2025-10-08,,Enterprise
M11323,Wallet,1.35,2025-10-08,,Enterprise
M11324,UPI,0.0,2025-10-09,,Standard
M11324,Credit card,2.0,2025-10-09,,Standard
M11324,Debit card,0.9,2025-10-09,,Standard
M11324,Netbanking,1.8,2025-10-09,,Standard
M11324,Wallet,1.9,2025-10-09,,Standard
M11325,UPI,0.0,2025-10-09,,Standard
M11325,Credit card,2.0,2025-10-09,,Standard
M11325,Debit card,0.9,2025-10-09,,Standard
M11325,Netbanking,1.8,2025-10-09,,Standard
M11325,Wallet,1.9,2025-10-09,,Standard
M11326,UPI,0.0,2025-10-10,,Standard
M11326,Credit card,2.0,2025-10-10,,Standard
M11326,Debit card,0.9,2025-10-10,,Standard
M11326,Netbanking,1.8,2025-10-10,,Standard
M11326,Wallet,1.9,2025-10-10,,Standard
M11327,UPI,0.0,2025-10-10,,Standard
M11327,Credit card,2.0,2025-10-10,,Standard
M11327,Debit card,0.9,2025-10-10,,Standard
M11327,Netbanking,1.8,2025-10-10,,Standard
M11327,Wallet,1.9,2025-10-10,,Standard
M11328,UPI,0.0,2025-10-11,,Standard
M11328,Credit card,2.0,2025-10-11,,Standard
M11328,Debit card,0.9,2025-10-11,,Standard
M11328,Netbanking,1.8,2025-10-11,,Standard
M11328,Wallet,1.9,2025-10-11,,Standard
M11329,UPI,0.0,2025-10-11,,Standard
M11329,Credit card,2.0,2025-10-11,,Standard
M11329,Debit card,0.9,2025-10-11,,Standard
M11329,Netbanking,1.8,2025-10-11,,Standard
M11329,Wallet,1.9,2025-10-11,,Standard
M11330,UPI,0.0,2025-10-11,2026-04-30,Standard
M11330,UPI,0.0,2026-05-01,,Growth
M11330,Credit card,2.0,2025-10-11,2026-04-30,Standard
M11330,Credit card,1.9,2026-05-01,,Growth
M11330,Debit card,0.9,2025-10-11,2026-04-30,Standard
M11330,Debit card,0.8,2026-05-01,,Growth
M11330,Netbanking,1.8,2025-10-11,2026-04-30,Standard
M11330,Netbanking,1.7,2026-05-01,,Growth
M11330,Wallet,1.9,2025-10-11,2026-04-30,Standard
M11330,Wallet,1.8,2026-05-01,,Growth
M11331,UPI,0.0,2025-10-12,,Standard
M11331,Credit card,2.0,2025-10-12,,Standard
M11331,Debit card,0.9,2025-10-12,,Standard
M11331,Netbanking,1.8,2025-10-12,,Standard
M11331,Wallet,1.9,2025-10-12,,Standard
M11332,UPI,0.0,2025-10-13,2026-04-30,Standard
M11332,UPI,0.0,2026-05-01,,Growth
M11332,Credit card,2.0,2025-10-13,2026-04-30,Standard
M11332,Credit card,1.9,2026-05-01,,Growth
M11332,Debit card,0.9,2025-10-13,2026-04-30,Standard
M11332,Debit card,0.8,2026-05-01,,Growth
M11332,Netbanking,1.8,2025-10-13,2026-04-30,Standard
M11332,Netbanking,1.7,2026-05-01,,Growth
M11332,Wallet,1.9,2025-10-13,2026-04-30,Standard
M11332,Wallet,1.8,2026-05-01,,Growth
M11333,UPI,0.0,2025-10-13,2026-04-30,Standard
M11333,UPI,0.0,2026-05-01,,Growth
M11333,Credit card,2.0,2025-10-13,2026-04-30,Standard
M11333,Credit card,1.9,2026-05-01,,Growth
M11333,Debit card,0.9,2025-10-13,2026-04-30,Standard
M11333,Debit card,0.8,2026-05-01,,Growth
M11333,Netbanking,1.8,2025-10-13,2026-04-30,Standard
M11333,Netbanking,1.7,2026-05-01,,Growth
M11333,Wallet,1.9,2025-10-13,2026-04-30,Standard
M11333,Wallet,1.8,2026-05-01,,Growth
M11334,UPI,0.0,2025-10-16,,Standard
M11334,Credit card,2.0,2025-10-16,,Standard
M11334,Debit card,0.9,2025-10-16,,Standard
M11334,Netbanking,1.8,2025-10-16,,Standard
M11334,Wallet,1.9,2025-10-16,,Standard
M11335,UPI,0.0,2025-10-16,,Standard
M11335,Credit card,2.0,2025-10-16,,Standard
M11335,Debit card,0.9,2025-10-16,,Standard
M11335,Netbanking,1.8,2025-10-16,,Standard
M11335,Wallet,1.9,2025-10-16,,Standard
M11336,UPI,0.0,2025-10-17,,Standard
M11336,Credit card,2.0,2025-10-17,,Standard
M11336,Debit card,0.9,2025-10-17,,Standard
M11336,Netbanking,1.8,2025-10-17,,Standard
M11336,Wallet,1.9,2025-10-17,,Standard
M11337,UPI,0.0,2025-10-18,,Standard
M11337,Credit card,2.0,2025-10-18,,Standard
M11337,Debit card,0.9,2025-10-18,,Standard
M11337,Netbanking,1.8,2025-10-18,,Standard
M11337,Wallet,1.9,2025-10-18,,Standard
M11338,UPI,0.0,2025-10-19,,Standard
M11338,Credit card,2.0,2025-10-19,,Standard
M11338,Debit card,0.9,2025-10-19,,Standard
M11338,Netbanking,1.8,2025-10-19,,Standard
M11338,Wallet,1.9,2025-10-19,,Standard
M11339,UPI,0.0,2025-10-19,,Standard
M11339,Credit card,2.0,2025-10-19,,Standard
M11339,Debit card,0.9,2025-10-19,,Standard
M11339,Netbanking,1.8,2025-10-19,,Standard
M11339,Wallet,1.9,2025-10-19,,Standard
M11340,UPI,0.0,2025-10-20,,Standard
M11340,Credit card,2.0,2025-10-20,,Standard
M11340,Debit card,0.9,2025-10-20,,Standard
M11340,Netbanking,1.8,2025-10-20,,Standard
M11340,Wallet,1.9,2025-10-20,,Standard
M11341,UPI,0.0,2025-10-20,,Standard
M11341,Credit card,2.0,2025-10-20,,Standard
M11341,Debit card,0.9,2025-10-20,,Standard
M11341,Netbanking,1.8,2025-10-20,,Standard
M11341,Wallet,1.9,2025-10-20,,Standard
M11342,UPI,0.0,2025-10-22,,Standard
M11342,Credit card,2.0,2025-10-22,,Standard
M11342,Debit card,0.9,2025-10-22,,Standard
M11342,Netbanking,1.8,2025-10-22,,Standard
M11342,Wallet,1.9,2025-10-22,,Standard
M11343,UPI,0.0,2025-10-22,,Standard
M11343,Credit card,2.0,2025-10-22,,Standard
M11343,Debit card,0.9,2025-10-22,,Standard
M11343,Netbanking,1.8,2025-10-22,,Standard
M11343,Wallet,1.9,2025-10-22,,Standard
M11344,UPI,0.0,2025-10-23,,Standard
M11344,Credit card,2.0,2025-10-23,,Standard
M11344,Debit card,0.9,2025-10-23,,Standard
M11344,Netbanking,1.8,2025-10-23,,Standard
M11344,Wallet,1.9,2025-10-23,,Standard
M11345,UPI,0.0,2025-10-23,,Standard
M11345,Credit card,2.0,2025-10-23,,Standard
M11345,Debit card,0.9,2025-10-23,,Standard
M11345,Netbanking,1.8,2025-10-23,,Standard
M11345,Wallet,1.9,2025-10-23,,Standard
M11346,UPI,0.0,2025-10-23,2026-04-30,Standard
M11346,UPI,0.0,2026-05-01,,Growth
M11346,Credit card,2.0,2025-10-23,2026-04-30,Standard
M11346,Credit card,1.9,2026-05-01,,Growth
M11346,Debit card,0.9,2025-10-23,2026-04-30,Standard
M11346,Debit card,0.8,2026-05-01,,Growth
M11346,Netbanking,1.8,2025-10-23,2026-04-30,Standard
M11346,Netbanking,1.7,2026-05-01,,Growth
M11346,Wallet,1.9,2025-10-23,2026-04-30,Standard
M11346,Wallet,1.8,2026-05-01,,Growth
M11347,UPI,0.0,2025-10-24,,Standard
M11347,Credit card,2.0,2025-10-24,,Standard
M11347,Debit card,0.9,2025-10-24,,Standard
M11347,Netbanking,1.8,2025-10-24,,Standard
M11347,Wallet,1.9,2025-10-24,,Standard
M11348,UPI,0.0,2025-10-25,,Standard
M11348,Credit card,2.0,2025-10-25,,Standard
M11348,Debit card,0.9,2025-10-25,,Standard
M11348,Netbanking,1.8,2025-10-25,,Standard
M11348,Wallet,1.9,2025-10-25,,Standard
M11349,UPI,0.0,2025-10-28,2026-04-30,Standard
M11349,UPI,0.0,2026-05-01,,Growth
M11349,Credit card,2.0,2025-10-28,2026-04-30,Standard
M11349,Credit card,1.9,2026-05-01,,Growth
M11349,Debit card,0.9,2025-10-28,2026-04-30,Standard
M11349,Debit card,0.8,2026-05-01,,Growth
M11349,Netbanking,1.8,2025-10-28,2026-04-30,Standard
M11349,Netbanking,1.7,2026-05-01,,Growth
M11349,Wallet,1.9,2025-10-28,2026-04-30,Standard
M11349,Wallet,1.8,2026-05-01,,Growth
M11350,UPI,0.0,2025-10-29,,Standard
M11350,Credit card,2.0,2025-10-29,,Standard
M11350,Debit card,0.9,2025-10-29,,Standard
M11350,Netbanking,1.8,2025-10-29,,Standard
M11350,Wallet,1.9,2025-10-29,,Standard
M11351,UPI,0.0,2025-10-29,2026-04-30,Standard
M11351,UPI,0.0,2026-05-01,,Growth
M11351,Credit card,2.0,2025-10-29,2026-04-30,Standard
M11351,Credit card,1.9,2026-05-01,,Growth
M11351,Debit card,0.9,2025-10-29,2026-04-30,Standard
M11351,Debit card,0.8,2026-05-01,,Growth
M11351,Netbanking,1.8,2025-10-29,2026-04-30,Standard
M11351,Netbanking,1.7,2026-05-01,,Growth
M11351,Wallet,1.9,2025-10-29,2026-04-30,Standard
M11351,Wallet,1.8,2026-05-01,,Growth
M11352,UPI,0.0,2025-10-29,,Standard
M11352,Credit card,2.0,2025-10-29,,Standard
M11352,Debit card,0.9,2025-10-29,,Standard
M11352,Netbanking,1.8,2025-10-29,,Standard
M11352,Wallet,1.9,2025-10-29,,Standard
M11353,UPI,0.0,2025-10-29,,Standard
M11353,Credit card,2.0,2025-10-29,,Standard
M11353,Debit card,0.9,2025-10-29,,Standard
M11353,Netbanking,1.8,2025-10-29,,Standard
M11353,Wallet,1.9,2025-10-29,,Standard
M11354,UPI,0.0,2025-10-30,2026-04-30,Standard
M11354,UPI,0.0,2026-05-01,,Growth
M11354,Credit card,2.0,2025-10-30,2026-04-30,Standard
M11354,Credit card,1.9,2026-05-01,,Growth
M11354,Debit card,0.9,2025-10-30,2026-04-30,Standard
M11354,Debit card,0.8,2026-05-01,,Growth
M11354,Netbanking,1.8,2025-10-30,2026-04-30,Standard
M11354,Netbanking,1.7,2026-05-01,,Growth
M11354,Wallet,1.9,2025-10-30,2026-04-30,Standard
M11354,Wallet,1.8,2026-05-01,,Growth
M11355,UPI,0.0,2025-10-30,,Standard
M11355,Credit card,2.0,2025-10-30,,Standard
M11355,Debit card,0.9,2025-10-30,,Standard
M11355,Netbanking,1.8,2025-10-30,,Standard
M11355,Wallet,1.9,2025-10-30,,Standard
M11356,UPI,0.0,2025-10-30,,Standard
M11356,Credit card,2.0,2025-10-30,,Standard
M11356,Debit card,0.9,2025-10-30,,Standard
M11356,Netbanking,1.8,2025-10-30,,Standard
M11356,Wallet,1.9,2025-10-30,,Standard
M11357,UPI,0.0,2025-10-31,,Standard
M11357,Credit card,2.0,2025-10-31,,Standard
M11357,Debit card,0.9,2025-10-31,,Standard
M11357,Netbanking,1.8,2025-10-31,,Standard
M11357,Wallet,1.9,2025-10-31,,Standard
M11358,UPI,0.0,2025-11-01,,Standard
M11358,Credit card,2.0,2025-11-01,,Standard
M11358,Debit card,0.9,2025-11-01,,Standard
M11358,Netbanking,1.8,2025-11-01,,Standard
M11358,Wallet,1.9,2025-11-01,,Standard
M11359,UPI,0.0,2025-11-01,2026-04-30,Standard
M11359,UPI,0.0,2026-05-01,,Growth
M11359,Credit card,2.0,2025-11-01,2026-04-30,Standard
M11359,Credit card,1.9,2026-05-01,,Growth
M11359,Debit card,0.9,2025-11-01,2026-04-30,Standard
M11359,Debit card,0.8,2026-05-01,,Growth
M11359,Netbanking,1.8,2025-11-01,2026-04-30,Standard
M11359,Netbanking,1.7,2026-05-01,,Growth
M11359,Wallet,1.9,2025-11-01,2026-04-30,Standard
M11359,Wallet,1.8,2026-05-01,,Growth
M11360,UPI,0.0,2025-11-01,2026-04-30,Standard
M11360,UPI,0.0,2026-05-01,,Growth
M11360,Credit card,2.0,2025-11-01,2026-04-30,Standard
M11360,Credit card,1.9,2026-05-01,,Growth
M11360,Debit card,0.9,2025-11-01,2026-04-30,Standard
M11360,Debit card,0.8,2026-05-01,,Growth
M11360,Netbanking,1.8,2025-11-01,2026-04-30,Standard
M11360,Netbanking,1.7,2026-05-01,,Growth
M11360,Wallet,1.9,2025-11-01,2026-04-30,Standard
M11360,Wallet,1.8,2026-05-01,,Growth
M11361,UPI,0.0,2025-11-01,,Standard
M11361,Credit card,2.0,2025-11-01,,Standard
M11361,Debit card,0.9,2025-11-01,,Standard
M11361,Netbanking,1.8,2025-11-01,,Standard
M11361,Wallet,1.9,2025-11-01,,Standard
M11362,UPI,0.0,2025-11-01,2026-04-30,Standard
M11362,UPI,0.0,2026-05-01,,Growth
M11362,Credit card,2.0,2025-11-01,2026-04-30,Standard
M11362,Credit card,1.9,2026-05-01,,Growth
M11362,Debit card,0.9,2025-11-01,2026-04-30,Standard
M11362,Debit card,0.8,2026-05-01,,Growth
M11362,Netbanking,1.8,2025-11-01,2026-04-30,Standard
M11362,Netbanking,1.7,2026-05-01,,Growth
M11362,Wallet,1.9,2025-11-01,2026-04-30,Standard
M11362,Wallet,1.8,2026-05-01,,Growth
M11363,UPI,0.0,2025-11-02,2026-04-30,Standard
M11363,UPI,0.0,2026-05-01,,Growth
M11363,Credit card,2.0,2025-11-02,2026-04-30,Standard
M11363,Credit card,1.9,2026-05-01,,Growth
M11363,Debit card,0.9,2025-11-02,2026-04-30,Standard
M11363,Debit card,0.8,2026-05-01,,Growth
M11363,Netbanking,1.8,2025-11-02,2026-04-30,Standard
M11363,Netbanking,1.7,2026-05-01,,Growth
M11363,Wallet,1.9,2025-11-02,2026-04-30,Standard
M11363,Wallet,1.8,2026-05-01,,Growth
M11364,UPI,0.0,2025-11-02,,Standard
M11364,Credit card,2.0,2025-11-02,,Standard
M11364,Debit card,0.9,2025-11-02,,Standard
M11364,Netbanking,1.8,2025-11-02,,Standard
M11364,Wallet,1.9,2025-11-02,,Standard
M11365,UPI,0.0,2025-11-03,,Standard
M11365,Credit card,2.0,2025-11-03,,Standard
M11365,Debit card,0.9,2025-11-03,,Standard
M11365,Netbanking,1.8,2025-11-03,,Standard
M11365,Wallet,1.9,2025-11-03,,Standard
M11366,UPI,0.0,2025-11-05,,Standard
M11366,Credit card,2.0,2025-11-05,,Standard
M11366,Debit card,0.9,2025-11-05,,Standard
M11366,Netbanking,1.8,2025-11-05,,Standard
M11366,Wallet,1.9,2025-11-05,,Standard
M11367,UPI,0.0,2025-11-06,,Standard
M11367,Credit card,2.0,2025-11-06,,Standard
M11367,Debit card,0.9,2025-11-06,,Standard
M11367,Netbanking,1.8,2025-11-06,,Standard
M11367,Wallet,1.9,2025-11-06,,Standard
M11368,UPI,0.0,2025-11-07,,Standard
M11368,Credit card,2.0,2025-11-07,,Standard
M11368,Debit card,0.9,2025-11-07,,Standard
M11368,Netbanking,1.8,2025-11-07,,Standard
M11368,Wallet,1.9,2025-11-07,,Standard
M11369,UPI,0.0,2025-11-07,2026-04-30,Standard
M11369,UPI,0.0,2026-05-01,,Growth
M11369,Credit card,2.0,2025-11-07,2026-04-30,Standard
M11369,Credit card,1.9,2026-05-01,,Growth
M11369,Debit card,0.9,2025-11-07,2026-04-30,Standard
M11369,Debit card,0.8,2026-05-01,,Growth
M11369,Netbanking,1.8,2025-11-07,2026-04-30,Standard
M11369,Netbanking,1.7,2026-05-01,,Growth
M11369,Wallet,1.9,2025-11-07,2026-04-30,Standard
M11369,Wallet,1.8,2026-05-01,,Growth
M11370,UPI,0.0,2025-11-08,,Standard
M11370,Credit card,2.0,2025-11-08,,Standard
M11370,Debit card,0.9,2025-11-08,,Standard
M11370,Netbanking,1.8,2025-11-08,,Standard
M11370,Wallet,1.9,2025-11-08,,Standard
M11371,UPI,0.0,2025-11-08,,Standard
M11371,Credit card,2.0,2025-11-08,,Standard
M11371,Debit card,0.9,2025-11-08,,Standard
M11371,Netbanking,1.8,2025-11-08,,Standard
M11371,Wallet,1.9,2025-11-08,,Standard
M11372,UPI,0.0,2025-11-09,,Standard
M11372,Credit card,2.0,2025-11-09,,Standard
M11372,Debit card,0.9,2025-11-09,,Standard
M11372,Netbanking,1.8,2025-11-09,,Standard
M11372,Wallet,1.9,2025-11-09,,Standard
M11373,UPI,0.0,2025-11-10,,Standard
M11373,Credit card,2.0,2025-11-10,,Standard
M11373,Debit card,0.9,2025-11-10,,Standard
M11373,Netbanking,1.8,2025-11-10,,Standard
M11373,Wallet,1.9,2025-11-10,,Standard
M11374,UPI,0.0,2025-11-10,2026-04-30,Standard
M11374,UPI,0.0,2026-05-01,,Growth
M11374,Credit card,2.0,2025-11-10,2026-04-30,Standard
M11374,Credit card,1.9,2026-05-01,,Growth
M11374,Debit card,0.9,2025-11-10,2026-04-30,Standard
M11374,Debit card,0.8,2026-05-01,,Growth
M11374,Netbanking,1.8,2025-11-10,2026-04-30,Standard
M11374,Netbanking,1.7,2026-05-01,,Growth
M11374,Wallet,1.9,2025-11-10,2026-04-30,Standard
M11374,Wallet,1.8,2026-05-01,,Growth
M11375,UPI,0.0,2025-11-10,,Standard
M11375,Credit card,2.0,2025-11-10,,Standard
M11375,Debit card,0.9,2025-11-10,,Standard
M11375,Netbanking,1.8,2025-11-10,,Standard
M11375,Wallet,1.9,2025-11-10,,Standard
M11376,UPI,0.0,2025-11-11,,Standard
M11376,Credit card,2.0,2025-11-11,,Standard
M11376,Debit card,0.9,2025-11-11,,Standard
M11376,Netbanking,1.8,2025-11-11,,Standard
M11376,Wallet,1.9,2025-11-11,,Standard
M11377,UPI,0.0,2025-11-12,2026-04-30,Standard
M11377,UPI,0.0,2026-05-01,,Growth
M11377,Credit card,2.0,2025-11-12,2026-04-30,Standard
M11377,Credit card,1.9,2026-05-01,,Growth
M11377,Debit card,0.9,2025-11-12,2026-04-30,Standard
M11377,Debit card,0.8,2026-05-01,,Growth
M11377,Netbanking,1.8,2025-11-12,2026-04-30,Standard
M11377,Netbanking,1.7,2026-05-01,,Growth
M11377,Wallet,1.9,2025-11-12,2026-04-30,Standard
M11377,Wallet,1.8,2026-05-01,,Growth
M11378,UPI,0.0,2025-11-13,2026-04-30,Standard
M11378,UPI,0.0,2026-05-01,,Growth
M11378,Credit card,2.0,2025-11-13,2026-04-30,Standard
M11378,Credit card,1.9,2026-05-01,,Growth
M11378,Debit card,0.9,2025-11-13,2026-04-30,Standard
M11378,Debit card,0.8,2026-05-01,,Growth
M11378,Netbanking,1.8,2025-11-13,2026-04-30,Standard
M11378,Netbanking,1.7,2026-05-01,,Growth
M11378,Wallet,1.9,2025-11-13,2026-04-30,Standard
M11378,Wallet,1.8,2026-05-01,,Growth
M11379,UPI,0.0,2025-11-13,2026-04-30,Standard
M11379,UPI,0.0,2026-05-01,,Growth
M11379,Credit card,2.0,2025-11-13,2026-04-30,Standard
M11379,Credit card,1.9,2026-05-01,,Growth
M11379,Debit card,0.9,2025-11-13,2026-04-30,Standard
M11379,Debit card,0.8,2026-05-01,,Growth
M11379,Netbanking,1.8,2025-11-13,2026-04-30,Standard
M11379,Netbanking,1.7,2026-05-01,,Growth
M11379,Wallet,1.9,2025-11-13,2026-04-30,Standard
M11379,Wallet,1.8,2026-05-01,,Growth
M11380,UPI,0.0,2025-11-14,,Standard
M11380,Credit card,2.0,2025-11-14,,Standard
M11380,Debit card,0.9,2025-11-14,,Standard
M11380,Netbanking,1.8,2025-11-14,,Standard
M11380,Wallet,1.9,2025-11-14,,Standard
M11381,UPI,0.0,2025-11-14,,Standard
M11381,Credit card,2.0,2025-11-14,,Standard
M11381,Debit card,0.9,2025-11-14,,Standard
M11381,Netbanking,1.8,2025-11-14,,Standard
M11381,Wallet,1.9,2025-11-14,,Standard
M11382,UPI,0.0,2025-11-15,,Standard
M11382,Credit card,2.0,2025-11-15,,Standard
M11382,Debit card,0.9,2025-11-15,,Standard
M11382,Netbanking,1.8,2025-11-15,,Standard
M11382,Wallet,1.9,2025-11-15,,Standard
M11383,UPI,0.0,2025-11-16,,Standard
M11383,Credit card,2.0,2025-11-16,,Standard
M11383,Debit card,0.9,2025-11-16,,Standard
M11383,Netbanking,1.8,2025-11-16,,Standard
M11383,Wallet,1.9,2025-11-16,,Standard
M11384,UPI,0.0,2025-11-16,,Standard
M11384,Credit card,2.0,2025-11-16,,Standard
M11384,Debit card,0.9,2025-11-16,,Standard
M11384,Netbanking,1.8,2025-11-16,,Standard
M11384,Wallet,1.9,2025-11-16,,Standard
M11385,UPI,0.0,2025-11-16,,Standard
M11385,Credit card,2.0,2025-11-16,,Standard
M11385,Debit card,0.9,2025-11-16,,Standard
M11385,Netbanking,1.8,2025-11-16,,Standard
M11385,Wallet,1.9,2025-11-16,,Standard
M11386,UPI,0.0,2025-11-16,,Standard
M11386,Credit card,2.0,2025-11-16,,Standard
M11386,Debit card,0.9,2025-11-16,,Standard
M11386,Netbanking,1.8,2025-11-16,,Standard
M11386,Wallet,1.9,2025-11-16,,Standard
M11387,UPI,0.0,2025-11-17,,Standard
M11387,Credit card,2.0,2025-11-17,,Standard
M11387,Debit card,0.9,2025-11-17,,Standard
M11387,Netbanking,1.8,2025-11-17,,Standard
M11387,Wallet,1.9,2025-11-17,,Standard
M11388,UPI,0.0,2025-11-17,,Standard
M11388,Credit card,2.0,2025-11-17,,Standard
M11388,Debit card,0.9,2025-11-17,,Standard
M11388,Netbanking,1.8,2025-11-17,,Standard
M11388,Wallet,1.9,2025-11-17,,Standard
M11389,UPI,0.0,2025-11-17,,Standard
M11389,Credit card,2.0,2025-11-17,,Standard
M11389,Debit card,0.9,2025-11-17,,Standard
M11389,Netbanking,1.8,2025-11-17,,Standard
M11389,Wallet,1.9,2025-11-17,,Standard
M11390,UPI,0.0,2025-11-18,,Standard
M11390,Credit card,2.0,2025-11-18,,Standard
M11390,Debit card,0.9,2025-11-18,,Standard
M11390,Netbanking,1.8,2025-11-18,,Standard
M11390,Wallet,1.9,2025-11-18,,Standard
M11391,UPI,0.0,2025-11-19,,Standard
M11391,Credit card,2.0,2025-11-19,,Standard
M11391,Debit card,0.9,2025-11-19,,Standard
M11391,Netbanking,1.8,2025-11-19,,Standard
M11391,Wallet,1.9,2025-11-19,,Standard
M11392,UPI,0.0,2025-11-20,,Standard
M11392,Credit card,2.0,2025-11-20,,Standard
M11392,Debit card,0.9,2025-11-20,,Standard
M11392,Netbanking,1.8,2025-11-20,,Standard
M11392,Wallet,1.9,2025-11-20,,Standard
M11393,UPI,0.0,2025-11-22,,Standard
M11393,Credit card,2.0,2025-11-22,,Standard
M11393,Debit card,0.9,2025-11-22,,Standard
M11393,Netbanking,1.8,2025-11-22,,Standard
M11393,Wallet,1.9,2025-11-22,,Standard
M11394,UPI,0.0,2025-11-22,2026-04-30,Standard
M11394,UPI,0.0,2026-05-01,,Growth
M11394,Credit card,2.0,2025-11-22,2026-04-30,Standard
M11394,Credit card,1.9,2026-05-01,,Growth
M11394,Debit card,0.9,2025-11-22,2026-04-30,Standard
M11394,Debit card,0.8,2026-05-01,,Growth
M11394,Netbanking,1.8,2025-11-22,2026-04-30,Standard
M11394,Netbanking,1.7,2026-05-01,,Growth
M11394,Wallet,1.9,2025-11-22,2026-04-30,Standard
M11394,Wallet,1.8,2026-05-01,,Growth
M11395,UPI,0.0,2025-11-22,,Standard
M11395,Credit card,2.0,2025-11-22,,Standard
M11395,Debit card,0.9,2025-11-22,,Standard
M11395,Netbanking,1.8,2025-11-22,,Standard
M11395,Wallet,1.9,2025-11-22,,Standard
M11396,UPI,0.0,2025-11-23,,Standard
M11396,Credit card,2.0,2025-11-23,,Standard
M11396,Debit card,0.9,2025-11-23,,Standard
M11396,Netbanking,1.8,2025-11-23,,Standard
M11396,Wallet,1.9,2025-11-23,,Standard
M11397,UPI,0.0,2025-11-23,,Standard
M11397,Credit card,2.0,2025-11-23,,Standard
M11397,Debit card,0.9,2025-11-23,,Standard
M11397,Netbanking,1.8,2025-11-23,,Standard
M11397,Wallet,1.9,2025-11-23,,Standard
M11398,UPI,0.0,2025-11-25,,Standard
M11398,Credit card,2.0,2025-11-25,,Standard
M11398,Debit card,0.9,2025-11-25,,Standard
M11398,Netbanking,1.8,2025-11-25,,Standard
M11398,Wallet,1.9,2025-11-25,,Standard
M11399,UPI,0.0,2025-11-25,2026-04-30,Standard
M11399,UPI,0.0,2026-05-01,,Growth
M11399,Credit card,2.0,2025-11-25,2026-04-30,Standard
M11399,Credit card,1.9,2026-05-01,,Growth
M11399,Debit card,0.9,2025-11-25,2026-04-30,Standard
M11399,Debit card,0.8,2026-05-01,,Growth
M11399,Netbanking,1.8,2025-11-25,2026-04-30,Standard
M11399,Netbanking,1.7,2026-05-01,,Growth
M11399,Wallet,1.9,2025-11-25,2026-04-30,Standard
M11399,Wallet,1.8,2026-05-01,,Growth
M11400,UPI,0.0,2025-11-25,2026-04-30,Standard
M11400,UPI,0.0,2026-05-01,,Growth
M11400,Credit card,2.0,2025-11-25,2026-04-30,Standard
M11400,Credit card,1.9,2026-05-01,,Growth
M11400,Debit card,0.9,2025-11-25,2026-04-30,Standard
M11400,Debit card,0.8,2026-05-01,,Growth
M11400,Netbanking,1.8,2025-11-25,2026-04-30,Standard
M11400,Netbanking,1.7,2026-05-01,,Growth
M11400,Wallet,1.9,2025-11-25,2026-04-30,Standard
M11400,Wallet,1.8,2026-05-01,,Growth
M11401,UPI,0.0,2025-11-25,,Standard
M11401,Credit card,2.0,2025-11-25,,Standard
M11401,Debit card,0.9,2025-11-25,,Standard
M11401,Netbanking,1.8,2025-11-25,,Standard
M11401,Wallet,1.9,2025-11-25,,Standard
M11402,UPI,0.0,2025-11-26,,Standard
M11402,Credit card,2.0,2025-11-26,,Standard
M11402,Debit card,0.9,2025-11-26,,Standard
M11402,Netbanking,1.8,2025-11-26,,Standard
M11402,Wallet,1.9,2025-11-26,,Standard
M11403,UPI,0.0,2025-11-26,,Standard
M11403,Credit card,2.0,2025-11-26,,Standard
M11403,Debit card,0.9,2025-11-26,,Standard
M11403,Netbanking,1.8,2025-11-26,,Standard
M11403,Wallet,1.9,2025-11-26,,Standard
M11404,UPI,0.0,2025-11-26,2026-04-30,Standard
M11404,UPI,0.0,2026-05-01,,Growth
M11404,Credit card,2.0,2025-11-26,2026-04-30,Standard
M11404,Credit card,1.9,2026-05-01,,Growth
M11404,Debit card,0.9,2025-11-26,2026-04-30,Standard
M11404,Debit card,0.8,2026-05-01,,Growth
M11404,Netbanking,1.8,2025-11-26,2026-04-30,Standard
M11404,Netbanking,1.7,2026-05-01,,Growth
M11404,Wallet,1.9,2025-11-26,2026-04-30,Standard
M11404,Wallet,1.8,2026-05-01,,Growth
M11405,UPI,0.0,2025-11-27,2026-04-30,Standard
M11405,UPI,0.0,2026-05-01,,Growth
M11405,Credit card,2.0,2025-11-27,2026-04-30,Standard
M11405,Credit card,1.9,2026-05-01,,Growth
M11405,Debit card,0.9,2025-11-27,2026-04-30,Standard
M11405,Debit card,0.8,2026-05-01,,Growth
M11405,Netbanking,1.8,2025-11-27,2026-04-30,Standard
M11405,Netbanking,1.7,2026-05-01,,Growth
M11405,Wallet,1.9,2025-11-27,2026-04-30,Standard
M11405,Wallet,1.8,2026-05-01,,Growth
M11406,UPI,0.0,2025-11-28,2026-04-30,Standard
M11406,UPI,0.0,2026-05-01,,Growth
M11406,Credit card,2.0,2025-11-28,2026-04-30,Standard
M11406,Credit card,1.9,2026-05-01,,Growth
M11406,Debit card,0.9,2025-11-28,2026-04-30,Standard
M11406,Debit card,0.8,2026-05-01,,Growth
M11406,Netbanking,1.8,2025-11-28,2026-04-30,Standard
M11406,Netbanking,1.7,2026-05-01,,Growth
M11406,Wallet,1.9,2025-11-28,2026-04-30,Standard
M11406,Wallet,1.8,2026-05-01,,Growth
M11407,UPI,0.0,2025-11-30,,Standard
M11407,Credit card,2.0,2025-11-30,,Standard
M11407,Debit card,0.9,2025-11-30,,Standard
M11407,Netbanking,1.8,2025-11-30,,Standard
M11407,Wallet,1.9,2025-11-30,,Standard
M11408,UPI,0.0,2025-12-01,,Enterprise
M11408,Credit card,1.52,2025-12-01,,Enterprise
M11408,Debit card,0.62,2025-12-01,,Enterprise
M11408,Netbanking,1.32,2025-12-01,,Enterprise
M11408,Wallet,1.42,2025-12-01,,Enterprise
M11409,UPI,0.0,2025-12-02,,Standard
M11409,Credit card,2.0,2025-12-02,,Standard
M11409,Debit card,0.9,2025-12-02,,Standard
M11409,Netbanking,1.8,2025-12-02,,Standard
M11409,Wallet,1.9,2025-12-02,,Standard
M11410,UPI,0.0,2025-12-02,2026-04-30,Standard
M11410,UPI,0.0,2026-05-01,,Growth
M11410,Credit card,2.0,2025-12-02,2026-04-30,Standard
M11410,Credit card,1.9,2026-05-01,,Growth
M11410,Debit card,0.9,2025-12-02,2026-04-30,Standard
M11410,Debit card,0.8,2026-05-01,,Growth
M11410,Netbanking,1.8,2025-12-02,2026-04-30,Standard
M11410,Netbanking,1.7,2026-05-01,,Growth
M11410,Wallet,1.9,2025-12-02,2026-04-30,Standard
M11410,Wallet,1.8,2026-05-01,,Growth
M11411,UPI,0.0,2025-12-02,2026-04-30,Standard
M11411,UPI,0.0,2026-05-01,,Growth
M11411,Credit card,2.0,2025-12-02,2026-04-30,Standard
M11411,Credit card,1.9,2026-05-01,,Growth
M11411,Debit card,0.9,2025-12-02,2026-04-30,Standard
M11411,Debit card,0.8,2026-05-01,,Growth
M11411,Netbanking,1.8,2025-12-02,2026-04-30,Standard
M11411,Netbanking,1.7,2026-05-01,,Growth
M11411,Wallet,1.9,2025-12-02,2026-04-30,Standard
M11411,Wallet,1.8,2026-05-01,,Growth
M11412,UPI,0.0,2025-12-02,,Standard
M11412,Credit card,2.0,2025-12-02,,Standard
M11412,Debit card,0.9,2025-12-02,,Standard
M11412,Netbanking,1.8,2025-12-02,,Standard
M11412,Wallet,1.9,2025-12-02,,Standard
M11413,UPI,0.0,2025-12-03,,Standard
M11413,Credit card,2.0,2025-12-03,,Standard
M11413,Debit card,0.9,2025-12-03,,Standard
M11413,Netbanking,1.8,2025-12-03,,Standard
M11413,Wallet,1.9,2025-12-03,,Standard
M11414,UPI,0.0,2025-12-03,2026-04-30,Standard
M11414,UPI,0.0,2026-05-01,,Growth
M11414,Credit card,2.0,2025-12-03,2026-04-30,Standard
M11414,Credit card,1.9,2026-05-01,,Growth
M11414,Debit card,0.9,2025-12-03,2026-04-30,Standard
M11414,Debit card,0.8,2026-05-01,,Growth
M11414,Netbanking,1.8,2025-12-03,2026-04-30,Standard
M11414,Netbanking,1.7,2026-05-01,,Growth
M11414,Wallet,1.9,2025-12-03,2026-04-30,Standard
M11414,Wallet,1.8,2026-05-01,,Growth
M11415,UPI,0.0,2025-12-03,,Standard
M11415,Credit card,2.0,2025-12-03,,Standard
M11415,Debit card,0.9,2025-12-03,,Standard
M11415,Netbanking,1.8,2025-12-03,,Standard
M11415,Wallet,1.9,2025-12-03,,Standard
M11416,UPI,0.0,2025-12-03,,Standard
M11416,Credit card,2.0,2025-12-03,,Standard
M11416,Debit card,0.9,2025-12-03,,Standard
M11416,Netbanking,1.8,2025-12-03,,Standard
M11416,Wallet,1.9,2025-12-03,,Standard
M11417,UPI,0.0,2025-12-03,,Standard
M11417,Credit card,2.0,2025-12-03,,Standard
M11417,Debit card,0.9,2025-12-03,,Standard
M11417,Netbanking,1.8,2025-12-03,,Standard
M11417,Wallet,1.9,2025-12-03,,Standard
M11418,UPI,0.0,2025-12-04,2026-04-30,Standard
M11418,UPI,0.0,2026-05-01,,Growth
M11418,Credit card,2.0,2025-12-04,2026-04-30,Standard
M11418,Credit card,1.9,2026-05-01,,Growth
M11418,Debit card,0.9,2025-12-04,2026-04-30,Standard
M11418,Debit card,0.8,2026-05-01,,Growth
M11418,Netbanking,1.8,2025-12-04,2026-04-30,Standard
M11418,Netbanking,1.7,2026-05-01,,Growth
M11418,Wallet,1.9,2025-12-04,2026-04-30,Standard
M11418,Wallet,1.8,2026-05-01,,Growth
M11419,UPI,0.0,2025-12-04,,Standard
M11419,Credit card,2.0,2025-12-04,,Standard
M11419,Debit card,0.9,2025-12-04,,Standard
M11419,Netbanking,1.8,2025-12-04,,Standard
M11419,Wallet,1.9,2025-12-04,,Standard
M11420,UPI,0.0,2025-12-05,,Standard
M11420,Credit card,2.0,2025-12-05,,Standard
M11420,Debit card,0.9,2025-12-05,,Standard
M11420,Netbanking,1.8,2025-12-05,,Standard
M11420,Wallet,1.9,2025-12-05,,Standard
M11421,UPI,0.0,2025-12-06,,Standard
M11421,Credit card,2.0,2025-12-06,,Standard
M11421,Debit card,0.9,2025-12-06,,Standard
M11421,Netbanking,1.8,2025-12-06,,Standard
M11421,Wallet,1.9,2025-12-06,,Standard
M11422,UPI,0.0,2025-12-06,2026-04-30,Standard
M11422,UPI,0.0,2026-05-01,,Growth
M11422,Credit card,2.0,2025-12-06,2026-04-30,Standard
M11422,Credit card,1.9,2026-05-01,,Growth
M11422,Debit card,0.9,2025-12-06,2026-04-30,Standard
M11422,Debit card,0.8,2026-05-01,,Growth
M11422,Netbanking,1.8,2025-12-06,2026-04-30,Standard
M11422,Netbanking,1.7,2026-05-01,,Growth
M11422,Wallet,1.9,2025-12-06,2026-04-30,Standard
M11422,Wallet,1.8,2026-05-01,,Growth
M11423,UPI,0.0,2025-12-06,2026-04-30,Standard
M11423,UPI,0.0,2026-05-01,,Growth
M11423,Credit card,2.0,2025-12-06,2026-04-30,Standard
M11423,Credit card,1.9,2026-05-01,,Growth
M11423,Debit card,0.9,2025-12-06,2026-04-30,Standard
M11423,Debit card,0.8,2026-05-01,,Growth
M11423,Netbanking,1.8,2025-12-06,2026-04-30,Standard
M11423,Netbanking,1.7,2026-05-01,,Growth
M11423,Wallet,1.9,2025-12-06,2026-04-30,Standard
M11423,Wallet,1.8,2026-05-01,,Growth
M11424,UPI,0.0,2025-12-07,,Standard
M11424,Credit card,2.0,2025-12-07,,Standard
M11424,Debit card,0.9,2025-12-07,,Standard
M11424,Netbanking,1.8,2025-12-07,,Standard
M11424,Wallet,1.9,2025-12-07,,Standard
M11425,UPI,0.0,2025-12-09,,Standard
M11425,Credit card,2.0,2025-12-09,,Standard
M11425,Debit card,0.9,2025-12-09,,Standard
M11425,Netbanking,1.8,2025-12-09,,Standard
M11425,Wallet,1.9,2025-12-09,,Standard
M11426,UPI,0.0,2025-12-09,,Standard
M11426,Credit card,2.0,2025-12-09,,Standard
M11426,Debit card,0.9,2025-12-09,,Standard
M11426,Netbanking,1.8,2025-12-09,,Standard
M11426,Wallet,1.9,2025-12-09,,Standard
M11427,UPI,0.0,2025-12-11,,Standard
M11427,Credit card,2.0,2025-12-11,,Standard
M11427,Debit card,0.9,2025-12-11,,Standard
M11427,Netbanking,1.8,2025-12-11,,Standard
M11427,Wallet,1.9,2025-12-11,,Standard
M11428,UPI,0.0,2025-12-11,2026-04-30,Standard
M11428,UPI,0.0,2026-05-01,,Growth
M11428,Credit card,2.0,2025-12-11,2026-04-30,Standard
M11428,Credit card,1.9,2026-05-01,,Growth
M11428,Debit card,0.9,2025-12-11,2026-04-30,Standard
M11428,Debit card,0.8,2026-05-01,,Growth
M11428,Netbanking,1.8,2025-12-11,2026-04-30,Standard
M11428,Netbanking,1.7,2026-05-01,,Growth
M11428,Wallet,1.9,2025-12-11,2026-04-30,Standard
M11428,Wallet,1.8,2026-05-01,,Growth
M11429,UPI,0.0,2025-12-12,,Standard
M11429,Credit card,2.0,2025-12-12,,Standard
M11429,Debit card,0.9,2025-12-12,,Standard
M11429,Netbanking,1.8,2025-12-12,,Standard
M11429,Wallet,1.9,2025-12-12,,Standard
M11430,UPI,0.0,2025-12-12,,Standard
M11430,Credit card,2.0,2025-12-12,,Standard
M11430,Debit card,0.9,2025-12-12,,Standard
M11430,Netbanking,1.8,2025-12-12,,Standard
M11430,Wallet,1.9,2025-12-12,,Standard
M11431,UPI,0.0,2025-12-12,2026-04-30,Standard
M11431,UPI,0.0,2026-05-01,,Growth
M11431,Credit card,2.0,2025-12-12,2026-04-30,Standard
M11431,Credit card,1.9,2026-05-01,,Growth
M11431,Debit card,0.9,2025-12-12,2026-04-30,Standard
M11431,Debit card,0.8,2026-05-01,,Growth
M11431,Netbanking,1.8,2025-12-12,2026-04-30,Standard
M11431,Netbanking,1.7,2026-05-01,,Growth
M11431,Wallet,1.9,2025-12-12,2026-04-30,Standard
M11431,Wallet,1.8,2026-05-01,,Growth
M11432,UPI,0.0,2025-12-13,,Standard
M11432,Credit card,2.0,2025-12-13,,Standard
M11432,Debit card,0.9,2025-12-13,,Standard
M11432,Netbanking,1.8,2025-12-13,,Standard
M11432,Wallet,1.9,2025-12-13,,Standard
M11433,UPI,0.0,2025-12-14,,Standard
M11433,Credit card,2.0,2025-12-14,,Standard
M11433,Debit card,0.9,2025-12-14,,Standard
M11433,Netbanking,1.8,2025-12-14,,Standard
M11433,Wallet,1.9,2025-12-14,,Standard
M11434,UPI,0.0,2025-12-15,,Enterprise
M11434,Credit card,1.52,2025-12-15,,Enterprise
M11434,Debit card,0.62,2025-12-15,,Enterprise
M11434,Netbanking,1.32,2025-12-15,,Enterprise
M11434,Wallet,1.42,2025-12-15,,Enterprise
M11435,UPI,0.0,2025-12-15,,Standard
M11435,Credit card,2.0,2025-12-15,,Standard
M11435,Debit card,0.9,2025-12-15,,Standard
M11435,Netbanking,1.8,2025-12-15,,Standard
M11435,Wallet,1.9,2025-12-15,,Standard
M11436,UPI,0.0,2025-12-15,,Standard
M11436,Credit card,2.0,2025-12-15,,Standard
M11436,Debit card,0.9,2025-12-15,,Standard
M11436,Netbanking,1.8,2025-12-15,,Standard
M11436,Wallet,1.9,2025-12-15,,Standard
M11437,UPI,0.0,2025-12-16,,Standard
M11437,Credit card,2.0,2025-12-16,,Standard
M11437,Debit card,0.9,2025-12-16,,Standard
M11437,Netbanking,1.8,2025-12-16,,Standard
M11437,Wallet,1.9,2025-12-16,,Standard
M11438,UPI,0.0,2025-12-19,,Standard
M11438,Credit card,2.0,2025-12-19,,Standard
M11438,Debit card,0.9,2025-12-19,,Standard
M11438,Netbanking,1.8,2025-12-19,,Standard
M11438,Wallet,1.9,2025-12-19,,Standard
M11439,UPI,0.0,2025-12-20,,Standard
M11439,Credit card,2.0,2025-12-20,,Standard
M11439,Debit card,0.9,2025-12-20,,Standard
M11439,Netbanking,1.8,2025-12-20,,Standard
M11439,Wallet,1.9,2025-12-20,,Standard
M11440,UPI,0.0,2025-12-21,,Standard
M11440,Credit card,2.0,2025-12-21,,Standard
M11440,Debit card,0.9,2025-12-21,,Standard
M11440,Netbanking,1.8,2025-12-21,,Standard
M11440,Wallet,1.9,2025-12-21,,Standard
M11441,UPI,0.0,2025-12-22,,Standard
M11441,Credit card,2.0,2025-12-22,,Standard
M11441,Debit card,0.9,2025-12-22,,Standard
M11441,Netbanking,1.8,2025-12-22,,Standard
M11441,Wallet,1.9,2025-12-22,,Standard
M11442,UPI,0.0,2025-12-23,,Standard
M11442,Credit card,2.0,2025-12-23,,Standard
M11442,Debit card,0.9,2025-12-23,,Standard
M11442,Netbanking,1.8,2025-12-23,,Standard
M11442,Wallet,1.9,2025-12-23,,Standard
M11443,UPI,0.0,2025-12-23,,Standard
M11443,Credit card,2.0,2025-12-23,,Standard
M11443,Debit card,0.9,2025-12-23,,Standard
M11443,Netbanking,1.8,2025-12-23,,Standard
M11443,Wallet,1.9,2025-12-23,,Standard
M11444,UPI,0.0,2025-12-24,,Standard
M11444,Credit card,2.0,2025-12-24,,Standard
M11444,Debit card,0.9,2025-12-24,,Standard
M11444,Netbanking,1.8,2025-12-24,,Standard
M11444,Wallet,1.9,2025-12-24,,Standard
M11445,UPI,0.0,2025-12-25,2026-04-30,Standard
M11445,UPI,0.0,2026-05-01,,Growth
M11445,Credit card,2.0,2025-12-25,2026-04-30,Standard
M11445,Credit card,1.9,2026-05-01,,Growth
M11445,Debit card,0.9,2025-12-25,2026-04-30,Standard
M11445,Debit card,0.8,2026-05-01,,Growth
M11445,Netbanking,1.8,2025-12-25,2026-04-30,Standard
M11445,Netbanking,1.7,2026-05-01,,Growth
M11445,Wallet,1.9,2025-12-25,2026-04-30,Standard
M11445,Wallet,1.8,2026-05-01,,Growth
M11446,UPI,0.0,2025-12-26,,Standard
M11446,Credit card,2.0,2025-12-26,,Standard
M11446,Debit card,0.9,2025-12-26,,Standard
M11446,Netbanking,1.8,2025-12-26,,Standard
M11446,Wallet,1.9,2025-12-26,,Standard
M11447,UPI,0.0,2025-12-26,,Standard
M11447,Credit card,2.0,2025-12-26,,Standard
M11447,Debit card,0.9,2025-12-26,,Standard
M11447,Netbanking,1.8,2025-12-26,,Standard
M11447,Wallet,1.9,2025-12-26,,Standard
M11448,UPI,0.0,2025-12-29,,Standard
M11448,Credit card,2.0,2025-12-29,,Standard
M11448,Debit card,0.9,2025-12-29,,Standard
M11448,Netbanking,1.8,2025-12-29,,Standard
M11448,Wallet,1.9,2025-12-29,,Standard
M11449,UPI,0.0,2025-12-30,,Standard
M11449,Credit card,2.0,2025-12-30,,Standard
M11449,Debit card,0.9,2025-12-30,,Standard
M11449,Netbanking,1.8,2025-12-30,,Standard
M11449,Wallet,1.9,2025-12-30,,Standard
M11450,UPI,0.0,2025-12-31,,Standard
M11450,Credit card,2.0,2025-12-31,,Standard
M11450,Debit card,0.9,2025-12-31,,Standard
M11450,Netbanking,1.8,2025-12-31,,Standard
M11450,Wallet,1.9,2025-12-31,,Standard
M11451,UPI,0.0,2026-01-01,,Standard
M11451,Credit card,2.0,2026-01-01,,Standard
M11451,Debit card,0.9,2026-01-01,,Standard
M11451,Netbanking,1.8,2026-01-01,,Standard
M11451,Wallet,1.9,2026-01-01,,Standard
M11452,UPI,0.0,2026-01-01,,Standard
M11452,Credit card,2.0,2026-01-01,,Standard
M11452,Debit card,0.9,2026-01-01,,Standard
M11452,Netbanking,1.8,2026-01-01,,Standard
M11452,Wallet,1.9,2026-01-01,,Standard
M11453,UPI,0.0,2026-01-01,,Standard
M11453,Credit card,2.0,2026-01-01,,Standard
M11453,Debit card,0.9,2026-01-01,,Standard
M11453,Netbanking,1.8,2026-01-01,,Standard
M11453,Wallet,1.9,2026-01-01,,Standard
M11454,UPI,0.0,2026-01-02,2026-04-30,Standard
M11454,UPI,0.0,2026-05-01,,Growth
M11454,Credit card,2.0,2026-01-02,2026-04-30,Standard
M11454,Credit card,1.9,2026-05-01,,Growth
M11454,Debit card,0.9,2026-01-02,2026-04-30,Standard
M11454,Debit card,0.8,2026-05-01,,Growth
M11454,Netbanking,1.8,2026-01-02,2026-04-30,Standard
M11454,Netbanking,1.7,2026-05-01,,Growth
M11454,Wallet,1.9,2026-01-02,2026-04-30,Standard
M11454,Wallet,1.8,2026-05-01,,Growth
M11455,UPI,0.0,2026-01-02,,Standard
M11455,Credit card,2.0,2026-01-02,,Standard
M11455,Debit card,0.9,2026-01-02,,Standard
M11455,Netbanking,1.8,2026-01-02,,Standard
M11455,Wallet,1.9,2026-01-02,,Standard
M11456,UPI,0.0,2026-01-02,,Standard
M11456,Credit card,2.0,2026-01-02,,Standard
M11456,Debit card,0.9,2026-01-02,,Standard
M11456,Netbanking,1.8,2026-01-02,,Standard
M11456,Wallet,1.9,2026-01-02,,Standard
M11457,UPI,0.0,2026-01-03,2026-04-30,Standard
M11457,UPI,0.0,2026-05-01,,Growth
M11457,Credit card,2.0,2026-01-03,2026-04-30,Standard
M11457,Credit card,1.9,2026-05-01,,Growth
M11457,Debit card,0.9,2026-01-03,2026-04-30,Standard
M11457,Debit card,0.8,2026-05-01,,Growth
M11457,Netbanking,1.8,2026-01-03,2026-04-30,Standard
M11457,Netbanking,1.7,2026-05-01,,Growth
M11457,Wallet,1.9,2026-01-03,2026-04-30,Standard
M11457,Wallet,1.8,2026-05-01,,Growth
M11458,UPI,0.0,2026-01-03,,Standard
M11458,Credit card,2.0,2026-01-03,,Standard
M11458,Debit card,0.9,2026-01-03,,Standard
M11458,Netbanking,1.8,2026-01-03,,Standard
M11458,Wallet,1.9,2026-01-03,,Standard
M11459,UPI,0.0,2026-01-03,,Standard
M11459,Credit card,2.0,2026-01-03,,Standard
M11459,Debit card,0.9,2026-01-03,,Standard
M11459,Netbanking,1.8,2026-01-03,,Standard
M11459,Wallet,1.9,2026-01-03,,Standard
M11460,UPI,0.0,2026-01-05,,Standard
M11460,Credit card,2.0,2026-01-05,,Standard
M11460,Debit card,0.9,2026-01-05,,Standard
M11460,Netbanking,1.8,2026-01-05,,Standard
M11460,Wallet,1.9,2026-01-05,,Standard
M11461,UPI,0.0,2026-01-06,,Standard
M11461,Credit card,2.0,2026-01-06,,Standard
M11461,Debit card,0.9,2026-01-06,,Standard
M11461,Netbanking,1.8,2026-01-06,,Standard
M11461,Wallet,1.9,2026-01-06,,Standard
M11462,UPI,0.0,2026-01-06,2026-04-30,Standard
M11462,UPI,0.0,2026-05-01,,Growth
M11462,Credit card,2.0,2026-01-06,2026-04-30,Standard
M11462,Credit card,1.9,2026-05-01,,Growth
M11462,Debit card,0.9,2026-01-06,2026-04-30,Standard
M11462,Debit card,0.8,2026-05-01,,Growth
M11462,Netbanking,1.8,2026-01-06,2026-04-30,Standard
M11462,Netbanking,1.7,2026-05-01,,Growth
M11462,Wallet,1.9,2026-01-06,2026-04-30,Standard
M11462,Wallet,1.8,2026-05-01,,Growth
M11463,UPI,0.0,2026-01-07,,Standard
M11463,Credit card,2.0,2026-01-07,,Standard
M11463,Debit card,0.9,2026-01-07,,Standard
M11463,Netbanking,1.8,2026-01-07,,Standard
M11463,Wallet,1.9,2026-01-07,,Standard
M11464,UPI,0.0,2026-01-07,,Standard
M11464,Credit card,2.0,2026-01-07,,Standard
M11464,Debit card,0.9,2026-01-07,,Standard
M11464,Netbanking,1.8,2026-01-07,,Standard
M11464,Wallet,1.9,2026-01-07,,Standard
M11465,UPI,0.0,2026-01-08,,Standard
M11465,Credit card,2.0,2026-01-08,,Standard
M11465,Debit card,0.9,2026-01-08,,Standard
M11465,Netbanking,1.8,2026-01-08,,Standard
M11465,Wallet,1.9,2026-01-08,,Standard
M11466,UPI,0.0,2026-01-08,,Standard
M11466,Credit card,2.0,2026-01-08,,Standard
M11466,Debit card,0.9,2026-01-08,,Standard
M11466,Netbanking,1.8,2026-01-08,,Standard
M11466,Wallet,1.9,2026-01-08,,Standard
M11467,UPI,0.0,2026-01-08,,Standard
M11467,Credit card,2.0,2026-01-08,,Standard
M11467,Debit card,0.9,2026-01-08,,Standard
M11467,Netbanking,1.8,2026-01-08,,Standard
M11467,Wallet,1.9,2026-01-08,,Standard
M11468,UPI,0.0,2026-01-09,,Standard
M11468,Credit card,2.0,2026-01-09,,Standard
M11468,Debit card,0.9,2026-01-09,,Standard
M11468,Netbanking,1.8,2026-01-09,,Standard
M11468,Wallet,1.9,2026-01-09,,Standard
M11469,UPI,0.0,2026-01-09,,Standard
M11469,Credit card,2.0,2026-01-09,,Standard
M11469,Debit card,0.9,2026-01-09,,Standard
M11469,Netbanking,1.8,2026-01-09,,Standard
M11469,Wallet,1.9,2026-01-09,,Standard
M11470,UPI,0.0,2026-01-10,,Standard
M11470,Credit card,2.0,2026-01-10,,Standard
M11470,Debit card,0.9,2026-01-10,,Standard
M11470,Netbanking,1.8,2026-01-10,,Standard
M11470,Wallet,1.9,2026-01-10,,Standard
M11471,UPI,0.0,2026-01-11,,Standard
M11471,Credit card,2.0,2026-01-11,,Standard
M11471,Debit card,0.9,2026-01-11,,Standard
M11471,Netbanking,1.8,2026-01-11,,Standard
M11471,Wallet,1.9,2026-01-11,,Standard
M11472,UPI,0.0,2026-01-11,,Standard
M11472,Credit card,2.0,2026-01-11,,Standard
M11472,Debit card,0.9,2026-01-11,,Standard
M11472,Netbanking,1.8,2026-01-11,,Standard
M11472,Wallet,1.9,2026-01-11,,Standard
M11473,UPI,0.0,2026-01-12,,Standard
M11473,Credit card,2.0,2026-01-12,,Standard
M11473,Debit card,0.9,2026-01-12,,Standard
M11473,Netbanking,1.8,2026-01-12,,Standard
M11473,Wallet,1.9,2026-01-12,,Standard
M11474,UPI,0.0,2026-01-12,,Standard
M11474,Credit card,2.0,2026-01-12,,Standard
M11474,Debit card,0.9,2026-01-12,,Standard
M11474,Netbanking,1.8,2026-01-12,,Standard
M11474,Wallet,1.9,2026-01-12,,Standard
M11475,UPI,0.0,2026-01-12,2026-04-30,Standard
M11475,UPI,0.0,2026-05-01,,Growth
M11475,Credit card,2.0,2026-01-12,2026-04-30,Standard
M11475,Credit card,1.9,2026-05-01,,Growth
M11475,Debit card,0.9,2026-01-12,2026-04-30,Standard
M11475,Debit card,0.8,2026-05-01,,Growth
M11475,Netbanking,1.8,2026-01-12,2026-04-30,Standard
M11475,Netbanking,1.7,2026-05-01,,Growth
M11475,Wallet,1.9,2026-01-12,2026-04-30,Standard
M11475,Wallet,1.8,2026-05-01,,Growth
M11476,UPI,0.0,2026-01-13,,Standard
M11476,Credit card,2.0,2026-01-13,,Standard
M11476,Debit card,0.9,2026-01-13,,Standard
M11476,Netbanking,1.8,2026-01-13,,Standard
M11476,Wallet,1.9,2026-01-13,,Standard
M11477,UPI,0.0,2026-01-13,,Standard
M11477,Credit card,2.0,2026-01-13,,Standard
M11477,Debit card,0.9,2026-01-13,,Standard
M11477,Netbanking,1.8,2026-01-13,,Standard
M11477,Wallet,1.9,2026-01-13,,Standard
M11478,UPI,0.0,2026-01-14,,Standard
M11478,Credit card,2.0,2026-01-14,,Standard
M11478,Debit card,0.9,2026-01-14,,Standard
M11478,Netbanking,1.8,2026-01-14,,Standard
M11478,Wallet,1.9,2026-01-14,,Standard
M11479,UPI,0.0,2026-01-14,,Standard
M11479,Credit card,2.0,2026-01-14,,Standard
M11479,Debit card,0.9,2026-01-14,,Standard
M11479,Netbanking,1.8,2026-01-14,,Standard
M11479,Wallet,1.9,2026-01-14,,Standard
M11480,UPI,0.0,2026-01-14,,Standard
M11480,Credit card,2.0,2026-01-14,,Standard
M11480,Debit card,0.9,2026-01-14,,Standard
M11480,Netbanking,1.8,2026-01-14,,Standard
M11480,Wallet,1.9,2026-01-14,,Standard
M11481,UPI,0.0,2026-01-14,,Standard
M11481,Credit card,2.0,2026-01-14,,Standard
M11481,Debit card,0.9,2026-01-14,,Standard
M11481,Netbanking,1.8,2026-01-14,,Standard
M11481,Wallet,1.9,2026-01-14,,Standard
M11482,UPI,0.0,2026-01-15,2026-04-30,Standard
M11482,UPI,0.0,2026-05-01,,Growth
M11482,Credit card,2.0,2026-01-15,2026-04-30,Standard
M11482,Credit card,1.9,2026-05-01,,Growth
M11482,Debit card,0.9,2026-01-15,2026-04-30,Standard
M11482,Debit card,0.8,2026-05-01,,Growth
M11482,Netbanking,1.8,2026-01-15,2026-04-30,Standard
M11482,Netbanking,1.7,2026-05-01,,Growth
M11482,Wallet,1.9,2026-01-15,2026-04-30,Standard
M11482,Wallet,1.8,2026-05-01,,Growth
M11483,UPI,0.0,2026-01-15,,Standard
M11483,Credit card,2.0,2026-01-15,,Standard
M11483,Debit card,0.9,2026-01-15,,Standard
M11483,Netbanking,1.8,2026-01-15,,Standard
M11483,Wallet,1.9,2026-01-15,,Standard
M11484,UPI,0.0,2026-01-16,2026-04-30,Standard
M11484,UPI,0.0,2026-05-01,,Growth
M11484,Credit card,2.0,2026-01-16,2026-04-30,Standard
M11484,Credit card,1.9,2026-05-01,,Growth
M11484,Debit card,0.9,2026-01-16,2026-04-30,Standard
M11484,Debit card,0.8,2026-05-01,,Growth
M11484,Netbanking,1.8,2026-01-16,2026-04-30,Standard
M11484,Netbanking,1.7,2026-05-01,,Growth
M11484,Wallet,1.9,2026-01-16,2026-04-30,Standard
M11484,Wallet,1.8,2026-05-01,,Growth
M11485,UPI,0.0,2026-01-16,,Standard
M11485,Credit card,2.0,2026-01-16,,Standard
M11485,Debit card,0.9,2026-01-16,,Standard
M11485,Netbanking,1.8,2026-01-16,,Standard
M11485,Wallet,1.9,2026-01-16,,Standard
M11486,UPI,0.0,2026-01-16,,Standard
M11486,Credit card,2.0,2026-01-16,,Standard
M11486,Debit card,0.9,2026-01-16,,Standard
M11486,Netbanking,1.8,2026-01-16,,Standard
M11486,Wallet,1.9,2026-01-16,,Standard
M11487,UPI,0.0,2026-01-16,,Standard
M11487,Credit card,2.0,2026-01-16,,Standard
M11487,Debit card,0.9,2026-01-16,,Standard
M11487,Netbanking,1.8,2026-01-16,,Standard
M11487,Wallet,1.9,2026-01-16,,Standard
M11488,UPI,0.0,2026-01-16,,Standard
M11488,Credit card,2.0,2026-01-16,,Standard
M11488,Debit card,0.9,2026-01-16,,Standard
M11488,Netbanking,1.8,2026-01-16,,Standard
M11488,Wallet,1.9,2026-01-16,,Standard
M11489,UPI,0.0,2026-01-16,,Standard
M11489,Credit card,2.0,2026-01-16,,Standard
M11489,Debit card,0.9,2026-01-16,,Standard
M11489,Netbanking,1.8,2026-01-16,,Standard
M11489,Wallet,1.9,2026-01-16,,Standard
M11490,UPI,0.0,2026-01-17,,Standard
M11490,Credit card,2.0,2026-01-17,,Standard
M11490,Debit card,0.9,2026-01-17,,Standard
M11490,Netbanking,1.8,2026-01-17,,Standard
M11490,Wallet,1.9,2026-01-17,,Standard
M11491,UPI,0.0,2026-01-17,,Standard
M11491,Credit card,2.0,2026-01-17,,Standard
M11491,Debit card,0.9,2026-01-17,,Standard
M11491,Netbanking,1.8,2026-01-17,,Standard
M11491,Wallet,1.9,2026-01-17,,Standard
M11492,UPI,0.0,2026-01-17,,Standard
M11492,Credit card,2.0,2026-01-17,,Standard
M11492,Debit card,0.9,2026-01-17,,Standard
M11492,Netbanking,1.8,2026-01-17,,Standard
M11492,Wallet,1.9,2026-01-17,,Standard
M11493,UPI,0.0,2026-01-19,,Standard
M11493,Credit card,2.0,2026-01-19,,Standard
M11493,Debit card,0.9,2026-01-19,,Standard
M11493,Netbanking,1.8,2026-01-19,,Standard
M11493,Wallet,1.9,2026-01-19,,Standard
M11494,UPI,0.0,2026-01-19,,Standard
M11494,Credit card,2.0,2026-01-19,,Standard
M11494,Debit card,0.9,2026-01-19,,Standard
M11494,Netbanking,1.8,2026-01-19,,Standard
M11494,Wallet,1.9,2026-01-19,,Standard
M11495,UPI,0.0,2026-01-19,,Standard
M11495,Credit card,2.0,2026-01-19,,Standard
M11495,Debit card,0.9,2026-01-19,,Standard
M11495,Netbanking,1.8,2026-01-19,,Standard
M11495,Wallet,1.9,2026-01-19,,Standard
M11496,UPI,0.0,2026-01-20,,Standard
M11496,Credit card,2.0,2026-01-20,,Standard
M11496,Debit card,0.9,2026-01-20,,Standard
M11496,Netbanking,1.8,2026-01-20,,Standard
M11496,Wallet,1.9,2026-01-20,,Standard
M11497,UPI,0.0,2026-01-20,,Standard
M11497,Credit card,2.0,2026-01-20,,Standard
M11497,Debit card,0.9,2026-01-20,,Standard
M11497,Netbanking,1.8,2026-01-20,,Standard
M11497,Wallet,1.9,2026-01-20,,Standard
M11498,UPI,0.0,2026-01-21,,Standard
M11498,Credit card,2.0,2026-01-21,,Standard
M11498,Debit card,0.9,2026-01-21,,Standard
M11498,Netbanking,1.8,2026-01-21,,Standard
M11498,Wallet,1.9,2026-01-21,,Standard
M11499,UPI,0.0,2026-01-21,,Standard
M11499,Credit card,2.0,2026-01-21,,Standard
M11499,Debit card,0.9,2026-01-21,,Standard
M11499,Netbanking,1.8,2026-01-21,,Standard
M11499,Wallet,1.9,2026-01-21,,Standard
M11500,UPI,0.0,2026-01-21,,Standard
M11500,Credit card,2.0,2026-01-21,,Standard
M11500,Debit card,0.9,2026-01-21,,Standard
M11500,Netbanking,1.8,2026-01-21,,Standard
M11500,Wallet,1.9,2026-01-21,,Standard
M11501,UPI,0.0,2026-01-22,,Standard
M11501,Credit card,2.0,2026-01-22,,Standard
M11501,Debit card,0.9,2026-01-22,,Standard
M11501,Netbanking,1.8,2026-01-22,,Standard
M11501,Wallet,1.9,2026-01-22,,Standard
M11502,UPI,0.0,2026-01-22,,Standard
M11502,Credit card,2.0,2026-01-22,,Standard
M11502,Debit card,0.9,2026-01-22,,Standard
M11502,Netbanking,1.8,2026-01-22,,Standard
M11502,Wallet,1.9,2026-01-22,,Standard
M11503,UPI,0.0,2026-01-23,,Standard
M11503,Credit card,2.0,2026-01-23,,Standard
M11503,Debit card,0.9,2026-01-23,,Standard
M11503,Netbanking,1.8,2026-01-23,,Standard
M11503,Wallet,1.9,2026-01-23,,Standard
M11504,UPI,0.0,2026-01-23,,Standard
M11504,Credit card,2.0,2026-01-23,,Standard
M11504,Debit card,0.9,2026-01-23,,Standard
M11504,Netbanking,1.8,2026-01-23,,Standard
M11504,Wallet,1.9,2026-01-23,,Standard
M11505,UPI,0.0,2026-01-23,,Standard
M11505,Credit card,2.0,2026-01-23,,Standard
M11505,Debit card,0.9,2026-01-23,,Standard
M11505,Netbanking,1.8,2026-01-23,,Standard
M11505,Wallet,1.9,2026-01-23,,Standard
M11506,UPI,0.0,2026-01-25,,Standard
M11506,Credit card,2.0,2026-01-25,,Standard
M11506,Debit card,0.9,2026-01-25,,Standard
M11506,Netbanking,1.8,2026-01-25,,Standard
M11506,Wallet,1.9,2026-01-25,,Standard
M11507,UPI,0.0,2026-01-25,,Standard
M11507,Credit card,2.0,2026-01-25,,Standard
M11507,Debit card,0.9,2026-01-25,,Standard
M11507,Netbanking,1.8,2026-01-25,,Standard
M11507,Wallet,1.9,2026-01-25,,Standard
M11508,UPI,0.0,2026-01-25,,Standard
M11508,Credit card,2.0,2026-01-25,,Standard
M11508,Debit card,0.9,2026-01-25,,Standard
M11508,Netbanking,1.8,2026-01-25,,Standard
M11508,Wallet,1.9,2026-01-25,,Standard
M11509,UPI,0.0,2026-01-25,,Standard
M11509,Credit card,2.0,2026-01-25,,Standard
M11509,Debit card,0.9,2026-01-25,,Standard
M11509,Netbanking,1.8,2026-01-25,,Standard
M11509,Wallet,1.9,2026-01-25,,Standard
M11510,UPI,0.0,2026-01-27,,Standard
M11510,Credit card,2.0,2026-01-27,,Standard
M11510,Debit card,0.9,2026-01-27,,Standard
M11510,Netbanking,1.8,2026-01-27,,Standard
M11510,Wallet,1.9,2026-01-27,,Standard
M11511,UPI,0.0,2026-01-27,,Standard
M11511,Credit card,2.0,2026-01-27,,Standard
M11511,Debit card,0.9,2026-01-27,,Standard
M11511,Netbanking,1.8,2026-01-27,,Standard
M11511,Wallet,1.9,2026-01-27,,Standard
M11512,UPI,0.0,2026-01-27,,Standard
M11512,Credit card,2.0,2026-01-27,,Standard
M11512,Debit card,0.9,2026-01-27,,Standard
M11512,Netbanking,1.8,2026-01-27,,Standard
M11512,Wallet,1.9,2026-01-27,,Standard
M11513,UPI,0.0,2026-01-27,,Standard
M11513,Credit card,2.0,2026-01-27,,Standard
M11513,Debit card,0.9,2026-01-27,,Standard
M11513,Netbanking,1.8,2026-01-27,,Standard
M11513,Wallet,1.9,2026-01-27,,Standard
M11514,UPI,0.0,2026-01-28,,Standard
M11514,Credit card,2.0,2026-01-28,,Standard
M11514,Debit card,0.9,2026-01-28,,Standard
M11514,Netbanking,1.8,2026-01-28,,Standard
M11514,Wallet,1.9,2026-01-28,,Standard
M11515,UPI,0.0,2026-01-28,,Standard
M11515,Credit card,2.0,2026-01-28,,Standard
M11515,Debit card,0.9,2026-01-28,,Standard
M11515,Netbanking,1.8,2026-01-28,,Standard
M11515,Wallet,1.9,2026-01-28,,Standard
M11516,UPI,0.0,2026-01-28,2026-04-30,Standard
M11516,UPI,0.0,2026-05-01,,Growth
M11516,Credit card,2.0,2026-01-28,2026-04-30,Standard
M11516,Credit card,1.9,2026-05-01,,Growth
M11516,Debit card,0.9,2026-01-28,2026-04-30,Standard
M11516,Debit card,0.8,2026-05-01,,Growth
M11516,Netbanking,1.8,2026-01-28,2026-04-30,Standard
M11516,Netbanking,1.7,2026-05-01,,Growth
M11516,Wallet,1.9,2026-01-28,2026-04-30,Standard
M11516,Wallet,1.8,2026-05-01,,Growth
M11517,UPI,0.0,2026-01-30,,Standard
M11517,Credit card,2.0,2026-01-30,,Standard
M11517,Debit card,0.9,2026-01-30,,Standard
M11517,Netbanking,1.8,2026-01-30,,Standard
M11517,Wallet,1.9,2026-01-30,,Standard
M11518,UPI,0.0,2026-01-31,2026-04-30,Standard
M11518,UPI,0.0,2026-05-01,,Growth
M11518,Credit card,2.0,2026-01-31,2026-04-30,Standard
M11518,Credit card,1.9,2026-05-01,,Growth
M11518,Debit card,0.9,2026-01-31,2026-04-30,Standard
M11518,Debit card,0.8,2026-05-01,,Growth
M11518,Netbanking,1.8,2026-01-31,2026-04-30,Standard
M11518,Netbanking,1.7,2026-05-01,,Growth
M11518,Wallet,1.9,2026-01-31,2026-04-30,Standard
M11518,Wallet,1.8,2026-05-01,,Growth
M11519,UPI,0.0,2026-01-31,,Standard
M11519,Credit card,2.0,2026-01-31,,Standard
M11519,Debit card,0.9,2026-01-31,,Standard
M11519,Netbanking,1.8,2026-01-31,,Standard
M11519,Wallet,1.9,2026-01-31,,Standard
M11520,UPI,0.0,2026-01-31,,Enterprise
M11520,Credit card,1.46,2026-01-31,,Enterprise
M11520,Debit card,0.56,2026-01-31,,Enterprise
M11520,Netbanking,1.26,2026-01-31,,Enterprise
M11520,Wallet,1.36,2026-01-31,,Enterprise
M11521,UPI,0.0,2026-02-01,,Standard
M11521,Credit card,2.0,2026-02-01,,Standard
M11521,Debit card,0.9,2026-02-01,,Standard
M11521,Netbanking,1.8,2026-02-01,,Standard
M11521,Wallet,1.9,2026-02-01,,Standard
M11522,UPI,0.0,2026-02-01,,Standard
M11522,Credit card,2.0,2026-02-01,,Standard
M11522,Debit card,0.9,2026-02-01,,Standard
M11522,Netbanking,1.8,2026-02-01,,Standard
M11522,Wallet,1.9,2026-02-01,,Standard
M11523,UPI,0.0,2026-02-02,,Standard
M11523,Credit card,2.0,2026-02-02,,Standard
M11523,Debit card,0.9,2026-02-02,,Standard
M11523,Netbanking,1.8,2026-02-02,,Standard
M11523,Wallet,1.9,2026-02-02,,Standard
M11524,UPI,0.0,2026-02-02,,Standard
M11524,Credit card,2.0,2026-02-02,,Standard
M11524,Debit card,0.9,2026-02-02,,Standard
M11524,Netbanking,1.8,2026-02-02,,Standard
M11524,Wallet,1.9,2026-02-02,,Standard
M11525,UPI,0.0,2026-02-02,,Standard
M11525,Credit card,2.0,2026-02-02,,Standard
M11525,Debit card,0.9,2026-02-02,,Standard
M11525,Netbanking,1.8,2026-02-02,,Standard
M11525,Wallet,1.9,2026-02-02,,Standard
M11526,UPI,0.0,2026-02-03,,Standard
M11526,Credit card,2.0,2026-02-03,,Standard
M11526,Debit card,0.9,2026-02-03,,Standard
M11526,Netbanking,1.8,2026-02-03,,Standard
M11526,Wallet,1.9,2026-02-03,,Standard
M11527,UPI,0.0,2026-02-03,,Standard
M11527,Credit card,2.0,2026-02-03,,Standard
M11527,Debit card,0.9,2026-02-03,,Standard
M11527,Netbanking,1.8,2026-02-03,,Standard
M11527,Wallet,1.9,2026-02-03,,Standard
M11528,UPI,0.0,2026-02-04,2026-04-30,Standard
M11528,UPI,0.0,2026-05-01,,Growth
M11528,Credit card,2.0,2026-02-04,2026-04-30,Standard
M11528,Credit card,1.9,2026-05-01,,Growth
M11528,Debit card,0.9,2026-02-04,2026-04-30,Standard
M11528,Debit card,0.8,2026-05-01,,Growth
M11528,Netbanking,1.8,2026-02-04,2026-04-30,Standard
M11528,Netbanking,1.7,2026-05-01,,Growth
M11528,Wallet,1.9,2026-02-04,2026-04-30,Standard
M11528,Wallet,1.8,2026-05-01,,Growth
M11529,UPI,0.0,2026-02-04,2026-04-30,Standard
M11529,UPI,0.0,2026-05-01,,Growth
M11529,Credit card,2.0,2026-02-04,2026-04-30,Standard
M11529,Credit card,1.9,2026-05-01,,Growth
M11529,Debit card,0.9,2026-02-04,2026-04-30,Standard
M11529,Debit card,0.8,2026-05-01,,Growth
M11529,Netbanking,1.8,2026-02-04,2026-04-30,Standard
M11529,Netbanking,1.7,2026-05-01,,Growth
M11529,Wallet,1.9,2026-02-04,2026-04-30,Standard
M11529,Wallet,1.8,2026-05-01,,Growth
M11530,UPI,0.0,2026-02-05,,Standard
M11530,Credit card,2.0,2026-02-05,,Standard
M11530,Debit card,0.9,2026-02-05,,Standard
M11530,Netbanking,1.8,2026-02-05,,Standard
M11530,Wallet,1.9,2026-02-05,,Standard
M11531,UPI,0.0,2026-02-05,2026-04-30,Standard
M11531,UPI,0.0,2026-05-01,,Growth
M11531,Credit card,2.0,2026-02-05,2026-04-30,Standard
M11531,Credit card,1.9,2026-05-01,,Growth
M11531,Debit card,0.9,2026-02-05,2026-04-30,Standard
M11531,Debit card,0.8,2026-05-01,,Growth
M11531,Netbanking,1.8,2026-02-05,2026-04-30,Standard
M11531,Netbanking,1.7,2026-05-01,,Growth
M11531,Wallet,1.9,2026-02-05,2026-04-30,Standard
M11531,Wallet,1.8,2026-05-01,,Growth
M11532,UPI,0.0,2026-02-06,2026-04-30,Standard
M11532,UPI,0.0,2026-05-01,,Growth
M11532,Credit card,2.0,2026-02-06,2026-04-30,Standard
M11532,Credit card,1.9,2026-05-01,,Growth
M11532,Debit card,0.9,2026-02-06,2026-04-30,Standard
M11532,Debit card,0.8,2026-05-01,,Growth
M11532,Netbanking,1.8,2026-02-06,2026-04-30,Standard
M11532,Netbanking,1.7,2026-05-01,,Growth
M11532,Wallet,1.9,2026-02-06,2026-04-30,Standard
M11532,Wallet,1.8,2026-05-01,,Growth
M11533,UPI,0.0,2026-02-06,2026-04-30,Standard
M11533,UPI,0.0,2026-05-01,,Growth
M11533,Credit card,2.0,2026-02-06,2026-04-30,Standard
M11533,Credit card,1.9,2026-05-01,,Growth
M11533,Debit card,0.9,2026-02-06,2026-04-30,Standard
M11533,Debit card,0.8,2026-05-01,,Growth
M11533,Netbanking,1.8,2026-02-06,2026-04-30,Standard
M11533,Netbanking,1.7,2026-05-01,,Growth
M11533,Wallet,1.9,2026-02-06,2026-04-30,Standard
M11533,Wallet,1.8,2026-05-01,,Growth
M11534,UPI,0.0,2026-02-06,,Standard
M11534,Credit card,2.0,2026-02-06,,Standard
M11534,Debit card,0.9,2026-02-06,,Standard
M11534,Netbanking,1.8,2026-02-06,,Standard
M11534,Wallet,1.9,2026-02-06,,Standard
M11535,UPI,0.0,2026-02-07,,Standard
M11535,Credit card,2.0,2026-02-07,,Standard
M11535,Debit card,0.9,2026-02-07,,Standard
M11535,Netbanking,1.8,2026-02-07,,Standard
M11535,Wallet,1.9,2026-02-07,,Standard
M11536,UPI,0.0,2026-02-07,,Standard
M11536,Credit card,2.0,2026-02-07,,Standard
M11536,Debit card,0.9,2026-02-07,,Standard
M11536,Netbanking,1.8,2026-02-07,,Standard
M11536,Wallet,1.9,2026-02-07,,Standard
M11537,UPI,0.0,2026-02-07,,Standard
M11537,Credit card,2.0,2026-02-07,,Standard
M11537,Debit card,0.9,2026-02-07,,Standard
M11537,Netbanking,1.8,2026-02-07,,Standard
M11537,Wallet,1.9,2026-02-07,,Standard
M11538,UPI,0.0,2026-02-07,2026-04-30,Standard
M11538,UPI,0.0,2026-05-01,,Growth
M11538,Credit card,2.0,2026-02-07,2026-04-30,Standard
M11538,Credit card,1.9,2026-05-01,,Growth
M11538,Debit card,0.9,2026-02-07,2026-04-30,Standard
M11538,Debit card,0.8,2026-05-01,,Growth
M11538,Netbanking,1.8,2026-02-07,2026-04-30,Standard
M11538,Netbanking,1.7,2026-05-01,,Growth
M11538,Wallet,1.9,2026-02-07,2026-04-30,Standard
M11538,Wallet,1.8,2026-05-01,,Growth
M11539,UPI,0.0,2026-02-09,,Standard
M11539,Credit card,2.0,2026-02-09,,Standard
M11539,Debit card,0.9,2026-02-09,,Standard
M11539,Netbanking,1.8,2026-02-09,,Standard
M11539,Wallet,1.9,2026-02-09,,Standard
M11540,UPI,0.0,2026-02-09,,Standard
M11540,Credit card,2.0,2026-02-09,,Standard
M11540,Debit card,0.9,2026-02-09,,Standard
M11540,Netbanking,1.8,2026-02-09,,Standard
M11540,Wallet,1.9,2026-02-09,,Standard
M11541,UPI,0.0,2026-02-09,,Standard
M11541,Credit card,2.0,2026-02-09,,Standard
M11541,Debit card,0.9,2026-02-09,,Standard
M11541,Netbanking,1.8,2026-02-09,,Standard
M11541,Wallet,1.9,2026-02-09,,Standard
M11542,UPI,0.0,2026-02-09,2026-04-30,Standard
M11542,UPI,0.0,2026-05-01,,Growth
M11542,Credit card,2.0,2026-02-09,2026-04-30,Standard
M11542,Credit card,1.9,2026-05-01,,Growth
M11542,Debit card,0.9,2026-02-09,2026-04-30,Standard
M11542,Debit card,0.8,2026-05-01,,Growth
M11542,Netbanking,1.8,2026-02-09,2026-04-30,Standard
M11542,Netbanking,1.7,2026-05-01,,Growth
M11542,Wallet,1.9,2026-02-09,2026-04-30,Standard
M11542,Wallet,1.8,2026-05-01,,Growth
M11543,UPI,0.0,2026-02-09,,Standard
M11543,Credit card,2.0,2026-02-09,,Standard
M11543,Debit card,0.9,2026-02-09,,Standard
M11543,Netbanking,1.8,2026-02-09,,Standard
M11543,Wallet,1.9,2026-02-09,,Standard
M11544,UPI,0.0,2026-02-10,,Standard
M11544,Credit card,2.0,2026-02-10,,Standard
M11544,Debit card,0.9,2026-02-10,,Standard
M11544,Netbanking,1.8,2026-02-10,,Standard
M11544,Wallet,1.9,2026-02-10,,Standard
M11545,UPI,0.0,2026-02-10,,Standard
M11545,Credit card,2.0,2026-02-10,,Standard
M11545,Debit card,0.9,2026-02-10,,Standard
M11545,Netbanking,1.8,2026-02-10,,Standard
M11545,Wallet,1.9,2026-02-10,,Standard
M11546,UPI,0.0,2026-02-10,,Standard
M11546,Credit card,2.0,2026-02-10,,Standard
M11546,Debit card,0.9,2026-02-10,,Standard
M11546,Netbanking,1.8,2026-02-10,,Standard
M11546,Wallet,1.9,2026-02-10,,Standard
M11547,UPI,0.0,2026-02-10,,Standard
M11547,Credit card,2.0,2026-02-10,,Standard
M11547,Debit card,0.9,2026-02-10,,Standard
M11547,Netbanking,1.8,2026-02-10,,Standard
M11547,Wallet,1.9,2026-02-10,,Standard
M11548,UPI,0.0,2026-02-11,,Standard
M11548,Credit card,2.0,2026-02-11,,Standard
M11548,Debit card,0.9,2026-02-11,,Standard
M11548,Netbanking,1.8,2026-02-11,,Standard
M11548,Wallet,1.9,2026-02-11,,Standard
M11549,UPI,0.0,2026-02-12,,Standard
M11549,Credit card,2.0,2026-02-12,,Standard
M11549,Debit card,0.9,2026-02-12,,Standard
M11549,Netbanking,1.8,2026-02-12,,Standard
M11549,Wallet,1.9,2026-02-12,,Standard
M11550,UPI,0.0,2026-02-12,,Standard
M11550,Credit card,2.0,2026-02-12,,Standard
M11550,Debit card,0.9,2026-02-12,,Standard
M11550,Netbanking,1.8,2026-02-12,,Standard
M11550,Wallet,1.9,2026-02-12,,Standard
M11551,UPI,0.0,2026-02-13,,Standard
M11551,Credit card,2.0,2026-02-13,,Standard
M11551,Debit card,0.9,2026-02-13,,Standard
M11551,Netbanking,1.8,2026-02-13,,Standard
M11551,Wallet,1.9,2026-02-13,,Standard
M11552,UPI,0.0,2026-02-13,2026-04-30,Standard
M11552,UPI,0.0,2026-05-01,,Growth
M11552,Credit card,2.0,2026-02-13,2026-04-30,Standard
M11552,Credit card,1.9,2026-05-01,,Growth
M11552,Debit card,0.9,2026-02-13,2026-04-30,Standard
M11552,Debit card,0.8,2026-05-01,,Growth
M11552,Netbanking,1.8,2026-02-13,2026-04-30,Standard
M11552,Netbanking,1.7,2026-05-01,,Growth
M11552,Wallet,1.9,2026-02-13,2026-04-30,Standard
M11552,Wallet,1.8,2026-05-01,,Growth
M11553,UPI,0.0,2026-02-13,,Standard
M11553,Credit card,2.0,2026-02-13,,Standard
M11553,Debit card,0.9,2026-02-13,,Standard
M11553,Netbanking,1.8,2026-02-13,,Standard
M11553,Wallet,1.9,2026-02-13,,Standard
M11554,UPI,0.0,2026-02-14,2026-04-30,Standard
M11554,UPI,0.0,2026-05-01,,Growth
M11554,Credit card,2.0,2026-02-14,2026-04-30,Standard
M11554,Credit card,1.9,2026-05-01,,Growth
M11554,Debit card,0.9,2026-02-14,2026-04-30,Standard
M11554,Debit card,0.8,2026-05-01,,Growth
M11554,Netbanking,1.8,2026-02-14,2026-04-30,Standard
M11554,Netbanking,1.7,2026-05-01,,Growth
M11554,Wallet,1.9,2026-02-14,2026-04-30,Standard
M11554,Wallet,1.8,2026-05-01,,Growth
M11555,UPI,0.0,2026-02-15,,Standard
M11555,Credit card,2.0,2026-02-15,,Standard
M11555,Debit card,0.9,2026-02-15,,Standard
M11555,Netbanking,1.8,2026-02-15,,Standard
M11555,Wallet,1.9,2026-02-15,,Standard
M11556,UPI,0.0,2026-02-15,,Standard
M11556,Credit card,2.0,2026-02-15,,Standard
M11556,Debit card,0.9,2026-02-15,,Standard
M11556,Netbanking,1.8,2026-02-15,,Standard
M11556,Wallet,1.9,2026-02-15,,Standard
M11557,UPI,0.0,2026-02-15,,Standard
M11557,Credit card,2.0,2026-02-15,,Standard
M11557,Debit card,0.9,2026-02-15,,Standard
M11557,Netbanking,1.8,2026-02-15,,Standard
M11557,Wallet,1.9,2026-02-15,,Standard
M11558,UPI,0.0,2026-02-15,,Standard
M11558,Credit card,2.0,2026-02-15,,Standard
M11558,Debit card,0.9,2026-02-15,,Standard
M11558,Netbanking,1.8,2026-02-15,,Standard
M11558,Wallet,1.9,2026-02-15,,Standard
M11559,UPI,0.0,2026-02-17,,Standard
M11559,Credit card,2.0,2026-02-17,,Standard
M11559,Debit card,0.9,2026-02-17,,Standard
M11559,Netbanking,1.8,2026-02-17,,Standard
M11559,Wallet,1.9,2026-02-17,,Standard
M11560,UPI,0.0,2026-02-17,,Standard
M11560,Credit card,2.0,2026-02-17,,Standard
M11560,Debit card,0.9,2026-02-17,,Standard
M11560,Netbanking,1.8,2026-02-17,,Standard
M11560,Wallet,1.9,2026-02-17,,Standard
M11561,UPI,0.0,2026-02-17,2026-04-30,Standard
M11561,UPI,0.0,2026-05-01,,Growth
M11561,Credit card,2.0,2026-02-17,2026-04-30,Standard
M11561,Credit card,1.9,2026-05-01,,Growth
M11561,Debit card,0.9,2026-02-17,2026-04-30,Standard
M11561,Debit card,0.8,2026-05-01,,Growth
M11561,Netbanking,1.8,2026-02-17,2026-04-30,Standard
M11561,Netbanking,1.7,2026-05-01,,Growth
M11561,Wallet,1.9,2026-02-17,2026-04-30,Standard
M11561,Wallet,1.8,2026-05-01,,Growth
M11562,UPI,0.0,2026-02-18,,Standard
M11562,Credit card,2.0,2026-02-18,,Standard
M11562,Debit card,0.9,2026-02-18,,Standard
M11562,Netbanking,1.8,2026-02-18,,Standard
M11562,Wallet,1.9,2026-02-18,,Standard
M11563,UPI,0.0,2026-02-18,,Standard
M11563,Credit card,2.0,2026-02-18,,Standard
M11563,Debit card,0.9,2026-02-18,,Standard
M11563,Netbanking,1.8,2026-02-18,,Standard
M11563,Wallet,1.9,2026-02-18,,Standard
M11564,UPI,0.0,2026-02-18,,Standard
M11564,Credit card,2.0,2026-02-18,,Standard
M11564,Debit card,0.9,2026-02-18,,Standard
M11564,Netbanking,1.8,2026-02-18,,Standard
M11564,Wallet,1.9,2026-02-18,,Standard
M11565,UPI,0.0,2026-02-19,,Standard
M11565,Credit card,2.0,2026-02-19,,Standard
M11565,Debit card,0.9,2026-02-19,,Standard
M11565,Netbanking,1.8,2026-02-19,,Standard
M11565,Wallet,1.9,2026-02-19,,Standard
M11566,UPI,0.0,2026-02-19,,Standard
M11566,Credit card,2.0,2026-02-19,,Standard
M11566,Debit card,0.9,2026-02-19,,Standard
M11566,Netbanking,1.8,2026-02-19,,Standard
M11566,Wallet,1.9,2026-02-19,,Standard
M11567,UPI,0.0,2026-02-19,,Standard
M11567,Credit card,2.0,2026-02-19,,Standard
M11567,Debit card,0.9,2026-02-19,,Standard
M11567,Netbanking,1.8,2026-02-19,,Standard
M11567,Wallet,1.9,2026-02-19,,Standard
M11568,UPI,0.0,2026-02-19,,Standard
M11568,Credit card,2.0,2026-02-19,,Standard
M11568,Debit card,0.9,2026-02-19,,Standard
M11568,Netbanking,1.8,2026-02-19,,Standard
M11568,Wallet,1.9,2026-02-19,,Standard
M11569,UPI,0.0,2026-02-20,,Standard
M11569,Credit card,2.0,2026-02-20,,Standard
M11569,Debit card,0.9,2026-02-20,,Standard
M11569,Netbanking,1.8,2026-02-20,,Standard
M11569,Wallet,1.9,2026-02-20,,Standard
M11570,UPI,0.0,2026-02-20,,Standard
M11570,Credit card,2.0,2026-02-20,,Standard
M11570,Debit card,0.9,2026-02-20,,Standard
M11570,Netbanking,1.8,2026-02-20,,Standard
M11570,Wallet,1.9,2026-02-20,,Standard
M11571,UPI,0.0,2026-02-20,,Standard
M11571,Credit card,2.0,2026-02-20,,Standard
M11571,Debit card,0.9,2026-02-20,,Standard
M11571,Netbanking,1.8,2026-02-20,,Standard
M11571,Wallet,1.9,2026-02-20,,Standard
M11572,UPI,0.0,2026-02-20,,Standard
M11572,Credit card,2.0,2026-02-20,,Standard
M11572,Debit card,0.9,2026-02-20,,Standard
M11572,Netbanking,1.8,2026-02-20,,Standard
M11572,Wallet,1.9,2026-02-20,,Standard
M11573,UPI,0.0,2026-02-20,,Standard
M11573,Credit card,2.0,2026-02-20,,Standard
M11573,Debit card,0.9,2026-02-20,,Standard
M11573,Netbanking,1.8,2026-02-20,,Standard
M11573,Wallet,1.9,2026-02-20,,Standard
M11574,UPI,0.0,2026-02-20,2026-04-30,Standard
M11574,UPI,0.0,2026-05-01,,Growth
M11574,Credit card,2.0,2026-02-20,2026-04-30,Standard
M11574,Credit card,1.9,2026-05-01,,Growth
M11574,Debit card,0.9,2026-02-20,2026-04-30,Standard
M11574,Debit card,0.8,2026-05-01,,Growth
M11574,Netbanking,1.8,2026-02-20,2026-04-30,Standard
M11574,Netbanking,1.7,2026-05-01,,Growth
M11574,Wallet,1.9,2026-02-20,2026-04-30,Standard
M11574,Wallet,1.8,2026-05-01,,Growth
M11575,UPI,0.0,2026-02-20,,Standard
M11575,Credit card,2.0,2026-02-20,,Standard
M11575,Debit card,0.9,2026-02-20,,Standard
M11575,Netbanking,1.8,2026-02-20,,Standard
M11575,Wallet,1.9,2026-02-20,,Standard
M11576,UPI,0.0,2026-02-21,,Standard
M11576,Credit card,2.0,2026-02-21,,Standard
M11576,Debit card,0.9,2026-02-21,,Standard
M11576,Netbanking,1.8,2026-02-21,,Standard
M11576,Wallet,1.9,2026-02-21,,Standard
M11577,UPI,0.0,2026-02-21,,Standard
M11577,Credit card,2.0,2026-02-21,,Standard
M11577,Debit card,0.9,2026-02-21,,Standard
M11577,Netbanking,1.8,2026-02-21,,Standard
M11577,Wallet,1.9,2026-02-21,,Standard
M11578,UPI,0.0,2026-02-21,2026-04-30,Standard
M11578,UPI,0.0,2026-05-01,,Growth
M11578,Credit card,2.0,2026-02-21,2026-04-30,Standard
M11578,Credit card,1.9,2026-05-01,,Growth
M11578,Debit card,0.9,2026-02-21,2026-04-30,Standard
M11578,Debit card,0.8,2026-05-01,,Growth
M11578,Netbanking,1.8,2026-02-21,2026-04-30,Standard
M11578,Netbanking,1.7,2026-05-01,,Growth
M11578,Wallet,1.9,2026-02-21,2026-04-30,Standard
M11578,Wallet,1.8,2026-05-01,,Growth
M11579,UPI,0.0,2026-02-22,,Standard
M11579,Credit card,2.0,2026-02-22,,Standard
M11579,Debit card,0.9,2026-02-22,,Standard
M11579,Netbanking,1.8,2026-02-22,,Standard
M11579,Wallet,1.9,2026-02-22,,Standard
M11580,UPI,0.0,2026-02-22,,Standard
M11580,Credit card,2.0,2026-02-22,,Standard
M11580,Debit card,0.9,2026-02-22,,Standard
M11580,Netbanking,1.8,2026-02-22,,Standard
M11580,Wallet,1.9,2026-02-22,,Standard
M11581,UPI,0.0,2026-02-23,,Standard
M11581,Credit card,2.0,2026-02-23,,Standard
M11581,Debit card,0.9,2026-02-23,,Standard
M11581,Netbanking,1.8,2026-02-23,,Standard
M11581,Wallet,1.9,2026-02-23,,Standard
M11582,UPI,0.0,2026-02-23,,Standard
M11582,Credit card,2.0,2026-02-23,,Standard
M11582,Debit card,0.9,2026-02-23,,Standard
M11582,Netbanking,1.8,2026-02-23,,Standard
M11582,Wallet,1.9,2026-02-23,,Standard
M11583,UPI,0.0,2026-02-23,,Standard
M11583,Credit card,2.0,2026-02-23,,Standard
M11583,Debit card,0.9,2026-02-23,,Standard
M11583,Netbanking,1.8,2026-02-23,,Standard
M11583,Wallet,1.9,2026-02-23,,Standard
M11584,UPI,0.0,2026-02-24,2026-04-30,Standard
M11584,UPI,0.0,2026-05-01,,Growth
M11584,Credit card,2.0,2026-02-24,2026-04-30,Standard
M11584,Credit card,1.9,2026-05-01,,Growth
M11584,Debit card,0.9,2026-02-24,2026-04-30,Standard
M11584,Debit card,0.8,2026-05-01,,Growth
M11584,Netbanking,1.8,2026-02-24,2026-04-30,Standard
M11584,Netbanking,1.7,2026-05-01,,Growth
M11584,Wallet,1.9,2026-02-24,2026-04-30,Standard
M11584,Wallet,1.8,2026-05-01,,Growth
M11585,UPI,0.0,2026-02-24,,Standard
M11585,Credit card,2.0,2026-02-24,,Standard
M11585,Debit card,0.9,2026-02-24,,Standard
M11585,Netbanking,1.8,2026-02-24,,Standard
M11585,Wallet,1.9,2026-02-24,,Standard
M11586,UPI,0.0,2026-02-24,,Standard
M11586,Credit card,2.0,2026-02-24,,Standard
M11586,Debit card,0.9,2026-02-24,,Standard
M11586,Netbanking,1.8,2026-02-24,,Standard
M11586,Wallet,1.9,2026-02-24,,Standard
M11587,UPI,0.0,2026-02-25,,Standard
M11587,Credit card,2.0,2026-02-25,,Standard
M11587,Debit card,0.9,2026-02-25,,Standard
M11587,Netbanking,1.8,2026-02-25,,Standard
M11587,Wallet,1.9,2026-02-25,,Standard
M11588,UPI,0.0,2026-02-26,,Standard
M11588,Credit card,2.0,2026-02-26,,Standard
M11588,Debit card,0.9,2026-02-26,,Standard
M11588,Netbanking,1.8,2026-02-26,,Standard
M11588,Wallet,1.9,2026-02-26,,Standard
M11589,UPI,0.0,2026-02-27,,Standard
M11589,Credit card,2.0,2026-02-27,,Standard
M11589,Debit card,0.9,2026-02-27,,Standard
M11589,Netbanking,1.8,2026-02-27,,Standard
M11589,Wallet,1.9,2026-02-27,,Standard
M11590,UPI,0.0,2026-02-28,,Standard
M11590,Credit card,2.0,2026-02-28,,Standard
M11590,Debit card,0.9,2026-02-28,,Standard
M11590,Netbanking,1.8,2026-02-28,,Standard
M11590,Wallet,1.9,2026-02-28,,Standard
M11591,UPI,0.0,2026-03-01,,Enterprise
M11591,Credit card,1.51,2026-03-01,,Enterprise
M11591,Debit card,0.61,2026-03-01,,Enterprise
M11591,Netbanking,1.31,2026-03-01,,Enterprise
M11591,Wallet,1.41,2026-03-01,,Enterprise
M11592,UPI,0.0,2026-03-01,2026-04-30,Standard
M11592,UPI,0.0,2026-05-01,,Growth
M11592,Credit card,2.0,2026-03-01,2026-04-30,Standard
M11592,Credit card,1.9,2026-05-01,,Growth
M11592,Debit card,0.9,2026-03-01,2026-04-30,Standard
M11592,Debit card,0.8,2026-05-01,,Growth
M11592,Netbanking,1.8,2026-03-01,2026-04-30,Standard
M11592,Netbanking,1.7,2026-05-01,,Growth
M11592,Wallet,1.9,2026-03-01,2026-04-30,Standard
M11592,Wallet,1.8,2026-05-01,,Growth
M11593,UPI,0.0,2026-03-02,2026-04-30,Standard
M11593,UPI,0.0,2026-05-01,,Growth
M11593,Credit card,2.0,2026-03-02,2026-04-30,Standard
M11593,Credit card,1.9,2026-05-01,,Growth
M11593,Debit card,0.9,2026-03-02,2026-04-30,Standard
M11593,Debit card,0.8,2026-05-01,,Growth
M11593,Netbanking,1.8,2026-03-02,2026-04-30,Standard
M11593,Netbanking,1.7,2026-05-01,,Growth
M11593,Wallet,1.9,2026-03-02,2026-04-30,Standard
M11593,Wallet,1.8,2026-05-01,,Growth
M11594,UPI,0.0,2026-03-02,,Standard
M11594,Credit card,2.0,2026-03-02,,Standard
M11594,Debit card,0.9,2026-03-02,,Standard
M11594,Netbanking,1.8,2026-03-02,,Standard
M11594,Wallet,1.9,2026-03-02,,Standard
M11595,UPI,0.0,2026-03-03,,Standard
M11595,Credit card,2.0,2026-03-03,,Standard
M11595,Debit card,0.9,2026-03-03,,Standard
M11595,Netbanking,1.8,2026-03-03,,Standard
M11595,Wallet,1.9,2026-03-03,,Standard
M11596,UPI,0.0,2026-03-03,2026-04-30,Standard
M11596,UPI,0.0,2026-05-01,,Growth
M11596,Credit card,2.0,2026-03-03,2026-04-30,Standard
M11596,Credit card,1.9,2026-05-01,,Growth
M11596,Debit card,0.9,2026-03-03,2026-04-30,Standard
M11596,Debit card,0.8,2026-05-01,,Growth
M11596,Netbanking,1.8,2026-03-03,2026-04-30,Standard
M11596,Netbanking,1.7,2026-05-01,,Growth
M11596,Wallet,1.9,2026-03-03,2026-04-30,Standard
M11596,Wallet,1.8,2026-05-01,,Growth
M11597,UPI,0.0,2026-03-05,2026-04-30,Standard
M11597,UPI,0.0,2026-05-01,,Growth
M11597,Credit card,2.0,2026-03-05,2026-04-30,Standard
M11597,Credit card,1.9,2026-05-01,,Growth
M11597,Debit card,0.9,2026-03-05,2026-04-30,Standard
M11597,Debit card,0.8,2026-05-01,,Growth
M11597,Netbanking,1.8,2026-03-05,2026-04-30,Standard
M11597,Netbanking,1.7,2026-05-01,,Growth
M11597,Wallet,1.9,2026-03-05,2026-04-30,Standard
M11597,Wallet,1.8,2026-05-01,,Growth
M11598,UPI,0.0,2026-03-05,2026-04-30,Standard
M11598,UPI,0.0,2026-05-01,,Growth
M11598,Credit card,2.0,2026-03-05,2026-04-30,Standard
M11598,Credit card,1.9,2026-05-01,,Growth
M11598,Debit card,0.9,2026-03-05,2026-04-30,Standard
M11598,Debit card,0.8,2026-05-01,,Growth
M11598,Netbanking,1.8,2026-03-05,2026-04-30,Standard
M11598,Netbanking,1.7,2026-05-01,,Growth
M11598,Wallet,1.9,2026-03-05,2026-04-30,Standard
M11598,Wallet,1.8,2026-05-01,,Growth
M11599,UPI,0.0,2026-03-05,,Standard
M11599,Credit card,2.0,2026-03-05,,Standard
M11599,Debit card,0.9,2026-03-05,,Standard
M11599,Netbanking,1.8,2026-03-05,,Standard
M11599,Wallet,1.9,2026-03-05,,Standard
M11600,UPI,0.0,2026-03-06,,Standard
M11600,Credit card,2.0,2026-03-06,,Standard
M11600,Debit card,0.9,2026-03-06,,Standard
M11600,Netbanking,1.8,2026-03-06,,Standard
M11600,Wallet,1.9,2026-03-06,,Standard
M11601,UPI,0.0,2026-03-06,,Standard
M11601,Credit card,2.0,2026-03-06,,Standard
M11601,Debit card,0.9,2026-03-06,,Standard
M11601,Netbanking,1.8,2026-03-06,,Standard
M11601,Wallet,1.9,2026-03-06,,Standard
M11602,UPI,0.0,2026-03-07,,Standard
M11602,Credit card,2.0,2026-03-07,,Standard
M11602,Debit card,0.9,2026-03-07,,Standard
M11602,Netbanking,1.8,2026-03-07,,Standard
M11602,Wallet,1.9,2026-03-07,,Standard
M11603,UPI,0.0,2026-03-07,,Standard
M11603,Credit card,2.0,2026-03-07,,Standard
M11603,Debit card,0.9,2026-03-07,,Standard
M11603,Netbanking,1.8,2026-03-07,,Standard
M11603,Wallet,1.9,2026-03-07,,Standard
M11604,UPI,0.0,2026-03-08,,Standard
M11604,Credit card,2.0,2026-03-08,,Standard
M11604,Debit card,0.9,2026-03-08,,Standard
M11604,Netbanking,1.8,2026-03-08,,Standard
M11604,Wallet,1.9,2026-03-08,,Standard
M11605,UPI,0.0,2026-03-08,,Standard
M11605,Credit card,2.0,2026-03-08,,Standard
M11605,Debit card,0.9,2026-03-08,,Standard
M11605,Netbanking,1.8,2026-03-08,,Standard
M11605,Wallet,1.9,2026-03-08,,Standard
M11606,UPI,0.0,2026-03-08,2026-04-30,Standard
M11606,UPI,0.0,2026-05-01,,Growth
M11606,Credit card,2.0,2026-03-08,2026-04-30,Standard
M11606,Credit card,1.9,2026-05-01,,Growth
M11606,Debit card,0.9,2026-03-08,2026-04-30,Standard
M11606,Debit card,0.8,2026-05-01,,Growth
M11606,Netbanking,1.8,2026-03-08,2026-04-30,Standard
M11606,Netbanking,1.7,2026-05-01,,Growth
M11606,Wallet,1.9,2026-03-08,2026-04-30,Standard
M11606,Wallet,1.8,2026-05-01,,Growth
M11607,UPI,0.0,2026-03-09,,Standard
M11607,Credit card,2.0,2026-03-09,,Standard
M11607,Debit card,0.9,2026-03-09,,Standard
M11607,Netbanking,1.8,2026-03-09,,Standard
M11607,Wallet,1.9,2026-03-09,,Standard
M11608,UPI,0.0,2026-03-09,,Standard
M11608,Credit card,2.0,2026-03-09,,Standard
M11608,Debit card,0.9,2026-03-09,,Standard
M11608,Netbanking,1.8,2026-03-09,,Standard
M11608,Wallet,1.9,2026-03-09,,Standard
M11609,UPI,0.0,2026-03-09,,Standard
M11609,Credit card,2.0,2026-03-09,,Standard
M11609,Debit card,0.9,2026-03-09,,Standard
M11609,Netbanking,1.8,2026-03-09,,Standard
M11609,Wallet,1.9,2026-03-09,,Standard
M11610,UPI,0.0,2026-03-10,,Standard
M11610,Credit card,2.0,2026-03-10,,Standard
M11610,Debit card,0.9,2026-03-10,,Standard
M11610,Netbanking,1.8,2026-03-10,,Standard
M11610,Wallet,1.9,2026-03-10,,Standard
M11611,UPI,0.0,2026-03-10,,Standard
M11611,Credit card,2.0,2026-03-10,,Standard
M11611,Debit card,0.9,2026-03-10,,Standard
M11611,Netbanking,1.8,2026-03-10,,Standard
M11611,Wallet,1.9,2026-03-10,,Standard
M11612,UPI,0.0,2026-03-10,,Standard
M11612,Credit card,2.0,2026-03-10,,Standard
M11612,Debit card,0.9,2026-03-10,,Standard
M11612,Netbanking,1.8,2026-03-10,,Standard
M11612,Wallet,1.9,2026-03-10,,Standard
M11613,UPI,0.0,2026-03-10,,Standard
M11613,Credit card,2.0,2026-03-10,,Standard
M11613,Debit card,0.9,2026-03-10,,Standard
M11613,Netbanking,1.8,2026-03-10,,Standard
M11613,Wallet,1.9,2026-03-10,,Standard
M11614,UPI,0.0,2026-03-12,,Standard
M11614,Credit card,2.0,2026-03-12,,Standard
M11614,Debit card,0.9,2026-03-12,,Standard
M11614,Netbanking,1.8,2026-03-12,,Standard
M11614,Wallet,1.9,2026-03-12,,Standard
M11615,UPI,0.0,2026-03-13,,Standard
M11615,Credit card,2.0,2026-03-13,,Standard
M11615,Debit card,0.9,2026-03-13,,Standard
M11615,Netbanking,1.8,2026-03-13,,Standard
M11615,Wallet,1.9,2026-03-13,,Standard
M11616,UPI,0.0,2026-03-13,,Enterprise
M11616,Credit card,1.49,2026-03-13,,Enterprise
M11616,Debit card,0.59,2026-03-13,,Enterprise
M11616,Netbanking,1.29,2026-03-13,,Enterprise
M11616,Wallet,1.39,2026-03-13,,Enterprise
M11617,UPI,0.0,2026-03-13,,Standard
M11617,Credit card,2.0,2026-03-13,,Standard
M11617,Debit card,0.9,2026-03-13,,Standard
M11617,Netbanking,1.8,2026-03-13,,Standard
M11617,Wallet,1.9,2026-03-13,,Standard
M11618,UPI,0.0,2026-03-13,,Standard
M11618,Credit card,2.0,2026-03-13,,Standard
M11618,Debit card,0.9,2026-03-13,,Standard
M11618,Netbanking,1.8,2026-03-13,,Standard
M11618,Wallet,1.9,2026-03-13,,Standard
M11619,UPI,0.0,2026-03-13,,Standard
M11619,Credit card,2.0,2026-03-13,,Standard
M11619,Debit card,0.9,2026-03-13,,Standard
M11619,Netbanking,1.8,2026-03-13,,Standard
M11619,Wallet,1.9,2026-03-13,,Standard
M11620,UPI,0.0,2026-03-13,,Standard
M11620,Credit card,2.0,2026-03-13,,Standard
M11620,Debit card,0.9,2026-03-13,,Standard
M11620,Netbanking,1.8,2026-03-13,,Standard
M11620,Wallet,1.9,2026-03-13,,Standard
M11621,UPI,0.0,2026-03-14,,Standard
M11621,Credit card,2.0,2026-03-14,,Standard
M11621,Debit card,0.9,2026-03-14,,Standard
M11621,Netbanking,1.8,2026-03-14,,Standard
M11621,Wallet,1.9,2026-03-14,,Standard
M11622,UPI,0.0,2026-03-14,,Standard
M11622,Credit card,2.0,2026-03-14,,Standard
M11622,Debit card,0.9,2026-03-14,,Standard
M11622,Netbanking,1.8,2026-03-14,,Standard
M11622,Wallet,1.9,2026-03-14,,Standard
M11623,UPI,0.0,2026-03-15,,Standard
M11623,Credit card,2.0,2026-03-15,,Standard
M11623,Debit card,0.9,2026-03-15,,Standard
M11623,Netbanking,1.8,2026-03-15,,Standard
M11623,Wallet,1.9,2026-03-15,,Standard
M11624,UPI,0.0,2026-03-15,,Standard
M11624,Credit card,2.0,2026-03-15,,Standard
M11624,Debit card,0.9,2026-03-15,,Standard
M11624,Netbanking,1.8,2026-03-15,,Standard
M11624,Wallet,1.9,2026-03-15,,Standard
M11625,UPI,0.0,2026-03-15,,Standard
M11625,Credit card,2.0,2026-03-15,,Standard
M11625,Debit card,0.9,2026-03-15,,Standard
M11625,Netbanking,1.8,2026-03-15,,Standard
M11625,Wallet,1.9,2026-03-15,,Standard
M11626,UPI,0.0,2026-03-16,2026-04-30,Standard
M11626,UPI,0.0,2026-05-01,,Growth
M11626,Credit card,2.0,2026-03-16,2026-04-30,Standard
M11626,Credit card,1.9,2026-05-01,,Growth
M11626,Debit card,0.9,2026-03-16,2026-04-30,Standard
M11626,Debit card,0.8,2026-05-01,,Growth
M11626,Netbanking,1.8,2026-03-16,2026-04-30,Standard
M11626,Netbanking,1.7,2026-05-01,,Growth
M11626,Wallet,1.9,2026-03-16,2026-04-30,Standard
M11626,Wallet,1.8,2026-05-01,,Growth
M11627,UPI,0.0,2026-03-17,,Standard
M11627,Credit card,2.0,2026-03-17,,Standard
M11627,Debit card,0.9,2026-03-17,,Standard
M11627,Netbanking,1.8,2026-03-17,,Standard
M11627,Wallet,1.9,2026-03-17,,Standard
M11628,UPI,0.0,2026-03-17,,Standard
M11628,Credit card,2.0,2026-03-17,,Standard
M11628,Debit card,0.9,2026-03-17,,Standard
M11628,Netbanking,1.8,2026-03-17,,Standard
M11628,Wallet,1.9,2026-03-17,,Standard
M11629,UPI,0.0,2026-03-17,2026-04-30,Standard
M11629,UPI,0.0,2026-05-01,,Growth
M11629,Credit card,2.0,2026-03-17,2026-04-30,Standard
M11629,Credit card,1.9,2026-05-01,,Growth
M11629,Debit card,0.9,2026-03-17,2026-04-30,Standard
M11629,Debit card,0.8,2026-05-01,,Growth
M11629,Netbanking,1.8,2026-03-17,2026-04-30,Standard
M11629,Netbanking,1.7,2026-05-01,,Growth
M11629,Wallet,1.9,2026-03-17,2026-04-30,Standard
M11629,Wallet,1.8,2026-05-01,,Growth
M11630,UPI,0.0,2026-03-17,,Standard
M11630,Credit card,2.0,2026-03-17,,Standard
M11630,Debit card,0.9,2026-03-17,,Standard
M11630,Netbanking,1.8,2026-03-17,,Standard
M11630,Wallet,1.9,2026-03-17,,Standard
M11631,UPI,0.0,2026-03-17,,Standard
M11631,Credit card,2.0,2026-03-17,,Standard
M11631,Debit card,0.9,2026-03-17,,Standard
M11631,Netbanking,1.8,2026-03-17,,Standard
M11631,Wallet,1.9,2026-03-17,,Standard
M11632,UPI,0.0,2026-03-19,2026-04-30,Standard
M11632,UPI,0.0,2026-05-01,,Growth
M11632,Credit card,2.0,2026-03-19,2026-04-30,Standard
M11632,Credit card,1.9,2026-05-01,,Growth
M11632,Debit card,0.9,2026-03-19,2026-04-30,Standard
M11632,Debit card,0.8,2026-05-01,,Growth
M11632,Netbanking,1.8,2026-03-19,2026-04-30,Standard
M11632,Netbanking,1.7,2026-05-01,,Growth
M11632,Wallet,1.9,2026-03-19,2026-04-30,Standard
M11632,Wallet,1.8,2026-05-01,,Growth
M11633,UPI,0.0,2026-03-19,,Standard
M11633,Credit card,2.0,2026-03-19,,Standard
M11633,Debit card,0.9,2026-03-19,,Standard
M11633,Netbanking,1.8,2026-03-19,,Standard
M11633,Wallet,1.9,2026-03-19,,Standard
M11634,UPI,0.0,2026-03-19,,Standard
M11634,Credit card,2.0,2026-03-19,,Standard
M11634,Debit card,0.9,2026-03-19,,Standard
M11634,Netbanking,1.8,2026-03-19,,Standard
M11634,Wallet,1.9,2026-03-19,,Standard
M11635,UPI,0.0,2026-03-20,,Standard
M11635,Credit card,2.0,2026-03-20,,Standard
M11635,Debit card,0.9,2026-03-20,,Standard
M11635,Netbanking,1.8,2026-03-20,,Standard
M11635,Wallet,1.9,2026-03-20,,Standard
M11636,UPI,0.0,2026-03-20,,Standard
M11636,Credit card,2.0,2026-03-20,,Standard
M11636,Debit card,0.9,2026-03-20,,Standard
M11636,Netbanking,1.8,2026-03-20,,Standard
M11636,Wallet,1.9,2026-03-20,,Standard
M11637,UPI,0.0,2026-03-20,2026-04-30,Standard
M11637,UPI,0.0,2026-05-01,,Growth
M11637,Credit card,2.0,2026-03-20,2026-04-30,Standard
M11637,Credit card,1.9,2026-05-01,,Growth
M11637,Debit card,0.9,2026-03-20,2026-04-30,Standard
M11637,Debit card,0.8,2026-05-01,,Growth
M11637,Netbanking,1.8,2026-03-20,2026-04-30,Standard
M11637,Netbanking,1.7,2026-05-01,,Growth
M11637,Wallet,1.9,2026-03-20,2026-04-30,Standard
M11637,Wallet,1.8,2026-05-01,,Growth
M11638,UPI,0.0,2026-03-20,,Standard
M11638,Credit card,2.0,2026-03-20,,Standard
M11638,Debit card,0.9,2026-03-20,,Standard
M11638,Netbanking,1.8,2026-03-20,,Standard
M11638,Wallet,1.9,2026-03-20,,Standard
M11639,UPI,0.0,2026-03-20,,Standard
M11639,Credit card,2.0,2026-03-20,,Standard
M11639,Debit card,0.9,2026-03-20,,Standard
M11639,Netbanking,1.8,2026-03-20,,Standard
M11639,Wallet,1.9,2026-03-20,,Standard
M11640,UPI,0.0,2026-03-20,,Standard
M11640,Credit card,2.0,2026-03-20,,Standard
M11640,Debit card,0.9,2026-03-20,,Standard
M11640,Netbanking,1.8,2026-03-20,,Standard
M11640,Wallet,1.9,2026-03-20,,Standard
M11641,UPI,0.0,2026-03-21,2026-04-30,Standard
M11641,UPI,0.0,2026-05-01,,Growth
M11641,Credit card,2.0,2026-03-21,2026-04-30,Standard
M11641,Credit card,1.9,2026-05-01,,Growth
M11641,Debit card,0.9,2026-03-21,2026-04-30,Standard
M11641,Debit card,0.8,2026-05-01,,Growth
M11641,Netbanking,1.8,2026-03-21,2026-04-30,Standard
M11641,Netbanking,1.7,2026-05-01,,Growth
M11641,Wallet,1.9,2026-03-21,2026-04-30,Standard
M11641,Wallet,1.8,2026-05-01,,Growth
M11642,UPI,0.0,2026-03-22,,Standard
M11642,Credit card,2.0,2026-03-22,,Standard
M11642,Debit card,0.9,2026-03-22,,Standard
M11642,Netbanking,1.8,2026-03-22,,Standard
M11642,Wallet,1.9,2026-03-22,,Standard
M11643,UPI,0.0,2026-03-22,,Standard
M11643,Credit card,2.0,2026-03-22,,Standard
M11643,Debit card,0.9,2026-03-22,,Standard
M11643,Netbanking,1.8,2026-03-22,,Standard
M11643,Wallet,1.9,2026-03-22,,Standard
M11644,UPI,0.0,2026-03-22,2026-04-30,Standard
M11644,UPI,0.0,2026-05-01,,Growth
M11644,Credit card,2.0,2026-03-22,2026-04-30,Standard
M11644,Credit card,1.9,2026-05-01,,Growth
M11644,Debit card,0.9,2026-03-22,2026-04-30,Standard
M11644,Debit card,0.8,2026-05-01,,Growth
M11644,Netbanking,1.8,2026-03-22,2026-04-30,Standard
M11644,Netbanking,1.7,2026-05-01,,Growth
M11644,Wallet,1.9,2026-03-22,2026-04-30,Standard
M11644,Wallet,1.8,2026-05-01,,Growth
M11645,UPI,0.0,2026-03-22,,Standard
M11645,Credit card,2.0,2026-03-22,,Standard
M11645,Debit card,0.9,2026-03-22,,Standard
M11645,Netbanking,1.8,2026-03-22,,Standard
M11645,Wallet,1.9,2026-03-22,,Standard
M11646,UPI,0.0,2026-03-23,,Enterprise
M11646,Credit card,1.54,2026-03-23,,Enterprise
M11646,Debit card,0.64,2026-03-23,,Enterprise
M11646,Netbanking,1.34,2026-03-23,,Enterprise
M11646,Wallet,1.44,2026-03-23,,Enterprise
M11647,UPI,0.0,2026-03-24,2026-04-30,Standard
M11647,UPI,0.0,2026-05-01,,Growth
M11647,Credit card,2.0,2026-03-24,2026-04-30,Standard
M11647,Credit card,1.9,2026-05-01,,Growth
M11647,Debit card,0.9,2026-03-24,2026-04-30,Standard
M11647,Debit card,0.8,2026-05-01,,Growth
M11647,Netbanking,1.8,2026-03-24,2026-04-30,Standard
M11647,Netbanking,1.7,2026-05-01,,Growth
M11647,Wallet,1.9,2026-03-24,2026-04-30,Standard
M11647,Wallet,1.8,2026-05-01,,Growth
M11648,UPI,0.0,2026-03-24,,Standard
M11648,Credit card,2.0,2026-03-24,,Standard
M11648,Debit card,0.9,2026-03-24,,Standard
M11648,Netbanking,1.8,2026-03-24,,Standard
M11648,Wallet,1.9,2026-03-24,,Standard
M11649,UPI,0.0,2026-03-25,2026-04-30,Standard
M11649,UPI,0.0,2026-05-01,,Growth
M11649,Credit card,2.0,2026-03-25,2026-04-30,Standard
M11649,Credit card,1.9,2026-05-01,,Growth
M11649,Debit card,0.9,2026-03-25,2026-04-30,Standard
M11649,Debit card,0.8,2026-05-01,,Growth
M11649,Netbanking,1.8,2026-03-25,2026-04-30,Standard
M11649,Netbanking,1.7,2026-05-01,,Growth
M11649,Wallet,1.9,2026-03-25,2026-04-30,Standard
M11649,Wallet,1.8,2026-05-01,,Growth
M11650,UPI,0.0,2026-03-25,,Standard
M11650,Credit card,2.0,2026-03-25,,Standard
M11650,Debit card,0.9,2026-03-25,,Standard
M11650,Netbanking,1.8,2026-03-25,,Standard
M11650,Wallet,1.9,2026-03-25,,Standard
M11651,UPI,0.0,2026-03-25,,Standard
M11651,Credit card,2.0,2026-03-25,,Standard
M11651,Debit card,0.9,2026-03-25,,Standard
M11651,Netbanking,1.8,2026-03-25,,Standard
M11651,Wallet,1.9,2026-03-25,,Standard
M11652,UPI,0.0,2026-03-25,,Standard
M11652,Credit card,2.0,2026-03-25,,Standard
M11652,Debit card,0.9,2026-03-25,,Standard
M11652,Netbanking,1.8,2026-03-25,,Standard
M11652,Wallet,1.9,2026-03-25,,Standard
M11653,UPI,0.0,2026-03-26,,Standard
M11653,Credit card,2.0,2026-03-26,,Standard
M11653,Debit card,0.9,2026-03-26,,Standard
M11653,Netbanking,1.8,2026-03-26,,Standard
M11653,Wallet,1.9,2026-03-26,,Standard
M11654,UPI,0.0,2026-03-27,2026-04-30,Standard
M11654,UPI,0.0,2026-05-01,,Growth
M11654,Credit card,2.0,2026-03-27,2026-04-30,Standard
M11654,Credit card,1.9,2026-05-01,,Growth
M11654,Debit card,0.9,2026-03-27,2026-04-30,Standard
M11654,Debit card,0.8,2026-05-01,,Growth
M11654,Netbanking,1.8,2026-03-27,2026-04-30,Standard
M11654,Netbanking,1.7,2026-05-01,,Growth
M11654,Wallet,1.9,2026-03-27,2026-04-30,Standard
M11654,Wallet,1.8,2026-05-01,,Growth
M11655,UPI,0.0,2026-03-27,,Standard
M11655,Credit card,2.0,2026-03-27,,Standard
M11655,Debit card,0.9,2026-03-27,,Standard
M11655,Netbanking,1.8,2026-03-27,,Standard
M11655,Wallet,1.9,2026-03-27,,Standard
M11656,UPI,0.0,2026-03-27,,Standard
M11656,Credit card,2.0,2026-03-27,,Standard
M11656,Debit card,0.9,2026-03-27,,Standard
M11656,Netbanking,1.8,2026-03-27,,Standard
M11656,Wallet,1.9,2026-03-27,,Standard
M11657,UPI,0.0,2026-03-27,,Standard
M11657,Credit card,2.0,2026-03-27,,Standard
M11657,Debit card,0.9,2026-03-27,,Standard
M11657,Netbanking,1.8,2026-03-27,,Standard
M11657,Wallet,1.9,2026-03-27,,Standard
M11658,UPI,0.0,2026-03-28,2026-04-30,Standard
M11658,UPI,0.0,2026-05-01,,Growth
M11658,Credit card,2.0,2026-03-28,2026-04-30,Standard
M11658,Credit card,1.9,2026-05-01,,Growth
M11658,Debit card,0.9,2026-03-28,2026-04-30,Standard
M11658,Debit card,0.8,2026-05-01,,Growth
M11658,Netbanking,1.8,2026-03-28,2026-04-30,Standard
M11658,Netbanking,1.7,2026-05-01,,Growth
M11658,Wallet,1.9,2026-03-28,2026-04-30,Standard
M11658,Wallet,1.8,2026-05-01,,Growth
M11659,UPI,0.0,2026-03-29,,Standard
M11659,Credit card,2.0,2026-03-29,,Standard
M11659,Debit card,0.9,2026-03-29,,Standard
M11659,Netbanking,1.8,2026-03-29,,Standard
M11659,Wallet,1.9,2026-03-29,,Standard
M11660,UPI,0.0,2026-03-29,,Standard
M11660,Credit card,2.0,2026-03-29,,Standard
M11660,Debit card,0.9,2026-03-29,,Standard
M11660,Netbanking,1.8,2026-03-29,,Standard
M11660,Wallet,1.9,2026-03-29,,Standard
M11661,UPI,0.0,2026-03-29,,Standard
M11661,Credit card,2.0,2026-03-29,,Standard
M11661,Debit card,0.9,2026-03-29,,Standard
M11661,Netbanking,1.8,2026-03-29,,Standard
M11661,Wallet,1.9,2026-03-29,,Standard
M11662,UPI,0.0,2026-03-29,2026-04-30,Standard
M11662,UPI,0.0,2026-05-01,,Growth
M11662,Credit card,2.0,2026-03-29,2026-04-30,Standard
M11662,Credit card,1.9,2026-05-01,,Growth
M11662,Debit card,0.9,2026-03-29,2026-04-30,Standard
M11662,Debit card,0.8,2026-05-01,,Growth
M11662,Netbanking,1.8,2026-03-29,2026-04-30,Standard
M11662,Netbanking,1.7,2026-05-01,,Growth
M11662,Wallet,1.9,2026-03-29,2026-04-30,Standard
M11662,Wallet,1.8,2026-05-01,,Growth
M11663,UPI,0.0,2026-03-29,2026-04-30,Standard
M11663,UPI,0.0,2026-05-01,,Growth
M11663,Credit card,2.0,2026-03-29,2026-04-30,Standard
M11663,Credit card,1.9,2026-05-01,,Growth
M11663,Debit card,0.9,2026-03-29,2026-04-30,Standard
M11663,Debit card,0.8,2026-05-01,,Growth
M11663,Netbanking,1.8,2026-03-29,2026-04-30,Standard
M11663,Netbanking,1.7,2026-05-01,,Growth
M11663,Wallet,1.9,2026-03-29,2026-04-30,Standard
M11663,Wallet,1.8,2026-05-01,,Growth
M11664,UPI,0.0,2026-03-30,,Standard
M11664,Credit card,2.0,2026-03-30,,Standard
M11664,Debit card,0.9,2026-03-30,,Standard
M11664,Netbanking,1.8,2026-03-30,,Standard
M11664,Wallet,1.9,2026-03-30,,Standard
M11665,UPI,0.0,2026-03-30,,Standard
M11665,Credit card,2.0,2026-03-30,,Standard
M11665,Debit card,0.9,2026-03-30,,Standard
M11665,Netbanking,1.8,2026-03-30,,Standard
M11665,Wallet,1.9,2026-03-30,,Standard
M11666,UPI,0.0,2026-03-30,,Standard
M11666,Credit card,2.0,2026-03-30,,Standard
M11666,Debit card,0.9,2026-03-30,,Standard
M11666,Netbanking,1.8,2026-03-30,,Standard
M11666,Wallet,1.9,2026-03-30,,Standard
M11667,UPI,0.0,2026-03-31,,Standard
M11667,Credit card,2.0,2026-03-31,,Standard
M11667,Debit card,0.9,2026-03-31,,Standard
M11667,Netbanking,1.8,2026-03-31,,Standard
M11667,Wallet,1.9,2026-03-31,,Standard
M11668,UPI,0.0,2026-03-31,,Standard
M11668,Credit card,2.0,2026-03-31,,Standard
M11668,Debit card,0.9,2026-03-31,,Standard
M11668,Netbanking,1.8,2026-03-31,,Standard
M11668,Wallet,1.9,2026-03-31,,Standard
M11669,UPI,0.0,2026-03-31,2026-04-30,Standard
M11669,UPI,0.0,2026-05-01,,Growth
M11669,Credit card,2.0,2026-03-31,2026-04-30,Standard
M11669,Credit card,1.9,2026-05-01,,Growth
M11669,Debit card,0.9,2026-03-31,2026-04-30,Standard
M11669,Debit card,0.8,2026-05-01,,Growth
M11669,Netbanking,1.8,2026-03-31,2026-04-30,Standard
M11669,Netbanking,1.7,2026-05-01,,Growth
M11669,Wallet,1.9,2026-03-31,2026-04-30,Standard
M11669,Wallet,1.8,2026-05-01,,Growth
M11670,UPI,0.0,2026-03-31,,Standard
M11670,Credit card,2.0,2026-03-31,,Standard
M11670,Debit card,0.9,2026-03-31,,Standard
M11670,Netbanking,1.8,2026-03-31,,Standard
M11670,Wallet,1.9,2026-03-31,,Standard
M11671,UPI,0.0,2026-04-01,,Standard
M11671,Credit card,2.0,2026-04-01,,Standard
M11671,Debit card,0.9,2026-04-01,,Standard
M11671,Netbanking,1.8,2026-04-01,,Standard
M11671,Wallet,1.9,2026-04-01,,Standard
M11672,UPI,0.0,2026-04-01,,Standard
M11672,Credit card,2.0,2026-04-01,,Standard
M11672,Debit card,0.9,2026-04-01,,Standard
M11672,Netbanking,1.8,2026-04-01,,Standard
M11672,Wallet,1.9,2026-04-01,,Standard
M11673,UPI,0.0,2026-04-01,2026-04-30,Standard
M11673,UPI,0.0,2026-05-01,,Growth
M11673,Credit card,2.0,2026-04-01,2026-04-30,Standard
M11673,Credit card,1.9,2026-05-01,,Growth
M11673,Debit card,0.9,2026-04-01,2026-04-30,Standard
M11673,Debit card,0.8,2026-05-01,,Growth
M11673,Netbanking,1.8,2026-04-01,2026-04-30,Standard
M11673,Netbanking,1.7,2026-05-01,,Growth
M11673,Wallet,1.9,2026-04-01,2026-04-30,Standard
M11673,Wallet,1.8,2026-05-01,,Growth
M11674,UPI,0.0,2026-04-01,,Standard
M11674,Credit card,2.0,2026-04-01,,Standard
M11674,Debit card,0.9,2026-04-01,,Standard
M11674,Netbanking,1.8,2026-04-01,,Standard
M11674,Wallet,1.9,2026-04-01,,Standard
M11675,UPI,0.0,2026-04-03,,Standard
M11675,Credit card,2.0,2026-04-03,,Standard
M11675,Debit card,0.9,2026-04-03,,Standard
M11675,Netbanking,1.8,2026-04-03,,Standard
M11675,Wallet,1.9,2026-04-03,,Standard
M11676,UPI,0.0,2026-04-03,,Standard
M11676,Credit card,2.0,2026-04-03,,Standard
M11676,Debit card,0.9,2026-04-03,,Standard
M11676,Netbanking,1.8,2026-04-03,,Standard
M11676,Wallet,1.9,2026-04-03,,Standard
M11677,UPI,0.0,2026-04-03,2026-04-30,Standard
M11677,UPI,0.0,2026-05-01,,Growth
M11677,Credit card,2.0,2026-04-03,2026-04-30,Standard
M11677,Credit card,1.9,2026-05-01,,Growth
M11677,Debit card,0.9,2026-04-03,2026-04-30,Standard
M11677,Debit card,0.8,2026-05-01,,Growth
M11677,Netbanking,1.8,2026-04-03,2026-04-30,Standard
M11677,Netbanking,1.7,2026-05-01,,Growth
M11677,Wallet,1.9,2026-04-03,2026-04-30,Standard
M11677,Wallet,1.8,2026-05-01,,Growth
M11678,UPI,0.0,2026-04-03,,Standard
M11678,Credit card,2.0,2026-04-03,,Standard
M11678,Debit card,0.9,2026-04-03,,Standard
M11678,Netbanking,1.8,2026-04-03,,Standard
M11678,Wallet,1.9,2026-04-03,,Standard
M11679,UPI,0.0,2026-04-04,,Standard
M11679,Credit card,2.0,2026-04-04,,Standard
M11679,Debit card,0.9,2026-04-04,,Standard
M11679,Netbanking,1.8,2026-04-04,,Standard
M11679,Wallet,1.9,2026-04-04,,Standard
M11680,UPI,0.0,2026-04-04,2026-04-30,Standard
M11680,UPI,0.0,2026-05-01,,Growth
M11680,Credit card,2.0,2026-04-04,2026-04-30,Standard
M11680,Credit card,1.9,2026-05-01,,Growth
M11680,Debit card,0.9,2026-04-04,2026-04-30,Standard
M11680,Debit card,0.8,2026-05-01,,Growth
M11680,Netbanking,1.8,2026-04-04,2026-04-30,Standard
M11680,Netbanking,1.7,2026-05-01,,Growth
M11680,Wallet,1.9,2026-04-04,2026-04-30,Standard
M11680,Wallet,1.8,2026-05-01,,Growth
M11681,UPI,0.0,2026-04-04,2026-04-30,Standard
M11681,UPI,0.0,2026-05-01,,Growth
M11681,Credit card,2.0,2026-04-04,2026-04-30,Standard
M11681,Credit card,1.9,2026-05-01,,Growth
M11681,Debit card,0.9,2026-04-04,2026-04-30,Standard
M11681,Debit card,0.8,2026-05-01,,Growth
M11681,Netbanking,1.8,2026-04-04,2026-04-30,Standard
M11681,Netbanking,1.7,2026-05-01,,Growth
M11681,Wallet,1.9,2026-04-04,2026-04-30,Standard
M11681,Wallet,1.8,2026-05-01,,Growth
M11682,UPI,0.0,2026-04-04,,Standard
M11682,Credit card,2.0,2026-04-04,,Standard
M11682,Debit card,0.9,2026-04-04,,Standard
M11682,Netbanking,1.8,2026-04-04,,Standard
M11682,Wallet,1.9,2026-04-04,,Standard
M11683,UPI,0.0,2026-04-05,,Standard
M11683,Credit card,2.0,2026-04-05,,Standard
M11683,Debit card,0.9,2026-04-05,,Standard
M11683,Netbanking,1.8,2026-04-05,,Standard
M11683,Wallet,1.9,2026-04-05,,Standard
M11684,UPI,0.0,2026-04-06,,Standard
M11684,Credit card,2.0,2026-04-06,,Standard
M11684,Debit card,0.9,2026-04-06,,Standard
M11684,Netbanking,1.8,2026-04-06,,Standard
M11684,Wallet,1.9,2026-04-06,,Standard
M11685,UPI,0.0,2026-04-06,2026-04-30,Standard
M11685,UPI,0.0,2026-05-01,,Growth
M11685,Credit card,2.0,2026-04-06,2026-04-30,Standard
M11685,Credit card,1.9,2026-05-01,,Growth
M11685,Debit card,0.9,2026-04-06,2026-04-30,Standard
M11685,Debit card,0.8,2026-05-01,,Growth
M11685,Netbanking,1.8,2026-04-06,2026-04-30,Standard
M11685,Netbanking,1.7,2026-05-01,,Growth
M11685,Wallet,1.9,2026-04-06,2026-04-30,Standard
M11685,Wallet,1.8,2026-05-01,,Growth
M11686,UPI,0.0,2026-04-07,,Standard
M11686,Credit card,2.0,2026-04-07,,Standard
M11686,Debit card,0.9,2026-04-07,,Standard
M11686,Netbanking,1.8,2026-04-07,,Standard
M11686,Wallet,1.9,2026-04-07,,Standard
M11687,UPI,0.0,2026-04-07,,Standard
M11687,Credit card,2.0,2026-04-07,,Standard
M11687,Debit card,0.9,2026-04-07,,Standard
M11687,Netbanking,1.8,2026-04-07,,Standard
M11687,Wallet,1.9,2026-04-07,,Standard
M11688,UPI,0.0,2026-04-07,,Standard
M11688,Credit card,2.0,2026-04-07,,Standard
M11688,Debit card,0.9,2026-04-07,,Standard
M11688,Netbanking,1.8,2026-04-07,,Standard
M11688,Wallet,1.9,2026-04-07,,Standard
M11689,UPI,0.0,2026-04-08,,Standard
M11689,Credit card,2.0,2026-04-08,,Standard
M11689,Debit card,0.9,2026-04-08,,Standard
M11689,Netbanking,1.8,2026-04-08,,Standard
M11689,Wallet,1.9,2026-04-08,,Standard
M11690,UPI,0.0,2026-04-08,,Standard
M11690,Credit card,2.0,2026-04-08,,Standard
M11690,Debit card,0.9,2026-04-08,,Standard
M11690,Netbanking,1.8,2026-04-08,,Standard
M11690,Wallet,1.9,2026-04-08,,Standard
M11691,UPI,0.0,2026-04-08,,Standard
M11691,Credit card,2.0,2026-04-08,,Standard
M11691,Debit card,0.9,2026-04-08,,Standard
M11691,Netbanking,1.8,2026-04-08,,Standard
M11691,Wallet,1.9,2026-04-08,,Standard
M11692,UPI,0.0,2026-04-09,,Standard
M11692,Credit card,2.0,2026-04-09,,Standard
M11692,Debit card,0.9,2026-04-09,,Standard
M11692,Netbanking,1.8,2026-04-09,,Standard
M11692,Wallet,1.9,2026-04-09,,Standard
M11693,UPI,0.0,2026-04-11,,Standard
M11693,Credit card,2.0,2026-04-11,,Standard
M11693,Debit card,0.9,2026-04-11,,Standard
M11693,Netbanking,1.8,2026-04-11,,Standard
M11693,Wallet,1.9,2026-04-11,,Standard
M11694,UPI,0.0,2026-04-11,,Standard
M11694,Credit card,2.0,2026-04-11,,Standard
M11694,Debit card,0.9,2026-04-11,,Standard
M11694,Netbanking,1.8,2026-04-11,,Standard
M11694,Wallet,1.9,2026-04-11,,Standard
M11695,UPI,0.0,2026-04-12,2026-04-30,Standard
M11695,UPI,0.0,2026-05-01,,Growth
M11695,Credit card,2.0,2026-04-12,2026-04-30,Standard
M11695,Credit card,1.9,2026-05-01,,Growth
M11695,Debit card,0.9,2026-04-12,2026-04-30,Standard
M11695,Debit card,0.8,2026-05-01,,Growth
M11695,Netbanking,1.8,2026-04-12,2026-04-30,Standard
M11695,Netbanking,1.7,2026-05-01,,Growth
M11695,Wallet,1.9,2026-04-12,2026-04-30,Standard
M11695,Wallet,1.8,2026-05-01,,Growth
M11696,UPI,0.0,2026-04-13,,Standard
M11696,Credit card,2.0,2026-04-13,,Standard
M11696,Debit card,0.9,2026-04-13,,Standard
M11696,Netbanking,1.8,2026-04-13,,Standard
M11696,Wallet,1.9,2026-04-13,,Standard
M11697,UPI,0.0,2026-04-13,,Standard
M11697,Credit card,2.0,2026-04-13,,Standard
M11697,Debit card,0.9,2026-04-13,,Standard
M11697,Netbanking,1.8,2026-04-13,,Standard
M11697,Wallet,1.9,2026-04-13,,Standard
M11698,UPI,0.0,2026-04-14,,Standard
M11698,Credit card,2.0,2026-04-14,,Standard
M11698,Debit card,0.9,2026-04-14,,Standard
M11698,Netbanking,1.8,2026-04-14,,Standard
M11698,Wallet,1.9,2026-04-14,,Standard
M11699,UPI,0.0,2026-04-14,,Standard
M11699,Credit card,2.0,2026-04-14,,Standard
M11699,Debit card,0.9,2026-04-14,,Standard
M11699,Netbanking,1.8,2026-04-14,,Standard
M11699,Wallet,1.9,2026-04-14,,Standard
M11700,UPI,0.0,2026-04-17,,Standard
M11700,Credit card,2.0,2026-04-17,,Standard
M11700,Debit card,0.9,2026-04-17,,Standard
M11700,Netbanking,1.8,2026-04-17,,Standard
M11700,Wallet,1.9,2026-04-17,,Standard
M11701,UPI,0.0,2026-04-17,2026-04-30,Standard
M11701,UPI,0.0,2026-05-01,,Growth
M11701,Credit card,2.0,2026-04-17,2026-04-30,Standard
M11701,Credit card,1.9,2026-05-01,,Growth
M11701,Debit card,0.9,2026-04-17,2026-04-30,Standard
M11701,Debit card,0.8,2026-05-01,,Growth
M11701,Netbanking,1.8,2026-04-17,2026-04-30,Standard
M11701,Netbanking,1.7,2026-05-01,,Growth
M11701,Wallet,1.9,2026-04-17,2026-04-30,Standard
M11701,Wallet,1.8,2026-05-01,,Growth
M11702,UPI,0.0,2026-04-17,,Standard
M11702,Credit card,2.0,2026-04-17,,Standard
M11702,Debit card,0.9,2026-04-17,,Standard
M11702,Netbanking,1.8,2026-04-17,,Standard
M11702,Wallet,1.9,2026-04-17,,Standard
M11703,UPI,0.0,2026-04-18,2026-04-30,Standard
M11703,UPI,0.0,2026-05-01,,Growth
M11703,Credit card,2.0,2026-04-18,2026-04-30,Standard
M11703,Credit card,1.9,2026-05-01,,Growth
M11703,Debit card,0.9,2026-04-18,2026-04-30,Standard
M11703,Debit card,0.8,2026-05-01,,Growth
M11703,Netbanking,1.8,2026-04-18,2026-04-30,Standard
M11703,Netbanking,1.7,2026-05-01,,Growth
M11703,Wallet,1.9,2026-04-18,2026-04-30,Standard
M11703,Wallet,1.8,2026-05-01,,Growth
M11704,UPI,0.0,2026-04-19,,Standard
M11704,Credit card,2.0,2026-04-19,,Standard
M11704,Debit card,0.9,2026-04-19,,Standard
M11704,Netbanking,1.8,2026-04-19,,Standard
M11704,Wallet,1.9,2026-04-19,,Standard
M11705,UPI,0.0,2026-04-19,2026-04-30,Standard
M11705,UPI,0.0,2026-05-01,,Growth
M11705,Credit card,2.0,2026-04-19,2026-04-30,Standard
M11705,Credit card,1.9,2026-05-01,,Growth
M11705,Debit card,0.9,2026-04-19,2026-04-30,Standard
M11705,Debit card,0.8,2026-05-01,,Growth
M11705,Netbanking,1.8,2026-04-19,2026-04-30,Standard
M11705,Netbanking,1.7,2026-05-01,,Growth
M11705,Wallet,1.9,2026-04-19,2026-04-30,Standard
M11705,Wallet,1.8,2026-05-01,,Growth
M11706,UPI,0.0,2026-04-19,2026-04-30,Standard
M11706,UPI,0.0,2026-05-01,,Growth
M11706,Credit card,2.0,2026-04-19,2026-04-30,Standard
M11706,Credit card,1.9,2026-05-01,,Growth
M11706,Debit card,0.9,2026-04-19,2026-04-30,Standard
M11706,Debit card,0.8,2026-05-01,,Growth
M11706,Netbanking,1.8,2026-04-19,2026-04-30,Standard
M11706,Netbanking,1.7,2026-05-01,,Growth
M11706,Wallet,1.9,2026-04-19,2026-04-30,Standard
M11706,Wallet,1.8,2026-05-01,,Growth
M11707,UPI,0.0,2026-04-20,2026-04-30,Standard
M11707,UPI,0.0,2026-05-01,,Growth
M11707,Credit card,2.0,2026-04-20,2026-04-30,Standard
M11707,Credit card,1.9,2026-05-01,,Growth
M11707,Debit card,0.9,2026-04-20,2026-04-30,Standard
M11707,Debit card,0.8,2026-05-01,,Growth
M11707,Netbanking,1.8,2026-04-20,2026-04-30,Standard
M11707,Netbanking,1.7,2026-05-01,,Growth
M11707,Wallet,1.9,2026-04-20,2026-04-30,Standard
M11707,Wallet,1.8,2026-05-01,,Growth
M11708,UPI,0.0,2026-04-21,,Standard
M11708,Credit card,2.0,2026-04-21,,Standard
M11708,Debit card,0.9,2026-04-21,,Standard
M11708,Netbanking,1.8,2026-04-21,,Standard
M11708,Wallet,1.9,2026-04-21,,Standard
M11709,UPI,0.0,2026-04-21,2026-04-30,Standard
M11709,UPI,0.0,2026-05-01,,Growth
M11709,Credit card,2.0,2026-04-21,2026-04-30,Standard
M11709,Credit card,1.9,2026-05-01,,Growth
M11709,Debit card,0.9,2026-04-21,2026-04-30,Standard
M11709,Debit card,0.8,2026-05-01,,Growth
M11709,Netbanking,1.8,2026-04-21,2026-04-30,Standard
M11709,Netbanking,1.7,2026-05-01,,Growth
M11709,Wallet,1.9,2026-04-21,2026-04-30,Standard
M11709,Wallet,1.8,2026-05-01,,Growth
M11710,UPI,0.0,2026-04-21,,Standard
M11710,Credit card,2.0,2026-04-21,,Standard
M11710,Debit card,0.9,2026-04-21,,Standard
M11710,Netbanking,1.8,2026-04-21,,Standard
M11710,Wallet,1.9,2026-04-21,,Standard
M11711,UPI,0.0,2026-04-21,,Standard
M11711,Credit card,2.0,2026-04-21,,Standard
M11711,Debit card,0.9,2026-04-21,,Standard
M11711,Netbanking,1.8,2026-04-21,,Standard
M11711,Wallet,1.9,2026-04-21,,Standard
M11712,UPI,0.0,2026-04-22,,Enterprise
M11712,Credit card,1.59,2026-04-22,,Enterprise
M11712,Debit card,0.69,2026-04-22,,Enterprise
M11712,Netbanking,1.39,2026-04-22,,Enterprise
M11712,Wallet,1.49,2026-04-22,,Enterprise
M11713,UPI,0.0,2026-04-22,2026-04-30,Standard
M11713,UPI,0.0,2026-05-01,,Growth
M11713,Credit card,2.0,2026-04-22,2026-04-30,Standard
M11713,Credit card,1.9,2026-05-01,,Growth
M11713,Debit card,0.9,2026-04-22,2026-04-30,Standard
M11713,Debit card,0.8,2026-05-01,,Growth
M11713,Netbanking,1.8,2026-04-22,2026-04-30,Standard
M11713,Netbanking,1.7,2026-05-01,,Growth
M11713,Wallet,1.9,2026-04-22,2026-04-30,Standard
M11713,Wallet,1.8,2026-05-01,,Growth
M11714,UPI,0.0,2026-04-23,,Standard
M11714,Credit card,2.0,2026-04-23,,Standard
M11714,Debit card,0.9,2026-04-23,,Standard
M11714,Netbanking,1.8,2026-04-23,,Standard
M11714,Wallet,1.9,2026-04-23,,Standard
M11715,UPI,0.0,2026-04-23,,Standard
M11715,Credit card,2.0,2026-04-23,,Standard
M11715,Debit card,0.9,2026-04-23,,Standard
M11715,Netbanking,1.8,2026-04-23,,Standard
M11715,Wallet,1.9,2026-04-23,,Standard
M11716,UPI,0.0,2026-04-24,,Standard
M11716,Credit card,2.0,2026-04-24,,Standard
M11716,Debit card,0.9,2026-04-24,,Standard
M11716,Netbanking,1.8,2026-04-24,,Standard
M11716,Wallet,1.9,2026-04-24,,Standard
M11717,UPI,0.0,2026-04-25,,Enterprise
M11717,Credit card,1.52,2026-04-25,,Enterprise
M11717,Debit card,0.62,2026-04-25,,Enterprise
M11717,Netbanking,1.32,2026-04-25,,Enterprise
M11717,Wallet,1.42,2026-04-25,,Enterprise
M11718,UPI,0.0,2026-04-25,,Standard
M11718,Credit card,2.0,2026-04-25,,Standard
M11718,Debit card,0.9,2026-04-25,,Standard
M11718,Netbanking,1.8,2026-04-25,,Standard
M11718,Wallet,1.9,2026-04-25,,Standard
M11719,UPI,0.0,2026-04-25,2026-04-30,Standard
M11719,UPI,0.0,2026-05-01,,Growth
M11719,Credit card,2.0,2026-04-25,2026-04-30,Standard
M11719,Credit card,1.9,2026-05-01,,Growth
M11719,Debit card,0.9,2026-04-25,2026-04-30,Standard
M11719,Debit card,0.8,2026-05-01,,Growth
M11719,Netbanking,1.8,2026-04-25,2026-04-30,Standard
M11719,Netbanking,1.7,2026-05-01,,Growth
M11719,Wallet,1.9,2026-04-25,2026-04-30,Standard
M11719,Wallet,1.8,2026-05-01,,Growth
M11720,UPI,0.0,2026-04-26,2026-04-30,Standard
M11720,UPI,0.0,2026-05-01,,Growth
M11720,Credit card,2.0,2026-04-26,2026-04-30,Standard
M11720,Credit card,1.9,2026-05-01,,Growth
M11720,Debit card,0.9,2026-04-26,2026-04-30,Standard
M11720,Debit card,0.8,2026-05-01,,Growth
M11720,Netbanking,1.8,2026-04-26,2026-04-30,Standard
M11720,Netbanking,1.7,2026-05-01,,Growth
M11720,Wallet,1.9,2026-04-26,2026-04-30,Standard
M11720,Wallet,1.8,2026-05-01,,Growth
M11721,UPI,0.0,2026-04-26,,Standard
M11721,Credit card,2.0,2026-04-26,,Standard
M11721,Debit card,0.9,2026-04-26,,Standard
M11721,Netbanking,1.8,2026-04-26,,Standard
M11721,Wallet,1.9,2026-04-26,,Standard
M11722,UPI,0.0,2026-04-26,,Standard
M11722,Credit card,2.0,2026-04-26,,Standard
M11722,Debit card,0.9,2026-04-26,,Standard
M11722,Netbanking,1.8,2026-04-26,,Standard
M11722,Wallet,1.9,2026-04-26,,Standard
M11723,UPI,0.0,2026-04-26,,Standard
M11723,Credit card,2.0,2026-04-26,,Standard
M11723,Debit card,0.9,2026-04-26,,Standard
M11723,Netbanking,1.8,2026-04-26,,Standard
M11723,Wallet,1.9,2026-04-26,,Standard
M11724,UPI,0.0,2026-04-27,,Enterprise
M11724,Credit card,1.55,2026-04-27,,Enterprise
M11724,Debit card,0.65,2026-04-27,,Enterprise
M11724,Netbanking,1.35,2026-04-27,,Enterprise
M11724,Wallet,1.45,2026-04-27,,Enterprise
M11725,UPI,0.0,2026-04-27,,Standard
M11725,Credit card,2.0,2026-04-27,,Standard
M11725,Debit card,0.9,2026-04-27,,Standard
M11725,Netbanking,1.8,2026-04-27,,Standard
M11725,Wallet,1.9,2026-04-27,,Standard
M11726,UPI,0.0,2026-04-27,,Standard
M11726,Credit card,2.0,2026-04-27,,Standard
M11726,Debit card,0.9,2026-04-27,,Standard
M11726,Netbanking,1.8,2026-04-27,,Standard
M11726,Wallet,1.9,2026-04-27,,Standard
M11727,UPI,0.0,2026-04-27,,Standard
M11727,Credit card,2.0,2026-04-27,,Standard
M11727,Debit card,0.9,2026-04-27,,Standard
M11727,Netbanking,1.8,2026-04-27,,Standard
M11727,Wallet,1.9,2026-04-27,,Standard
M11728,UPI,0.0,2026-04-27,,Standard
M11728,Credit card,2.0,2026-04-27,,Standard
M11728,Debit card,0.9,2026-04-27,,Standard
M11728,Netbanking,1.8,2026-04-27,,Standard
M11728,Wallet,1.9,2026-04-27,,Standard
M11729,UPI,0.0,2026-04-29,2026-04-30,Standard
M11729,UPI,0.0,2026-05-01,,Growth
M11729,Credit card,2.0,2026-04-29,2026-04-30,Standard
M11729,Credit card,1.9,2026-05-01,,Growth
M11729,Debit card,0.9,2026-04-29,2026-04-30,Standard
M11729,Debit card,0.8,2026-05-01,,Growth
M11729,Netbanking,1.8,2026-04-29,2026-04-30,Standard
M11729,Netbanking,1.7,2026-05-01,,Growth
M11729,Wallet,1.9,2026-04-29,2026-04-30,Standard
M11729,Wallet,1.8,2026-05-01,,Growth
M11730,UPI,0.0,2026-04-29,,Standard
M11730,Credit card,2.0,2026-04-29,,Standard
M11730,Debit card,0.9,2026-04-29,,Standard
M11730,Netbanking,1.8,2026-04-29,,Standard
M11730,Wallet,1.9,2026-04-29,,Standard
M11731,UPI,0.0,2026-04-30,,Standard
M11731,Credit card,2.0,2026-04-30,,Standard
M11731,Debit card,0.9,2026-04-30,,Standard
M11731,Netbanking,1.8,2026-04-30,,Standard
M11731,Wallet,1.9,2026-04-30,,Standard
M11732,UPI,0.0,2026-05-01,,Standard
M11732,Credit card,2.0,2026-05-01,,Standard
M11732,Debit card,0.9,2026-05-01,,Standard
M11732,Netbanking,1.8,2026-05-01,,Standard
M11732,Wallet,1.9,2026-05-01,,Standard
M11733,UPI,0.0,2026-05-01,,Standard
M11733,Credit card,2.0,2026-05-01,,Standard
M11733,Debit card,0.9,2026-05-01,,Standard
M11733,Netbanking,1.8,2026-05-01,,Standard
M11733,Wallet,1.9,2026-05-01,,Standard
M11734,UPI,0.0,2026-05-01,,Standard
M11734,Credit card,2.0,2026-05-01,,Standard
M11734,Debit card,0.9,2026-05-01,,Standard
M11734,Netbanking,1.8,2026-05-01,,Standard
M11734,Wallet,1.9,2026-05-01,,Standard
M11735,UPI,0.0,2026-05-02,,Standard
M11735,Credit card,2.0,2026-05-02,,Standard
M11735,Debit card,0.9,2026-05-02,,Standard
M11735,Netbanking,1.8,2026-05-02,,Standard
M11735,Wallet,1.9,2026-05-02,,Standard
M11736,UPI,0.0,2026-05-03,,Standard
M11736,Credit card,2.0,2026-05-03,,Standard
M11736,Debit card,0.9,2026-05-03,,Standard
M11736,Netbanking,1.8,2026-05-03,,Standard
M11736,Wallet,1.9,2026-05-03,,Standard
M11737,UPI,0.0,2026-05-03,,Standard
M11737,Credit card,2.0,2026-05-03,,Standard
M11737,Debit card,0.9,2026-05-03,,Standard
M11737,Netbanking,1.8,2026-05-03,,Standard
M11737,Wallet,1.9,2026-05-03,,Standard
M11738,UPI,0.0,2026-05-03,,Standard
M11738,Credit card,2.0,2026-05-03,,Standard
M11738,Debit card,0.9,2026-05-03,,Standard
M11738,Netbanking,1.8,2026-05-03,,Standard
M11738,Wallet,1.9,2026-05-03,,Standard
M11739,UPI,0.0,2026-05-04,,Standard
M11739,Credit card,2.0,2026-05-04,,Standard
M11739,Debit card,0.9,2026-05-04,,Standard
M11739,Netbanking,1.8,2026-05-04,,Standard
M11739,Wallet,1.9,2026-05-04,,Standard
M11740,UPI,0.0,2026-05-04,,Standard
M11740,Credit card,2.0,2026-05-04,,Standard
M11740,Debit card,0.9,2026-05-04,,Standard
M11740,Netbanking,1.8,2026-05-04,,Standard
M11740,Wallet,1.9,2026-05-04,,Standard
M11741,UPI,0.0,2026-05-04,,Standard
M11741,Credit card,2.0,2026-05-04,,Standard
M11741,Debit card,0.9,2026-05-04,,Standard
M11741,Netbanking,1.8,2026-05-04,,Standard
M11741,Wallet,1.9,2026-05-04,,Standard
M11742,UPI,0.0,2026-05-05,,Standard
M11742,Credit card,2.0,2026-05-05,,Standard
M11742,Debit card,0.9,2026-05-05,,Standard
M11742,Netbanking,1.8,2026-05-05,,Standard
M11742,Wallet,1.9,2026-05-05,,Standard
M11743,UPI,0.0,2026-05-05,,Standard
M11743,Credit card,2.0,2026-05-05,,Standard
M11743,Debit card,0.9,2026-05-05,,Standard
M11743,Netbanking,1.8,2026-05-05,,Standard
M11743,Wallet,1.9,2026-05-05,,Standard
M11744,UPI,0.0,2026-05-05,,Standard
M11744,Credit card,2.0,2026-05-05,,Standard
M11744,Debit card,0.9,2026-05-05,,Standard
M11744,Netbanking,1.8,2026-05-05,,Standard
M11744,Wallet,1.9,2026-05-05,,Standard
M11745,UPI,0.0,2026-05-06,,Standard
M11745,Credit card,2.0,2026-05-06,,Standard
M11745,Debit card,0.9,2026-05-06,,Standard
M11745,Netbanking,1.8,2026-05-06,,Standard
M11745,Wallet,1.9,2026-05-06,,Standard
M11746,UPI,0.0,2026-05-06,,Standard
M11746,Credit card,2.0,2026-05-06,,Standard
M11746,Debit card,0.9,2026-05-06,,Standard
M11746,Netbanking,1.8,2026-05-06,,Standard
M11746,Wallet,1.9,2026-05-06,,Standard
M11747,UPI,0.0,2026-05-06,,Standard
M11747,Credit card,2.0,2026-05-06,,Standard
M11747,Debit card,0.9,2026-05-06,,Standard
M11747,Netbanking,1.8,2026-05-06,,Standard
M11747,Wallet,1.9,2026-05-06,,Standard
M11748,UPI,0.0,2026-05-06,,Standard
M11748,Credit card,2.0,2026-05-06,,Standard
M11748,Debit card,0.9,2026-05-06,,Standard
M11748,Netbanking,1.8,2026-05-06,,Standard
M11748,Wallet,1.9,2026-05-06,,Standard
M11749,UPI,0.0,2026-05-06,,Standard
M11749,Credit card,2.0,2026-05-06,,Standard
M11749,Debit card,0.9,2026-05-06,,Standard
M11749,Netbanking,1.8,2026-05-06,,Standard
M11749,Wallet,1.9,2026-05-06,,Standard
M11750,UPI,0.0,2026-05-06,,Standard
M11750,Credit card,2.0,2026-05-06,,Standard
M11750,Debit card,0.9,2026-05-06,,Standard
M11750,Netbanking,1.8,2026-05-06,,Standard
M11750,Wallet,1.9,2026-05-06,,Standard
M11751,UPI,0.0,2026-05-06,,Standard
M11751,Credit card,2.0,2026-05-06,,Standard
M11751,Debit card,0.9,2026-05-06,,Standard
M11751,Netbanking,1.8,2026-05-06,,Standard
M11751,Wallet,1.9,2026-05-06,,Standard
M11752,UPI,0.0,2026-05-07,,Standard
M11752,Credit card,2.0,2026-05-07,,Standard
M11752,Debit card,0.9,2026-05-07,,Standard
M11752,Netbanking,1.8,2026-05-07,,Standard
M11752,Wallet,1.9,2026-05-07,,Standard
M11753,UPI,0.0,2026-05-07,,Standard
M11753,Credit card,2.0,2026-05-07,,Standard
M11753,Debit card,0.9,2026-05-07,,Standard
M11753,Netbanking,1.8,2026-05-07,,Standard
M11753,Wallet,1.9,2026-05-07,,Standard
M11754,UPI,0.0,2026-05-07,,Standard
M11754,Credit card,2.0,2026-05-07,,Standard
M11754,Debit card,0.9,2026-05-07,,Standard
M11754,Netbanking,1.8,2026-05-07,,Standard
M11754,Wallet,1.9,2026-05-07,,Standard
M11755,UPI,0.0,2026-05-08,,Standard
M11755,Credit card,2.0,2026-05-08,,Standard
M11755,Debit card,0.9,2026-05-08,,Standard
M11755,Netbanking,1.8,2026-05-08,,Standard
M11755,Wallet,1.9,2026-05-08,,Standard
M11756,UPI,0.0,2026-05-09,,Standard
M11756,Credit card,2.0,2026-05-09,,Standard
M11756,Debit card,0.9,2026-05-09,,Standard
M11756,Netbanking,1.8,2026-05-09,,Standard
M11756,Wallet,1.9,2026-05-09,,Standard
M11757,UPI,0.0,2026-05-10,,Standard
M11757,Credit card,2.0,2026-05-10,,Standard
M11757,Debit card,0.9,2026-05-10,,Standard
M11757,Netbanking,1.8,2026-05-10,,Standard
M11757,Wallet,1.9,2026-05-10,,Standard
M11758,UPI,0.0,2026-05-10,,Standard
M11758,Credit card,2.0,2026-05-10,,Standard
M11758,Debit card,0.9,2026-05-10,,Standard
M11758,Netbanking,1.8,2026-05-10,,Standard
M11758,Wallet,1.9,2026-05-10,,Standard
M11759,UPI,0.0,2026-05-10,,Standard
M11759,Credit card,2.0,2026-05-10,,Standard
M11759,Debit card,0.9,2026-05-10,,Standard
M11759,Netbanking,1.8,2026-05-10,,Standard
M11759,Wallet,1.9,2026-05-10,,Standard
M11760,UPI,0.0,2026-05-11,,Standard
M11760,Credit card,2.0,2026-05-11,,Standard
M11760,Debit card,0.9,2026-05-11,,Standard
M11760,Netbanking,1.8,2026-05-11,,Standard
M11760,Wallet,1.9,2026-05-11,,Standard
M11761,UPI,0.0,2026-05-11,,Standard
M11761,Credit card,2.0,2026-05-11,,Standard
M11761,Debit card,0.9,2026-05-11,,Standard
M11761,Netbanking,1.8,2026-05-11,,Standard
M11761,Wallet,1.9,2026-05-11,,Standard
M11762,UPI,0.0,2026-05-12,,Standard
M11762,Credit card,2.0,2026-05-12,,Standard
M11762,Debit card,0.9,2026-05-12,,Standard
M11762,Netbanking,1.8,2026-05-12,,Standard
M11762,Wallet,1.9,2026-05-12,,Standard
M11763,UPI,0.0,2026-05-12,,Standard
M11763,Credit card,2.0,2026-05-12,,Standard
M11763,Debit card,0.9,2026-05-12,,Standard
M11763,Netbanking,1.8,2026-05-12,,Standard
M11763,Wallet,1.9,2026-05-12,,Standard
M11764,UPI,0.0,2026-05-13,,Standard
M11764,Credit card,2.0,2026-05-13,,Standard
M11764,Debit card,0.9,2026-05-13,,Standard
M11764,Netbanking,1.8,2026-05-13,,Standard
M11764,Wallet,1.9,2026-05-13,,Standard
M11765,UPI,0.0,2026-05-13,,Standard
M11765,Credit card,2.0,2026-05-13,,Standard
M11765,Debit card,0.9,2026-05-13,,Standard
M11765,Netbanking,1.8,2026-05-13,,Standard
M11765,Wallet,1.9,2026-05-13,,Standard
M11766,UPI,0.0,2026-05-14,,Standard
M11766,Credit card,2.0,2026-05-14,,Standard
M11766,Debit card,0.9,2026-05-14,,Standard
M11766,Netbanking,1.8,2026-05-14,,Standard
M11766,Wallet,1.9,2026-05-14,,Standard
M11767,UPI,0.0,2026-05-14,,Standard
M11767,Credit card,2.0,2026-05-14,,Standard
M11767,Debit card,0.9,2026-05-14,,Standard
M11767,Netbanking,1.8,2026-05-14,,Standard
M11767,Wallet,1.9,2026-05-14,,Standard
M11768,UPI,0.0,2026-05-15,,Standard
M11768,Credit card,2.0,2026-05-15,,Standard
M11768,Debit card,0.9,2026-05-15,,Standard
M11768,Netbanking,1.8,2026-05-15,,Standard
M11768,Wallet,1.9,2026-05-15,,Standard
M11769,UPI,0.0,2026-05-15,,Enterprise
M11769,Credit card,1.58,2026-05-15,,Enterprise
M11769,Debit card,0.68,2026-05-15,,Enterprise
M11769,Netbanking,1.38,2026-05-15,,Enterprise
M11769,Wallet,1.48,2026-05-15,,Enterprise
M11770,UPI,0.0,2026-05-16,,Standard
M11770,Credit card,2.0,2026-05-16,,Standard
M11770,Debit card,0.9,2026-05-16,,Standard
M11770,Netbanking,1.8,2026-05-16,,Standard
M11770,Wallet,1.9,2026-05-16,,Standard
M11771,UPI,0.0,2026-05-16,,Standard
M11771,Credit card,2.0,2026-05-16,,Standard
M11771,Debit card,0.9,2026-05-16,,Standard
M11771,Netbanking,1.8,2026-05-16,,Standard
M11771,Wallet,1.9,2026-05-16,,Standard
M11772,UPI,0.0,2026-05-16,,Standard
M11772,Credit card,2.0,2026-05-16,,Standard
M11772,Debit card,0.9,2026-05-16,,Standard
M11772,Netbanking,1.8,2026-05-16,,Standard
M11772,Wallet,1.9,2026-05-16,,Standard
M11773,UPI,0.0,2026-05-17,,Standard
M11773,Credit card,2.0,2026-05-17,,Standard
M11773,Debit card,0.9,2026-05-17,,Standard
M11773,Netbanking,1.8,2026-05-17,,Standard
M11773,Wallet,1.9,2026-05-17,,Standard
M11774,UPI,0.0,2026-05-17,,Standard
M11774,Credit card,2.0,2026-05-17,,Standard
M11774,Debit card,0.9,2026-05-17,,Standard
M11774,Netbanking,1.8,2026-05-17,,Standard
M11774,Wallet,1.9,2026-05-17,,Standard
M11775,UPI,0.0,2026-05-17,,Standard
M11775,Credit card,2.0,2026-05-17,,Standard
M11775,Debit card,0.9,2026-05-17,,Standard
M11775,Netbanking,1.8,2026-05-17,,Standard
M11775,Wallet,1.9,2026-05-17,,Standard
M11776,UPI,0.0,2026-05-17,,Standard
M11776,Credit card,2.0,2026-05-17,,Standard
M11776,Debit card,0.9,2026-05-17,,Standard
M11776,Netbanking,1.8,2026-05-17,,Standard
M11776,Wallet,1.9,2026-05-17,,Standard
M11777,UPI,0.0,2026-05-19,,Standard
M11777,Credit card,2.0,2026-05-19,,Standard
M11777,Debit card,0.9,2026-05-19,,Standard
M11777,Netbanking,1.8,2026-05-19,,Standard
M11777,Wallet,1.9,2026-05-19,,Standard
M11778,UPI,0.0,2026-05-19,,Standard
M11778,Credit card,2.0,2026-05-19,,Standard
M11778,Debit card,0.9,2026-05-19,,Standard
M11778,Netbanking,1.8,2026-05-19,,Standard
M11778,Wallet,1.9,2026-05-19,,Standard
M11779,UPI,0.0,2026-05-20,,Standard
M11779,Credit card,2.0,2026-05-20,,Standard
M11779,Debit card,0.9,2026-05-20,,Standard
M11779,Netbanking,1.8,2026-05-20,,Standard
M11779,Wallet,1.9,2026-05-20,,Standard
M11780,UPI,0.0,2026-05-21,,Standard
M11780,Credit card,2.0,2026-05-21,,Standard
M11780,Debit card,0.9,2026-05-21,,Standard
M11780,Netbanking,1.8,2026-05-21,,Standard
M11780,Wallet,1.9,2026-05-21,,Standard
M11781,UPI,0.0,2026-05-22,,Standard
M11781,Credit card,2.0,2026-05-22,,Standard
M11781,Debit card,0.9,2026-05-22,,Standard
M11781,Netbanking,1.8,2026-05-22,,Standard
M11781,Wallet,1.9,2026-05-22,,Standard
M11782,UPI,0.0,2026-05-22,,Standard
M11782,Credit card,2.0,2026-05-22,,Standard
M11782,Debit card,0.9,2026-05-22,,Standard
M11782,Netbanking,1.8,2026-05-22,,Standard
M11782,Wallet,1.9,2026-05-22,,Standard
M11783,UPI,0.0,2026-05-22,,Standard
M11783,Credit card,2.0,2026-05-22,,Standard
M11783,Debit card,0.9,2026-05-22,,Standard
M11783,Netbanking,1.8,2026-05-22,,Standard
M11783,Wallet,1.9,2026-05-22,,Standard
M11784,UPI,0.0,2026-05-22,,Standard
M11784,Credit card,2.0,2026-05-22,,Standard
M11784,Debit card,0.9,2026-05-22,,Standard
M11784,Netbanking,1.8,2026-05-22,,Standard
M11784,Wallet,1.9,2026-05-22,,Standard
M11785,UPI,0.0,2026-05-22,,Standard
M11785,Credit card,2.0,2026-05-22,,Standard
M11785,Debit card,0.9,2026-05-22,,Standard
M11785,Netbanking,1.8,2026-05-22,,Standard
M11785,Wallet,1.9,2026-05-22,,Standard
M11786,UPI,0.0,2026-05-23,,Standard
M11786,Credit card,2.0,2026-05-23,,Standard
M11786,Debit card,0.9,2026-05-23,,Standard
M11786,Netbanking,1.8,2026-05-23,,Standard
M11786,Wallet,1.9,2026-05-23,,Standard
M11787,UPI,0.0,2026-05-23,,Standard
M11787,Credit card,2.0,2026-05-23,,Standard
M11787,Debit card,0.9,2026-05-23,,Standard
M11787,Netbanking,1.8,2026-05-23,,Standard
M11787,Wallet,1.9,2026-05-23,,Standard
M11788,UPI,0.0,2026-05-24,,Standard
M11788,Credit card,2.0,2026-05-24,,Standard
M11788,Debit card,0.9,2026-05-24,,Standard
M11788,Netbanking,1.8,2026-05-24,,Standard
M11788,Wallet,1.9,2026-05-24,,Standard
M11789,UPI,0.0,2026-05-24,,Standard
M11789,Credit card,2.0,2026-05-24,,Standard
M11789,Debit card,0.9,2026-05-24,,Standard
M11789,Netbanking,1.8,2026-05-24,,Standard
M11789,Wallet,1.9,2026-05-24,,Standard
M11790,UPI,0.0,2026-05-24,,Standard
M11790,Credit card,2.0,2026-05-24,,Standard
M11790,Debit card,0.9,2026-05-24,,Standard
M11790,Netbanking,1.8,2026-05-24,,Standard
M11790,Wallet,1.9,2026-05-24,,Standard
M11791,UPI,0.0,2026-05-26,,Standard
M11791,Credit card,2.0,2026-05-26,,Standard
M11791,Debit card,0.9,2026-05-26,,Standard
M11791,Netbanking,1.8,2026-05-26,,Standard
M11791,Wallet,1.9,2026-05-26,,Standard
M11792,UPI,0.0,2026-05-27,,Standard
M11792,Credit card,2.0,2026-05-27,,Standard
M11792,Debit card,0.9,2026-05-27,,Standard
M11792,Netbanking,1.8,2026-05-27,,Standard
M11792,Wallet,1.9,2026-05-27,,Standard
M11793,UPI,0.0,2026-05-28,,Standard
M11793,Credit card,2.0,2026-05-28,,Standard
M11793,Debit card,0.9,2026-05-28,,Standard
M11793,Netbanking,1.8,2026-05-28,,Standard
M11793,Wallet,1.9,2026-05-28,,Standard
M11794,UPI,0.0,2026-05-28,,Standard
M11794,Credit card,2.0,2026-05-28,,Standard
M11794,Debit card,0.9,2026-05-28,,Standard
M11794,Netbanking,1.8,2026-05-28,,Standard
M11794,Wallet,1.9,2026-05-28,,Standard
M11795,UPI,0.0,2026-05-28,,Standard
M11795,Credit card,2.0,2026-05-28,,Standard
M11795,Debit card,0.9,2026-05-28,,Standard
M11795,Netbanking,1.8,2026-05-28,,Standard
M11795,Wallet,1.9,2026-05-28,,Standard
M11796,UPI,0.0,2026-05-28,,Standard
M11796,Credit card,2.0,2026-05-28,,Standard
M11796,Debit card,0.9,2026-05-28,,Standard
M11796,Netbanking,1.8,2026-05-28,,Standard
M11796,Wallet,1.9,2026-05-28,,Standard
M11797,UPI,0.0,2026-05-28,,Standard
M11797,Credit card,2.0,2026-05-28,,Standard
M11797,Debit card,0.9,2026-05-28,,Standard
M11797,Netbanking,1.8,2026-05-28,,Standard
M11797,Wallet,1.9,2026-05-28,,Standard
M11798,UPI,0.0,2026-05-29,,Standard
M11798,Credit card,2.0,2026-05-29,,Standard
M11798,Debit card,0.9,2026-05-29,,Standard
M11798,Netbanking,1.8,2026-05-29,,Standard
M11798,Wallet,1.9,2026-05-29,,Standard
M11799,UPI,0.0,2026-05-29,,Standard
M11799,Credit card,2.0,2026-05-29,,Standard
M11799,Debit card,0.9,2026-05-29,,Standard
M11799,Netbanking,1.8,2026-05-29,,Standard
M11799,Wallet,1.9,2026-05-29,,Standard
M11800,UPI,0.0,2026-05-29,,Standard
M11800,Credit card,2.0,2026-05-29,,Standard
M11800,Debit card,0.9,2026-05-29,,Standard
M11800,Netbanking,1.8,2026-05-29,,Standard
M11800,Wallet,1.9,2026-05-29,,Standard
M11801,UPI,0.0,2026-05-29,,Standard
M11801,Credit card,2.0,2026-05-29,,Standard
M11801,Debit card,0.9,2026-05-29,,Standard
M11801,Netbanking,1.8,2026-05-29,,Standard
M11801,Wallet,1.9,2026-05-29,,Standard
M11802,UPI,0.0,2026-05-29,,Standard
M11802,Credit card,2.0,2026-05-29,,Standard
M11802,Debit card,0.9,2026-05-29,,Standard
M11802,Netbanking,1.8,2026-05-29,,Standard
M11802,Wallet,1.9,2026-05-29,,Standard
M11803,UPI,0.0,2026-05-29,,Standard
M11803,Credit card,2.0,2026-05-29,,Standard
M11803,Debit card,0.9,2026-05-29,,Standard
M11803,Netbanking,1.8,2026-05-29,,Standard
M11803,Wallet,1.9,2026-05-29,,Standard
M11804,UPI,0.0,2026-05-30,,Standard
M11804,Credit card,2.0,2026-05-30,,Standard
M11804,Debit card,0.9,2026-05-30,,Standard
M11804,Netbanking,1.8,2026-05-30,,Standard
M11804,Wallet,1.9,2026-05-30,,Standard
M11805,UPI,0.0,2026-05-30,,Standard
M11805,Credit card,2.0,2026-05-30,,Standard
M11805,Debit card,0.9,2026-05-30,,Standard
M11805,Netbanking,1.8,2026-05-30,,Standard
M11805,Wallet,1.9,2026-05-30,,Standard
M11806,UPI,0.0,2026-05-31,,Standard
M11806,Credit card,2.0,2026-05-31,,Standard
M11806,Debit card,0.9,2026-05-31,,Standard
M11806,Netbanking,1.8,2026-05-31,,Standard
M11806,Wallet,1.9,2026-05-31,,Standard
M11807,UPI,0.0,2026-05-31,,Standard
M11807,Credit card,2.0,2026-05-31,,Standard
M11807,Debit card,0.9,2026-05-31,,Standard
M11807,Netbanking,1.8,2026-05-31,,Standard
M11807,Wallet,1.9,2026-05-31,,Standard
M11808,UPI,0.0,2026-06-01,,Standard
M11808,Credit card,2.0,2026-06-01,,Standard
M11808,Debit card,0.9,2026-06-01,,Standard
M11808,Netbanking,1.8,2026-06-01,,Standard
M11808,Wallet,1.9,2026-06-01,,Standard
M11809,UPI,0.0,2026-06-02,,Standard
M11809,Credit card,2.0,2026-06-02,,Standard
M11809,Debit card,0.9,2026-06-02,,Standard
M11809,Netbanking,1.8,2026-06-02,,Standard
M11809,Wallet,1.9,2026-06-02,,Standard
M11810,UPI,0.0,2026-06-02,,Standard
M11810,Credit card,2.0,2026-06-02,,Standard
M11810,Debit card,0.9,2026-06-02,,Standard
M11810,Netbanking,1.8,2026-06-02,,Standard
M11810,Wallet,1.9,2026-06-02,,Standard
M11811,UPI,0.0,2026-06-02,,Standard
M11811,Credit card,2.0,2026-06-02,,Standard
M11811,Debit card,0.9,2026-06-02,,Standard
M11811,Netbanking,1.8,2026-06-02,,Standard
M11811,Wallet,1.9,2026-06-02,,Standard
M11812,UPI,0.0,2026-06-02,,Standard
M11812,Credit card,2.0,2026-06-02,,Standard
M11812,Debit card,0.9,2026-06-02,,Standard
M11812,Netbanking,1.8,2026-06-02,,Standard
M11812,Wallet,1.9,2026-06-02,,Standard
M11813,UPI,0.0,2026-06-03,,Standard
M11813,Credit card,2.0,2026-06-03,,Standard
M11813,Debit card,0.9,2026-06-03,,Standard
M11813,Netbanking,1.8,2026-06-03,,Standard
M11813,Wallet,1.9,2026-06-03,,Standard
M11814,UPI,0.0,2026-06-04,,Standard
M11814,Credit card,2.0,2026-06-04,,Standard
M11814,Debit card,0.9,2026-06-04,,Standard
M11814,Netbanking,1.8,2026-06-04,,Standard
M11814,Wallet,1.9,2026-06-04,,Standard
M11815,UPI,0.0,2026-06-04,,Standard
M11815,Credit card,2.0,2026-06-04,,Standard
M11815,Debit card,0.9,2026-06-04,,Standard
M11815,Netbanking,1.8,2026-06-04,,Standard
M11815,Wallet,1.9,2026-06-04,,Standard
M11816,UPI,0.0,2026-06-04,,Enterprise
M11816,Credit card,1.58,2026-06-04,,Enterprise
M11816,Debit card,0.68,2026-06-04,,Enterprise
M11816,Netbanking,1.38,2026-06-04,,Enterprise
M11816,Wallet,1.48,2026-06-04,,Enterprise
M11817,UPI,0.0,2026-06-04,,Standard
M11817,Credit card,2.0,2026-06-04,,Standard
M11817,Debit card,0.9,2026-06-04,,Standard
M11817,Netbanking,1.8,2026-06-04,,Standard
M11817,Wallet,1.9,2026-06-04,,Standard
M11818,UPI,0.0,2026-06-05,,Standard
M11818,Credit card,2.0,2026-06-05,,Standard
M11818,Debit card,0.9,2026-06-05,,Standard
M11818,Netbanking,1.8,2026-06-05,,Standard
M11818,Wallet,1.9,2026-06-05,,Standard
M11819,UPI,0.0,2026-06-05,,Standard
M11819,Credit card,2.0,2026-06-05,,Standard
M11819,Debit card,0.9,2026-06-05,,Standard
M11819,Netbanking,1.8,2026-06-05,,Standard
M11819,Wallet,1.9,2026-06-05,,Standard
M11820,UPI,0.0,2026-06-06,,Standard
M11820,Credit card,2.0,2026-06-06,,Standard
M11820,Debit card,0.9,2026-06-06,,Standard
M11820,Netbanking,1.8,2026-06-06,,Standard
M11820,Wallet,1.9,2026-06-06,,Standard
M11821,UPI,0.0,2026-06-06,,Standard
M11821,Credit card,2.0,2026-06-06,,Standard
M11821,Debit card,0.9,2026-06-06,,Standard
M11821,Netbanking,1.8,2026-06-06,,Standard
M11821,Wallet,1.9,2026-06-06,,Standard
M11822,UPI,0.0,2026-06-06,,Standard
M11822,Credit card,2.0,2026-06-06,,Standard
M11822,Debit card,0.9,2026-06-06,,Standard
M11822,Netbanking,1.8,2026-06-06,,Standard
M11822,Wallet,1.9,2026-06-06,,Standard
M11823,UPI,0.0,2026-06-07,,Standard
M11823,Credit card,2.0,2026-06-07,,Standard
M11823,Debit card,0.9,2026-06-07,,Standard
M11823,Netbanking,1.8,2026-06-07,,Standard
M11823,Wallet,1.9,2026-06-07,,Standard
M11824,UPI,0.0,2026-06-07,,Standard
M11824,Credit card,2.0,2026-06-07,,Standard
M11824,Debit card,0.9,2026-06-07,,Standard
M11824,Netbanking,1.8,2026-06-07,,Standard
M11824,Wallet,1.9,2026-06-07,,Standard
M11825,UPI,0.0,2026-06-07,,Enterprise
M11825,Credit card,1.47,2026-06-07,,Enterprise
M11825,Debit card,0.57,2026-06-07,,Enterprise
M11825,Netbanking,1.27,2026-06-07,,Enterprise
M11825,Wallet,1.37,2026-06-07,,Enterprise
M11826,UPI,0.0,2026-06-07,,Standard
M11826,Credit card,2.0,2026-06-07,,Standard
M11826,Debit card,0.9,2026-06-07,,Standard
M11826,Netbanking,1.8,2026-06-07,,Standard
M11826,Wallet,1.9,2026-06-07,,Standard
M11827,UPI,0.0,2026-06-07,,Standard
M11827,Credit card,2.0,2026-06-07,,Standard
M11827,Debit card,0.9,2026-06-07,,Standard
M11827,Netbanking,1.8,2026-06-07,,Standard
M11827,Wallet,1.9,2026-06-07,,Standard
M11828,UPI,0.0,2026-06-08,,Standard
M11828,Credit card,2.0,2026-06-08,,Standard
M11828,Debit card,0.9,2026-06-08,,Standard
M11828,Netbanking,1.8,2026-06-08,,Standard
M11828,Wallet,1.9,2026-06-08,,Standard
M11829,UPI,0.0,2026-06-09,,Standard
M11829,Credit card,2.0,2026-06-09,,Standard
M11829,Debit card,0.9,2026-06-09,,Standard
M11829,Netbanking,1.8,2026-06-09,,Standard
M11829,Wallet,1.9,2026-06-09,,Standard
M11830,UPI,0.0,2026-06-10,,Standard
M11830,Credit card,2.0,2026-06-10,,Standard
M11830,Debit card,0.9,2026-06-10,,Standard
M11830,Netbanking,1.8,2026-06-10,,Standard
M11830,Wallet,1.9,2026-06-10,,Standard
M11831,UPI,0.0,2026-06-11,,Standard
M11831,Credit card,2.0,2026-06-11,,Standard
M11831,Debit card,0.9,2026-06-11,,Standard
M11831,Netbanking,1.8,2026-06-11,,Standard
M11831,Wallet,1.9,2026-06-11,,Standard
M11832,UPI,0.0,2026-06-11,,Standard
M11832,Credit card,2.0,2026-06-11,,Standard
M11832,Debit card,0.9,2026-06-11,,Standard
M11832,Netbanking,1.8,2026-06-11,,Standard
M11832,Wallet,1.9,2026-06-11,,Standard
M11833,UPI,0.0,2026-06-11,,Standard
M11833,Credit card,2.0,2026-06-11,,Standard
M11833,Debit card,0.9,2026-06-11,,Standard
M11833,Netbanking,1.8,2026-06-11,,Standard
M11833,Wallet,1.9,2026-06-11,,Standard
M11834,UPI,0.0,2026-06-12,,Standard
M11834,Credit card,2.0,2026-06-12,,Standard
M11834,Debit card,0.9,2026-06-12,,Standard
M11834,Netbanking,1.8,2026-06-12,,Standard
M11834,Wallet,1.9,2026-06-12,,Standard
M11835,UPI,0.0,2026-06-13,,Standard
M11835,Credit card,2.0,2026-06-13,,Standard
M11835,Debit card,0.9,2026-06-13,,Standard
M11835,Netbanking,1.8,2026-06-13,,Standard
M11835,Wallet,1.9,2026-06-13,,Standard
M11836,UPI,0.0,2026-06-13,,Standard
M11836,Credit card,2.0,2026-06-13,,Standard
M11836,Debit card,0.9,2026-06-13,,Standard
M11836,Netbanking,1.8,2026-06-13,,Standard
M11836,Wallet,1.9,2026-06-13,,Standard
M11837,UPI,0.0,2026-06-13,,Standard
M11837,Credit card,2.0,2026-06-13,,Standard
M11837,Debit card,0.9,2026-06-13,,Standard
M11837,Netbanking,1.8,2026-06-13,,Standard
M11837,Wallet,1.9,2026-06-13,,Standard
M11838,UPI,0.0,2026-06-13,,Standard
M11838,Credit card,2.0,2026-06-13,,Standard
M11838,Debit card,0.9,2026-06-13,,Standard
M11838,Netbanking,1.8,2026-06-13,,Standard
M11838,Wallet,1.9,2026-06-13,,Standard
M11839,UPI,0.0,2026-06-14,,Standard
M11839,Credit card,2.0,2026-06-14,,Standard
M11839,Debit card,0.9,2026-06-14,,Standard
M11839,Netbanking,1.8,2026-06-14,,Standard
M11839,Wallet,1.9,2026-06-14,,Standard
M11840,UPI,0.0,2026-06-14,,Standard
M11840,Credit card,2.0,2026-06-14,,Standard
M11840,Debit card,0.9,2026-06-14,,Standard
M11840,Netbanking,1.8,2026-06-14,,Standard
M11840,Wallet,1.9,2026-06-14,,Standard
M11841,UPI,0.0,2026-06-14,,Standard
M11841,Credit card,2.0,2026-06-14,,Standard
M11841,Debit card,0.9,2026-06-14,,Standard
M11841,Netbanking,1.8,2026-06-14,,Standard
M11841,Wallet,1.9,2026-06-14,,Standard
M11842,UPI,0.0,2026-06-15,,Standard
M11842,Credit card,2.0,2026-06-15,,Standard
M11842,Debit card,0.9,2026-06-15,,Standard
M11842,Netbanking,1.8,2026-06-15,,Standard
M11842,Wallet,1.9,2026-06-15,,Standard
M11843,UPI,0.0,2026-06-15,,Standard
M11843,Credit card,2.0,2026-06-15,,Standard
M11843,Debit card,0.9,2026-06-15,,Standard
M11843,Netbanking,1.8,2026-06-15,,Standard
M11843,Wallet,1.9,2026-06-15,,Standard
M11844,UPI,0.0,2026-06-15,,Standard
M11844,Credit card,2.0,2026-06-15,,Standard
M11844,Debit card,0.9,2026-06-15,,Standard
M11844,Netbanking,1.8,2026-06-15,,Standard
M11844,Wallet,1.9,2026-06-15,,Standard
M11845,UPI,0.0,2026-06-16,,Standard
M11845,Credit card,2.0,2026-06-16,,Standard
M11845,Debit card,0.9,2026-06-16,,Standard
M11845,Netbanking,1.8,2026-06-16,,Standard
M11845,Wallet,1.9,2026-06-16,,Standard
M11846,UPI,0.0,2026-06-16,,Standard
M11846,Credit card,2.0,2026-06-16,,Standard
M11846,Debit card,0.9,2026-06-16,,Standard
M11846,Netbanking,1.8,2026-06-16,,Standard
M11846,Wallet,1.9,2026-06-16,,Standard
M11847,UPI,0.0,2026-06-16,,Standard
M11847,Credit card,2.0,2026-06-16,,Standard
M11847,Debit card,0.9,2026-06-16,,Standard
M11847,Netbanking,1.8,2026-06-16,,Standard
M11847,Wallet,1.9,2026-06-16,,Standard
M11848,UPI,0.0,2026-06-17,,Standard
M11848,Credit card,2.0,2026-06-17,,Standard
M11848,Debit card,0.9,2026-06-17,,Standard
M11848,Netbanking,1.8,2026-06-17,,Standard
M11848,Wallet,1.9,2026-06-17,,Standard
M11849,UPI,0.0,2026-06-17,,Standard
M11849,Credit card,2.0,2026-06-17,,Standard
M11849,Debit card,0.9,2026-06-17,,Standard
M11849,Netbanking,1.8,2026-06-17,,Standard
M11849,Wallet,1.9,2026-06-17,,Standard
M11850,UPI,0.0,2026-06-17,,Standard
M11850,Credit card,2.0,2026-06-17,,Standard
M11850,Debit card,0.9,2026-06-17,,Standard
M11850,Netbanking,1.8,2026-06-17,,Standard
M11850,Wallet,1.9,2026-06-17,,Standard
M11851,UPI,0.0,2026-06-18,,Standard
M11851,Credit card,2.0,2026-06-18,,Standard
M11851,Debit card,0.9,2026-06-18,,Standard
M11851,Netbanking,1.8,2026-06-18,,Standard
M11851,Wallet,1.9,2026-06-18,,Standard
M11852,UPI,0.0,2026-06-18,,Standard
M11852,Credit card,2.0,2026-06-18,,Standard
M11852,Debit card,0.9,2026-06-18,,Standard
M11852,Netbanking,1.8,2026-06-18,,Standard
M11852,Wallet,1.9,2026-06-18,,Standard
M11853,UPI,0.0,2026-06-18,,Standard
M11853,Credit card,2.0,2026-06-18,,Standard
M11853,Debit card,0.9,2026-06-18,,Standard
M11853,Netbanking,1.8,2026-06-18,,Standard
M11853,Wallet,1.9,2026-06-18,,Standard
M11854,UPI,0.0,2026-06-18,,Standard
M11854,Credit card,2.0,2026-06-18,,Standard
M11854,Debit card,0.9,2026-06-18,,Standard
M11854,Netbanking,1.8,2026-06-18,,Standard
M11854,Wallet,1.9,2026-06-18,,Standard
M11855,UPI,0.0,2026-06-19,,Standard
M11855,Credit card,2.0,2026-06-19,,Standard
M11855,Debit card,0.9,2026-06-19,,Standard
M11855,Netbanking,1.8,2026-06-19,,Standard
M11855,Wallet,1.9,2026-06-19,,Standard
M11856,UPI,0.0,2026-06-19,,Standard
M11856,Credit card,2.0,2026-06-19,,Standard
M11856,Debit card,0.9,2026-06-19,,Standard
M11856,Netbanking,1.8,2026-06-19,,Standard
M11856,Wallet,1.9,2026-06-19,,Standard
M11857,UPI,0.0,2026-06-19,,Standard
M11857,Credit card,2.0,2026-06-19,,Standard
M11857,Debit card,0.9,2026-06-19,,Standard
M11857,Netbanking,1.8,2026-06-19,,Standard
M11857,Wallet,1.9,2026-06-19,,Standard
M11858,UPI,0.0,2026-06-19,,Standard
M11858,Credit card,2.0,2026-06-19,,Standard
M11858,Debit card,0.9,2026-06-19,,Standard
M11858,Netbanking,1.8,2026-06-19,,Standard
M11858,Wallet,1.9,2026-06-19,,Standard
M11859,UPI,0.0,2026-06-19,,Standard
M11859,Credit card,2.0,2026-06-19,,Standard
M11859,Debit card,0.9,2026-06-19,,Standard
M11859,Netbanking,1.8,2026-06-19,,Standard
M11859,Wallet,1.9,2026-06-19,,Standard
M11860,UPI,0.0,2026-06-20,,Standard
M11860,Credit card,2.0,2026-06-20,,Standard
M11860,Debit card,0.9,2026-06-20,,Standard
M11860,Netbanking,1.8,2026-06-20,,Standard
M11860,Wallet,1.9,2026-06-20,,Standard
M11861,UPI,0.0,2026-06-20,,Standard
M11861,Credit card,2.0,2026-06-20,,Standard
M11861,Debit card,0.9,2026-06-20,,Standard
M11861,Netbanking,1.8,2026-06-20,,Standard
M11861,Wallet,1.9,2026-06-20,,Standard
M11862,UPI,0.0,2026-06-20,,Standard
M11862,Credit card,2.0,2026-06-20,,Standard
M11862,Debit card,0.9,2026-06-20,,Standard
M11862,Netbanking,1.8,2026-06-20,,Standard
M11862,Wallet,1.9,2026-06-20,,Standard
M11863,UPI,0.0,2026-06-21,,Standard
M11863,Credit card,2.0,2026-06-21,,Standard
M11863,Debit card,0.9,2026-06-21,,Standard
M11863,Netbanking,1.8,2026-06-21,,Standard
M11863,Wallet,1.9,2026-06-21,,Standard
M11864,UPI,0.0,2026-06-22,,Standard
M11864,Credit card,2.0,2026-06-22,,Standard
M11864,Debit card,0.9,2026-06-22,,Standard
M11864,Netbanking,1.8,2026-06-22,,Standard
M11864,Wallet,1.9,2026-06-22,,Standard
M11865,UPI,0.0,2026-06-22,,Standard
M11865,Credit card,2.0,2026-06-22,,Standard
M11865,Debit card,0.9,2026-06-22,,Standard
M11865,Netbanking,1.8,2026-06-22,,Standard
M11865,Wallet,1.9,2026-06-22,,Standard
M11866,UPI,0.0,2026-06-23,,Standard
M11866,Credit card,2.0,2026-06-23,,Standard
M11866,Debit card,0.9,2026-06-23,,Standard
M11866,Netbanking,1.8,2026-06-23,,Standard
M11866,Wallet,1.9,2026-06-23,,Standard
M11867,UPI,0.0,2026-06-23,,Standard
M11867,Credit card,2.0,2026-06-23,,Standard
M11867,Debit card,0.9,2026-06-23,,Standard
M11867,Netbanking,1.8,2026-06-23,,Standard
M11867,Wallet,1.9,2026-06-23,,Standard
M11868,UPI,0.0,2026-06-23,,Standard
M11868,Credit card,2.0,2026-06-23,,Standard
M11868,Debit card,0.9,2026-06-23,,Standard
M11868,Netbanking,1.8,2026-06-23,,Standard
M11868,Wallet,1.9,2026-06-23,,Standard
M11869,UPI,0.0,2026-06-24,,Standard
M11869,Credit card,2.0,2026-06-24,,Standard
M11869,Debit card,0.9,2026-06-24,,Standard
M11869,Netbanking,1.8,2026-06-24,,Standard
M11869,Wallet,1.9,2026-06-24,,Standard
M11870,UPI,0.0,2026-06-24,,Standard
M11870,Credit card,2.0,2026-06-24,,Standard
M11870,Debit card,0.9,2026-06-24,,Standard
M11870,Netbanking,1.8,2026-06-24,,Standard
M11870,Wallet,1.9,2026-06-24,,Standard
M11871,UPI,0.0,2026-06-25,,Standard
M11871,Credit card,2.0,2026-06-25,,Standard
M11871,Debit card,0.9,2026-06-25,,Standard
M11871,Netbanking,1.8,2026-06-25,,Standard
M11871,Wallet,1.9,2026-06-25,,Standard
M11872,UPI,0.0,2026-06-25,,Standard
M11872,Credit card,2.0,2026-06-25,,Standard
M11872,Debit card,0.9,2026-06-25,,Standard
M11872,Netbanking,1.8,2026-06-25,,Standard
M11872,Wallet,1.9,2026-06-25,,Standard
M11873,UPI,0.0,2026-06-25,,Standard
M11873,Credit card,2.0,2026-06-25,,Standard
M11873,Debit card,0.9,2026-06-25,,Standard
M11873,Netbanking,1.8,2026-06-25,,Standard
M11873,Wallet,1.9,2026-06-25,,Standard
M11874,UPI,0.0,2026-06-25,,Standard
M11874,Credit card,2.0,2026-06-25,,Standard
M11874,Debit card,0.9,2026-06-25,,Standard
M11874,Netbanking,1.8,2026-06-25,,Standard
M11874,Wallet,1.9,2026-06-25,,Standard
M11875,UPI,0.0,2026-06-26,,Standard
M11875,Credit card,2.0,2026-06-26,,Standard
M11875,Debit card,0.9,2026-06-26,,Standard
M11875,Netbanking,1.8,2026-06-26,,Standard
M11875,Wallet,1.9,2026-06-26,,Standard
M11876,UPI,0.0,2026-06-26,,Standard
M11876,Credit card,2.0,2026-06-26,,Standard
M11876,Debit card,0.9,2026-06-26,,Standard
M11876,Netbanking,1.8,2026-06-26,,Standard
M11876,Wallet,1.9,2026-06-26,,Standard
M11877,UPI,0.0,2026-06-26,,Standard
M11877,Credit card,2.0,2026-06-26,,Standard
M11877,Debit card,0.9,2026-06-26,,Standard
M11877,Netbanking,1.8,2026-06-26,,Standard
M11877,Wallet,1.9,2026-06-26,,Standard
M11878,UPI,0.0,2026-06-27,,Standard
M11878,Credit card,2.0,2026-06-27,,Standard
M11878,Debit card,0.9,2026-06-27,,Standard
M11878,Netbanking,1.8,2026-06-27,,Standard
M11878,Wallet,1.9,2026-06-27,,Standard
M11879,UPI,0.0,2026-06-27,,Standard
M11879,Credit card,2.0,2026-06-27,,Standard
M11879,Debit card,0.9,2026-06-27,,Standard
M11879,Netbanking,1.8,2026-06-27,,Standard
M11879,Wallet,1.9,2026-06-27,,Standard
M11880,UPI,0.0,2026-06-27,,Standard
M11880,Credit card,2.0,2026-06-27,,Standard
M11880,Debit card,0.9,2026-06-27,,Standard
M11880,Netbanking,1.8,2026-06-27,,Standard
M11880,Wallet,1.9,2026-06-27,,Standard
M11881,UPI,0.0,2026-06-27,,Standard
M11881,Credit card,2.0,2026-06-27,,Standard
M11881,Debit card,0.9,2026-06-27,,Standard
M11881,Netbanking,1.8,2026-06-27,,Standard
M11881,Wallet,1.9,2026-06-27,,Standard
M11882,UPI,0.0,2026-06-28,,Standard
M11882,Credit card,2.0,2026-06-28,,Standard
M11882,Debit card,0.9,2026-06-28,,Standard
M11882,Netbanking,1.8,2026-06-28,,Standard
M11882,Wallet,1.9,2026-06-28,,Standard
M11883,UPI,0.0,2026-06-28,,Standard
M11883,Credit card,2.0,2026-06-28,,Standard
M11883,Debit card,0.9,2026-06-28,,Standard
M11883,Netbanking,1.8,2026-06-28,,Standard
M11883,Wallet,1.9,2026-06-28,,Standard
M11884,UPI,0.0,2026-06-28,,Enterprise
M11884,Credit card,1.57,2026-06-28,,Enterprise
M11884,Debit card,0.67,2026-06-28,,Enterprise
M11884,Netbanking,1.37,2026-06-28,,Enterprise
M11884,Wallet,1.47,2026-06-28,,Enterprise
M11885,UPI,0.0,2026-06-28,,Standard
M11885,Credit card,2.0,2026-06-28,,Standard
M11885,Debit card,0.9,2026-06-28,,Standard
M11885,Netbanking,1.8,2026-06-28,,Standard
M11885,Wallet,1.9,2026-06-28,,Standard
M11886,UPI,0.0,2026-06-30,,Standard
M11886,Credit card,2.0,2026-06-30,,Standard
M11886,Debit card,0.9,2026-06-30,,Standard
M11886,Netbanking,1.8,2026-06-30,,Standard
M11886,Wallet,1.9,2026-06-30,,Standard
M11887,UPI,0.0,2026-06-30,,Standard
M11887,Credit card,2.0,2026-06-30,,Standard
M11887,Debit card,0.9,2026-06-30,,Standard
M11887,Netbanking,1.8,2026-06-30,,Standard
M11887,Wallet,1.9,2026-06-30,,Standard
M11888,UPI,0.0,2026-06-30,,Standard
M11888,Credit card,2.0,2026-06-30,,Standard
M11888,Debit card,0.9,2026-06-30,,Standard
M11888,Netbanking,1.8,2026-06-30,,Standard
M11888,Wallet,1.9,2026-06-30,,Standard
M11889,UPI,0.0,2026-07-01,,Standard
M11889,Credit card,2.0,2026-07-01,,Standard
M11889,Debit card,0.9,2026-07-01,,Standard
M11889,Netbanking,1.8,2026-07-01,,Standard
M11889,Wallet,1.9,2026-07-01,,Standard
M11890,UPI,0.0,2026-07-01,,Standard
M11890,Credit card,2.0,2026-07-01,,Standard
M11890,Debit card,0.9,2026-07-01,,Standard
M11890,Netbanking,1.8,2026-07-01,,Standard
M11890,Wallet,1.9,2026-07-01,,Standard
M11891,UPI,0.0,2026-07-01,,Standard
M11891,Credit card,2.0,2026-07-01,,Standard
M11891,Debit card,0.9,2026-07-01,,Standard
M11891,Netbanking,1.8,2026-07-01,,Standard
M11891,Wallet,1.9,2026-07-01,,Standard
M11892,UPI,0.0,2026-07-02,,Standard
M11892,Credit card,2.0,2026-07-02,,Standard
M11892,Debit card,0.9,2026-07-02,,Standard
M11892,Netbanking,1.8,2026-07-02,,Standard
M11892,Wallet,1.9,2026-07-02,,Standard
M11893,UPI,0.0,2026-07-02,,Standard
M11893,Credit card,2.0,2026-07-02,,Standard
M11893,Debit card,0.9,2026-07-02,,Standard
M11893,Netbanking,1.8,2026-07-02,,Standard
M11893,Wallet,1.9,2026-07-02,,Standard
M11894,UPI,0.0,2026-07-02,,Standard
M11894,Credit card,2.0,2026-07-02,,Standard
M11894,Debit card,0.9,2026-07-02,,Standard
M11894,Netbanking,1.8,2026-07-02,,Standard
M11894,Wallet,1.9,2026-07-02,,Standard
M11895,UPI,0.0,2026-07-04,,Standard
M11895,Credit card,2.0,2026-07-04,,Standard
M11895,Debit card,0.9,2026-07-04,,Standard
M11895,Netbanking,1.8,2026-07-04,,Standard
M11895,Wallet,1.9,2026-07-04,,Standard
M11896,UPI,0.0,2026-07-04,,Standard
M11896,Credit card,2.0,2026-07-04,,Standard
M11896,Debit card,0.9,2026-07-04,,Standard
M11896,Netbanking,1.8,2026-07-04,,Standard
M11896,Wallet,1.9,2026-07-04,,Standard
M11897,UPI,0.0,2026-07-04,,Standard
M11897,Credit card,2.0,2026-07-04,,Standard
M11897,Debit card,0.9,2026-07-04,,Standard
M11897,Netbanking,1.8,2026-07-04,,Standard
M11897,Wallet,1.9,2026-07-04,,Standard
M11898,UPI,0.0,2026-07-04,,Standard
M11898,Credit card,2.0,2026-07-04,,Standard
M11898,Debit card,0.9,2026-07-04,,Standard
M11898,Netbanking,1.8,2026-07-04,,Standard
M11898,Wallet,1.9,2026-07-04,,Standard
M11899,UPI,0.0,2026-07-05,,Standard
M11899,Credit card,2.0,2026-07-05,,Standard
M11899,Debit card,0.9,2026-07-05,,Standard
M11899,Netbanking,1.8,2026-07-05,,Standard
M11899,Wallet,1.9,2026-07-05,,Standard
M11900,UPI,0.0,2026-07-05,,Standard
M11900,Credit card,2.0,2026-07-05,,Standard
M11900,Debit card,0.9,2026-07-05,,Standard
M11900,Netbanking,1.8,2026-07-05,,Standard
M11900,Wallet,1.9,2026-07-05,,Standard
M11901,UPI,0.0,2026-07-06,,Standard
M11901,Credit card,2.0,2026-07-06,,Standard
M11901,Debit card,0.9,2026-07-06,,Standard
M11901,Netbanking,1.8,2026-07-06,,Standard
M11901,Wallet,1.9,2026-07-06,,Standard
M11902,UPI,0.0,2026-07-06,,Standard
M11902,Credit card,2.0,2026-07-06,,Standard
M11902,Debit card,0.9,2026-07-06,,Standard
M11902,Netbanking,1.8,2026-07-06,,Standard
M11902,Wallet,1.9,2026-07-06,,Standard
M11903,UPI,0.0,2026-07-06,,Standard
M11903,Credit card,2.0,2026-07-06,,Standard
M11903,Debit card,0.9,2026-07-06,,Standard
M11903,Netbanking,1.8,2026-07-06,,Standard
M11903,Wallet,1.9,2026-07-06,,Standard
M11904,UPI,0.0,2026-07-07,,Standard
M11904,Credit card,2.0,2026-07-07,,Standard
M11904,Debit card,0.9,2026-07-07,,Standard
M11904,Netbanking,1.8,2026-07-07,,Standard
M11904,Wallet,1.9,2026-07-07,,Standard
M11905,UPI,0.0,2026-07-07,,Standard
M11905,Credit card,2.0,2026-07-07,,Standard
M11905,Debit card,0.9,2026-07-07,,Standard
M11905,Netbanking,1.8,2026-07-07,,Standard
M11905,Wallet,1.9,2026-07-07,,Standard
M11906,UPI,0.0,2026-07-08,,Standard
M11906,Credit card,2.0,2026-07-08,,Standard
M11906,Debit card,0.9,2026-07-08,,Standard
M11906,Netbanking,1.8,2026-07-08,,Standard
M11906,Wallet,1.9,2026-07-08,,Standard
M11907,UPI,0.0,2026-07-08,,Enterprise
M11907,Credit card,1.58,2026-07-08,,Enterprise
M11907,Debit card,0.68,2026-07-08,,Enterprise
M11907,Netbanking,1.38,2026-07-08,,Enterprise
M11907,Wallet,1.48,2026-07-08,,Enterprise
M11908,UPI,0.0,2026-07-09,,Standard
M11908,Credit card,2.0,2026-07-09,,Standard
M11908,Debit card,0.9,2026-07-09,,Standard
M11908,Netbanking,1.8,2026-07-09,,Standard
M11908,Wallet,1.9,2026-07-09,,Standard
M11909,UPI,0.0,2026-07-09,,Standard
M11909,Credit card,2.0,2026-07-09,,Standard
M11909,Debit card,0.9,2026-07-09,,Standard
M11909,Netbanking,1.8,2026-07-09,,Standard
M11909,Wallet,1.9,2026-07-09,,Standard
M11910,UPI,0.0,2026-07-09,,Standard
M11910,Credit card,2.0,2026-07-09,,Standard
M11910,Debit card,0.9,2026-07-09,,Standard
M11910,Netbanking,1.8,2026-07-09,,Standard
M11910,Wallet,1.9,2026-07-09,,Standard
M11911,UPI,0.0,2026-07-10,,Standard
M11911,Credit card,2.0,2026-07-10,,Standard
M11911,Debit card,0.9,2026-07-10,,Standard
M11911,Netbanking,1.8,2026-07-10,,Standard
M11911,Wallet,1.9,2026-07-10,,Standard
M11912,UPI,0.0,2026-07-10,,Standard
M11912,Credit card,2.0,2026-07-10,,Standard
M11912,Debit card,0.9,2026-07-10,,Standard
M11912,Netbanking,1.8,2026-07-10,,Standard
M11912,Wallet,1.9,2026-07-10,,Standard
M11913,UPI,0.0,2026-07-11,,Standard
M11913,Credit card,2.0,2026-07-11,,Standard
M11913,Debit card,0.9,2026-07-11,,Standard
M11913,Netbanking,1.8,2026-07-11,,Standard
M11913,Wallet,1.9,2026-07-11,,Standard
M11914,UPI,0.0,2026-07-11,,Standard
M11914,Credit card,2.0,2026-07-11,,Standard
M11914,Debit card,0.9,2026-07-11,,Standard
M11914,Netbanking,1.8,2026-07-11,,Standard
M11914,Wallet,1.9,2026-07-11,,Standard
M11915,UPI,0.0,2026-07-11,,Standard
M11915,Credit card,2.0,2026-07-11,,Standard
M11915,Debit card,0.9,2026-07-11,,Standard
M11915,Netbanking,1.8,2026-07-11,,Standard
M11915,Wallet,1.9,2026-07-11,,Standard
M11916,UPI,0.0,2026-07-12,,Standard
M11916,Credit card,2.0,2026-07-12,,Standard
M11916,Debit card,0.9,2026-07-12,,Standard
M11916,Netbanking,1.8,2026-07-12,,Standard
M11916,Wallet,1.9,2026-07-12,,Standard
M11917,UPI,0.0,2026-07-13,,Standard
M11917,Credit card,2.0,2026-07-13,,Standard
M11917,Debit card,0.9,2026-07-13,,Standard
M11917,Netbanking,1.8,2026-07-13,,Standard
M11917,Wallet,1.9,2026-07-13,,Standard
M11918,UPI,0.0,2026-07-15,,Standard
M11918,Credit card,2.0,2026-07-15,,Standard
M11918,Debit card,0.9,2026-07-15,,Standard
M11918,Netbanking,1.8,2026-07-15,,Standard
M11918,Wallet,1.9,2026-07-15,,Standard
M11919,UPI,0.0,2026-07-15,,Standard
M11919,Credit card,2.0,2026-07-15,,Standard
M11919,Debit card,0.9,2026-07-15,,Standard
M11919,Netbanking,1.8,2026-07-15,,Standard
M11919,Wallet,1.9,2026-07-15,,Standard
M11920,UPI,0.0,2026-07-16,,Standard
M11920,Credit card,2.0,2026-07-16,,Standard
M11920,Debit card,0.9,2026-07-16,,Standard
M11920,Netbanking,1.8,2026-07-16,,Standard
M11920,Wallet,1.9,2026-07-16,,Standard
M11921,UPI,0.0,2026-07-17,,Standard
M11921,Credit card,2.0,2026-07-17,,Standard
M11921,Debit card,0.9,2026-07-17,,Standard
M11921,Netbanking,1.8,2026-07-17,,Standard
M11921,Wallet,1.9,2026-07-17,,Standard
M11922,UPI,0.0,2026-07-18,,Standard
M11922,Credit card,2.0,2026-07-18,,Standard
M11922,Debit card,0.9,2026-07-18,,Standard
M11922,Netbanking,1.8,2026-07-18,,Standard
M11922,Wallet,1.9,2026-07-18,,Standard
M11923,UPI,0.0,2026-07-18,,Standard
M11923,Credit card,2.0,2026-07-18,,Standard
M11923,Debit card,0.9,2026-07-18,,Standard
M11923,Netbanking,1.8,2026-07-18,,Standard
M11923,Wallet,1.9,2026-07-18,,Standard
M11924,UPI,0.0,2026-07-18,,Standard
M11924,Credit card,2.0,2026-07-18,,Standard
M11924,Debit card,0.9,2026-07-18,,Standard
M11924,Netbanking,1.8,2026-07-18,,Standard
M11924,Wallet,1.9,2026-07-18,,Standard
M11925,UPI,0.0,2026-07-19,,Enterprise
M11925,Credit card,1.54,2026-07-19,,Enterprise
M11925,Debit card,0.64,2026-07-19,,Enterprise
M11925,Netbanking,1.34,2026-07-19,,Enterprise
M11925,Wallet,1.44,2026-07-19,,Enterprise
M11926,UPI,0.0,2026-07-20,,Standard
M11926,Credit card,2.0,2026-07-20,,Standard
M11926,Debit card,0.9,2026-07-20,,Standard
M11926,Netbanking,1.8,2026-07-20,,Standard
M11926,Wallet,1.9,2026-07-20,,Standard
M11927,UPI,0.0,2026-07-20,,Enterprise
M11927,Credit card,1.52,2026-07-20,,Enterprise
M11927,Debit card,0.62,2026-07-20,,Enterprise
M11927,Netbanking,1.32,2026-07-20,,Enterprise
M11927,Wallet,1.42,2026-07-20,,Enterprise
M11928,UPI,0.0,2026-07-20,,Standard
M11928,Credit card,2.0,2026-07-20,,Standard
M11928,Debit card,0.9,2026-07-20,,Standard
M11928,Netbanking,1.8,2026-07-20,,Standard
M11928,Wallet,1.9,2026-07-20,,Standard
M11929,UPI,0.0,2026-07-21,,Standard
M11929,Credit card,2.0,2026-07-21,,Standard
M11929,Debit card,0.9,2026-07-21,,Standard
M11929,Netbanking,1.8,2026-07-21,,Standard
M11929,Wallet,1.9,2026-07-21,,Standard
M11930,UPI,0.0,2026-07-21,,Standard
M11930,Credit card,2.0,2026-07-21,,Standard
M11930,Debit card,0.9,2026-07-21,,Standard
M11930,Netbanking,1.8,2026-07-21,,Standard
M11930,Wallet,1.9,2026-07-21,,Standard
M11931,UPI,0.0,2026-07-22,,Standard
M11931,Credit card,2.0,2026-07-22,,Standard
M11931,Debit card,0.9,2026-07-22,,Standard
M11931,Netbanking,1.8,2026-07-22,,Standard
M11931,Wallet,1.9,2026-07-22,,Standard
M11932,UPI,0.0,2026-07-22,,Standard
M11932,Credit card,2.0,2026-07-22,,Standard
M11932,Debit card,0.9,2026-07-22,,Standard
M11932,Netbanking,1.8,2026-07-22,,Standard
M11932,Wallet,1.9,2026-07-22,,Standard
M11933,UPI,0.0,2026-07-22,,Standard
M11933,Credit card,2.0,2026-07-22,,Standard
M11933,Debit card,0.9,2026-07-22,,Standard
M11933,Netbanking,1.8,2026-07-22,,Standard
M11933,Wallet,1.9,2026-07-22,,Standard
M11934,UPI,0.0,2026-07-22,,Standard
M11934,Credit card,2.0,2026-07-22,,Standard
M11934,Debit card,0.9,2026-07-22,,Standard
M11934,Netbanking,1.8,2026-07-22,,Standard
M11934,Wallet,1.9,2026-07-22,,Standard
M11935,UPI,0.0,2026-07-23,,Standard
M11935,Credit card,2.0,2026-07-23,,Standard
M11935,Debit card,0.9,2026-07-23,,Standard
M11935,Netbanking,1.8,2026-07-23,,Standard
M11935,Wallet,1.9,2026-07-23,,Standard
M11936,UPI,0.0,2026-07-23,,Standard
M11936,Credit card,2.0,2026-07-23,,Standard
M11936,Debit card,0.9,2026-07-23,,Standard
M11936,Netbanking,1.8,2026-07-23,,Standard
M11936,Wallet,1.9,2026-07-23,,Standard
M11937,UPI,0.0,2026-07-23,,Standard
M11937,Credit card,2.0,2026-07-23,,Standard
M11937,Debit card,0.9,2026-07-23,,Standard
M11937,Netbanking,1.8,2026-07-23,,Standard
M11937,Wallet,1.9,2026-07-23,,Standard
M11938,UPI,0.0,2026-07-23,,Standard
M11938,Credit card,2.0,2026-07-23,,Standard
M11938,Debit card,0.9,2026-07-23,,Standard
M11938,Netbanking,1.8,2026-07-23,,Standard
M11938,Wallet,1.9,2026-07-23,,Standard
M11939,UPI,0.0,2026-07-24,,Standard
M11939,Credit card,2.0,2026-07-24,,Standard
M11939,Debit card,0.9,2026-07-24,,Standard
M11939,Netbanking,1.8,2026-07-24,,Standard
M11939,Wallet,1.9,2026-07-24,,Standard
M11940,UPI,0.0,2026-07-24,,Standard
M11940,Credit card,2.0,2026-07-24,,Standard
M11940,Debit card,0.9,2026-07-24,,Standard
M11940,Netbanking,1.8,2026-07-24,,Standard
M11940,Wallet,1.9,2026-07-24,,Standard
M11941,UPI,0.0,2026-07-24,,Enterprise
M11941,Credit card,1.58,2026-07-24,,Enterprise
M11941,Debit card,0.68,2026-07-24,,Enterprise
M11941,Netbanking,1.38,2026-07-24,,Enterprise
M11941,Wallet,1.48,2026-07-24,,Enterprise
M11942,UPI,0.0,2026-07-24,,Standard
M11942,Credit card,2.0,2026-07-24,,Standard
M11942,Debit card,0.9,2026-07-24,,Standard
M11942,Netbanking,1.8,2026-07-24,,Standard
M11942,Wallet,1.9,2026-07-24,,Standard
M11943,UPI,0.0,2026-07-24,,Standard
M11943,Credit card,2.0,2026-07-24,,Standard
M11943,Debit card,0.9,2026-07-24,,Standard
M11943,Netbanking,1.8,2026-07-24,,Standard
M11943,Wallet,1.9,2026-07-24,,Standard
M11944,UPI,0.0,2026-07-24,,Standard
M11944,Credit card,2.0,2026-07-24,,Standard
M11944,Debit card,0.9,2026-07-24,,Standard
M11944,Netbanking,1.8,2026-07-24,,Standard
M11944,Wallet,1.9,2026-07-24,,Standard
M11945,UPI,0.0,2026-07-24,,Standard
M11945,Credit card,2.0,2026-07-24,,Standard
M11945,Debit card,0.9,2026-07-24,,Standard
M11945,Netbanking,1.8,2026-07-24,,Standard
M11945,Wallet,1.9,2026-07-24,,Standard
M11946,UPI,0.0,2026-07-25,,Standard
M11946,Credit card,2.0,2026-07-25,,Standard
M11946,Debit card,0.9,2026-07-25,,Standard
M11946,Netbanking,1.8,2026-07-25,,Standard
M11946,Wallet,1.9,2026-07-25,,Standard
M11947,UPI,0.0,2026-07-25,,Standard
M11947,Credit card,2.0,2026-07-25,,Standard
M11947,Debit card,0.9,2026-07-25,,Standard
M11947,Netbanking,1.8,2026-07-25,,Standard
M11947,Wallet,1.9,2026-07-25,,Standard
M11948,UPI,0.0,2026-07-25,,Standard
M11948,Credit card,2.0,2026-07-25,,Standard
M11948,Debit card,0.9,2026-07-25,,Standard
M11948,Netbanking,1.8,2026-07-25,,Standard
M11948,Wallet,1.9,2026-07-25,,Standard
M11949,UPI,0.0,2026-07-26,,Standard
M11949,Credit card,2.0,2026-07-26,,Standard
M11949,Debit card,0.9,2026-07-26,,Standard
M11949,Netbanking,1.8,2026-07-26,,Standard
M11949,Wallet,1.9,2026-07-26,,Standard
M11950,UPI,0.0,2026-07-26,,Standard
M11950,Credit card,2.0,2026-07-26,,Standard
M11950,Debit card,0.9,2026-07-26,,Standard
M11950,Netbanking,1.8,2026-07-26,,Standard
M11950,Wallet,1.9,2026-07-26,,Standard
M11951,UPI,0.0,2026-07-26,,Standard
M11951,Credit card,2.0,2026-07-26,,Standard
M11951,Debit card,0.9,2026-07-26,,Standard
M11951,Netbanking,1.8,2026-07-26,,Standard
M11951,Wallet,1.9,2026-07-26,,Standard
M11952,UPI,0.0,2026-07-27,,Standard
M11952,Credit card,2.0,2026-07-27,,Standard
M11952,Debit card,0.9,2026-07-27,,Standard
M11952,Netbanking,1.8,2026-07-27,,Standard
M11952,Wallet,1.9,2026-07-27,,Standard
M11953,UPI,0.0,2026-07-27,,Standard
M11953,Credit card,2.0,2026-07-27,,Standard
M11953,Debit card,0.9,2026-07-27,,Standard
M11953,Netbanking,1.8,2026-07-27,,Standard
M11953,Wallet,1.9,2026-07-27,,Standard
M11954,UPI,0.0,2026-07-28,,Standard
M11954,Credit card,2.0,2026-07-28,,Standard
M11954,Debit card,0.9,2026-07-28,,Standard
M11954,Netbanking,1.8,2026-07-28,,Standard
M11954,Wallet,1.9,2026-07-28,,Standard
M11955,UPI,0.0,2026-07-29,,Standard
M11955,Credit card,2.0,2026-07-29,,Standard
M11955,Debit card,0.9,2026-07-29,,Standard
M11955,Netbanking,1.8,2026-07-29,,Standard
M11955,Wallet,1.9,2026-07-29,,Standard
M11956,UPI,0.0,2026-07-29,,Standard
M11956,Credit card,2.0,2026-07-29,,Standard
M11956,Debit card,0.9,2026-07-29,,Standard
M11956,Netbanking,1.8,2026-07-29,,Standard
M11956,Wallet,1.9,2026-07-29,,Standard
M11957,UPI,0.0,2026-07-29,,Standard
M11957,Credit card,2.0,2026-07-29,,Standard
M11957,Debit card,0.9,2026-07-29,,Standard
M11957,Netbanking,1.8,2026-07-29,,Standard
M11957,Wallet,1.9,2026-07-29,,Standard
M11958,UPI,0.0,2026-07-29,,Standard
M11958,Credit card,2.0,2026-07-29,,Standard
M11958,Debit card,0.9,2026-07-29,,Standard
M11958,Netbanking,1.8,2026-07-29,,Standard
M11958,Wallet,1.9,2026-07-29,,Standard
M11959,UPI,0.0,2026-07-30,,Standard
M11959,Credit card,2.0,2026-07-30,,Standard
M11959,Debit card,0.9,2026-07-30,,Standard
M11959,Netbanking,1.8,2026-07-30,,Standard
M11959,Wallet,1.9,2026-07-30,,Standard
M11960,UPI,0.0,2026-07-30,,Standard
M11960,Credit card,2.0,2026-07-30,,Standard
M11960,Debit card,0.9,2026-07-30,,Standard
M11960,Netbanking,1.8,2026-07-30,,Standard
M11960,Wallet,1.9,2026-07-30,,Standard
M11961,UPI,0.0,2026-07-30,,Standard
M11961,Credit card,2.0,2026-07-30,,Standard
M11961,Debit card,0.9,2026-07-30,,Standard
M11961,Netbanking,1.8,2026-07-30,,Standard
M11961,Wallet,1.9,2026-07-30,,Standard
M11962,UPI,0.0,2026-08-01,,Standard
M11962,Credit card,2.0,2026-08-01,,Standard
M11962,Debit card,0.9,2026-08-01,,Standard
M11962,Netbanking,1.8,2026-08-01,,Standard
M11962,Wallet,1.9,2026-08-01,,Standard
M11963,UPI,0.0,2026-08-01,,Standard
M11963,Credit card,2.0,2026-08-01,,Standard
M11963,Debit card,0.9,2026-08-01,,Standard
M11963,Netbanking,1.8,2026-08-01,,Standard
M11963,Wallet,1.9,2026-08-01,,Standard
M11964,UPI,0.0,2026-08-01,,Standard
M11964,Credit card,2.0,2026-08-01,,Standard
M11964,Debit card,0.9,2026-08-01,,Standard
M11964,Netbanking,1.8,2026-08-01,,Standard
M11964,Wallet,1.9,2026-08-01,,Standard
M11965,UPI,0.0,2026-08-01,,Standard
M11965,Credit card,2.0,2026-08-01,,Standard
M11965,Debit card,0.9,2026-08-01,,Standard
M11965,Netbanking,1.8,2026-08-01,,Standard
M11965,Wallet,1.9,2026-08-01,,Standard
M11966,UPI,0.0,2026-08-02,,Standard
M11966,Credit card,2.0,2026-08-02,,Standard
M11966,Debit card,0.9,2026-08-02,,Standard
M11966,Netbanking,1.8,2026-08-02,,Standard
M11966,Wallet,1.9,2026-08-02,,Standard
M11967,UPI,0.0,2026-08-02,,Standard
M11967,Credit card,2.0,2026-08-02,,Standard
M11967,Debit card,0.9,2026-08-02,,Standard
M11967,Netbanking,1.8,2026-08-02,,Standard
M11967,Wallet,1.9,2026-08-02,,Standard
M11968,UPI,0.0,2026-08-03,,Standard
M11968,Credit card,2.0,2026-08-03,,Standard
M11968,Debit card,0.9,2026-08-03,,Standard
M11968,Netbanking,1.8,2026-08-03,,Standard
M11968,Wallet,1.9,2026-08-03,,Standard
M11969,UPI,0.0,2026-08-03,,Standard
M11969,Credit card,2.0,2026-08-03,,Standard
M11969,Debit card,0.9,2026-08-03,,Standard
M11969,Netbanking,1.8,2026-08-03,,Standard
M11969,Wallet,1.9,2026-08-03,,Standard
M11970,UPI,0.0,2026-08-03,,Standard
M11970,Credit card,2.0,2026-08-03,,Standard
M11970,Debit card,0.9,2026-08-03,,Standard
M11970,Netbanking,1.8,2026-08-03,,Standard
M11970,Wallet,1.9,2026-08-03,,Standard
M11971,UPI,0.0,2026-08-04,,Standard
M11971,Credit card,2.0,2026-08-04,,Standard
M11971,Debit card,0.9,2026-08-04,,Standard
M11971,Netbanking,1.8,2026-08-04,,Standard
M11971,Wallet,1.9,2026-08-04,,Standard
M11972,UPI,0.0,2026-08-04,,Standard
M11972,Credit card,2.0,2026-08-04,,Standard
M11972,Debit card,0.9,2026-08-04,,Standard
M11972,Netbanking,1.8,2026-08-04,,Standard
M11972,Wallet,1.9,2026-08-04,,Standard
M11973,UPI,0.0,2026-08-05,,Standard
M11973,Credit card,2.0,2026-08-05,,Standard
M11973,Debit card,0.9,2026-08-05,,Standard
M11973,Netbanking,1.8,2026-08-05,,Standard
M11973,Wallet,1.9,2026-08-05,,Standard
M11974,UPI,0.0,2026-08-05,,Standard
M11974,Credit card,2.0,2026-08-05,,Standard
M11974,Debit card,0.9,2026-08-05,,Standard
M11974,Netbanking,1.8,2026-08-05,,Standard
M11974,Wallet,1.9,2026-08-05,,Standard
M11975,UPI,0.0,2026-08-05,,Standard
M11975,Credit card,2.0,2026-08-05,,Standard
M11975,Debit card,0.9,2026-08-05,,Standard
M11975,Netbanking,1.8,2026-08-05,,Standard
M11975,Wallet,1.9,2026-08-05,,Standard
M11976,UPI,0.0,2026-08-05,,Standard
M11976,Credit card,2.0,2026-08-05,,Standard
M11976,Debit card,0.9,2026-08-05,,Standard
M11976,Netbanking,1.8,2026-08-05,,Standard
M11976,Wallet,1.9,2026-08-05,,Standard
M11977,UPI,0.0,2026-08-05,,Standard
M11977,Credit card,2.0,2026-08-05,,Standard
M11977,Debit card,0.9,2026-08-05,,Standard
M11977,Netbanking,1.8,2026-08-05,,Standard
M11977,Wallet,1.9,2026-08-05,,Standard
M11978,UPI,0.0,2026-08-06,,Standard
M11978,Credit card,2.0,2026-08-06,,Standard
M11978,Debit card,0.9,2026-08-06,,Standard
M11978,Netbanking,1.8,2026-08-06,,Standard
M11978,Wallet,1.9,2026-08-06,,Standard
M11979,UPI,0.0,2026-08-06,,Standard
M11979,Credit card,2.0,2026-08-06,,Standard
M11979,Debit card,0.9,2026-08-06,,Standard
M11979,Netbanking,1.8,2026-08-06,,Standard
M11979,Wallet,1.9,2026-08-06,,Standard
M11980,UPI,0.0,2026-08-07,,Standard
M11980,Credit card,2.0,2026-08-07,,Standard
M11980,Debit card,0.9,2026-08-07,,Standard
M11980,Netbanking,1.8,2026-08-07,,Standard
M11980,Wallet,1.9,2026-08-07,,Standard
M11981,UPI,0.0,2026-08-07,,Standard
M11981,Credit card,2.0,2026-08-07,,Standard
M11981,Debit card,0.9,2026-08-07,,Standard
M11981,Netbanking,1.8,2026-08-07,,Standard
M11981,Wallet,1.9,2026-08-07,,Standard
M11982,UPI,0.0,2026-08-07,,Standard
M11982,Credit card,2.0,2026-08-07,,Standard
M11982,Debit card,0.9,2026-08-07,,Standard
M11982,Netbanking,1.8,2026-08-07,,Standard
M11982,Wallet,1.9,2026-08-07,,Standard
M11983,UPI,0.0,2026-08-07,,Standard
M11983,Credit card,2.0,2026-08-07,,Standard
M11983,Debit card,0.9,2026-08-07,,Standard
M11983,Netbanking,1.8,2026-08-07,,Standard
M11983,Wallet,1.9,2026-08-07,,Standard
M11984,UPI,0.0,2026-08-07,,Standard
M11984,Credit card,2.0,2026-08-07,,Standard
M11984,Debit card,0.9,2026-08-07,,Standard
M11984,Netbanking,1.8,2026-08-07,,Standard
M11984,Wallet,1.9,2026-08-07,,Standard
M11985,UPI,0.0,2026-08-08,,Standard
M11985,Credit card,2.0,2026-08-08,,Standard
M11985,Debit card,0.9,2026-08-08,,Standard
M11985,Netbanking,1.8,2026-08-08,,Standard
M11985,Wallet,1.9,2026-08-08,,Standard
M11986,UPI,0.0,2026-08-08,,Standard
M11986,Credit card,2.0,2026-08-08,,Standard
M11986,Debit card,0.9,2026-08-08,,Standard
M11986,Netbanking,1.8,2026-08-08,,Standard
M11986,Wallet,1.9,2026-08-08,,Standard
M11987,UPI,0.0,2026-08-09,,Standard
M11987,Credit card,2.0,2026-08-09,,Standard
M11987,Debit card,0.9,2026-08-09,,Standard
M11987,Netbanking,1.8,2026-08-09,,Standard
M11987,Wallet,1.9,2026-08-09,,Standard
M11988,UPI,0.0,2026-08-10,,Standard
M11988,Credit card,2.0,2026-08-10,,Standard
M11988,Debit card,0.9,2026-08-10,,Standard
M11988,Netbanking,1.8,2026-08-10,,Standard
M11988,Wallet,1.9,2026-08-10,,Standard
M11989,UPI,0.0,2026-08-10,,Standard
M11989,Credit card,2.0,2026-08-10,,Standard
M11989,Debit card,0.9,2026-08-10,,Standard
M11989,Netbanking,1.8,2026-08-10,,Standard
M11989,Wallet,1.9,2026-08-10,,Standard
M11990,UPI,0.0,2026-08-11,,Standard
M11990,Credit card,2.0,2026-08-11,,Standard
M11990,Debit card,0.9,2026-08-11,,Standard
M11990,Netbanking,1.8,2026-08-11,,Standard
M11990,Wallet,1.9,2026-08-11,,Standard
M11991,UPI,0.0,2026-08-11,,Standard
M11991,Credit card,2.0,2026-08-11,,Standard
M11991,Debit card,0.9,2026-08-11,,Standard
M11991,Netbanking,1.8,2026-08-11,,Standard
M11991,Wallet,1.9,2026-08-11,,Standard
M11992,UPI,0.0,2026-08-11,,Standard
M11992,Credit card,2.0,2026-08-11,,Standard
M11992,Debit card,0.9,2026-08-11,,Standard
M11992,Netbanking,1.8,2026-08-11,,Standard
M11992,Wallet,1.9,2026-08-11,,Standard
M11993,UPI,0.0,2026-08-12,,Standard
M11993,Credit card,2.0,2026-08-12,,Standard
M11993,Debit card,0.9,2026-08-12,,Standard
M11993,Netbanking,1.8,2026-08-12,,Standard
M11993,Wallet,1.9,2026-08-12,,Standard
M11994,UPI,0.0,2026-08-12,,Standard
M11994,Credit card,2.0,2026-08-12,,Standard
M11994,Debit card,0.9,2026-08-12,,Standard
M11994,Netbanking,1.8,2026-08-12,,Standard
M11994,Wallet,1.9,2026-08-12,,Standard
M11995,UPI,0.0,2026-08-13,,Standard
M11995,Credit card,2.0,2026-08-13,,Standard
M11995,Debit card,0.9,2026-08-13,,Standard
M11995,Netbanking,1.8,2026-08-13,,Standard
M11995,Wallet,1.9,2026-08-13,,Standard
M11996,UPI,0.0,2026-08-14,,Standard
M11996,Credit card,2.0,2026-08-14,,Standard
M11996,Debit card,0.9,2026-08-14,,Standard
M11996,Netbanking,1.8,2026-08-14,,Standard
M11996,Wallet,1.9,2026-08-14,,Standard
M11997,UPI,0.0,2026-08-14,,Standard
M11997,Credit card,2.0,2026-08-14,,Standard
M11997,Debit card,0.9,2026-08-14,,Standard
M11997,Netbanking,1.8,2026-08-14,,Standard
M11997,Wallet,1.9,2026-08-14,,Standard
M11998,UPI,0.0,2026-08-16,,Standard
M11998,Credit card,2.0,2026-08-16,,Standard
M11998,Debit card,0.9,2026-08-16,,Standard
M11998,Netbanking,1.8,2026-08-16,,Standard
M11998,Wallet,1.9,2026-08-16,,Standard
M11999,UPI,0.0,2026-08-17,,Standard
M11999,Credit card,2.0,2026-08-17,,Standard
M11999,Debit card,0.9,2026-08-17,,Standard
M11999,Netbanking,1.8,2026-08-17,,Standard
M11999,Wallet,1.9,2026-08-17,,Standard
M12000,UPI,0.0,2026-08-17,,Standard
M12000,Credit card,2.0,2026-08-17,,Standard
M12000,Debit card,0.9,2026-08-17,,Standard
M12000,Netbanking,1.8,2026-08-17,,Standard
M12000,Wallet,1.9,2026-08-17,,Standard
M12001,UPI,0.0,2026-08-17,,Standard
M12001,Credit card,2.0,2026-08-17,,Standard
M12001,Debit card,0.9,2026-08-17,,Standard
M12001,Netbanking,1.8,2026-08-17,,Standard
M12001,Wallet,1.9,2026-08-17,,Standard
M12002,UPI,0.0,2026-08-17,,Standard
M12002,Credit card,2.0,2026-08-17,,Standard
M12002,Debit card,0.9,2026-08-17,,Standard
M12002,Netbanking,1.8,2026-08-17,,Standard
M12002,Wallet,1.9,2026-08-17,,Standard
M12003,UPI,0.0,2026-08-17,,Enterprise
M12003,Credit card,1.49,2026-08-17,,Enterprise
M12003,Debit card,0.59,2026-08-17,,Enterprise
M12003,Netbanking,1.29,2026-08-17,,Enterprise
M12003,Wallet,1.39,2026-08-17,,Enterprise
M12004,UPI,0.0,2026-08-17,,Enterprise
M12004,Credit card,1.54,2026-08-17,,Enterprise
M12004,Debit card,0.64,2026-08-17,,Enterprise
M12004,Netbanking,1.34,2026-08-17,,Enterprise
M12004,Wallet,1.44,2026-08-17,,Enterprise
M12005,UPI,0.0,2026-08-18,,Standard
M12005,Credit card,2.0,2026-08-18,,Standard
M12005,Debit card,0.9,2026-08-18,,Standard
M12005,Netbanking,1.8,2026-08-18,,Standard
M12005,Wallet,1.9,2026-08-18,,Standard
M12006,UPI,0.0,2026-08-19,,Standard
M12006,Credit card,2.0,2026-08-19,,Standard
M12006,Debit card,0.9,2026-08-19,,Standard
M12006,Netbanking,1.8,2026-08-19,,Standard
M12006,Wallet,1.9,2026-08-19,,Standard
M12007,UPI,0.0,2026-08-19,,Standard
M12007,Credit card,2.0,2026-08-19,,Standard
M12007,Debit card,0.9,2026-08-19,,Standard
M12007,Netbanking,1.8,2026-08-19,,Standard
M12007,Wallet,1.9,2026-08-19,,Standard
M12008,UPI,0.0,2026-08-19,,Standard
M12008,Credit card,2.0,2026-08-19,,Standard
M12008,Debit card,0.9,2026-08-19,,Standard
M12008,Netbanking,1.8,2026-08-19,,Standard
M12008,Wallet,1.9,2026-08-19,,Standard
M12009,UPI,0.0,2026-08-20,,Standard
M12009,Credit card,2.0,2026-08-20,,Standard
M12009,Debit card,0.9,2026-08-20,,Standard
M12009,Netbanking,1.8,2026-08-20,,Standard
M12009,Wallet,1.9,2026-08-20,,Standard
M12010,UPI,0.0,2026-08-20,,Standard
M12010,Credit card,2.0,2026-08-20,,Standard
M12010,Debit card,0.9,2026-08-20,,Standard
M12010,Netbanking,1.8,2026-08-20,,Standard
M12010,Wallet,1.9,2026-08-20,,Standard
