refund_id,txn_id,merchant_id,refund_date,refund_amount
R900001,T30001137,M11003,2026-01-03,553.0
R900002,T30002693,M10211,2026-01-03,739.0
R900003,T30002207,M10650,2026-01-03,9877.0
R900004,T30002942,M10685,2026-01-04,551.0
R900005,T30004245,M10467,2026-01-04,947.0
R900006,T30002471,M10096,2026-01-04,1354.0
R900007,T30005128,M10296,2026-01-05,3360.0
R900008,T30001602,M10931,2026-01-05,615.0
R900009,T30000839,M10577,2026-01-05,1229.0
R900010,T30006128,M10706,2026-01-06,243.0
R900011,T30003188,M10808,2026-01-06,233.0
R900012,T30002477,M10931,2026-01-06,650.0
R900013,T30006041,M11185,2026-01-06,15157.0
R900014,T30004709,M10042,2026-01-06,4389.0
R900015,T30002234,M10862,2026-01-06,530.0
R900016,T30002106,M11109,2026-01-06,352.0
R900017,T30001775,M11003,2026-01-07,1656.0
R900018,T30008198,M10577,2026-01-07,616.0
R900019,T30006634,M11003,2026-01-07,1870.0
R900020,T30002391,M10211,2026-01-07,431.0
R900021,T30003130,M10577,2026-01-07,417.0
R900022,T30000052,M10133,2026-01-08,214.0
R900023,T30009408,M10931,2026-01-08,582.0
R900024,T30004026,M10032,2026-01-08,170.0
R900025,T30001008,M11275,2026-01-08,957.0
R900026,T30002851,M11003,2026-01-08,1122.0
R900027,T30003332,M10342,2026-01-08,5086.0
R900028,T30001903,M10931,2026-01-08,1934.0
R900029,T30003218,M10032,2026-01-09,214.0
R900030,T30004944,M10701,2026-01-09,1613.0
R900031,T30006692,M10931,2026-01-09,384.0
R900032,T30000899,M10567,2026-01-09,2250.0
R900033,T30004062,M10685,2026-01-09,282.0
R900034,T30009070,M11413,2026-01-09,545.0
R900035,T30009629,M10419,2026-01-09,421.0
R900036,T30001497,M10931,2026-01-09,1510.0
R900037,T30005304,M10989,2026-01-10,3356.0
R900038,T30010418,M11408,2026-01-10,625.0
R900039,T30010667,M11194,2026-01-10,1063.0
R900040,T30009355,M10931,2026-01-10,633.0
R900041,T30010802,M11346,2026-01-10,1864.0
R900042,T30002298,M10042,2026-01-10,2675.0
R900043,T30010976,M10419,2026-01-10,2922.0
R900044,T30011287,M10931,2026-01-10,733.0
R900045,T30009131,M10048,2026-01-10,1723.0
R900046,T30003071,M10493,2026-01-10,3605.0
R900047,T30011457,M10156,2026-01-10,3853.0
R900048,T30001613,M10577,2026-01-10,1160.0
R900049,T30004885,M10577,2026-01-10,1091.0
R900050,T30006377,M10931,2026-01-10,758.0
R900051,T30012957,M11118,2026-01-10,2247.0
R900052,T30009817,M10853,2026-01-10,882.0
R900053,T30005953,M10650,2026-01-10,5805.0
R900054,T30007495,M10975,2026-01-10,480.0
R900055,T30002461,M11109,2026-01-11,681.0
R900056,T30004976,M10746,2026-01-11,496.0
R900057,T30006832,M10577,2026-01-11,922.0
R900058,T30009822,M10685,2026-01-11,280.0
R900059,T30002621,M11283,2026-01-11,2636.0
R900060,T30001996,M11333,2026-01-11,231.0
R900061,T30011429,M10597,2026-01-11,2069.0
R900062,T30011576,M10931,2026-01-11,712.0
R900063,T30003812,M10341,2026-01-11,6386.0
R900064,T30008868,M10211,2026-01-11,509.0
R900065,T30003798,M11003,2026-01-11,352.0
R900066,T30009149,M11408,2026-01-11,280.0
R900067,T30009526,M10419,2026-01-12,175.0
R900068,T30013613,M10444,2026-01-12,516.0
R900069,T30002189,M10808,2026-01-12,748.0
R900070,T30015543,M10947,2026-01-12,2798.0
R900071,T30010320,M11090,2026-01-12,5206.0
R900072,T30014970,M10577,2026-01-12,1191.0
R900073,T30013901,M11003,2026-01-12,303.0
R900074,T30014497,M11462,2026-01-12,729.0
R900075,T30011390,M10931,2026-01-12,2504.0
R900076,T30001840,M10493,2026-01-12,3794.0
R900077,T30003828,M10022,2026-01-12,430.0
R900078,T30006585,M10419,2026-01-12,339.0
R900079,T30013391,M11408,2026-01-12,662.0
R900080,T30013486,M11003,2026-01-12,925.0
R900081,T30004982,M11216,2026-01-12,321.0
R900082,T30011543,M10931,2026-01-13,1282.0
R900083,T30004415,M11385,2026-01-13,702.0
R900084,T30013417,M10931,2026-01-13,1142.0
R900085,T30014059,M10878,2026-01-13,1890.0
R900086,T30008467,M10107,2026-01-13,819.0
R900087,T30001360,M10862,2026-01-13,162.0
R900088,T30013058,M10678,2026-01-13,409.0
R900089,T30015095,M11003,2026-01-13,629.0
R900090,T30016620,M10746,2026-01-13,906.0
R900091,T30001410,M10746,2026-01-13,1201.0
R900092,T30011492,M11408,2026-01-13,1156.0
R900093,T30017368,M11229,2026-01-13,752.0
R900094,T30017468,M10577,2026-01-13,382.0
R900095,T30009612,M10931,2026-01-13,329.0
R900096,T30002917,M10931,2026-01-13,340.0
R900097,T30014948,M10685,2026-01-13,2462.0
R900098,T30017052,M10096,2026-01-14,994.0
R900099,T30016229,M10828,2026-01-14,258.0
R900100,T30015795,M10577,2026-01-14,884.0
R900101,T30005170,M11399,2026-01-14,1930.0
R900102,T30017021,M10577,2026-01-14,444.0
R900103,T30008671,M10808,2026-01-14,515.0
R900104,T30014344,M10685,2026-01-14,1449.0
R900105,T30013226,M10493,2026-01-14,8015.0
R900106,T30006122,M10577,2026-01-14,523.0
R900107,T30011606,M10862,2026-01-14,377.0
R900108,T30011499,M10032,2026-01-14,836.0
R900109,T30011464,M10107,2026-01-14,2512.0
R900110,T30010009,M11408,2026-01-14,1552.0
R900111,T30009744,M10734,2026-01-14,2059.0
R900112,T30005715,M10567,2026-01-14,3068.0
R900113,T30010216,M10746,2026-01-14,1804.0
R900114,T30000010,M10931,2026-01-14,374.0
R900115,T30004326,M10211,2026-01-14,763.0
R900116,T30002734,M10577,2026-01-14,720.0
R900117,T30017120,M10685,2026-01-15,1703.0
R900118,T30000830,M10341,2026-01-15,1663.0
R900119,T30009378,M10314,2026-01-15,1075.0
R900120,T30002875,M10931,2026-01-15,4272.0
R900121,T30019209,M11229,2026-01-15,201.0
R900122,T30001154,M10341,2026-01-15,13611.0
R900123,T30000634,M10211,2026-01-15,123.0
R900124,T30016312,M11371,2026-01-15,292.0
R900125,T30016353,M10931,2026-01-15,1052.0
R900126,T30003111,M10211,2026-01-15,909.0
R900127,T30012113,M10211,2026-01-15,1622.0
R900128,T30008771,M10211,2026-01-15,121.0
R900129,T30006546,M10419,2026-01-15,839.0
R900130,T30017405,M10032,2026-01-15,184.0
R900131,T30001422,M10931,2026-01-15,158.0
R900132,T30011557,M11109,2026-01-15,705.0
R900133,T30004903,M10931,2026-01-15,2917.0
R900134,T30011412,M10853,2026-01-16,620.0
R900135,T30006249,M10790,2026-01-16,5501.0
R900136,T30019923,M11003,2026-01-16,708.0
R900137,T30000749,M11362,2026-01-16,216.0
R900138,T30002682,M10845,2026-01-16,1240.0
R900139,T30014090,M10419,2026-01-16,7113.0
R900140,T30009109,M10577,2026-01-16,236.0
R900141,T30000151,M10808,2026-01-16,746.0
R900142,T30002947,M10338,2026-01-16,574.0
R900143,T30012126,M10419,2026-01-16,874.0
R900144,T30013607,M10493,2026-01-16,3418.0
R900145,T30004443,M10931,2026-01-16,1451.0
R900146,T30015778,M10931,2026-01-16,1700.0
R900147,T30018694,M11408,2026-01-16,653.0
R900148,T30001572,M10292,2026-01-16,677.0
R900149,T30020841,M11275,2026-01-16,306.0
R900150,T30000409,M10567,2026-01-16,6182.0
R900151,T30011748,M11229,2026-01-16,485.0
R900152,T30021504,M10947,2026-01-16,1939.0
R900153,T30018969,M10686,2026-01-16,975.0
R900154,T30017517,M10685,2026-01-17,432.0
R900155,T30007616,M10862,2026-01-17,450.0
R900156,T30014455,M10592,2026-01-17,880.0
R900157,T30017589,M10096,2026-01-17,2127.0
R900158,T30017105,M10211,2026-01-17,492.0
R900159,T30009069,M11249,2026-01-17,426.0
R900160,T30020011,M10931,2026-01-17,1981.0
R900161,T30022889,M10314,2026-01-17,468.0
R900162,T30011415,M10444,2026-01-17,194.0
R900163,T30009655,M10419,2026-01-17,1009.0
R900164,T30006025,M10862,2026-01-17,202.0
R900165,T30022413,M11229,2026-01-17,126.0
R900166,T30006002,M10341,2026-01-17,4736.0
R900167,T30009673,M10701,2026-01-17,836.0
R900168,T30006324,M10685,2026-01-17,1063.0
R900169,T30023030,M11003,2026-01-17,1083.0
R900170,T30021646,M10567,2026-01-17,1380.0
R900171,T30016719,M10567,2026-01-18,12044.0
R900172,T30012434,M10419,2026-01-18,1149.0
R900173,T30003157,M11400,2026-01-18,260.0
R900174,T30000362,M10577,2026-01-18,359.0
R900175,T30001592,M11275,2026-01-18,1309.0
R900176,T30011853,M11364,2026-01-18,174.0
R900177,T30012752,M10808,2026-01-18,1665.0
R900178,T30010187,M10363,2026-01-18,58.0
R900179,T30001294,M11431,2026-01-18,240.0
R900180,T30016107,M10931,2026-01-18,579.0
R900181,T30013519,M10577,2026-01-18,508.0
R900182,T30010079,M11229,2026-01-18,148.0
R900183,T30013536,M10419,2026-01-18,361.0
R900184,T30009032,M10211,2026-01-18,252.0
R900185,T30013609,M10729,2026-01-18,1025.0
R900186,T30002467,M11057,2026-01-18,1317.0
R900187,T30015605,M10746,2026-01-18,1594.0
R900188,T30014300,M10211,2026-01-18,235.0
R900189,T30014781,M10746,2026-01-18,1197.0
R900190,T30013176,M10931,2026-01-18,819.0
R900191,T30000288,M10915,2026-01-18,220.0
R900192,T30002042,M10107,2026-01-18,493.0
R900193,T30007235,M10989,2026-01-18,7763.0
R900194,T30018614,M10032,2026-01-18,813.0
R900195,T30018545,M11452,2026-01-18,10009.0
R900196,T30019860,M10032,2026-01-18,449.0
R900197,T30024049,M10650,2026-01-18,5100.0
R900198,T30021691,M10042,2026-01-18,3228.0
R900199,T30019065,M10685,2026-01-19,4416.0
R900200,T30013254,M10096,2026-01-19,329.0
R900201,T30025700,M10211,2026-01-19,1534.0
R900202,T30005379,M10211,2026-01-19,957.0
R900203,T30010021,M10104,2026-01-19,787.0
R900204,T30019658,M11407,2026-01-19,764.0
R900205,T30019771,M10419,2026-01-19,5344.0
R900206,T30000773,M10947,2026-01-19,525.0
R900207,T30003908,M10650,2026-01-19,2794.0
R900208,T30014541,M10862,2026-01-19,35.0
R900209,T30005790,M10032,2026-01-19,390.0
R900210,T30014371,M10577,2026-01-19,1367.0
R900211,T30001022,M10341,2026-01-19,1348.0
R900212,T30019889,M10746,2026-01-19,848.0
R900213,T30002336,M10808,2026-01-19,581.0
R900214,T30007109,M10668,2026-01-19,277.0
R900215,T30020122,M10341,2026-01-19,4002.0
R900216,T30012897,M11059,2026-01-19,844.0
R900217,T30023737,M10042,2026-01-19,12575.0
R900218,T30012675,M10931,2026-01-19,827.0
R900219,T30018146,M10828,2026-01-19,475.0
R900220,T30008439,M10022,2026-01-19,511.0
R900221,T30020076,M10790,2026-01-19,645.0
R900222,T30017318,M11003,2026-01-19,347.0
R900223,T30013053,M10931,2026-01-20,361.0
R900224,T30022437,M11244,2026-01-20,1631.0
R900225,T30001698,M11228,2026-01-20,1238.0
R900226,T30020371,M10746,2026-01-20,1662.0
R900227,T30001585,M10297,2026-01-20,498.0
R900228,T30004816,M10107,2026-01-20,1464.0
R900229,T30023126,M10211,2026-01-20,761.0
R900230,T30022777,M10853,2026-01-20,2020.0
R900231,T30012121,M10746,2026-01-20,2722.0
R900232,T30010735,M10156,2026-01-20,4930.0
R900233,T30023447,M10096,2026-01-20,478.0
R900234,T30013515,M10032,2026-01-20,831.0
R900235,T30004230,M10577,2026-01-20,1455.0
R900236,T30024736,M11193,2026-01-20,966.0
R900237,T30008088,M10931,2026-01-20,275.0
R900238,T30015514,M10211,2026-01-20,525.0
R900239,T30003455,M10947,2026-01-20,961.0
R900240,T30003353,M10892,2026-01-20,323.0
R900241,T30007957,M10685,2026-01-20,1634.0
R900242,T30025370,M11275,2026-01-20,349.0
R900243,T30015383,M10706,2026-01-20,6554.0
R900244,T30000756,M10947,2026-01-20,282.0
R900245,T30013084,M10022,2026-01-21,640.0
R900246,T30018709,M11463,2026-01-21,612.0
R900247,T30008064,M11406,2026-01-21,5543.0
R900248,T30015886,M10096,2026-01-21,280.0
R900249,T30029016,M10989,2026-01-21,9367.0
R900250,T30007380,M10493,2026-01-21,4778.0
R900251,T30008695,M10577,2026-01-21,1660.0
R900252,T30007503,M10989,2026-01-21,2380.0
R900253,T30008895,M10931,2026-01-21,314.0
R900254,T30028693,M10989,2026-01-21,3610.0
R900255,T30005378,M10964,2026-01-21,561.0
R900256,T30005360,M11275,2026-01-21,1433.0
R900257,T30007464,M10314,2026-01-21,144.0
R900258,T30000115,M10595,2026-01-21,12147.0
R900259,T30005521,M10924,2026-01-21,1655.0
R900260,T30028150,M10597,2026-01-21,7922.0
R900261,T30009938,M10947,2026-01-21,1694.0
R900262,T30004656,M11109,2026-01-21,733.0
R900263,T30019425,M11434,2026-01-21,3138.0
R900264,T30026510,M11408,2026-01-21,650.0
R900265,T30021784,M10042,2026-01-22,6543.0
R900266,T30028180,M10096,2026-01-22,198.0
R900267,T30023154,M10042,2026-01-22,6769.0
R900268,T30028522,M10022,2026-01-22,605.0
R900269,T30013922,M10419,2026-01-22,985.0
R900270,T30012581,M10577,2026-01-22,707.0
R900271,T30012900,M10343,2026-01-22,143.0
R900272,T30024006,M10567,2026-01-22,16981.0
R900273,T30013225,M10032,2026-01-22,573.0
R900274,T30030572,M10947,2026-01-22,516.0
R900275,T30020548,M10211,2026-01-22,833.0
R900276,T30024678,M10022,2026-01-22,193.0
R900277,T30014437,M10947,2026-01-22,203.0
R900278,T30024733,M11249,2026-01-22,711.0
R900279,T30025129,M10577,2026-01-22,914.0
R900280,T30026504,M10096,2026-01-22,631.0
R900281,T30004556,M10931,2026-01-22,612.0
R900282,T30013539,M10931,2026-01-22,3998.0
R900283,T30002085,M10931,2026-01-22,2649.0
R900284,T30002144,M11275,2026-01-22,1121.0
R900285,T30007322,M10931,2026-01-22,60.0
R900286,T30011175,M11299,2026-01-22,17828.0
R900287,T30009986,M10455,2026-01-22,484.0
R900288,T30003544,M10922,2026-01-22,525.0
R900289,T30008060,M10678,2026-01-22,513.0
R900290,T30008280,M10175,2026-01-22,7699.0
R900291,T30002574,M11275,2026-01-23,1637.0
R900292,T30032034,M10577,2026-01-23,1476.0
R900293,T30018387,M10022,2026-01-23,681.0
R900294,T30023924,M10096,2026-01-23,963.0
R900295,T30017807,M10273,2026-01-23,484.0
R900296,T30014693,M11345,2026-01-23,3268.0
R900297,T30012732,M10419,2026-01-23,1283.0
R900298,T30017596,M11235,2026-01-23,164.0
R900299,T30018022,M10341,2026-01-23,3788.0
R900300,T30003193,M10419,2026-01-23,1901.0
R900301,T30020450,M10042,2026-01-23,5304.0
R900302,T30001317,M11003,2026-01-23,958.0
R900303,T30024735,M10032,2026-01-23,361.0
R900304,T30003602,M10577,2026-01-23,625.0
R900305,T30025907,M10828,2026-01-23,465.0
R900306,T30013657,M11319,2026-01-23,2269.0
R900307,T30019675,M10577,2026-01-23,335.0
R900308,T30003497,M10922,2026-01-23,1237.0
R900309,T30019685,M10022,2026-01-23,1048.0
R900310,T30019696,M10931,2026-01-23,897.0
R900311,T30006183,M11003,2026-01-23,450.0
R900312,T30005656,M10613,2026-01-23,670.0
R900313,T30002885,M11408,2026-01-23,1526.0
R900314,T30012825,M10708,2026-01-23,584.0
R900315,T30019845,M10032,2026-01-23,159.0
R900316,T30022903,M10931,2026-01-23,2386.0
R900317,T30011604,M11275,2026-01-23,1216.0
R900318,T30004142,M11003,2026-01-23,2377.0
R900319,T30017063,M10022,2026-01-23,250.0
R900320,T30011254,M10577,2026-01-23,952.0
R900321,T30029897,M10419,2026-01-23,2371.0
R900322,T30001770,M10931,2026-01-23,1157.0
R900323,T30029262,M10849,2026-01-23,1403.0
R900324,T30017549,M10871,2026-01-23,1165.0
R900325,T30001761,M10042,2026-01-23,4917.0
R900326,T30011432,M10989,2026-01-24,3849.0
R900327,T30019670,M10800,2026-01-24,2756.0
R900328,T30011216,M11097,2026-01-24,255.0
R900329,T30000612,M10246,2026-01-24,772.0
R900330,T30025732,M10577,2026-01-24,515.0
R900331,T30010090,M11003,2026-01-24,719.0
R900332,T30022271,M10577,2026-01-24,945.0
R900333,T30013396,M10022,2026-01-24,267.0
R900334,T30013369,M10577,2026-01-24,487.0
R900335,T30027676,M10947,2026-01-24,239.0
R900336,T30002486,M11408,2026-01-24,322.0
R900337,T30014585,M11275,2026-01-24,1963.0
R900338,T30004060,M10493,2026-01-24,1171.0
R900339,T30021791,M10823,2026-01-24,546.0
R900340,T30017536,M10808,2026-01-24,1063.0
R900341,T30007557,M10419,2026-01-24,805.0
R900342,T30017506,M10947,2026-01-24,949.0
R900343,T30023619,M11012,2026-01-24,542.0
R900344,T30010229,M10627,2026-01-24,20801.0
R900345,T30009200,M10746,2026-01-24,998.0
R900346,T30017303,M11249,2026-01-24,1202.0
R900347,T30032016,M11003,2026-01-24,749.0
R900348,T30024099,M11321,2026-01-24,448.0
R900349,T30030168,M11275,2026-01-24,1365.0
R900350,T30032070,M10828,2026-01-24,643.0
R900351,T30022096,M10853,2026-01-24,1146.0
R900352,T30007049,M11109,2026-01-25,303.0
R900353,T30000936,M10808,2026-01-25,341.0
R900354,T30015475,M10042,2026-01-25,9338.0
R900355,T30009092,M10808,2026-01-25,1208.0
R900356,T30031023,M10419,2026-01-25,1101.0
R900357,T30032100,M10102,2026-01-25,142.0
R900358,T30028106,M11275,2026-01-25,1296.0
R900359,T30014349,M10022,2026-01-25,103.0
R900360,T30009358,M10650,2026-01-25,1516.0
R900361,T30008593,M10567,2026-01-25,3685.0
R900362,T30028383,M11225,2026-01-25,358.0
R900363,T30031642,M10273,2026-01-25,223.0
R900364,T30007902,M11390,2026-01-25,1287.0
R900365,T30030814,M11003,2026-01-25,588.0
R900366,T30016810,M10931,2026-01-25,305.0
R900367,T30032688,M10120,2026-01-25,1258.0
R900368,T30033863,M11364,2026-01-25,370.0
R900369,T30005214,M10096,2026-01-25,787.0
R900370,T30011630,M10931,2026-01-25,1548.0
R900371,T30003779,M10273,2026-01-25,785.0
R900372,T30001301,M10746,2026-01-25,360.0
R900373,T30002091,M10107,2026-01-25,185.0
R900374,T30002356,M11408,2026-01-25,417.0
R900375,T30022539,M10597,2026-01-25,4210.0
R900376,T30009924,M11445,2026-01-25,710.0
R900377,T30012895,M10239,2026-01-25,191.0
R900378,T30006150,M10685,2026-01-25,713.0
R900379,T30033780,M10685,2026-01-25,1160.0
R900380,T30021815,M11210,2026-01-26,874.0
R900381,T30004053,M10746,2026-01-26,641.0
R900382,T30033610,M10871,2026-01-26,212.0
R900383,T30010800,M10701,2026-01-26,1438.0
R900384,T30012534,M10273,2026-01-26,1289.0
R900385,T30007770,M10989,2026-01-26,9131.0
R900386,T30025320,M10022,2026-01-26,1490.0
R900387,T30023067,M10828,2026-01-26,91.0
R900388,T30035009,M10808,2026-01-26,1070.0
R900389,T30015982,M10042,2026-01-26,921.0
R900390,T30008110,M10211,2026-01-26,2490.0
R900391,T30011537,M11275,2026-01-26,3959.0
R900392,T30022499,M10739,2026-01-26,93.0
R900393,T30022518,M10853,2026-01-26,417.0
R900394,T30016890,M10273,2026-01-26,464.0
R900395,T30002963,M10947,2026-01-26,2123.0
R900396,T30005010,M11408,2026-01-26,569.0
R900397,T30033268,M11173,2026-01-26,1333.0
R900398,T30026967,M11003,2026-01-26,619.0
R900399,T30033265,M10411,2026-01-26,11534.0
R900400,T30002155,M11217,2026-01-26,8811.0
R900401,T30023674,M11217,2026-01-26,2076.0
R900402,T30035140,M11373,2026-01-26,5017.0
R900403,T30012955,M10022,2026-01-26,1322.0
R900404,T30018542,M10931,2026-01-26,321.0
R900405,T30005773,M10022,2026-01-26,1225.0
R900406,T30018519,M10211,2026-01-26,1492.0
R900407,T30021247,M10419,2026-01-26,788.0
R900408,T30007058,M10878,2026-01-27,483.0
R900409,T30024822,M10022,2026-01-27,200.0
R900410,T30024957,M11009,2026-01-27,2142.0
R900411,T30028558,M10989,2026-01-27,13204.0
R900412,T30006105,M10650,2026-01-27,3583.0
R900413,T30022397,M10577,2026-01-27,630.0
R900414,T30029147,M11376,2026-01-27,454.0
R900415,T30019992,M11346,2026-01-27,6010.0
R900416,T30008106,M10126,2026-01-27,271.0
R900417,T30007348,M10107,2026-01-27,650.0
R900418,T30005367,M11003,2026-01-27,146.0
R900419,T30024018,M10931,2026-01-27,474.0
R900420,T30003934,M10650,2026-01-27,9248.0
R900421,T30005051,M10419,2026-01-27,886.0
R900422,T30007424,M11201,2026-01-27,6478.0
R900423,T30005096,M10577,2026-01-27,932.0
R900424,T30007433,M10577,2026-01-27,315.0
R900425,T30021615,M10931,2026-01-27,421.0
R900426,T30021432,M11042,2026-01-27,3414.0
R900427,T30026580,M10931,2026-01-27,1261.0
R900428,T30017577,M10491,2026-01-27,1075.0
R900429,T30022148,M10567,2026-01-27,8833.0
R900430,T30005237,M10577,2026-01-27,1136.0
R900431,T30028706,M10931,2026-01-27,843.0
R900432,T30033588,M11194,2026-01-27,796.0
R900433,T30031725,M10096,2026-01-27,383.0
R900434,T30012227,M11003,2026-01-27,603.0
R900435,T30030500,M11143,2026-01-27,1253.0
R900436,T30012644,M10577,2026-01-27,1735.0
R900437,T30010559,M11363,2026-01-27,747.0
R900438,T30032449,M10042,2026-01-27,3133.0
R900439,T30029886,M11408,2026-01-27,413.0
R900440,T30031437,M10931,2026-01-27,699.0
R900441,T30001316,M10032,2026-01-27,127.0
R900442,T30035724,M10467,2026-01-27,370.0
R900443,T30019910,M10874,2026-01-28,741.0
R900444,T30009155,M11404,2026-01-28,490.0
R900445,T30031932,M11251,2026-01-28,449.0
R900446,T30036237,M10437,2026-01-28,329.0
R900447,T30014769,M10746,2026-01-28,853.0
R900448,T30038266,M11194,2026-01-28,2040.0
R900449,T30010867,M10828,2026-01-28,171.0
R900450,T30021814,M10096,2026-01-28,868.0
R900451,T30012166,M11033,2026-01-28,738.0
R900452,T30010343,M10853,2026-01-28,1315.0
R900453,T30021664,M10567,2026-01-28,6448.0
R900454,T30023253,M10577,2026-01-28,1544.0
R900455,T30001380,M10931,2026-01-28,972.0
R900456,T30020161,M11275,2026-01-28,669.0
R900457,T30026942,M11408,2026-01-28,292.0
R900458,T30006788,M11217,2026-01-28,7150.0
R900459,T30009477,M11388,2026-01-28,1516.0
R900460,T30013756,M10022,2026-01-28,368.0
R900461,T30002607,M11275,2026-01-28,524.0
R900462,T30012887,M10341,2026-01-28,5578.0
R900463,T30005270,M11408,2026-01-28,783.0
R900464,T30032983,M10489,2026-01-28,1318.0
R900465,T30032875,M11118,2026-01-28,1812.0
R900466,T30022618,M10577,2026-01-28,545.0
R900467,T30024162,M10022,2026-01-28,579.0
R900468,T30015262,M11003,2026-01-28,2301.0
R900469,T30011367,M10032,2026-01-28,631.0
R900470,T30034837,M10492,2026-01-28,269.0
R900471,T30029586,M10931,2026-01-28,1943.0
R900472,T30029800,M10931,2026-01-28,830.0
R900473,T30011243,M11434,2026-01-28,835.0
R900474,T30008788,M11408,2026-01-28,211.0
R900475,T30037563,M10690,2026-01-28,1180.0
R900476,T30011212,M10403,2026-01-28,947.0
R900477,T30038037,M10685,2026-01-28,289.0
R900478,T30036701,M11003,2026-01-28,271.0
R900479,T30017548,M10273,2026-01-28,1089.0
R900480,T30008811,M10419,2026-01-28,4424.0
R900481,T30011647,M10931,2026-01-28,855.0
R900482,T30009133,M10419,2026-01-28,1551.0
R900483,T30000667,M11003,2026-01-28,585.0
R900484,T30014957,M11003,2026-01-29,578.0
R900485,T30019842,M10746,2026-01-29,256.0
R900486,T30016782,M10042,2026-01-29,3208.0
R900487,T30008656,M10676,2026-01-29,4540.0
R900488,T30025310,M10893,2026-01-29,10905.0
R900489,T30004252,M10931,2026-01-29,644.0
R900490,T30025308,M11408,2026-01-29,3722.0
R900491,T30013819,M10947,2026-01-29,710.0
R900492,T30023839,M10493,2026-01-29,1737.0
R900493,T30034145,M10892,2026-01-29,296.0
R900494,T30036463,M11275,2026-01-29,196.0
R900495,T30004652,M10096,2026-01-29,1830.0
R900496,T30010346,M10905,2026-01-29,285.0
R900497,T30023005,M10577,2026-01-29,883.0
R900498,T30024890,M10096,2026-01-29,848.0
R900499,T30037246,M10650,2026-01-29,3943.0
R900500,T30010208,M10800,2026-01-29,5289.0
R900501,T30020768,M11175,2026-01-29,960.0
R900502,T30037146,M10022,2026-01-29,122.0
R900503,T30001400,M10567,2026-01-29,8947.0
R900504,T30025568,M10419,2026-01-29,983.0
R900505,T30012011,M10032,2026-01-29,874.0
R900506,T30031404,M10931,2026-01-29,2673.0
R900507,T30034472,M10022,2026-01-29,867.0
R900508,T30039098,M10211,2026-01-29,1353.0
R900509,T30002103,M10650,2026-01-29,4998.0
R900510,T30026339,M10590,2026-01-29,1673.0
R900511,T30018532,M10706,2026-01-29,1393.0
R900512,T30030427,M11275,2026-01-29,978.0
R900513,T30021395,M10746,2026-01-29,158.0
R900514,T30003207,M10321,2026-01-29,4340.0
R900515,T30030426,M10909,2026-01-29,4677.0
R900516,T30002739,M10989,2026-01-29,2160.0
R900517,T30025615,M10685,2026-01-29,327.0
R900518,T30022619,M10828,2026-01-29,560.0
R900519,T30017811,M10989,2026-01-29,13979.0
R900520,T30030386,M11003,2026-01-29,2768.0
R900521,T30034390,M10032,2026-01-29,273.0
R900522,T30023820,M10947,2026-01-30,784.0
R900523,T30035110,M10096,2026-01-30,897.0
R900524,T30023790,M10022,2026-01-30,1168.0
R900525,T30034562,M10931,2026-01-30,783.0
R900526,T30022713,M10159,2026-01-30,10187.0
R900527,T30033531,M10042,2026-01-30,8489.0
R900528,T30021988,M10808,2026-01-30,2711.0
R900529,T30035289,M10201,2026-01-30,1625.0
R900530,T30034875,M11062,2026-01-30,282.0
R900531,T30033470,M10126,2026-01-30,2540.0
R900532,T30033919,M10273,2026-01-30,226.0
R900533,T30029202,M11068,2026-01-30,5508.0
R900534,T30002567,M11408,2026-01-30,325.0
R900535,T30027291,M10828,2026-01-30,2538.0
R900536,T30019172,M10978,2026-01-30,766.0
R900537,T30038086,M10853,2026-01-30,2420.0
R900538,T30024573,M10746,2026-01-30,2038.0
R900539,T30026243,M11484,2026-01-30,344.0
R900540,T30017584,M10022,2026-01-30,1867.0
R900541,T30032385,M10989,2026-01-30,3330.0
R900542,T30025850,M10022,2026-01-30,2395.0
R900543,T30030656,M11408,2026-01-30,920.0
R900544,T30014403,M10746,2026-01-30,799.0
R900545,T30006828,M11139,2026-01-30,157.0
R900546,T30000776,M10211,2026-01-30,1157.0
R900547,T30006777,M10853,2026-01-30,289.0
R900548,T30003235,M10746,2026-01-30,554.0
R900549,T30009001,M10685,2026-01-30,3339.0
R900550,T30033399,M10577,2026-01-30,358.0
R900551,T30002349,M10022,2026-01-30,555.0
R900552,T30013263,M10931,2026-01-30,2105.0
R900553,T30036857,M10042,2026-01-30,12257.0
R900554,T30005971,M10989,2026-01-30,11980.0
R900555,T30007843,M11001,2026-01-30,545.0
R900556,T30028612,M10577,2026-01-30,1030.0
R900557,T30009306,M10808,2026-01-30,604.0
R900558,T30037408,M10567,2026-01-30,10978.0
R900559,T30025160,M11249,2026-01-30,294.0
R900560,T30020004,M10342,2026-01-30,2868.0
R900561,T30013880,M10577,2026-01-30,423.0
R900562,T30039796,M10926,2026-01-30,1645.0
R900563,T30037392,M11485,2026-01-30,691.0
R900564,T30027721,M10211,2026-01-31,663.0
R900565,T30027400,M10746,2026-01-31,1295.0
R900566,T30026763,M11357,2026-01-31,814.0
R900567,T30031975,M10685,2026-01-31,2110.0
R900568,T30043595,M10828,2026-01-31,329.0
R900569,T30035720,M10559,2026-01-31,2886.0
R900570,T30026340,M10931,2026-01-31,438.0
R900571,T30040953,M11275,2026-01-31,568.0
R900572,T30033279,M11108,2026-01-31,4027.0
R900573,T30035849,M10096,2026-01-31,140.0
R900574,T30023968,M10211,2026-01-31,647.0
R900575,T30042949,M11109,2026-01-31,165.0
R900576,T30032738,M10931,2026-01-31,498.0
R900577,T30026388,M10211,2026-01-31,1309.0
R900578,T30035932,M10417,2026-01-31,436.0
R900579,T30025794,M11001,2026-01-31,692.0
R900580,T30042477,M10823,2026-01-31,774.0
R900581,T30023186,M10273,2026-01-31,1939.0
R900582,T30042295,M10755,2026-01-31,2746.0
R900583,T30035955,M10032,2026-01-31,1891.0
R900584,T30039100,M10577,2026-01-31,981.0
R900585,T30023482,M10685,2026-01-31,652.0
R900586,T30033765,M10947,2026-01-31,682.0
R900587,T30041059,M10211,2026-01-31,175.0
R900588,T30008314,M10853,2026-01-31,5454.0
R900589,T30015615,M10022,2026-01-31,2453.0
R900590,T30015701,M10022,2026-01-31,669.0
R900591,T30008205,M10931,2026-01-31,614.0
R900592,T30016117,M10808,2026-01-31,323.0
R900593,T30016816,M10828,2026-01-31,86.0
R900594,T30014800,M11330,2026-01-31,464.0
R900595,T30010365,M11088,2026-01-31,342.0
R900596,T30014499,M10032,2026-01-31,275.0
R900597,T30005639,M10096,2026-01-31,511.0
R900598,T30013806,M10947,2026-01-31,320.0
R900599,T30017605,M10947,2026-01-31,781.0
R900600,T30017913,M11057,2026-01-31,958.0
R900601,T30021049,M10867,2026-01-31,2185.0
R900602,T30013795,M10931,2026-01-31,1521.0
R900603,T30012263,M10931,2026-01-31,642.0
R900604,T30019357,M11249,2026-01-31,259.0
R900605,T30013678,M10577,2026-01-31,1016.0
R900606,T30021018,M10096,2026-02-01,1079.0
R900607,T30043162,M10808,2026-02-01,450.0
R900608,T30042994,M11217,2026-02-01,1849.0
R900609,T30029717,M10577,2026-02-01,1919.0
R900610,T30029378,M10032,2026-02-01,1068.0
R900611,T30038335,M10746,2026-02-01,1878.0
R900612,T30044102,M11003,2026-02-01,2419.0
R900613,T30039312,M10743,2026-02-01,4399.0
R900614,T30028562,M10947,2026-02-01,1033.0
R900615,T30028394,M10022,2026-02-01,1539.0
R900616,T30040348,M10314,2026-02-01,341.0
R900617,T30003266,M10022,2026-02-01,2525.0
R900618,T30004040,M10577,2026-02-01,1654.0
R900619,T30027823,M10931,2026-02-01,284.0
R900620,T30037193,M10419,2026-02-01,918.0
R900621,T30044760,M10314,2026-02-01,962.0
R900622,T30026338,M10419,2026-02-01,322.0
R900623,T30017979,M11098,2026-02-01,1255.0
R900624,T30041658,M10417,2026-02-01,691.0
R900625,T30041398,M11408,2026-02-01,184.0
R900626,T30040864,M10947,2026-02-01,244.0
R900627,T30022625,M10931,2026-02-01,586.0
R900628,T30014683,M11330,2026-02-01,166.0
R900629,T30012523,M10265,2026-02-01,625.0
R900630,T30013461,M10746,2026-02-01,721.0
R900631,T30022946,M10419,2026-02-01,1547.0
R900632,T30011584,M11275,2026-02-01,976.0
R900633,T30034636,M10853,2026-02-01,509.0
R900634,T30034670,M10931,2026-02-01,250.0
R900635,T30021773,M10491,2026-02-01,660.0
R900636,T30023176,M10042,2026-02-01,1523.0
R900637,T30010291,M10685,2026-02-01,1999.0
R900638,T30031663,M10332,2026-02-01,1100.0
R900639,T30023586,M10241,2026-02-01,4118.0
R900640,T30003002,M10746,2026-02-01,1140.0
R900641,T30015542,M10746,2026-02-01,1206.0
R900642,T30021089,M10314,2026-02-01,404.0
R900643,T30030914,M10922,2026-02-01,434.0
R900644,T30036250,M11408,2026-02-01,328.0
R900645,T30038126,M10931,2026-02-02,960.0
R900646,T30012395,M10746,2026-02-02,609.0
R900647,T30025570,M10022,2026-02-02,421.0
R900648,T30012838,M11217,2026-02-02,1499.0
R900649,T30013554,M10577,2026-02-02,2144.0
R900650,T30005062,M10419,2026-02-02,510.0
R900651,T30026375,M10889,2026-02-02,159.0
R900652,T30042016,M10521,2026-02-02,613.0
R900653,T30034485,M10931,2026-02-02,862.0
R900654,T30034505,M10947,2026-02-02,154.0
R900655,T30036442,M10931,2026-02-02,1001.0
R900656,T30015217,M10419,2026-02-02,539.0
R900657,T30027157,M11118,2026-02-02,143.0
R900658,T30016380,M10022,2026-02-02,1776.0
R900659,T30027769,M10040,2026-02-02,185.0
R900660,T30014031,M11408,2026-02-02,653.0
R900661,T30035124,M10989,2026-02-02,1948.0
R900662,T30015583,M10022,2026-02-02,1548.0
R900663,T30007527,M10577,2026-02-02,397.0
R900664,T30010098,M11414,2026-02-02,1230.0
R900665,T30017094,M10211,2026-02-02,179.0
R900666,T30035962,M11124,2026-02-02,157.0
R900667,T30009302,M10577,2026-02-02,688.0
R900668,T30007078,M10419,2026-02-02,1302.0
R900669,T30036123,M10107,2026-02-02,477.0
R900670,T30007423,M10457,2026-02-02,1640.0
R900671,T30008317,M10314,2026-02-02,379.0
R900672,T30033694,M10931,2026-02-02,624.0
R900673,T30046625,M10999,2026-02-02,1358.0
R900674,T30024615,M10592,2026-02-02,1217.0
R900675,T30020694,M10746,2026-02-02,440.0
R900676,T30044722,M10346,2026-02-02,698.0
R900677,T30045096,M10273,2026-02-02,512.0
R900678,T30023630,M10729,2026-02-02,1242.0
R900679,T30023424,M11468,2026-02-02,332.0
R900680,T30020835,M10577,2026-02-02,6505.0
R900681,T30048056,M11107,2026-02-03,1304.0
R900682,T30011282,M10577,2026-02-03,539.0
R900683,T30007096,M10022,2026-02-03,1348.0
R900684,T30035681,M11003,2026-02-03,373.0
R900685,T30026822,M10828,2026-02-03,412.0
R900686,T30010970,M10096,2026-02-03,1647.0
R900687,T30027010,M10746,2026-02-03,986.0
R900688,T30010923,M10931,2026-02-03,1209.0
R900689,T30046480,M11009,2026-02-03,1737.0
R900690,T30039397,M10685,2026-02-03,1260.0
R900691,T30016928,M10032,2026-02-03,898.0
R900692,T30035678,M10022,2026-02-03,834.0
R900693,T30010723,M10577,2026-02-03,2899.0
R900694,T30039511,M10746,2026-02-03,1407.0
R900695,T30006326,M10314,2026-02-03,976.0
R900696,T30027736,M10931,2026-02-03,2366.0
R900697,T30017233,M10931,2026-02-03,235.0
R900698,T30032297,M10931,2026-02-03,377.0
R900699,T30032186,M10022,2026-02-03,822.0
R900700,T30039998,M10577,2026-02-03,313.0
R900701,T30040567,M10577,2026-02-03,543.0
R900702,T30035829,M11229,2026-02-03,303.0
R900703,T30011448,M10042,2026-02-03,4987.0
R900704,T30020641,M10828,2026-02-03,1015.0
R900705,T30041919,M11408,2026-02-03,2174.0
R900706,T30030739,M11003,2026-02-03,671.0
R900707,T30019503,M11464,2026-02-03,1160.0
R900708,T30046023,M11487,2026-02-03,1336.0
R900709,T30037331,M11431,2026-02-03,505.0
R900710,T30015967,M10828,2026-02-03,529.0
R900711,T30043686,M11275,2026-02-03,698.0
R900712,T30043801,M11033,2026-02-03,521.0
R900713,T30008203,M10419,2026-02-03,764.0
R900714,T30024094,M11486,2026-02-03,1058.0
R900715,T30037548,M10204,2026-02-03,382.0
R900716,T30015371,M11090,2026-02-03,1359.0
R900717,T30044194,M10493,2026-02-03,6984.0
R900718,T30009152,M11012,2026-02-03,1144.0
R900719,T30008490,M10419,2026-02-03,277.0
R900720,T30026414,M10273,2026-02-03,2207.0
R900721,T30018783,M10022,2026-02-03,324.0
R900722,T30009835,M10419,2026-02-03,389.0
R900723,T30021932,M10102,2026-02-03,189.0
R900724,T30021993,M10332,2026-02-03,1024.0
R900725,T30016739,M10577,2026-02-04,201.0
R900726,T30014739,M10931,2026-02-04,932.0
R900727,T30015574,M10863,2026-02-04,1202.0
R900728,T30009088,M11291,2026-02-04,388.0
R900729,T30029173,M10577,2026-02-04,83.0
R900730,T30015801,M10042,2026-02-04,4859.0
R900731,T30048027,M10211,2026-02-04,1059.0
R900732,T30007790,M10491,2026-02-04,1263.0
R900733,T30016071,M10096,2026-02-04,1246.0
R900734,T30039440,M10022,2026-02-04,579.0
R900735,T30020625,M10273,2026-02-04,891.0
R900736,T30031963,M11003,2026-02-04,957.0
R900737,T30009486,M10853,2026-02-04,727.0
R900738,T30028998,M10107,2026-02-04,618.0
R900739,T30045032,M11148,2026-02-04,878.0
R900740,T30037810,M10828,2026-02-04,352.0
R900741,T30017170,M10022,2026-02-04,2305.0
R900742,T30044985,M10931,2026-02-04,1629.0
R900743,T30007578,M10989,2026-02-04,1604.0
R900744,T30026473,M11003,2026-02-04,654.0
R900745,T30041342,M10931,2026-02-04,2051.0
R900746,T30049564,M11275,2026-02-04,887.0
R900747,T30022937,M10890,2026-02-04,1164.0
R900748,T30042557,M10989,2026-02-04,3283.0
R900749,T30034356,M11003,2026-02-04,349.0
R900750,T30026840,M10211,2026-02-04,2540.0
R900751,T30042796,M10273,2026-02-04,196.0
R900752,T30027175,M10114,2026-02-04,2163.0
R900753,T30019075,M10294,2026-02-04,475.0
R900754,T30014407,M10022,2026-02-04,429.0
R900755,T30027319,M11180,2026-02-04,989.0
R900756,T30027387,M11363,2026-02-04,745.0
R900757,T30027269,M10947,2026-02-04,1576.0
R900758,T30044394,M10577,2026-02-04,1313.0
R900759,T30048352,M10704,2026-02-04,857.0
R900760,T30013130,M10211,2026-02-04,352.0
R900761,T30027441,M10853,2026-02-04,1286.0
R900762,T30019800,M10363,2026-02-05,1833.0
R900763,T30020019,M10931,2026-02-05,359.0
R900764,T30009309,M10685,2026-02-05,445.0
R900765,T30023493,M10947,2026-02-05,209.0
R900766,T30051215,M10462,2026-02-05,976.0
R900767,T30011795,M10989,2026-02-05,5666.0
R900768,T30036690,M10685,2026-02-05,1936.0
R900769,T30034149,M10853,2026-02-05,823.0
R900770,T30012807,M10577,2026-02-05,1576.0
R900771,T30050505,M10808,2026-02-05,370.0
R900772,T30036560,M10685,2026-02-05,568.0
R900773,T30045581,M10931,2026-02-05,412.0
R900774,T30011676,M10211,2026-02-05,480.0
R900775,T30042804,M11003,2026-02-05,467.0
R900776,T30049756,M10931,2026-02-05,360.0
R900777,T30016577,M10931,2026-02-05,3462.0
R900778,T30030993,M10746,2026-02-05,1130.0
R900779,T30044809,M10042,2026-02-05,2843.0
R900780,T30017272,M10931,2026-02-05,1164.0
R900781,T30040713,M10947,2026-02-05,271.0
R900782,T30033746,M10042,2026-02-05,19611.0
R900783,T30020434,M11147,2026-02-05,525.0
R900784,T30028436,M11443,2026-02-05,3879.0
R900785,T30017558,M11109,2026-02-05,542.0
R900786,T30045141,M11313,2026-02-05,2118.0
R900787,T30017047,M11119,2026-02-05,648.0
R900788,T30027198,M10105,2026-02-05,1264.0
R900789,T30026795,M10800,2026-02-05,1803.0
R900790,T30027613,M10746,2026-02-05,1664.0
R900791,T30038954,M11423,2026-02-05,1025.0
R900792,T30018057,M10022,2026-02-05,1285.0
R900793,T30051492,M10834,2026-02-05,1966.0
R900794,T30048419,M10772,2026-02-05,545.0
R900795,T30047584,M10417,2026-02-05,199.0
R900796,T30035246,M10211,2026-02-05,1523.0
R900797,T30044707,M10022,2026-02-05,1153.0
R900798,T30026764,M11109,2026-02-05,517.0
R900799,T30029106,M10273,2026-02-05,532.0
R900800,T30035384,M11249,2026-02-06,393.0
R900801,T30033112,M10947,2026-02-06,482.0
R900802,T30023423,M11025,2026-02-06,1361.0
R900803,T30013925,M11080,2026-02-06,923.0
R900804,T30015402,M10419,2026-02-06,2345.0
R900805,T30034912,M10022,2026-02-06,298.0
R900806,T30023293,M10931,2026-02-06,825.0
R900807,T30050367,M10042,2026-02-06,1736.0
R900808,T30036855,M10889,2026-02-06,2316.0
R900809,T30022231,M10022,2026-02-06,1006.0
R900810,T30031144,M10839,2026-02-06,9034.0
R900811,T30010371,M11400,2026-02-06,1317.0
R900812,T30025406,M10493,2026-02-06,3224.0
R900813,T30040824,M10584,2026-02-06,2673.0
R900814,T30036880,M10947,2026-02-06,1942.0
R900815,T30020455,M11275,2026-02-06,684.0
R900816,T30027826,M10746,2026-02-06,729.0
R900817,T30028054,M11431,2026-02-06,287.0
R900818,T30041185,M11180,2026-02-06,1264.0
R900819,T30044886,M10862,2026-02-06,86.0
R900820,T30028649,M10211,2026-02-06,523.0
R900821,T30041667,M11280,2026-02-06,2430.0
R900822,T30038827,M10022,2026-02-06,241.0
R900823,T30042108,M10931,2026-02-06,243.0
R900824,T30020349,M10650,2026-02-06,5906.0
R900825,T30038012,M11148,2026-02-06,1695.0
R900826,T30037962,M10493,2026-02-06,1944.0
R900827,T30016716,M11364,2026-02-06,240.0
R900828,T30043096,M10947,2026-02-06,320.0
R900829,T30046430,M10493,2026-02-06,2324.0
R900830,T30019382,M10042,2026-02-06,745.0
R900831,T30024030,M10032,2026-02-06,332.0
R900832,T30046280,M10862,2026-02-06,574.0
R900833,T30043307,M10096,2026-02-06,751.0
R900834,T30030013,M11408,2026-02-06,1905.0
R900835,T30037490,M11003,2026-02-06,624.0
R900836,T30019489,M10853,2026-02-06,337.0
R900837,T30025394,M10014,2026-02-06,839.0
R900838,T30034157,M10790,2026-02-07,821.0
R900839,T30040988,M10746,2026-02-07,503.0
R900840,T30019433,M11180,2026-02-07,189.0
R900841,T30021708,M10989,2026-02-07,4115.0
R900842,T30026702,M11359,2026-02-07,1669.0
R900843,T30034773,M10746,2026-02-07,255.0
R900844,T30020201,M11132,2026-02-07,4801.0
R900845,T30011756,M10276,2026-02-07,1036.0
R900846,T30044119,M10931,2026-02-07,241.0
R900847,T30042103,M10577,2026-02-07,1860.0
R900848,T30011651,M10989,2026-02-07,6658.0
R900849,T30042419,M10341,2026-02-07,17105.0
R900850,T30044182,M11003,2026-02-07,877.0
R900851,T30042666,M10931,2026-02-07,700.0
R900852,T30050295,M10032,2026-02-07,68.0
R900853,T30014213,M10685,2026-02-07,814.0
R900854,T30027632,M10493,2026-02-07,2005.0
R900855,T30040984,M11280,2026-02-07,810.0
R900856,T30054357,M10627,2026-02-07,2083.0
R900857,T30031693,M10808,2026-02-07,2786.0
R900858,T30020304,M10273,2026-02-07,1416.0
R900859,T30029321,M11139,2026-02-07,455.0
R900860,T30029199,M10165,2026-02-07,14121.0
R900861,T30016907,M10096,2026-02-07,717.0
R900862,T30037332,M10627,2026-02-07,55178.0
R900863,T30023934,M11218,2026-02-07,449.0
R900864,T30045286,M10947,2026-02-07,487.0
R900865,T30016916,M11075,2026-02-07,178.0
R900866,T30024365,M10685,2026-02-07,195.0
R900867,T30046517,M10808,2026-02-07,788.0
R900868,T30040199,M10341,2026-02-07,10932.0
R900869,T30017403,M10042,2026-02-07,4181.0
R900870,T30020359,M11275,2026-02-07,263.0
R900871,T30030982,M11275,2026-02-07,1527.0
R900872,T30043136,M10211,2026-02-08,253.0
R900873,T30033778,M11394,2026-02-08,168.0
R900874,T30055248,M10032,2026-02-08,266.0
R900875,T30043138,M10211,2026-02-08,1422.0
R900876,T30045864,M11364,2026-02-08,584.0
R900877,T30056031,M11333,2026-02-08,342.0
R900878,T30047015,M10126,2026-02-08,640.0
R900879,T30053336,M10685,2026-02-08,1095.0
R900880,T30051060,M10200,2026-02-08,104.0
R900881,T30042249,M10102,2026-02-08,958.0
R900882,T30044511,M10107,2026-02-08,4815.0
R900883,T30039376,M11275,2026-02-08,437.0
R900884,T30044595,M10931,2026-02-08,1312.0
R900885,T30048511,M11362,2026-02-08,329.0
R900886,T30040136,M10862,2026-02-08,356.0
R900887,T30041288,M10042,2026-02-08,3415.0
R900888,T30054282,M10107,2026-02-08,1491.0
R900889,T30036842,M11434,2026-02-08,753.0
R900890,T30050463,M11400,2026-02-08,1353.0
R900891,T30021904,M10577,2026-02-08,3575.0
R900892,T30031199,M10419,2026-02-08,244.0
R900893,T30019863,M10567,2026-02-08,5333.0
R900894,T30013744,M10931,2026-02-08,583.0
R900895,T30030880,M10685,2026-02-08,1067.0
R900896,T30017842,M10022,2026-02-08,736.0
R900897,T30031488,M10931,2026-02-08,1611.0
R900898,T30025784,M10564,2026-02-08,544.0
R900899,T30031750,M10577,2026-02-08,660.0
R900900,T30025895,M10931,2026-02-08,1167.0
R900901,T30014595,M10022,2026-02-08,2113.0
R900902,T30026030,M10022,2026-02-08,996.0
R900903,T30021405,M10077,2026-02-08,298.0
R900904,T30032948,M10419,2026-02-08,532.0
R900905,T30033336,M10467,2026-02-08,619.0
R900906,T30030883,M10989,2026-02-09,6646.0
R900907,T30017545,M10577,2026-02-09,590.0
R900908,T30046647,M10096,2026-02-09,232.0
R900909,T30017656,M10931,2026-02-09,767.0
R900910,T30014956,M10931,2026-02-09,639.0
R900911,T30023664,M10273,2026-02-09,402.0
R900912,T30054022,M10273,2026-02-09,159.0
R900913,T30014898,M10985,2026-02-09,1306.0
R900914,T30031875,M10577,2026-02-09,318.0
R900915,T30021270,M10567,2026-02-09,6145.0
R900916,T30045372,M11408,2026-02-09,971.0
R900917,T30017241,M10989,2026-02-09,3666.0
R900918,T30028217,M10746,2026-02-09,188.0
R900919,T30018590,M10456,2026-02-09,1852.0
R900920,T30026301,M11124,2026-02-09,1066.0
R900921,T30038657,M10808,2026-02-09,508.0
R900922,T30016752,M10989,2026-02-09,8038.0
R900923,T30025823,M10577,2026-02-09,2597.0
R900924,T30057241,M11408,2026-02-09,514.0
R900925,T30037986,M11275,2026-02-09,1778.0
R900926,T30030720,M11289,2026-02-09,1372.0
R900927,T30019809,M10808,2026-02-09,1149.0
R900928,T30029695,M11431,2026-02-09,229.0
R900929,T30026774,M10567,2026-02-09,8328.0
R900930,T30028716,M10989,2026-02-09,4284.0
R900931,T30037482,M10265,2026-02-09,748.0
R900932,T30044726,M10096,2026-02-09,722.0
R900933,T30047593,M10276,2026-02-09,621.0
R900934,T30024045,M10022,2026-02-09,451.0
R900935,T30043809,M10577,2026-02-09,797.0
R900936,T30035430,M10493,2026-02-09,6139.0
R900937,T30036550,M10931,2026-02-09,345.0
R900938,T30049641,M11191,2026-02-09,387.0
R900939,T30022854,M10567,2026-02-09,8804.0
R900940,T30023164,M10704,2026-02-09,223.0
R900941,T30048463,M10931,2026-02-09,4451.0
R900942,T30022977,M10126,2026-02-09,218.0
R900943,T30039901,M11408,2026-02-09,1005.0
R900944,T30047979,M10931,2026-02-09,1497.0
R900945,T30049314,M11229,2026-02-09,281.0
R900946,T30034946,M11408,2026-02-09,2295.0
R900947,T30047822,M10746,2026-02-09,510.0
R900948,T30051002,M10685,2026-02-09,709.0
R900949,T30014767,M11321,2026-02-09,1229.0
R900950,T30022954,M11277,2026-02-09,2791.0
R900951,T30025593,M11275,2026-02-10,969.0
R900952,T30045436,M10143,2026-02-10,2281.0
R900953,T30051780,M10096,2026-02-10,699.0
R900954,T30048726,M10828,2026-02-10,213.0
R900955,T30024088,M11275,2026-02-10,127.0
R900956,T30024210,M10613,2026-02-10,1209.0
R900957,T30057369,M10889,2026-02-10,1850.0
R900958,T30044124,M10862,2026-02-10,270.0
R900959,T30020097,M10746,2026-02-10,1653.0
R900960,T30044407,M10107,2026-02-10,3849.0
R900961,T30037880,M10211,2026-02-10,1742.0
R900962,T30044385,M11003,2026-02-10,785.0
R900963,T30033358,M10032,2026-02-10,70.0
R900964,T30029494,M11249,2026-02-10,434.0
R900965,T30019950,M10429,2026-02-10,3926.0
R900966,T30044164,M10931,2026-02-10,1795.0
R900967,T30035424,M10931,2026-02-10,467.0
R900968,T30056794,M10931,2026-02-10,5498.0
R900969,T30021803,M10931,2026-02-10,1562.0
R900970,T30038493,M10022,2026-02-10,384.0
R900971,T30026468,M10314,2026-02-10,433.0
R900972,T30031925,M11408,2026-02-10,814.0
R900973,T30052865,M10032,2026-02-10,1416.0
R900974,T30022229,M11375,2026-02-10,857.0
R900975,T30058369,M10685,2026-02-10,306.0
R900976,T30038823,M10947,2026-02-10,2479.0
R900977,T30054511,M10577,2026-02-10,1577.0
R900978,T30040591,M11349,2026-02-10,126.0
R900979,T30028387,M10746,2026-02-10,180.0
R900980,T30042752,M10341,2026-02-10,2615.0
R900981,T30028358,M10936,2026-02-10,783.0
R900982,T30039751,M10931,2026-02-10,1362.0
R900983,T30052265,M10096,2026-02-10,1455.0
R900984,T30040762,M10577,2026-02-10,543.0
R900985,T30019302,M11275,2026-02-10,1041.0
R900986,T30018285,M10577,2026-02-10,390.0
R900987,T30054861,M10419,2026-02-10,845.0
R900988,T30017969,M10685,2026-02-10,1598.0
R900989,T30050616,M10096,2026-02-11,1180.0
R900990,T30033649,M10314,2026-02-11,224.0
R900991,T30059150,M11275,2026-02-11,218.0
R900992,T30029456,M10814,2026-02-11,219.0
R900993,T30039280,M10800,2026-02-11,6431.0
R900994,T30058801,M10708,2026-02-11,539.0
R900995,T30043169,M10577,2026-02-11,218.0
R900996,T30038401,M10746,2026-02-11,424.0
R900997,T30042800,M11106,2026-02-11,1585.0
R900998,T30050679,M10314,2026-02-11,346.0
R900999,T30043166,M11408,2026-02-11,658.0
R901000,T30049927,M10931,2026-02-11,1198.0
R901001,T30050997,M11109,2026-02-11,274.0
R901002,T30025868,M10828,2026-02-11,126.0
R901003,T30022050,M10314,2026-02-11,499.0
R901004,T30043070,M11334,2026-02-11,1054.0
R901005,T30059547,M10211,2026-02-11,704.0
R901006,T30041575,M10022,2026-02-11,403.0
R901007,T30053319,M10947,2026-02-11,942.0
R901008,T30041787,M10627,2026-02-11,10210.0
R901009,T30056977,M10211,2026-02-11,740.0
R901010,T30047707,M11354,2026-02-11,3824.0
R901011,T30031901,M10743,2026-02-11,3340.0
R901012,T30047811,M10239,2026-02-11,718.0
R901013,T30047409,M10500,2026-02-11,1226.0
R901014,T30053555,M10754,2026-02-11,1368.0
R901015,T30040640,M11438,2026-02-11,1026.0
R901016,T30021555,M10211,2026-02-11,2498.0
R901017,T30046464,M11408,2026-02-11,1182.0
R901018,T30060484,M10790,2026-02-11,3094.0
R901019,T30046172,M10931,2026-02-11,881.0
R901020,T30054928,M10790,2026-02-11,914.0
R901021,T30054940,M10985,2026-02-11,1443.0
R901022,T30060162,M11408,2026-02-11,2003.0
R901023,T30023981,M10853,2026-02-11,590.0
R901024,T30030750,M10753,2026-02-11,256.0
R901025,T30051588,M10577,2026-02-11,1080.0
R901026,T30048883,M10947,2026-02-11,310.0
R901027,T30033189,M10931,2026-02-11,1364.0
R901028,T30030604,M10862,2026-02-11,812.0
R901029,T30056116,M10640,2026-02-11,1480.0
R901030,T30056523,M10577,2026-02-11,1670.0
R901031,T30059791,M10989,2026-02-11,12418.0
R901032,T30033192,M10947,2026-02-11,537.0
R901033,T30049312,M11025,2026-02-11,4254.0
R901034,T30034290,M10931,2026-02-11,3385.0
R901035,T30019852,M10954,2026-02-11,276.0
R901036,T30048448,M11239,2026-02-11,608.0
R901037,T30027871,M10862,2026-02-12,1016.0
R901038,T30026931,M10947,2026-02-12,853.0
R901039,T30059673,M10577,2026-02-12,1507.0
R901040,T30033651,M11003,2026-02-12,783.0
R901041,T30058999,M10931,2026-02-12,686.0
R901042,T30051007,M10096,2026-02-12,1069.0
R901043,T30023229,M11003,2026-02-12,727.0
R901044,T30052703,M11109,2026-02-12,1040.0
R901045,T30021492,M11365,2026-02-12,4787.0
R901046,T30048021,M10853,2026-02-12,1806.0
R901047,T30053695,M10022,2026-02-12,10748.0
R901048,T30046634,M11520,2026-02-12,327.0
R901049,T30054673,M11520,2026-02-12,670.0
R901050,T30021055,M10922,2026-02-12,275.0
R901051,T30046261,M10577,2026-02-12,1272.0
R901052,T30055205,M10931,2026-02-12,2792.0
R901053,T30020847,M11434,2026-02-12,2036.0
R901054,T30024068,M10931,2026-02-12,1099.0
R901055,T30024672,M10211,2026-02-12,895.0
R901056,T30020301,M10746,2026-02-12,708.0
R901057,T30020206,M10931,2026-02-12,1549.0
R901058,T30025133,M10096,2026-02-12,634.0
R901059,T30025258,M10577,2026-02-12,1235.0
R901060,T30043008,M10746,2026-02-12,1034.0
R901061,T30042467,M11333,2026-02-12,1263.0
R901062,T30042257,M10828,2026-02-12,213.0
R901063,T30041805,M10577,2026-02-12,320.0
R901064,T30055367,M10577,2026-02-12,730.0
R901065,T30019178,M10828,2026-02-12,101.0
R901066,T30039163,M10931,2026-02-12,771.0
R901067,T30032336,M10690,2026-02-12,275.0
R901068,T30039052,M10931,2026-02-12,386.0
R901069,T30032332,M10419,2026-02-12,1715.0
R901070,T30030488,M10022,2026-02-12,465.0
R901071,T30039454,M10989,2026-02-12,6840.0
R901072,T30034329,M11003,2026-02-12,701.0
R901073,T30036841,M10577,2026-02-12,797.0
R901074,T30030041,M10032,2026-02-12,1695.0
R901075,T30028776,M10042,2026-02-12,4027.0
R901076,T30038120,M10022,2026-02-12,519.0
R901077,T30037952,M10419,2026-02-12,622.0
R901078,T30034106,M10577,2026-02-12,79.0
R901079,T30021398,M11408,2026-02-13,380.0
R901080,T30059283,M10808,2026-02-13,678.0
R901081,T30021232,M10419,2026-02-13,1513.0
R901082,T30021082,M11023,2026-02-13,3159.0
R901083,T30023872,M10273,2026-02-13,736.0
R901084,T30029054,M11487,2026-02-13,752.0
R901085,T30041926,M11165,2026-02-13,1297.0
R901086,T30024209,M10931,2026-02-13,2066.0
R901087,T30029149,M11148,2026-02-13,2284.0
R901088,T30023568,M10022,2026-02-13,1834.0
R901089,T30056377,M10419,2026-02-13,422.0
R901090,T30026121,M11252,2026-02-13,5551.0
R901091,T30024238,M10746,2026-02-13,284.0
R901092,T30044959,M11333,2026-02-13,2266.0
R901093,T30026120,M10746,2026-02-13,5167.0
R901094,T30044871,M10723,2026-02-13,6073.0
R901095,T30024562,M11275,2026-02-13,482.0
R901096,T30044624,M11116,2026-02-13,3519.0
R901097,T30063391,M11084,2026-02-13,2948.0
R901098,T30063172,M10947,2026-02-13,730.0
R901099,T30025369,M10947,2026-02-13,3599.0
R901100,T30045470,M10577,2026-02-13,447.0
R901101,T30030518,M11003,2026-02-13,1521.0
R901102,T30031690,M10211,2026-02-13,201.0
R901103,T30060048,M11003,2026-02-13,1251.0
R901104,T30022174,M11408,2026-02-13,311.0
R901105,T30050067,M10022,2026-02-13,390.0
R901106,T30050682,M10931,2026-02-13,2187.0
R901107,T30050996,M10577,2026-02-13,760.0
R901108,T30034058,M11408,2026-02-13,463.0
R901109,T30023027,M10931,2026-02-13,564.0
R901110,T30049405,M10042,2026-02-13,6337.0
R901111,T30034386,M10862,2026-02-13,79.0
R901112,T30051491,M11333,2026-02-13,311.0
R901113,T30032971,M10808,2026-02-13,632.0
R901114,T30048924,M11404,2026-02-13,542.0
R901115,T30032914,M11377,2026-02-13,426.0
R901116,T30053637,M10746,2026-02-13,2895.0
R901117,T30022287,M10022,2026-02-13,2151.0
R901118,T30028645,M10808,2026-02-13,1393.0
R901119,T30025762,M10650,2026-02-13,9613.0
R901120,T30028770,M10042,2026-02-13,5355.0
R901121,T30023473,M11184,2026-02-13,1512.0
R901122,T30061019,M11405,2026-02-13,5091.0
R901123,T30039380,M10685,2026-02-13,1538.0
R901124,T30031992,M10942,2026-02-13,206.0
R901125,T30047977,M10645,2026-02-13,721.0
R901126,T30038116,M10808,2026-02-14,541.0
R901127,T30064647,M10042,2026-02-14,5614.0
R901128,T30037722,M10022,2026-02-14,408.0
R901129,T30037637,M10577,2026-02-14,541.0
R901130,T30064818,M10211,2026-02-14,2295.0
R901131,T30056862,M10022,2026-02-14,1037.0
R901132,T30065151,M10947,2026-02-14,683.0
R901133,T30055310,M10931,2026-02-14,2720.0
R901134,T30051225,M10211,2026-02-14,2135.0
R901135,T30056544,M10577,2026-02-14,249.0
R901136,T30023935,M11003,2026-02-14,712.0
R901137,T30045787,M10729,2026-02-14,3536.0
R901138,T30024001,M10746,2026-02-14,361.0
R901139,T30032856,M10577,2026-02-14,1697.0
R901140,T30045494,M10246,2026-02-14,396.0
R901141,T30060395,M10931,2026-02-14,804.0
R901142,T30034820,M11102,2026-02-14,1588.0
R901143,T30053519,M11399,2026-02-14,1212.0
R901144,T30036553,M10577,2026-02-14,456.0
R901145,T30059529,M11229,2026-02-14,900.0
R901146,T30059496,M10931,2026-02-14,897.0
R901147,T30025900,M10931,2026-02-14,3518.0
R901148,T30062379,M10947,2026-02-14,587.0
R901149,T30040711,M10931,2026-02-14,1298.0
R901150,T30039828,M11403,2026-02-14,385.0
R901151,T30060140,M10341,2026-02-14,2852.0
R901152,T30039269,M10493,2026-02-14,5581.0
R901153,T30028183,M10690,2026-02-14,1506.0
R901154,T30054351,M11275,2026-02-15,426.0
R901155,T30054309,M10650,2026-02-15,7029.0
R901156,T30040564,M10931,2026-02-15,777.0
R901157,T30042154,M10947,2026-02-15,431.0
R901158,T30046643,M11217,2026-02-15,7808.0
R901159,T30025112,M11408,2026-02-15,791.0
R901160,T30067172,M11033,2026-02-15,923.0
R901161,T30028880,M11249,2026-02-15,322.0
R901162,T30048915,M10419,2026-02-15,837.0
R901163,T30038601,M10096,2026-02-15,1624.0
R901164,T30042576,M10096,2026-02-15,291.0
R901165,T30024476,M11413,2026-02-15,304.0
R901166,T30049770,M10947,2026-02-15,1644.0
R901167,T30038737,M10931,2026-02-15,271.0
R901168,T30033258,M10729,2026-02-15,849.0
R901169,T30046470,M10493,2026-02-15,17607.0
R901170,T30056362,M11333,2026-02-15,645.0
R901171,T30056308,M10808,2026-02-15,1506.0
R901172,T30026241,M11277,2026-02-15,917.0
R901173,T30036907,M10668,2026-02-15,795.0
R901174,T30026328,M10175,2026-02-15,8042.0
R901175,T30054986,M10042,2026-02-15,1974.0
R901176,T30036832,M10211,2026-02-15,916.0
R901177,T30049793,M10931,2026-02-15,474.0
R901178,T30046943,M10577,2026-02-15,481.0
R901179,T30044556,M10032,2026-02-15,1076.0
R901180,T30047105,M10040,2026-02-15,521.0
R901181,T30065469,M10042,2026-02-15,12957.0
R901182,T30057337,M11275,2026-02-15,1433.0
R901183,T30025839,M11003,2026-02-15,638.0
R901184,T30029349,M10746,2026-02-15,392.0
R901185,T30039324,M11408,2026-02-15,671.0
R901186,T30025440,M11408,2026-02-15,1687.0
R901187,T30041837,M10867,2026-02-15,278.0
R901188,T30057049,M10022,2026-02-15,1353.0
R901189,T30057682,M11275,2026-02-15,114.0
R901190,T30047767,M10493,2026-02-15,7600.0
R901191,T30065097,M10685,2026-02-15,1539.0
R901192,T30048674,M11520,2026-02-15,371.0
R901193,T30062434,M11532,2026-02-15,216.0
R901194,T30063140,M10947,2026-02-15,391.0
R901195,T30053520,M10042,2026-02-15,9892.0
R901196,T30029683,M10567,2026-02-15,8192.0
R901197,T30036204,M11217,2026-02-16,5791.0
R901198,T30031733,M11349,2026-02-16,610.0
R901199,T30047228,M11235,2026-02-16,2913.0
R901200,T30032565,M11313,2026-02-16,1400.0
R901201,T30039132,M10685,2026-02-16,915.0
R901202,T30054947,M10096,2026-02-16,365.0
R901203,T30036615,M10022,2026-02-16,840.0
R901204,T30036494,M11218,2026-02-16,533.0
R901205,T30046190,M10096,2026-02-16,670.0
R901206,T30041332,M11194,2026-02-16,1430.0
R901207,T30051683,M10828,2026-02-16,489.0
R901208,T30031789,M11003,2026-02-16,2666.0
R901209,T30064321,M10265,2026-02-16,1561.0
R901210,T30035221,M10828,2026-02-16,369.0
R901211,T30046454,M10022,2026-02-16,163.0
R901212,T30036134,M10931,2026-02-16,1029.0
R901213,T30062634,M10096,2026-02-16,1512.0
R901214,T30049098,M10879,2026-02-16,1968.0
R901215,T30060097,M10931,2026-02-16,626.0
R901216,T30053399,M10702,2026-02-16,16863.0
R901217,T30048026,M11003,2026-02-16,115.0
R901218,T30061194,M11003,2026-02-16,897.0
R901219,T30040252,M10314,2026-02-16,469.0
R901220,T30066414,M11229,2026-02-16,301.0
R901221,T30063528,M10862,2026-02-16,155.0
R901222,T30061875,M10211,2026-02-16,661.0
R901223,T30044865,M11333,2026-02-16,1637.0
R901224,T30044799,M11275,2026-02-16,248.0
R901225,T30030444,M11387,2026-02-16,1313.0
R901226,T30042699,M10211,2026-02-16,62.0
R901227,T30034085,M11249,2026-02-16,582.0
R901228,T30056888,M10849,2026-02-16,1638.0
R901229,T30050182,M10544,2026-02-16,2620.0
R901230,T30025875,M10065,2026-02-16,586.0
R901231,T30057527,M11143,2026-02-16,1757.0
R901232,T30066783,M10419,2026-02-16,434.0
R901233,T30062979,M10211,2026-02-16,1159.0
R901234,T30062813,M10273,2026-02-16,310.0
R901235,T30057705,M11217,2026-02-16,3700.0
R901236,T30058168,M11507,2026-02-16,1794.0
R901237,T30048379,M10931,2026-02-16,1421.0
R901238,T30063956,M10853,2026-02-16,551.0
R901239,T30056275,M10411,2026-02-16,9145.0
R901240,T30030521,M10042,2026-02-16,3976.0
R901241,T30049607,M10650,2026-02-16,3727.0
R901242,T30055918,M10211,2026-02-16,1642.0
R901243,T30067099,M10931,2026-02-16,553.0
R901244,T30042832,M10022,2026-02-17,785.0
R901245,T30063002,M10853,2026-02-17,386.0
R901246,T30026596,M10492,2026-02-17,147.0
R901247,T30059526,M10032,2026-02-17,603.0
R901248,T30028580,M10175,2026-02-17,2109.0
R901249,T30056999,M10947,2026-02-17,921.0
R901250,T30066107,M11520,2026-02-17,492.0
R901251,T30026629,M11410,2026-02-17,1223.0
R901252,T30035915,M10862,2026-02-17,330.0
R901253,T30044135,M11003,2026-02-17,1717.0
R901254,T30057080,M10042,2026-02-17,16397.0
R901255,T30029602,M10577,2026-02-17,864.0
R901256,T30051707,M10211,2026-02-17,4438.0
R901257,T30061374,M10853,2026-02-17,301.0
R901258,T30060472,M11275,2026-02-17,442.0
R901259,T30052792,M10107,2026-02-17,105.0
R901260,T30041218,M10321,2026-02-17,7084.0
R901261,T30065442,M10808,2026-02-17,918.0
R901262,T30030850,M10577,2026-02-17,250.0
R901263,T30053272,M11408,2026-02-17,1357.0
R901264,T30031141,M10567,2026-02-17,10773.0
R901265,T30050907,M11516,2026-02-17,381.0
R901266,T30062232,M10931,2026-02-17,1048.0
R901267,T30042650,M11114,2026-02-17,5862.0
R901268,T30046573,M11218,2026-02-17,641.0
R901269,T30036476,M10042,2026-02-17,6000.0
R901270,T30037569,M10577,2026-02-17,1833.0
R901271,T30050432,M10096,2026-02-17,2937.0
R901272,T30027791,M10577,2026-02-17,527.0
R901273,T30037369,M10828,2026-02-17,290.0
R901274,T30054721,M10823,2026-02-17,1245.0
R901275,T30042083,M10685,2026-02-17,952.0
R901276,T30027999,M10022,2026-02-17,1262.0
R901277,T30063530,M10931,2026-02-17,318.0
R901278,T30033340,M10931,2026-02-17,966.0
R901279,T30056809,M10419,2026-02-17,663.0
R901280,T30051565,M11495,2026-02-17,3630.0
R901281,T30036414,M10314,2026-02-17,471.0
R901282,T30045901,M10828,2026-02-17,619.0
R901283,T30044662,M11245,2026-02-17,4020.0
R901284,T30067105,M11520,2026-02-18,307.0
R901285,T30066035,M10022,2026-02-18,510.0
R901286,T30051293,M10022,2026-02-18,635.0
R901287,T30027861,M11275,2026-02-18,382.0
R901288,T30060523,M11033,2026-02-18,330.0
R901289,T30033935,M10239,2026-02-18,2284.0
R901290,T30039458,M10211,2026-02-18,988.0
R901291,T30032936,M11045,2026-02-18,2234.0
R901292,T30039999,M11400,2026-02-18,2907.0
R901293,T30040556,M10211,2026-02-18,964.0
R901294,T30050021,M10096,2026-02-18,704.0
R901295,T30060405,M10871,2026-02-18,276.0
R901296,T30039691,M10881,2026-02-18,879.0
R901297,T30038260,M10077,2026-02-18,4066.0
R901298,T30045848,M10685,2026-02-18,589.0
R901299,T30048377,M11408,2026-02-18,2101.0
R901300,T30055095,M10989,2026-02-18,2505.0
R901301,T30030822,M10211,2026-02-18,1655.0
R901302,T30055751,M10096,2026-02-18,929.0
R901303,T30056690,M10211,2026-02-18,1268.0
R901304,T30056778,M11531,2026-02-18,8756.0
R901305,T30042590,M10211,2026-02-18,759.0
R901306,T30030306,M10096,2026-02-18,1721.0
R901307,T30030113,M10931,2026-02-18,280.0
R901308,T30071692,M10746,2026-02-18,458.0
R901309,T30037719,M11194,2026-02-18,1331.0
R901310,T30044108,M10650,2026-02-18,10063.0
R901311,T30043701,M10808,2026-02-18,414.0
R901312,T30057107,M10685,2026-02-18,679.0
R901313,T30029335,M10685,2026-02-18,302.0
R901314,T30070176,M10729,2026-02-18,589.0
R901315,T30039027,M11404,2026-02-18,1267.0
R901316,T30036357,M11194,2026-02-18,1705.0
R901317,T30041362,M10314,2026-02-18,256.0
R901318,T30029044,M10808,2026-02-18,957.0
R901319,T30065451,M10931,2026-02-18,1451.0
R901320,T30046964,M10746,2026-02-18,1138.0
R901321,T30048032,M10821,2026-02-18,272.0
R901322,T30046670,M11109,2026-02-18,161.0
R901323,T30046828,M11275,2026-02-18,4991.0
R901324,T30036096,M10862,2026-02-18,188.0
R901325,T30054305,M10931,2026-02-18,553.0
R901326,T30066924,M10685,2026-02-19,456.0
R901327,T30059221,M10419,2026-02-19,609.0
R901328,T30053055,M10042,2026-02-19,1927.0
R901329,T30059646,M10808,2026-02-19,1225.0
R901330,T30072979,M10022,2026-02-19,446.0
R901331,T30066430,M10931,2026-02-19,452.0
R901332,T30065348,M10577,2026-02-19,246.0
R901333,T30067351,M11249,2026-02-19,1049.0
R901334,T30069073,M10753,2026-02-19,1793.0
R901335,T30053320,M11148,2026-02-19,761.0
R901336,T30057965,M10314,2026-02-19,811.0
R901337,T30058066,M11265,2026-02-19,66.0
R901338,T30063957,M11229,2026-02-19,416.0
R901339,T30058708,M11003,2026-02-19,955.0
R901340,T30064461,M10363,2026-02-19,656.0
R901341,T30069846,M11275,2026-02-19,207.0
R901342,T30051332,M10989,2026-02-19,4682.0
R901343,T30054731,M11461,2026-02-19,422.0
R901344,T30063525,M10808,2026-02-19,744.0
R901345,T30065941,M10077,2026-02-19,991.0
R901346,T30051570,M10042,2026-02-19,3310.0
R901347,T30036899,M10746,2026-02-19,1429.0
R901348,T30034097,M10931,2026-02-19,588.0
R901349,T30035085,M11003,2026-02-19,682.0
R901350,T30035456,M10042,2026-02-19,20364.0
R901351,T30032507,M10746,2026-02-19,3524.0
R901352,T30032312,M10885,2026-02-19,849.0
R901353,T30045224,M11107,2026-02-19,535.0
R901354,T30047730,M10931,2026-02-19,958.0
R901355,T30047510,M11003,2026-02-19,901.0
R901356,T30031516,M10853,2026-02-19,249.0
R901357,T30031355,M11213,2026-02-19,586.0
R901358,T30038812,M10419,2026-02-19,2505.0
R901359,T30049148,M10341,2026-02-19,4409.0
R901360,T30033900,M11229,2026-02-19,497.0
R901361,T30029618,M10931,2026-02-19,326.0
R901362,T30030061,M10822,2026-02-19,1841.0
R901363,T30045209,M10997,2026-02-19,665.0
R901364,T30045110,M10989,2026-02-19,4381.0
R901365,T30044897,M11109,2026-02-19,300.0
R901366,T30045723,M10211,2026-02-19,675.0
R901367,T30044492,M11518,2026-02-19,3908.0
R901368,T30042387,M10577,2026-02-19,622.0
R901369,T30058294,M10419,2026-02-20,1564.0
R901370,T30045160,M11194,2026-02-20,1864.0
R901371,T30036163,M10273,2026-02-20,1421.0
R901372,T30056488,M10853,2026-02-20,2566.0
R901373,T30064013,M11201,2026-02-20,4577.0
R901374,T30045659,M11012,2026-02-20,790.0
R901375,T30044930,M10931,2026-02-20,1970.0
R901376,T30047521,M10419,2026-02-20,823.0
R901377,T30038356,M10685,2026-02-20,919.0
R901378,T30047390,M10704,2026-02-20,1724.0
R901379,T30047384,M10685,2026-02-20,846.0
R901380,T30057643,M11229,2026-02-20,283.0
R901381,T30061239,M10746,2026-02-20,1036.0
R901382,T30039402,M10853,2026-02-20,1497.0
R901383,T30039621,M10989,2026-02-20,4395.0
R901384,T30060126,M10685,2026-02-20,381.0
R901385,T30057667,M10834,2026-02-20,294.0
R901386,T30046565,M10947,2026-02-20,390.0
R901387,T30060069,M11275,2026-02-20,596.0
R901388,T30040974,M10175,2026-02-20,9189.0
R901389,T30059083,M11275,2026-02-20,536.0
R901390,T30042196,M10701,2026-02-20,778.0
R901391,T30058046,M10740,2026-02-20,1463.0
R901392,T30054350,M10685,2026-02-20,2297.0
R901393,T30057180,M10211,2026-02-20,803.0
R901394,T30066758,M10032,2026-02-20,521.0
R901395,T30050448,M10931,2026-02-20,438.0
R901396,T30049128,M10989,2026-02-20,5500.0
R901397,T30071162,M10022,2026-02-20,1369.0
R901398,T30051458,M11273,2026-02-20,603.0
R901399,T30031969,M10808,2026-02-20,1239.0
R901400,T30068203,M10042,2026-02-20,732.0
R901401,T30051670,M10211,2026-02-20,878.0
R901402,T30050121,M10590,2026-02-20,3155.0
R901403,T30050656,M11193,2026-02-20,367.0
R901404,T30067993,M10577,2026-02-20,392.0
R901405,T30067072,M10292,2026-02-20,860.0
R901406,T30050002,M11132,2026-02-20,10692.0
R901407,T30048869,M11277,2026-02-20,931.0
R901408,T30049938,M10022,2026-02-20,285.0
R901409,T30052063,M10314,2026-02-20,359.0
R901410,T30074220,M10989,2026-02-20,4141.0
R901411,T30033601,M10862,2026-02-20,416.0
R901412,T30073665,M10640,2026-02-20,940.0
R901413,T30043634,M11003,2026-02-21,767.0
R901414,T30057697,M11003,2026-02-21,1632.0
R901415,T30060930,M10989,2026-02-21,8506.0
R901416,T30039422,M11408,2026-02-21,1475.0
R901417,T30071415,M10500,2026-02-21,82.0
R901418,T30033618,M10273,2026-02-21,687.0
R901419,T30073032,M10042,2026-02-21,10436.0
R901420,T30071807,M10211,2026-02-21,498.0
R901421,T30058068,M10096,2026-02-21,1191.0
R901422,T30059396,M10685,2026-02-21,487.0
R901423,T30047129,M10577,2026-02-21,935.0
R901424,T30054272,M11382,2026-02-21,1159.0
R901425,T30072293,M11029,2026-02-21,6351.0
R901426,T30072721,M10096,2026-02-21,979.0
R901427,T30058628,M10931,2026-02-21,1200.0
R901428,T30075484,M10567,2026-02-21,10813.0
R901429,T30073243,M11505,2026-02-21,245.0
R901430,T30049357,M11374,2026-02-21,1437.0
R901431,T30061895,M10862,2026-02-21,353.0
R901432,T30055115,M10314,2026-02-21,275.0
R901433,T30033622,M10746,2026-02-21,892.0
R901434,T30066403,M11275,2026-02-21,1041.0
R901435,T30055434,M10526,2026-02-21,107.0
R901436,T30066978,M11305,2026-02-21,16018.0
R901437,T30035073,M11003,2026-02-21,522.0
R901438,T30033475,M10577,2026-02-21,1490.0
R901439,T30036440,M10032,2026-02-21,213.0
R901440,T30045663,M10931,2026-02-21,1426.0
R901441,T30056309,M10808,2026-02-21,1839.0
R901442,T30032417,M10461,2026-02-21,4925.0
R901443,T30047865,M10022,2026-02-21,2232.0
R901444,T30053256,M10032,2026-02-21,1139.0
R901445,T30075347,M11520,2026-02-21,462.0
R901446,T30044919,M11275,2026-02-21,395.0
R901447,T30038345,M10022,2026-02-21,529.0
R901448,T30050632,M10406,2026-02-21,5779.0
R901449,T30037022,M11275,2026-02-21,145.0
R901450,T30038137,M11003,2026-02-21,1324.0
R901451,T30037509,M10419,2026-02-21,1519.0
R901452,T30037480,M10042,2026-02-21,12872.0
R901453,T30056011,M10947,2026-02-22,406.0
R901454,T30077464,M10871,2026-02-22,730.0
R901455,T30044913,M10577,2026-02-22,1980.0
R901456,T30044024,M10022,2026-02-22,1058.0
R901457,T30078029,M10096,2026-02-22,1036.0
R901458,T30077130,M10467,2026-02-22,841.0
R901459,T30077959,M10211,2026-02-22,1371.0
R901460,T30043079,M10989,2026-02-22,16496.0
R901461,T30066887,M10419,2026-02-22,622.0
R901462,T30075265,M10650,2026-02-22,3643.0
R901463,T30033667,M11280,2026-02-22,549.0
R901464,T30066242,M11403,2026-02-22,749.0
R901465,T30035107,M10926,2026-02-22,261.0
R901466,T30035813,M10989,2026-02-22,2449.0
R901467,T30064474,M11109,2026-02-22,441.0
R901468,T30064248,M11109,2026-02-22,193.0
R901469,T30037320,M10989,2026-02-22,14398.0
R901470,T30068091,M10211,2026-02-22,694.0
R901471,T30043028,M10862,2026-02-22,725.0
R901472,T30038234,M11510,2026-02-22,71.0
R901473,T30069278,M10834,2026-02-22,2060.0
R901474,T30070563,M10022,2026-02-22,219.0
R901475,T30040225,M10746,2026-02-22,1077.0
R901476,T30041079,M11249,2026-02-22,146.0
R901477,T30042044,M11467,2026-02-22,14046.0
R901478,T30058348,M11275,2026-02-22,301.0
R901479,T30057674,M10685,2026-02-22,237.0
R901480,T30074983,M10947,2026-02-22,257.0
R901481,T30038491,M10204,2026-02-22,460.0
R901482,T30055696,M10746,2026-02-22,1217.0
R901483,T30035172,M10808,2026-02-22,825.0
R901484,T30054671,M10989,2026-02-22,3435.0
R901485,T30053034,M11275,2026-02-22,910.0
R901486,T30051288,M10042,2026-02-22,51789.0
R901487,T30047427,M10456,2026-02-22,3170.0
R901488,T30051786,M10211,2026-02-22,337.0
R901489,T30047000,M10729,2026-02-22,932.0
R901490,T30052206,M10650,2026-02-22,9318.0
R901491,T30048651,M10032,2026-02-22,75.0
R901492,T30055184,M10947,2026-02-22,576.0
R901493,T30045408,M10650,2026-02-22,16422.0
R901494,T30043366,M11003,2026-02-23,850.0
R901495,T30058873,M10746,2026-02-23,1913.0
R901496,T30076044,M10989,2026-02-23,8883.0
R901497,T30074601,M11264,2026-02-23,588.0
R901498,T30053411,M10746,2026-02-23,465.0
R901499,T30062861,M10419,2026-02-23,2192.0
R901500,T30062582,M11379,2026-02-23,1230.0
R901501,T30062500,M10577,2026-02-23,1236.0
R901502,T30053499,M11407,2026-02-23,475.0
R901503,T30056848,M11033,2026-02-23,1349.0
R901504,T30068669,M10685,2026-02-23,4145.0
R901505,T30077366,M10265,2026-02-23,773.0
R901506,T30038708,M11408,2026-02-23,639.0
R901507,T30077411,M10814,2026-02-23,3680.0
R901508,T30053707,M10577,2026-02-23,1504.0
R901509,T30078206,M10211,2026-02-23,729.0
R901510,T30057816,M10022,2026-02-23,931.0
R901511,T30060183,M11275,2026-02-23,788.0
R901512,T30042459,M11043,2026-02-23,475.0
R901513,T30041183,M10704,2026-02-23,566.0
R901514,T30058069,M11333,2026-02-23,1493.0
R901515,T30042072,M10096,2026-02-23,1105.0
R901516,T30046739,M10577,2026-02-23,761.0
R901517,T30062068,M10273,2026-02-23,181.0
R901518,T30073728,M10022,2026-02-23,979.0
R901519,T30042250,M10042,2026-02-23,4037.0
R901520,T30056231,M10314,2026-02-23,837.0
R901521,T30035382,M11251,2026-02-23,408.0
R901522,T30045014,M11249,2026-02-23,918.0
R901523,T30045526,M10746,2026-02-23,408.0
R901524,T30056209,M10931,2026-02-23,624.0
R901525,T30034995,M10883,2026-02-23,901.0
R901526,T30049683,M10022,2026-02-23,1458.0
R901527,T30048528,M10032,2026-02-23,157.0
R901528,T30045082,M10032,2026-02-23,120.0
R901529,T30065122,M11107,2026-02-23,485.0
R901530,T30048597,M10022,2026-02-23,397.0
R901531,T30065755,M10211,2026-02-23,989.0
R901532,T30035407,M11275,2026-02-23,429.0
R901533,T30064970,M10457,2026-02-23,577.0
R901534,T30066265,M11003,2026-02-23,118.0
R901535,T30068360,M11116,2026-02-23,163.0
R901536,T30068462,M10211,2026-02-23,415.0
R901537,T30052890,M10989,2026-02-23,9053.0
R901538,T30064643,M10273,2026-02-23,509.0
R901539,T30051071,M11482,2026-02-23,1965.0
R901540,T30056195,M11249,2026-02-23,755.0
R901541,T30038905,M10664,2026-02-24,158.0
R901542,T30064616,M10834,2026-02-24,3846.0
R901543,T30071420,M10931,2026-02-24,675.0
R901544,T30052010,M10734,2026-02-24,2787.0
R901545,T30060130,M11275,2026-02-24,1486.0
R901546,T30059928,M10591,2026-02-24,1164.0
R901547,T30051589,M10931,2026-02-24,359.0
R901548,T30059563,M11042,2026-02-24,1937.0
R901549,T30041826,M10559,2026-02-24,2508.0
R901550,T30060340,M10931,2026-02-24,495.0
R901551,T30040519,M10419,2026-02-24,2112.0
R901552,T30050459,M10419,2026-02-24,675.0
R901553,T30065887,M10211,2026-02-24,1152.0
R901554,T30074459,M10491,2026-02-24,1331.0
R901555,T30074466,M10419,2026-02-24,811.0
R901556,T30074558,M10685,2026-02-24,4733.0
R901557,T30075113,M10022,2026-02-24,1512.0
R901558,T30037150,M11114,2026-02-24,5344.0
R901559,T30075393,M11003,2026-02-24,226.0
R901560,T30047721,M10032,2026-02-24,1037.0
R901561,T30061633,M10931,2026-02-24,683.0
R901562,T30049990,M11431,2026-02-24,140.0
R901563,T30037731,M10947,2026-02-24,588.0
R901564,T30075853,M10246,2026-02-24,1962.0
R901565,T30037764,M11351,2026-02-24,756.0
R901566,T30062764,M11408,2026-02-24,748.0
R901567,T30038261,M10584,2026-02-24,3930.0
R901568,T30065261,M10746,2026-02-24,1203.0
R901569,T30048040,M11040,2026-02-24,840.0
R901570,T30037549,M10668,2026-02-24,530.0
R901571,T30049957,M10493,2026-02-24,22775.0
R901572,T30053447,M10314,2026-02-24,417.0
R901573,T30058116,M10491,2026-02-24,1007.0
R901574,T30046704,M10947,2026-02-24,907.0
R901575,T30045949,M10808,2026-02-24,441.0
R901576,T30055559,M10931,2026-02-24,1121.0
R901577,T30042903,M10096,2026-02-24,435.0
R901578,T30054755,M10022,2026-02-24,736.0
R901579,T30057339,M10746,2026-02-24,2780.0
R901580,T30045852,M11067,2026-02-25,1181.0
R901581,T30053205,M10211,2026-02-25,781.0
R901582,T30066435,M11033,2026-02-25,1172.0
R901583,T30052727,M10701,2026-02-25,1357.0
R901584,T30064021,M10577,2026-02-25,2345.0
R901585,T30066311,M10947,2026-02-25,455.0
R901586,T30083102,M10727,2026-02-25,299.0
R901587,T30061778,M10567,2026-02-25,10610.0
R901588,T30079974,M10096,2026-02-25,665.0
R901589,T30040829,M10931,2026-02-25,140.0
R901590,T30040772,M10211,2026-02-25,617.0
R901591,T30057838,M10419,2026-02-25,474.0
R901592,T30051140,M10491,2026-02-25,599.0
R901593,T30053882,M10931,2026-02-25,814.0
R901594,T30056237,M10823,2026-02-25,1368.0
R901595,T30060806,M11408,2026-02-25,91.0
R901596,T30053856,M11275,2026-02-25,845.0
R901597,T30041321,M11408,2026-02-25,244.0
R901598,T30041467,M10746,2026-02-25,1144.0
R901599,T30065777,M11543,2026-02-25,2884.0
R901600,T30042989,M11217,2026-02-25,7584.0
R901601,T30050733,M11364,2026-02-25,1837.0
R901602,T30071656,M11003,2026-02-25,455.0
R901603,T30046010,M10729,2026-02-25,634.0
R901604,T30049022,M10096,2026-02-25,834.0
R901605,T30076975,M10577,2026-02-25,324.0
R901606,T30058411,M10211,2026-02-25,399.0
R901607,T30054825,M10627,2026-02-25,6624.0
R901608,T30062688,M11429,2026-02-25,743.0
R901609,T30042193,M10042,2026-02-25,1742.0
R901610,T30079382,M10931,2026-02-25,780.0
R901611,T30042051,M10746,2026-02-25,901.0
R901612,T30044172,M10363,2026-02-25,241.0
R901613,T30069343,M10042,2026-02-25,994.0
R901614,T30041894,M10742,2026-02-25,378.0
R901615,T30046889,M10022,2026-02-25,3177.0
R901616,T30051970,M10650,2026-02-26,10169.0
R901617,T30056823,M10491,2026-02-26,1225.0
R901618,T30080890,M10032,2026-02-26,260.0
R901619,T30075573,M10577,2026-02-26,826.0
R901620,T30074094,M10577,2026-02-26,1227.0
R901621,T30074450,M10201,2026-02-26,552.0
R901622,T30070167,M11275,2026-02-26,531.0
R901623,T30067465,M10746,2026-02-26,374.0
R901624,T30048307,M10096,2026-02-26,502.0
R901625,T30048111,M11275,2026-02-26,537.0
R901626,T30057489,M10931,2026-02-26,831.0
R901627,T30045196,M10746,2026-02-26,442.0
R901628,T30042926,M10989,2026-02-26,7041.0
R901629,T30063561,M10273,2026-02-26,1013.0
R901630,T30044964,M11520,2026-02-26,404.0
R901631,T30050686,M10338,2026-02-26,607.0
R901632,T30079044,M10042,2026-02-26,5081.0
R901633,T30079631,M10685,2026-02-26,2130.0
R901634,T30054053,M11109,2026-02-26,81.0
R901635,T30082752,M10577,2026-02-26,994.0
R901636,T30054339,M10808,2026-02-26,804.0
R901637,T30069044,M10808,2026-02-26,785.0
R901638,T30064814,M11148,2026-02-26,1026.0
R901639,T30079314,M11275,2026-02-26,1068.0
R901640,T30046785,M10790,2026-02-26,3245.0
R901641,T30067831,M11408,2026-02-26,3814.0
R901642,T30079369,M10577,2026-02-26,176.0
R901643,T30064959,M10577,2026-02-26,296.0
R901644,T30056427,M10685,2026-02-26,3400.0
R901645,T30039990,M11275,2026-02-26,307.0
R901646,T30079794,M11003,2026-02-26,438.0
R901647,T30039922,M10989,2026-02-26,2554.0
R901648,T30084689,M10414,2026-02-26,183.0
R901649,T30084879,M11408,2026-02-26,4517.0
R901650,T30054268,M10022,2026-02-27,777.0
R901651,T30076539,M10419,2026-02-27,1743.0
R901652,T30069221,M10968,2026-02-27,1707.0
R901653,T30062771,M11107,2026-02-27,697.0
R901654,T30045017,M10685,2026-02-27,808.0
R901655,T30070650,M10297,2026-02-27,882.0
R901656,T30074968,M10577,2026-02-27,803.0
R901657,T30062921,M10947,2026-02-27,1429.0
R901658,T30074925,M10096,2026-02-27,1121.0
R901659,T30046797,M11520,2026-02-27,826.0
R901660,T30081115,M10211,2026-02-27,1230.0
R901661,T30043227,M10022,2026-02-27,743.0
R901662,T30055726,M10107,2026-02-27,771.0
R901663,T30063183,M10947,2026-02-27,859.0
R901664,T30082408,M11217,2026-02-27,13373.0
R901665,T30063854,M10989,2026-02-27,10611.0
R901666,T30044225,M10211,2026-02-27,1045.0
R901667,T30042345,M10746,2026-02-27,1166.0
R901668,T30078496,M11516,2026-02-27,159.0
R901669,T30067648,M10567,2026-02-27,9105.0
R901670,T30065606,M11003,2026-02-27,294.0
R901671,T30061018,M10931,2026-02-27,714.0
R901672,T30053781,M10042,2026-02-27,3374.0
R901673,T30061049,M10931,2026-02-27,261.0
R901674,T30067482,M10577,2026-02-27,101.0
R901675,T30050479,M11109,2026-02-27,795.0
R901676,T30077966,M10042,2026-02-27,3151.0
R901677,T30049734,M10096,2026-02-27,527.0
R901678,T30062547,M10746,2026-02-27,419.0
R901679,T30069612,M11109,2026-02-27,455.0
R901680,T30067429,M10314,2026-02-27,174.0
R901681,T30050165,M10947,2026-02-27,188.0
R901682,T30061994,M10577,2026-02-27,572.0
R901683,T30041507,M11408,2026-02-27,444.0
R901684,T30079344,M10685,2026-02-27,511.0
R901685,T30047432,M11408,2026-02-27,1083.0
R901686,T30046699,M10577,2026-02-27,2530.0
R901687,T30064605,M10931,2026-02-27,395.0
R901688,T30054358,M11299,2026-02-27,2429.0
R901689,T30053845,M10899,2026-02-27,10800.0
R901690,T30073299,M11003,2026-02-27,224.0
R901691,T30055682,M10577,2026-02-27,510.0
R901692,T30061809,M10565,2026-02-27,1602.0
R901693,T30064194,M11431,2026-02-27,94.0
R901694,T30056791,M10211,2026-02-28,1161.0
R901695,T30052689,M10457,2026-02-28,328.0
R901696,T30043653,M10645,2026-02-28,652.0
R901697,T30055321,M10746,2026-02-28,1041.0
R901698,T30066579,M10314,2026-02-28,1128.0
R901699,T30052908,M10175,2026-02-28,1170.0
R901700,T30081142,M11003,2026-02-28,878.0
R901701,T30043710,M11275,2026-02-28,434.0
R901702,T30071784,M10096,2026-02-28,494.0
R901703,T30063509,M10850,2026-02-28,404.0
R901704,T30083953,M11338,2026-02-28,8133.0
R901705,T30078219,M10757,2026-02-28,723.0
R901706,T30078225,M10175,2026-02-28,8740.0
R901707,T30078359,M11082,2026-02-28,436.0
R901708,T30078422,M10211,2026-02-28,1269.0
R901709,T30070137,M10746,2026-02-28,1921.0
R901710,T30048710,M10096,2026-02-28,1364.0
R901711,T30077831,M10190,2026-02-28,2665.0
R901712,T30060216,M11431,2026-02-28,372.0
R901713,T30054393,M10022,2026-02-28,800.0
R901714,T30079255,M10685,2026-02-28,1468.0
R901715,T30059887,M11408,2026-02-28,906.0
R901716,T30082400,M10022,2026-02-28,1056.0
R901717,T30085074,M10931,2026-02-28,4031.0
R901718,T30069072,M10808,2026-02-28,1171.0
R901719,T30079764,M10678,2026-02-28,786.0
R901720,T30058547,M10678,2026-02-28,2037.0
R901721,T30060165,M10096,2026-02-28,1123.0
R901722,T30070232,M10931,2026-02-28,2066.0
R901723,T30050493,M10419,2026-02-28,297.0
R901724,T30049006,M10867,2026-02-28,2297.0
R901725,T30063274,M11532,2026-02-28,823.0
R901726,T30075687,M10746,2026-02-28,1008.0
R901727,T30071129,M11495,2026-02-28,2447.0
R901728,T30062994,M10211,2026-02-28,750.0
R901729,T30052182,M10419,2026-02-28,9092.0
R901730,T30046537,M10175,2026-02-28,4294.0
R901731,T30062887,M10650,2026-02-28,8315.0
R901732,T30062626,M11251,2026-02-28,989.0
R901733,T30057542,M10211,2026-02-28,948.0
R901734,T30080850,M10022,2026-02-28,2906.0
R901735,T30045312,M10577,2026-02-28,1999.0
R901736,T30080768,M11275,2026-02-28,1324.0
R901737,T30072526,M10126,2026-03-01,1454.0
R901738,T30066625,M10701,2026-03-01,84.0
R901739,T30051189,M11249,2026-03-01,753.0
R901740,T30056422,M10685,2026-03-01,469.0
R901741,T30066493,M10773,2026-03-01,3454.0
R901742,T30056307,M10931,2026-03-01,491.0
R901743,T30072019,M10729,2026-03-01,343.0
R901744,T30072744,M10211,2026-03-01,1081.0
R901745,T30072612,M11003,2026-03-01,1989.0
R901746,T30049463,M10042,2026-03-01,3940.0
R901747,T30083045,M11197,2026-03-01,2582.0
R901748,T30067163,M11057,2026-03-01,472.0
R901749,T30071116,M10096,2026-03-01,2394.0
R901750,T30071833,M10577,2026-03-01,457.0
R901751,T30048544,M11275,2026-03-01,507.0
R901752,T30071813,M10746,2026-03-01,3052.0
R901753,T30058438,M11229,2026-03-01,2289.0
R901754,T30049632,M10931,2026-03-01,365.0
R901755,T30077368,M11057,2026-03-01,1348.0
R901756,T30046290,M11194,2026-03-01,608.0
R901757,T30089089,M11275,2026-03-01,1173.0
R901758,T30064302,M10096,2026-03-01,1229.0
R901759,T30078185,M10947,2026-03-01,1704.0
R901760,T30080440,M10989,2026-03-01,1754.0
R901761,T30089648,M10746,2026-03-01,305.0
R901762,T30064366,M10931,2026-03-01,1224.0
R901763,T30045873,M10022,2026-03-01,571.0
R901764,T30064229,M10022,2026-03-01,748.0
R901765,T30062462,M10107,2026-03-01,2002.0
R901766,T30076233,M10688,2026-03-01,19833.0
R901767,T30081176,M11249,2026-03-01,261.0
R901768,T30085406,M10022,2026-03-01,387.0
R901769,T30055161,M10650,2026-03-01,10740.0
R901770,T30075195,M10419,2026-03-01,434.0
R901771,T30079635,M10746,2026-03-01,471.0
R901772,T30084616,M10096,2026-03-01,3581.0
R901773,T30053936,M10040,2026-03-01,203.0
R901774,T30064131,M11109,2026-03-01,923.0
R901775,T30076945,M10273,2026-03-02,195.0
R901776,T30068801,M10931,2026-03-02,650.0
R901777,T30062947,M11379,2026-03-02,942.0
R901778,T30077165,M11003,2026-03-02,1378.0
R901779,T30057283,M10808,2026-03-02,492.0
R901780,T30083899,M10922,2026-03-02,1230.0
R901781,T30070239,M10419,2026-03-02,1835.0
R901782,T30051455,M11003,2026-03-02,743.0
R901783,T30051564,M10577,2026-03-02,665.0
R901784,T30067431,M10419,2026-03-02,1916.0
R901785,T30057209,M11404,2026-03-02,1407.0
R901786,T30070097,M10006,2026-03-02,1830.0
R901787,T30085622,M10022,2026-03-02,813.0
R901788,T30084345,M10746,2026-03-02,677.0
R901789,T30080040,M11377,2026-03-02,1185.0
R901790,T30079280,M11275,2026-03-02,302.0
R901791,T30079573,M11098,2026-03-02,1525.0
R901792,T30055735,M10032,2026-03-02,511.0
R901793,T30068906,M10314,2026-03-02,317.0
R901794,T30068900,M11249,2026-03-02,177.0
R901795,T30061788,M10096,2026-03-02,672.0
R901796,T30057735,M11275,2026-03-02,549.0
R901797,T30055613,M11291,2026-03-02,1220.0
R901798,T30090821,M10096,2026-03-02,2419.0
R901799,T30052729,M10931,2026-03-02,2796.0
R901800,T30072949,M10022,2026-03-02,1428.0
R901801,T30054990,M11275,2026-03-02,325.0
R901802,T30052441,M10808,2026-03-02,701.0
R901803,T30074424,M11275,2026-03-02,314.0
R901804,T30047901,M11148,2026-03-02,373.0
R901805,T30063549,M11408,2026-03-02,1353.0
R901806,T30073405,M10106,2026-03-02,708.0
R901807,T30081467,M10650,2026-03-02,7537.0
R901808,T30055358,M11188,2026-03-02,2661.0
R901809,T30073730,M10584,2026-03-02,1360.0
R901810,T30083070,M10042,2026-03-02,20175.0
R901811,T30073673,M11132,2026-03-02,804.0
R901812,T30066145,M10931,2026-03-02,1475.0
R901813,T30072328,M11217,2026-03-02,11229.0
R901814,T30093372,M10947,2026-03-03,284.0
R901815,T30079224,M10211,2026-03-03,1275.0
R901816,T30071634,M10828,2026-03-03,962.0
R901817,T30079617,M10931,2026-03-03,221.0
R901818,T30079662,M10419,2026-03-03,1659.0
R901819,T30068914,M10746,2026-03-03,1112.0
R901820,T30073283,M10577,2026-03-03,131.0
R901821,T30073268,M11275,2026-03-03,1024.0
R901822,T30083606,M10704,2026-03-03,1165.0
R901823,T30082703,M10989,2026-03-03,2022.0
R901824,T30084389,M10022,2026-03-03,889.0
R901825,T30079026,M11025,2026-03-03,2289.0
R901826,T30091111,M10989,2026-03-03,7066.0
R901827,T30075623,M11369,2026-03-03,1076.0
R901828,T30075456,M10984,2026-03-03,179.0
R901829,T30081075,M10947,2026-03-03,1422.0
R901830,T30087707,M10931,2026-03-03,1169.0
R901831,T30049451,M10032,2026-03-03,126.0
R901832,T30087335,M10853,2026-03-03,1007.0
R901833,T30087157,M10419,2026-03-03,316.0
R901834,T30074710,M10592,2026-03-03,2908.0
R901835,T30092356,M10341,2026-03-03,6919.0
R901836,T30074414,M10841,2026-03-03,13262.0
R901837,T30088989,M10170,2026-03-03,1010.0
R901838,T30072387,M11217,2026-03-03,947.0
R901839,T30074172,M11551,2026-03-03,2372.0
R901840,T30081510,M10032,2026-03-03,386.0
R901841,T30091779,M10314,2026-03-03,228.0
R901842,T30069822,M10419,2026-03-03,283.0
R901843,T30083465,M11445,2026-03-03,1923.0
R901844,T30082170,M10729,2026-03-03,267.0
R901845,T30047814,M10902,2026-03-03,196.0
R901846,T30062937,M10691,2026-03-03,2487.0
R901847,T30052571,M10211,2026-03-03,1211.0
R901848,T30053198,M10985,2026-03-03,757.0
R901849,T30053863,M11408,2026-03-03,1114.0
R901850,T30062464,M10491,2026-03-03,2111.0
R901851,T30065633,M10042,2026-03-03,1822.0
R901852,T30067631,M10853,2026-03-03,1199.0
R901853,T30067759,M11124,2026-03-03,483.0
R901854,T30065593,M11003,2026-03-03,1104.0
R901855,T30056047,M10297,2026-03-03,1524.0
R901856,T30053068,M11003,2026-03-03,1404.0
R901857,T30063055,M10931,2026-03-03,309.0
R901858,T30065116,M11394,2026-03-03,933.0
R901859,T30063978,M11098,2026-03-03,1234.0
R901860,T30051663,M10022,2026-03-04,615.0
R901861,T30083309,M10808,2026-03-04,443.0
R901862,T30070550,M10746,2026-03-04,48.0
R901863,T30058624,M11003,2026-03-04,2990.0
R901864,T30086040,M10042,2026-03-04,2499.0
R901865,T30075326,M10989,2026-03-04,5818.0
R901866,T30053227,M10567,2026-03-04,2887.0
R901867,T30091653,M10419,2026-03-04,396.0
R901868,T30088779,M11552,2026-03-04,2087.0
R901869,T30064362,M11443,2026-03-04,3800.0
R901870,T30068703,M10419,2026-03-04,856.0
R901871,T30080722,M10685,2026-03-04,740.0
R901872,T30060608,M10685,2026-03-04,6267.0
R901873,T30066113,M10567,2026-03-04,4088.0
R901874,T30056997,M10853,2026-03-04,1254.0
R901875,T30071650,M10881,2026-03-04,665.0
R901876,T30058622,M10493,2026-03-04,4376.0
R901877,T30089228,M10500,2026-03-04,489.0
R901878,T30057501,M10931,2026-03-04,345.0
R901879,T30064390,M10742,2026-03-04,467.0
R901880,T30088056,M10211,2026-03-04,493.0
R901881,T30060834,M11408,2026-03-04,193.0
R901882,T30064840,M11194,2026-03-04,435.0
R901883,T30087026,M10211,2026-03-04,905.0
R901884,T30058623,M10746,2026-03-04,705.0
R901885,T30086750,M10968,2026-03-04,2891.0
R901886,T30069255,M11538,2026-03-04,802.0
R901887,T30081587,M10746,2026-03-04,2180.0
R901888,T30059995,M10096,2026-03-04,582.0
R901889,T30085596,M11377,2026-03-04,389.0
R901890,T30061625,M11143,2026-03-04,233.0
R901891,T30077336,M11127,2026-03-04,4371.0
R901892,T30069148,M10447,2026-03-04,328.0
R901893,T30069022,M10989,2026-03-04,1684.0
R901894,T30050565,M10931,2026-03-04,182.0
R901895,T30061276,M10702,2026-03-04,8292.0
R901896,T30077014,M11275,2026-03-04,1162.0
R901897,T30052545,M11249,2026-03-04,421.0
R901898,T30075151,M10096,2026-03-04,598.0
R901899,T30059634,M10577,2026-03-05,322.0
R901900,T30092339,M10931,2026-03-05,1372.0
R901901,T30085440,M10096,2026-03-05,991.0
R901902,T30090243,M11068,2026-03-05,6770.0
R901903,T30066125,M10867,2026-03-05,1782.0
R901904,T30053687,M10678,2026-03-05,989.0
R901905,T30079719,M11148,2026-03-05,780.0
R901906,T30063631,M10922,2026-03-05,858.0
R901907,T30072959,M10500,2026-03-05,615.0
R901908,T30057984,M10931,2026-03-05,1461.0
R901909,T30089570,M10862,2026-03-05,251.0
R901910,T30052967,M10042,2026-03-05,4352.0
R901911,T30089715,M11520,2026-03-05,218.0
R901912,T30079787,M10808,2026-03-05,1010.0
R901913,T30088174,M10685,2026-03-05,362.0
R901914,T30075844,M10582,2026-03-05,747.0
R901915,T30065527,M10022,2026-03-05,2648.0
R901916,T30077957,M10042,2026-03-05,8507.0
R901917,T30066538,M10577,2026-03-05,1074.0
R901918,T30056263,M10096,2026-03-05,634.0
R901919,T30083211,M11532,2026-03-05,990.0
R901920,T30069497,M10853,2026-03-05,837.0
R901921,T30056212,M10419,2026-03-05,430.0
R901922,T30094886,M10022,2026-03-05,572.0
R901923,T30056154,M11408,2026-03-05,454.0
R901924,T30077347,M10577,2026-03-05,1371.0
R901925,T30092970,M10650,2026-03-05,17829.0
R901926,T30064250,M10042,2026-03-05,2581.0
R901927,T30086787,M10211,2026-03-05,2153.0
R901928,T30068956,M11003,2026-03-05,406.0
R901929,T30082532,M10577,2026-03-05,741.0
R901930,T30068431,M11275,2026-03-05,685.0
R901931,T30068634,M10746,2026-03-05,1213.0
R901932,T30082470,M10022,2026-03-05,8303.0
R901933,T30055701,M10808,2026-03-05,274.0
R901934,T30093959,M10931,2026-03-05,836.0
R901935,T30088150,M11350,2026-03-05,1599.0
R901936,T30061056,M10746,2026-03-05,1754.0
R901937,T30081394,M10341,2026-03-05,9436.0
R901938,T30066610,M10823,2026-03-05,576.0
R901939,T30080976,M11156,2026-03-05,1658.0
R901940,T30066695,M11143,2026-03-05,240.0
R901941,T30078503,M11277,2026-03-05,979.0
R901942,T30071486,M11217,2026-03-05,1481.0
R901943,T30059302,M10022,2026-03-05,475.0
R901944,T30060702,M10828,2026-03-05,997.0
R901945,T30081407,M10701,2026-03-05,221.0
R901946,T30071394,M10902,2026-03-05,301.0
R901947,T30083358,M10808,2026-03-05,879.0
R901948,T30052364,M10989,2026-03-05,7387.0
R901949,T30059010,M11275,2026-03-05,1338.0
R901950,T30067083,M10211,2026-03-05,1155.0
R901951,T30096155,M10746,2026-03-05,1291.0
R901952,T30051748,M10577,2026-03-05,749.0
R901953,T30081372,M11275,2026-03-05,883.0
R901954,T30071324,M10042,2026-03-05,6081.0
R901955,T30056687,M11532,2026-03-05,793.0
R901956,T30062901,M11477,2026-03-06,957.0
R901957,T30054064,M10680,2026-03-06,1372.0
R901958,T30053275,M10746,2026-03-06,858.0
R901959,T30059999,M11313,2026-03-06,148.0
R901960,T30063251,M10022,2026-03-06,1362.0
R901961,T30060527,M10650,2026-03-06,10722.0
R901962,T30076153,M10211,2026-03-06,1383.0
R901963,T30060755,M11003,2026-03-06,553.0
R901964,T30085689,M10314,2026-03-06,509.0
R901965,T30085901,M10022,2026-03-06,1911.0
R901966,T30086382,M11408,2026-03-06,470.0
R901967,T30061472,M11275,2026-03-06,1337.0
R901968,T30086521,M10096,2026-03-06,1407.0
R901969,T30063820,M10165,2026-03-06,8385.0
R901970,T30088792,M10894,2026-03-06,2187.0
R901971,T30068742,M10931,2026-03-06,2089.0
R901972,T30085295,M10989,2026-03-06,2149.0
R901973,T30071630,M10341,2026-03-06,10085.0
R901974,T30057171,M10989,2026-03-06,11813.0
R901975,T30057277,M10175,2026-03-06,7875.0
R901976,T30052451,M11011,2026-03-06,2819.0
R901977,T30052379,M10735,2026-03-06,1065.0
R901978,T30066980,M10931,2026-03-06,436.0
R901979,T30057797,M11275,2026-03-06,357.0
R901980,T30091697,M10989,2026-03-06,2607.0
R901981,T30084385,M10989,2026-03-06,3805.0
R901982,T30095750,M10746,2026-03-06,1073.0
R901983,T30058207,M10577,2026-03-06,391.0
R901984,T30092502,M11003,2026-03-06,302.0
R901985,T30090255,M10926,2026-03-06,1277.0
R901986,T30072918,M10982,2026-03-06,731.0
R901987,T30097271,M11035,2026-03-06,193.0
R901988,T30070090,M10989,2026-03-06,3375.0
R901989,T30074277,M11275,2026-03-06,1203.0
R901990,T30098253,M11516,2026-03-06,231.0
R901991,T30055848,M11033,2026-03-06,704.0
R901992,T30055589,M10419,2026-03-06,947.0
R901993,T30073132,M10096,2026-03-06,264.0
R901994,T30073628,M10746,2026-03-06,552.0
R901995,T30093532,M10314,2026-03-06,69.0
R901996,T30077343,M11144,2026-03-07,9036.0
R901997,T30078589,M10931,2026-03-07,371.0
R901998,T30068644,M10746,2026-03-07,279.0
R901999,T30062893,M11313,2026-03-07,330.0
R902000,T30086569,M10096,2026-03-07,357.0
R902001,T30068329,M10211,2026-03-07,160.0
R902002,T30094398,M10853,2026-03-07,827.0
R902003,T30053444,M10746,2026-03-07,546.0
R902004,T30070639,M10419,2026-03-07,300.0
R902005,T30087053,M11373,2026-03-07,1588.0
R902006,T30092788,M10678,2026-03-07,1795.0
R902007,T30095863,M10273,2026-03-07,328.0
R902008,T30060939,M10042,2026-03-07,12237.0
R902009,T30086875,M11229,2026-03-07,595.0
R902010,T30061274,M10931,2026-03-07,703.0
R902011,T30095271,M11408,2026-03-07,1170.0
R902012,T30077378,M11160,2026-03-07,264.0
R902013,T30069338,M10989,2026-03-07,2210.0
R902014,T30081763,M10947,2026-03-07,1118.0
R902015,T30070820,M10042,2026-03-07,766.0
R902016,T30083869,M10419,2026-03-07,831.0
R902017,T30078971,M11578,2026-03-07,428.0
R902018,T30078939,M11229,2026-03-07,207.0
R902019,T30054104,M11229,2026-03-07,191.0
R902020,T30057804,M10493,2026-03-07,2736.0
R902021,T30063418,M11229,2026-03-07,194.0
R902022,T30096960,M10419,2026-03-07,1772.0
R902023,T30063408,M10022,2026-03-07,2138.0
R902024,T30088576,M11171,2026-03-07,1291.0
R902025,T30059721,M11218,2026-03-07,701.0
R902026,T30080408,M11003,2026-03-07,153.0
R902027,T30097457,M10076,2026-03-07,225.0
R902028,T30075547,M10592,2026-03-07,2115.0
R902029,T30058865,M10022,2026-03-07,434.0
R902030,T30099150,M10650,2026-03-07,11277.0
R902031,T30057630,M10211,2026-03-07,185.0
R902032,T30059763,M10273,2026-03-07,389.0
R902033,T30088007,M10211,2026-03-07,945.0
R902034,T30087926,M10042,2026-03-07,3820.0
R902035,T30064068,M10107,2026-03-07,1137.0
R902036,T30088864,M10989,2026-03-07,10471.0
R902037,T30075102,M10947,2026-03-07,842.0
R902038,T30088306,M10746,2026-03-07,1154.0
R902039,T30079405,M10419,2026-03-08,958.0
R902040,T30084516,M11408,2026-03-08,3047.0
R902041,T30059223,M11275,2026-03-08,628.0
R902042,T30082933,M10808,2026-03-08,651.0
R902043,T30058519,M11012,2026-03-08,490.0
R902044,T30084470,M10931,2026-03-08,606.0
R902045,T30056311,M10426,2026-03-08,1766.0
R902046,T30078814,M10853,2026-03-08,2235.0
R902047,T30058063,M10577,2026-03-08,468.0
R902048,T30085638,M10947,2026-03-08,4315.0
R902049,T30078267,M10746,2026-03-08,973.0
R902050,T30057723,M10419,2026-03-08,1003.0
R902051,T30056685,M10853,2026-03-08,890.0
R902052,T30085650,M11271,2026-03-08,405.0
R902053,T30055008,M10211,2026-03-08,606.0
R902054,T30057048,M10419,2026-03-08,804.0
R902055,T30078153,M10931,2026-03-08,4583.0
R902056,T30084475,M10032,2026-03-08,2256.0
R902057,T30094902,M10433,2026-03-08,2810.0
R902058,T30074619,M10746,2026-03-08,173.0
R902059,T30075358,M11249,2026-03-08,95.0
R902060,T30097028,M11148,2026-03-08,480.0
R902061,T30091609,M11003,2026-03-08,2643.0
R902062,T30091856,M10211,2026-03-08,305.0
R902063,T30092089,M11552,2026-03-08,2941.0
R902064,T30099932,M10022,2026-03-08,1297.0
R902065,T30087388,M10022,2026-03-08,390.0
R902066,T30092464,M10032,2026-03-08,155.0
R902067,T30098161,M11275,2026-03-08,717.0
R902068,T30096504,M11431,2026-03-08,262.0
R902069,T30101522,M10107,2026-03-08,5831.0
R902070,T30100162,M10022,2026-03-08,2287.0
R902071,T30087102,M10947,2026-03-08,254.0
R902072,T30066694,M10426,2026-03-08,906.0
R902073,T30076703,M11118,2026-03-08,704.0
R902074,T30087003,M11264,2026-03-08,2456.0
R902075,T30062782,M10931,2026-03-08,1508.0
R902076,T30074113,M10862,2026-03-08,868.0
R902077,T30094941,M10746,2026-03-08,347.0
R902078,T30093001,M10211,2026-03-08,762.0
R902079,T30093615,M10922,2026-03-08,1369.0
R902080,T30087174,M10022,2026-03-08,1953.0
R902081,T30064300,M10032,2026-03-09,1158.0
R902082,T30077733,M11109,2026-03-09,58.0
R902083,T30085086,M10808,2026-03-09,654.0
R902084,T30058989,M11479,2026-03-09,246.0
R902085,T30087002,M11554,2026-03-09,7127.0
R902086,T30079822,M11102,2026-03-09,2643.0
R902087,T30097096,M11249,2026-03-09,280.0
R902088,T30083781,M11003,2026-03-09,2189.0
R902089,T30057109,M11166,2026-03-09,184.0
R902090,T30096295,M10273,2026-03-09,194.0
R902091,T30071197,M10701,2026-03-09,690.0
R902092,T30094219,M10947,2026-03-09,995.0
R902093,T30072993,M10211,2026-03-09,1341.0
R902094,T30080825,M10850,2026-03-09,81.0
R902095,T30064515,M10500,2026-03-09,285.0
R902096,T30078204,M10565,2026-03-09,736.0
R902097,T30078764,M10828,2026-03-09,480.0
R902098,T30088516,M10842,2026-03-09,1270.0
R902099,T30087788,M10211,2026-03-09,2770.0
R902100,T30088447,M11271,2026-03-09,4700.0
R902101,T30061585,M10032,2026-03-09,378.0
R902102,T30103148,M10828,2026-03-09,2655.0
R902103,T30088355,M10650,2026-03-09,1390.0
R902104,T30063581,M10419,2026-03-09,3257.0
R902105,T30092770,M11052,2026-03-10,1313.0
R902106,T30071638,M11512,2026-03-10,21678.0
R902107,T30087076,M11378,2026-03-10,8771.0
R902108,T30074614,M11399,2026-03-10,287.0
R902109,T30066440,M10493,2026-03-10,1917.0
R902110,T30066437,M10211,2026-03-10,252.0
R902111,T30072199,M10096,2026-03-10,1722.0
R902112,T30076527,M10032,2026-03-10,398.0
R902113,T30087264,M10577,2026-03-10,1302.0
R902114,T30070466,M11249,2026-03-10,1428.0
R902115,T30067518,M10964,2026-03-10,377.0
R902116,T30095378,M10931,2026-03-10,5232.0
R902117,T30083249,M10577,2026-03-10,713.0
R902118,T30092840,M10746,2026-03-10,1585.0
R902119,T30069562,M10606,2026-03-10,2402.0
R902120,T30068123,M10776,2026-03-10,875.0
R902121,T30094744,M10792,2026-03-10,10066.0
R902122,T30081775,M10042,2026-03-10,6419.0
R902123,T30094053,M10931,2026-03-10,2131.0
R902124,T30068885,M10493,2026-03-10,7176.0
R902125,T30105021,M11266,2026-03-10,30541.0
R902126,T30096254,M10808,2026-03-10,1213.0
R902127,T30080592,M10898,2026-03-10,16365.0
R902128,T30085641,M10314,2026-03-10,618.0
R902129,T30063590,M10211,2026-03-10,165.0
R902130,T30058987,M10931,2026-03-10,223.0
R902131,T30058931,M11003,2026-03-10,904.0
R902132,T30058648,M10931,2026-03-10,1014.0
R902133,T30079703,M10493,2026-03-10,636.0
R902134,T30064438,M10351,2026-03-10,685.0
R902135,T30064890,M11155,2026-03-10,5714.0
R902136,T30063231,M10022,2026-03-10,330.0
R902137,T30079827,M10042,2026-03-10,1200.0
R902138,T30103096,M10341,2026-03-10,2848.0
R902139,T30065691,M10853,2026-03-10,964.0
R902140,T30076102,M11267,2026-03-10,1818.0
R902141,T30090770,M10746,2026-03-10,951.0
R902142,T30072730,M10577,2026-03-10,1146.0
R902143,T30091741,M10947,2026-03-10,448.0
R902144,T30094874,M10211,2026-03-11,1656.0
R902145,T30084293,M10931,2026-03-11,278.0
R902146,T30099958,M11235,2026-03-11,2768.0
R902147,T30085538,M10889,2026-03-11,204.0
R902148,T30090485,M10102,2026-03-11,459.0
R902149,T30093972,M10042,2026-03-11,8711.0
R902150,T30085088,M10273,2026-03-11,143.0
R902151,T30094277,M10931,2026-03-11,1403.0
R902152,T30099055,M10022,2026-03-11,418.0
R902153,T30099862,M10273,2026-03-11,309.0
R902154,T30093010,M10947,2026-03-11,539.0
R902155,T30089095,M11003,2026-03-11,1470.0
R902156,T30087550,M10296,2026-03-11,1127.0
R902157,T30103959,M10022,2026-03-11,375.0
R902158,T30087189,M10931,2026-03-11,369.0
R902159,T30083288,M11552,2026-03-11,6991.0
R902160,T30092816,M10790,2026-03-11,107.0
R902161,T30089909,M10790,2026-03-11,556.0
R902162,T30084137,M10746,2026-03-11,980.0
R902163,T30097871,M10341,2026-03-11,8650.0
R902164,T30089928,M10704,2026-03-11,1345.0
R902165,T30105407,M11201,2026-03-11,10704.0
R902166,T30083773,M11003,2026-03-11,1454.0
R902167,T30106782,M10947,2026-03-11,1648.0
R902168,T30103500,M10947,2026-03-11,790.0
R902169,T30104608,M11529,2026-03-11,817.0
R902170,T30096600,M10433,2026-03-11,1043.0
R902171,T30072451,M10931,2026-03-11,1220.0
R902172,T30065860,M10022,2026-03-11,1442.0
R902173,T30074030,M10314,2026-03-11,373.0
R902174,T30078315,M11540,2026-03-11,613.0
R902175,T30063003,M10042,2026-03-11,22141.0
R902176,T30068791,M11012,2026-03-11,1379.0
R902177,T30068989,M11275,2026-03-11,1939.0
R902178,T30081159,M10577,2026-03-11,120.0
R902179,T30069104,M10022,2026-03-11,1425.0
R902180,T30060467,M10328,2026-03-11,380.0
R902181,T30079318,M10363,2026-03-11,669.0
R902182,T30069705,M10685,2026-03-11,2415.0
R902183,T30079464,M10032,2026-03-11,1810.0
R902184,T30060888,M10577,2026-03-11,292.0
R902185,T30064245,M10314,2026-03-11,362.0
R902186,T30071966,M10685,2026-03-11,810.0
R902187,T30072480,M10567,2026-03-11,4026.0
R902188,T30072995,M10828,2026-03-11,151.0
R902189,T30069593,M11162,2026-03-11,532.0
R902190,T30074353,M11275,2026-03-11,267.0
R902191,T30063944,M11532,2026-03-11,467.0
R902192,T30063645,M10853,2026-03-11,728.0
R902193,T30067233,M10032,2026-03-11,382.0
R902194,T30076686,M10931,2026-03-11,161.0
R902195,T30074970,M10853,2026-03-11,971.0
R902196,T30061955,M10211,2026-03-12,1476.0
R902197,T30085527,M10746,2026-03-12,271.0
R902198,T30063169,M10746,2026-03-12,934.0
R902199,T30093246,M11003,2026-03-12,967.0
R902200,T30064380,M11251,2026-03-12,2636.0
R902201,T30084408,M10211,2026-03-12,1063.0
R902202,T30061982,M10211,2026-03-12,194.0
R902203,T30076522,M10862,2026-03-12,556.0
R902204,T30085542,M10850,2026-03-12,585.0
R902205,T30063326,M10808,2026-03-12,868.0
R902206,T30090207,M11003,2026-03-12,934.0
R902207,T30091239,M10577,2026-03-12,163.0
R902208,T30087019,M10838,2026-03-12,8431.0
R902209,T30072617,M11235,2026-03-12,793.0
R902210,T30072662,M10493,2026-03-12,5886.0
R902211,T30108151,M10032,2026-03-12,292.0
R902212,T30085048,M11033,2026-03-12,5041.0
R902213,T30090357,M10567,2026-03-12,9817.0
R902214,T30107988,M10096,2026-03-12,331.0
R902215,T30082382,M10211,2026-03-12,1154.0
R902216,T30061137,M10947,2026-03-12,82.0
R902217,T30078285,M10922,2026-03-12,1979.0
R902218,T30089281,M10931,2026-03-12,1442.0
R902219,T30074625,M11439,2026-03-12,552.0
R902220,T30097528,M11283,2026-03-12,3729.0
R902221,T30095627,M11275,2026-03-12,2220.0
R902222,T30074370,M11434,2026-03-12,589.0
R902223,T30065243,M10867,2026-03-12,171.0
R902224,T30095027,M10627,2026-03-12,7732.0
R902225,T30103844,M10211,2026-03-12,233.0
R902226,T30082608,M10042,2026-03-12,5528.0
R902227,T30080925,M10022,2026-03-12,119.0
R902228,T30105343,M10314,2026-03-12,394.0
R902229,T30081225,M10042,2026-03-12,9985.0
R902230,T30063841,M10403,2026-03-13,5851.0
R902231,T30089215,M11408,2026-03-13,1436.0
R902232,T30074546,M11520,2026-03-13,356.0
R902233,T30088725,M10022,2026-03-13,1740.0
R902234,T30096520,M10321,2026-03-13,3145.0
R902235,T30101847,M10567,2026-03-13,2424.0
R902236,T30102347,M11003,2026-03-13,1542.0
R902237,T30086861,M11194,2026-03-13,441.0
R902238,T30089729,M11109,2026-03-13,183.0
R902239,T30086396,M10931,2026-03-13,325.0
R902240,T30089692,M10685,2026-03-13,1008.0
R902241,T30079455,M10828,2026-03-13,229.0
R902242,T30101701,M10746,2026-03-13,5154.0
R902243,T30087631,M10931,2026-03-13,506.0
R902244,T30085651,M10828,2026-03-13,528.0
R902245,T30079449,M10931,2026-03-13,622.0
R902246,T30063367,M11538,2026-03-13,1919.0
R902247,T30073997,M10708,2026-03-13,3656.0
R902248,T30074745,M10042,2026-03-13,630.0
R902249,T30063774,M11275,2026-03-13,2900.0
R902250,T30108420,M10823,2026-03-13,636.0
R902251,T30094723,M10650,2026-03-13,1573.0
R902252,T30095338,M10862,2026-03-13,494.0
R902253,T30095757,M10022,2026-03-13,2560.0
R902254,T30109390,M10577,2026-03-13,291.0
R902255,T30067928,M10567,2026-03-13,19011.0
R902256,T30068009,M10419,2026-03-13,1203.0
R902257,T30062836,M10853,2026-03-13,429.0
R902258,T30084876,M11012,2026-03-13,648.0
R902259,T30065137,M11217,2026-03-13,1749.0
R902260,T30068236,M10096,2026-03-13,802.0
R902261,T30094351,M11277,2026-03-13,435.0
R902262,T30110055,M10273,2026-03-13,824.0
R902263,T30109124,M11321,2026-03-13,452.0
R902264,T30093895,M10853,2026-03-13,390.0
R902265,T30069115,M11520,2026-03-13,96.0
R902266,T30080910,M11444,2026-03-13,972.0
R902267,T30065614,M10096,2026-03-13,388.0
R902268,T30064156,M10989,2026-03-13,1905.0
R902269,T30066684,M10808,2026-03-13,448.0
R902270,T30104342,M10419,2026-03-13,2401.0
R902271,T30096771,M10567,2026-03-13,1423.0
R902272,T30071798,M11228,2026-03-13,1168.0
R902273,T30092780,M10577,2026-03-13,691.0
R902274,T30082074,M10273,2026-03-13,532.0
R902275,T30079840,M10577,2026-03-13,1753.0
R902276,T30069313,M10931,2026-03-13,830.0
R902277,T30092688,M10808,2026-03-13,893.0
R902278,T30066743,M10931,2026-03-13,1218.0
R902279,T30109722,M11333,2026-03-14,2244.0
R902280,T30087843,M10597,2026-03-14,9907.0
R902281,T30066763,M10931,2026-03-14,4877.0
R902282,T30067186,M10577,2026-03-14,611.0
R902283,T30075968,M11251,2026-03-14,342.0
R902284,T30067330,M10839,2026-03-14,3185.0
R902285,T30082210,M11003,2026-03-14,1233.0
R902286,T30087555,M11533,2026-03-14,342.0
R902287,T30096790,M10022,2026-03-14,422.0
R902288,T30072811,M10701,2026-03-14,5285.0
R902289,T30088743,M10853,2026-03-14,1225.0
R902290,T30091177,M10577,2026-03-14,788.0
R902291,T30091476,M10032,2026-03-14,556.0
R902292,T30073885,M11423,2026-03-14,1857.0
R902293,T30089878,M10808,2026-03-14,188.0
R902294,T30092710,M10022,2026-03-14,547.0
R902295,T30070447,M10096,2026-03-14,686.0
R902296,T30067620,M10808,2026-03-14,803.0
R902297,T30108747,M11597,2026-03-14,1285.0
R902298,T30064393,M10096,2026-03-14,873.0
R902299,T30089372,M11116,2026-03-14,1603.0
R902300,T30106983,M11275,2026-03-14,351.0
R902301,T30068364,M10965,2026-03-14,1778.0
R902302,T30094587,M10931,2026-03-14,279.0
R902303,T30095076,M10464,2026-03-14,1751.0
R902304,T30107664,M10419,2026-03-14,853.0
R902305,T30105954,M10862,2026-03-14,869.0
R902306,T30074052,M10685,2026-03-14,1273.0
R902307,T30103357,M10828,2026-03-14,101.0
R902308,T30086260,M10931,2026-03-14,846.0
R902309,T30085968,M10931,2026-03-14,1581.0
R902310,T30102002,M10808,2026-03-14,995.0
R902311,T30078573,M11520,2026-03-14,678.0
R902312,T30079192,M10491,2026-03-14,3852.0
R902313,T30081698,M10610,2026-03-14,6609.0
R902314,T30084769,M11520,2026-03-14,379.0
R902315,T30080868,M10341,2026-03-14,3438.0
R902316,T30103951,M11378,2026-03-14,1494.0
R902317,T30086435,M10808,2026-03-14,793.0
R902318,T30105182,M10839,2026-03-14,1664.0
R902319,T30102880,M10685,2026-03-14,1252.0
R902320,T30093261,M11275,2026-03-15,1551.0
R902321,T30106724,M10022,2026-03-15,1178.0
R902322,T30065786,M10493,2026-03-15,2907.0
R902323,T30078265,M10746,2026-03-15,796.0
R902324,T30093259,M10823,2026-03-15,2071.0
R902325,T30108949,M10096,2026-03-15,693.0
R902326,T30083029,M10931,2026-03-15,211.0
R902327,T30084032,M10853,2026-03-15,1394.0
R902328,T30097992,M11003,2026-03-15,2081.0
R902329,T30067790,M10931,2026-03-15,857.0
R902330,T30110538,M11125,2026-03-15,1273.0
R902331,T30089883,M11003,2026-03-15,2121.0
R902332,T30112012,M11075,2026-03-15,1121.0
R902333,T30079601,M10022,2026-03-15,583.0
R902334,T30067918,M11062,2026-03-15,314.0
R902335,T30069368,M10457,2026-03-15,585.0
R902336,T30098724,M10931,2026-03-15,976.0
R902337,T30103470,M10042,2026-03-15,9898.0
R902338,T30065832,M10685,2026-03-15,1846.0
R902339,T30098492,M10926,2026-03-15,2063.0
R902340,T30104876,M10931,2026-03-15,573.0
R902341,T30094225,M10931,2026-03-15,1047.0
R902342,T30108416,M10989,2026-03-15,3496.0
R902343,T30084530,M10419,2026-03-15,303.0
R902344,T30092228,M10947,2026-03-15,224.0
R902345,T30080551,M10567,2026-03-15,3443.0
R902346,T30093634,M11213,2026-03-15,664.0
R902347,T30089832,M10567,2026-03-15,2603.0
R902348,T30069345,M11342,2026-03-15,343.0
R902349,T30100306,M11252,2026-03-15,1091.0
R902350,T30076202,M10096,2026-03-15,660.0
R902351,T30100475,M11417,2026-03-15,4355.0
R902352,T30095906,M10444,2026-03-15,424.0
R902353,T30076447,M11013,2026-03-15,1404.0
R902354,T30082340,M11482,2026-03-15,548.0
R902355,T30081972,M10746,2026-03-15,743.0
R902356,T30103144,M10577,2026-03-16,700.0
R902357,T30102437,M11394,2026-03-16,3719.0
R902358,T30115080,M11217,2026-03-16,15112.0
R902359,T30067860,M10032,2026-03-16,383.0
R902360,T30097921,M10947,2026-03-16,1585.0
R902361,T30103672,M10746,2026-03-16,555.0
R902362,T30089736,M10808,2026-03-16,2333.0
R902363,T30079744,M10808,2026-03-16,656.0
R902364,T30083835,M10931,2026-03-16,2299.0
R902365,T30077588,M10823,2026-03-16,110.0
R902366,T30108555,M10577,2026-03-16,1463.0
R902367,T30072780,M10165,2026-03-16,3037.0
R902368,T30074005,M10341,2026-03-16,16489.0
R902369,T30110806,M10746,2026-03-16,1229.0
R902370,T30090344,M10042,2026-03-16,1580.0
R902371,T30087037,M10808,2026-03-16,531.0
R902372,T30068137,M10096,2026-03-16,692.0
R902373,T30072520,M10419,2026-03-16,636.0
R902374,T30090460,M10032,2026-03-16,238.0
R902375,T30072738,M10746,2026-03-16,1082.0
R902376,T30083481,M11428,2026-03-16,864.0
R902377,T30095967,M10419,2026-03-16,1694.0
R902378,T30101202,M10321,2026-03-16,4500.0
R902379,T30110063,M10042,2026-03-16,8537.0
R902380,T30077542,M10746,2026-03-16,1304.0
R902381,T30102611,M10577,2026-03-16,2804.0
R902382,T30091955,M11106,2026-03-16,1636.0
R902383,T30085336,M10931,2026-03-16,280.0
R902384,T30071432,M10922,2026-03-16,1535.0
R902385,T30074693,M10931,2026-03-16,1355.0
R902386,T30075139,M10862,2026-03-16,506.0
R902387,T30088727,M11269,2026-03-16,2366.0
R902388,T30088742,M10931,2026-03-16,663.0
R902389,T30092807,M10808,2026-03-16,3279.0
R902390,T30103762,M10746,2026-03-16,1115.0
R902391,T30114625,M10931,2026-03-16,592.0
R902392,T30115093,M11408,2026-03-16,329.0
R902393,T30082642,M10862,2026-03-16,318.0
R902394,T30097762,M10931,2026-03-16,733.0
R902395,T30113593,M11229,2026-03-16,2216.0
R902396,T30082638,M11404,2026-03-16,732.0
R902397,T30084677,M11408,2026-03-16,929.0
R902398,T30115172,M10931,2026-03-16,390.0
R902399,T30105491,M11606,2026-03-16,146.0
R902400,T30106835,M11253,2026-03-16,854.0
R902401,T30108682,M10931,2026-03-16,171.0
R902402,T30075998,M10096,2026-03-16,749.0
R902403,T30089532,M10022,2026-03-16,473.0
R902404,T30069106,M10577,2026-03-16,371.0
R902405,T30112152,M10559,2026-03-17,4771.0
R902406,T30104157,M10447,2026-03-17,321.0
R902407,T30084327,M10931,2026-03-17,946.0
R902408,T30070128,M10022,2026-03-17,645.0
R902409,T30112105,M10491,2026-03-17,724.0
R902410,T30105017,M11408,2026-03-17,1210.0
R902411,T30083521,M10746,2026-03-17,1633.0
R902412,T30082581,M11408,2026-03-17,306.0
R902413,T30100857,M10808,2026-03-17,938.0
R902414,T30109752,M10947,2026-03-17,535.0
R902415,T30072494,M10211,2026-03-17,916.0
R902416,T30109843,M10931,2026-03-17,255.0
R902417,T30084604,M11296,2026-03-17,1064.0
R902418,T30076356,M11566,2026-03-17,2195.0
R902419,T30096483,M10947,2026-03-17,658.0
R902420,T30097742,M10211,2026-03-17,306.0
R902421,T30097591,M10457,2026-03-17,1089.0
R902422,T30072231,M10577,2026-03-17,873.0
R902423,T30110007,M10931,2026-03-17,550.0
R902424,T30084509,M10032,2026-03-17,155.0
R902425,T30097393,M10708,2026-03-17,1960.0
R902426,T30090850,M10577,2026-03-17,946.0
R902427,T30081729,M10989,2026-03-17,8452.0
R902428,T30116086,M10989,2026-03-17,1294.0
R902429,T30115782,M10828,2026-03-17,343.0
R902430,T30113848,M10273,2026-03-17,142.0
R902431,T30113391,M10577,2026-03-17,2005.0
R902432,T30108803,M10650,2026-03-17,2369.0
R902433,T30101880,M11277,2026-03-17,361.0
R902434,T30095553,M10321,2026-03-17,2700.0
R902435,T30075216,M10613,2026-03-17,482.0
R902436,T30086056,M11454,2026-03-17,4314.0
R902437,T30074411,M10748,2026-03-17,1776.0
R902438,T30086242,M10746,2026-03-17,2195.0
R902439,T30077776,M10419,2026-03-17,583.0
R902440,T30113744,M11092,2026-03-17,7478.0
R902441,T30086363,M10032,2026-03-17,779.0
R902442,T30107500,M10565,2026-03-17,1695.0
R902443,T30103106,M10650,2026-03-17,2840.0
R902444,T30097181,M10419,2026-03-17,689.0
R902445,T30097235,M10965,2026-03-17,1167.0
R902446,T30084721,M11275,2026-03-17,90.0
R902447,T30076616,M11003,2026-03-17,521.0
R902448,T30101704,M10828,2026-03-17,294.0
R902449,T30076115,M10419,2026-03-17,261.0
R902450,T30090420,M10746,2026-03-17,732.0
R902451,T30106151,M10931,2026-03-17,1037.0
R902452,T30069691,M10433,2026-03-17,451.0
R902453,T30094592,M10685,2026-03-17,1179.0
R902454,T30103543,M10211,2026-03-17,1090.0
R902455,T30110084,M11499,2026-03-17,1578.0
R902456,T30076111,M10746,2026-03-17,605.0
R902457,T30090131,M10685,2026-03-17,352.0
R902458,T30103616,M10931,2026-03-17,493.0
R902459,T30087842,M11275,2026-03-17,1129.0
R902460,T30073560,M10853,2026-03-17,569.0
R902461,T30087844,M10931,2026-03-17,1036.0
R902462,T30084862,M10931,2026-03-17,495.0
R902463,T30098053,M10746,2026-03-17,196.0
R902464,T30095722,M10022,2026-03-18,976.0
R902465,T30097705,M10931,2026-03-18,425.0
R902466,T30117882,M10931,2026-03-18,1709.0
R902467,T30114648,M10862,2026-03-18,298.0
R902468,T30109328,M10096,2026-03-18,1638.0
R902469,T30081409,M10306,2026-03-18,979.0
R902470,T30095738,M10341,2026-03-18,5671.0
R902471,T30103542,M10577,2026-03-18,1684.0
R902472,T30093375,M11003,2026-03-18,1719.0
R902473,T30095261,M11408,2026-03-18,517.0
R902474,T30083021,M11229,2026-03-18,280.0
R902475,T30082158,M11023,2026-03-18,227.0
R902476,T30076855,M10685,2026-03-18,316.0
R902477,T30072462,M10211,2026-03-18,234.0
R902478,T30104167,M10403,2026-03-18,500.0
R902479,T30079245,M10022,2026-03-18,558.0
R902480,T30084633,M11110,2026-03-18,13073.0
R902481,T30078147,M11217,2026-03-18,5805.0
R902482,T30091056,M11408,2026-03-18,514.0
R902483,T30088485,M10577,2026-03-18,1415.0
R902484,T30113617,M10889,2026-03-18,549.0
R902485,T30079724,M10853,2026-03-18,1377.0
R902486,T30074275,M10577,2026-03-18,459.0
R902487,T30084791,M11249,2026-03-18,2510.0
R902488,T30116246,M10096,2026-03-18,849.0
R902489,T30084234,M10273,2026-03-18,649.0
R902490,T30113024,M10314,2026-03-18,157.0
R902491,T30116210,M10211,2026-03-18,485.0
R902492,T30099545,M10096,2026-03-18,437.0
R902493,T30090391,M11127,2026-03-18,4962.0
R902494,T30072452,M10032,2026-03-18,451.0
R902495,T30108357,M10273,2026-03-18,320.0
R902496,T30092280,M10931,2026-03-18,1877.0
R902497,T30071927,M10577,2026-03-18,743.0
R902498,T30117340,M11249,2026-03-18,412.0
R902499,T30084503,M10373,2026-03-18,402.0
R902500,T30092680,M11520,2026-03-18,397.0
R902501,T30077549,M10042,2026-03-18,4384.0
R902502,T30105246,M10096,2026-03-18,468.0
R902503,T30088102,M10746,2026-03-19,745.0
R902504,T30077432,M11520,2026-03-19,424.0
R902505,T30076472,M10828,2026-03-19,418.0
R902506,T30100626,M11552,2026-03-19,19703.0
R902507,T30087278,M10096,2026-03-19,359.0
R902508,T30085905,M10862,2026-03-19,1667.0
R902509,T30118511,M11217,2026-03-19,2360.0
R902510,T30115690,M10853,2026-03-19,1267.0
R902511,T30118828,M10931,2026-03-19,384.0
R902512,T30114131,M10096,2026-03-19,2178.0
R902513,T30106315,M10828,2026-03-19,470.0
R902514,T30114409,M10211,2026-03-19,1629.0
R902515,T30114367,M10931,2026-03-19,348.0
R902516,T30106425,M10042,2026-03-19,1399.0
R902517,T30082593,M10567,2026-03-19,1122.0
R902518,T30104417,M10592,2026-03-19,1897.0
R902519,T30088243,M10022,2026-03-19,1516.0
R902520,T30115566,M10808,2026-03-19,347.0
R902521,T30088176,M10853,2026-03-19,468.0
R902522,T30105675,M10577,2026-03-19,439.0
R902523,T30106307,M11434,2026-03-19,850.0
R902524,T30085447,M10989,2026-03-19,5416.0
R902525,T30084195,M10931,2026-03-19,559.0
R902526,T30085329,M10577,2026-03-19,881.0
R902527,T30111383,M10042,2026-03-19,21887.0
R902528,T30111789,M11009,2026-03-19,573.0
R902529,T30102908,M10931,2026-03-19,1338.0
R902530,T30079842,M11275,2026-03-19,484.0
R902531,T30117747,M10419,2026-03-19,1528.0
R902532,T30108666,M10931,2026-03-19,619.0
R902533,T30092581,M11275,2026-03-19,1038.0
R902534,T30072330,M10273,2026-03-19,322.0
R902535,T30109197,M10808,2026-03-19,1032.0
R902536,T30073973,M10211,2026-03-19,895.0
R902537,T30109231,M11403,2026-03-19,4544.0
R902538,T30079707,M10032,2026-03-19,617.0
R902539,T30094980,M10042,2026-03-19,7848.0
R902540,T30107708,M11377,2026-03-19,1167.0
R902541,T30102607,M10096,2026-03-19,1024.0
R902542,T30098671,M10853,2026-03-19,238.0
R902543,T30102706,M11217,2026-03-19,5170.0
R902544,T30079626,M10022,2026-03-19,3172.0
R902545,T30094548,M10834,2026-03-19,703.0
R902546,T30098534,M10042,2026-03-20,799.0
R902547,T30101226,M10096,2026-03-20,582.0
R902548,T30103550,M10867,2026-03-20,2009.0
R902549,T30108710,M10022,2026-03-20,363.0
R902550,T30097391,M11431,2026-03-20,565.0
R902551,T30106346,M10828,2026-03-20,79.0
R902552,T30105307,M10650,2026-03-20,6509.0
R902553,T30120512,M10042,2026-03-20,1942.0
R902554,T30122184,M10211,2026-03-20,655.0
R902555,T30098583,M11052,2026-03-20,1744.0
R902556,T30109595,M10211,2026-03-20,2550.0
R902557,T30098335,M10338,2026-03-20,1104.0
R902558,T30098424,M10577,2026-03-20,3440.0
R902559,T30102763,M10931,2026-03-20,256.0
R902560,T30103147,M11185,2026-03-20,2380.0
R902561,T30082215,M10022,2026-03-20,2244.0
R902562,T30119123,M10577,2026-03-20,566.0
R902563,T30090284,M11109,2026-03-20,139.0
R902564,T30089673,M10577,2026-03-20,743.0
R902565,T30112884,M10175,2026-03-20,11787.0
R902566,T30089371,M10419,2026-03-20,688.0
R902567,T30088822,M11431,2026-03-20,293.0
R902568,T30113725,M10022,2026-03-20,770.0
R902569,T30119417,M11495,2026-03-20,3956.0
R902570,T30087276,M10989,2026-03-20,1637.0
R902571,T30117790,M10577,2026-03-20,1478.0
R902572,T30091114,M11033,2026-03-20,617.0
R902573,T30094029,M11408,2026-03-20,113.0
R902574,T30110843,M10096,2026-03-20,197.0
R902575,T30114459,M10827,2026-03-20,159.0
R902576,T30079220,M11394,2026-03-20,1255.0
R902577,T30085203,M10577,2026-03-20,226.0
R902578,T30117851,M10931,2026-03-20,898.0
R902579,T30083739,M11003,2026-03-20,890.0
R902580,T30096193,M10022,2026-03-20,982.0
R902581,T30096047,M11275,2026-03-20,672.0
R902582,T30114821,M10341,2026-03-20,9478.0
R902583,T30085050,M10931,2026-03-20,459.0
R902584,T30080331,M11025,2026-03-20,961.0
R902585,T30080222,M11574,2026-03-20,875.0
R902586,T30116630,M10577,2026-03-20,1266.0
R902587,T30084902,M10577,2026-03-20,974.0
R902588,T30084464,M10808,2026-03-20,431.0
R902589,T30086280,M10156,2026-03-21,5800.0
R902590,T30108284,M11003,2026-03-21,1334.0
R902591,T30116321,M10341,2026-03-21,5066.0
R902592,T30090102,M11499,2026-03-21,372.0
R902593,T30121421,M10729,2026-03-21,471.0
R902594,T30089751,M10577,2026-03-21,1248.0
R902595,T30079782,M10931,2026-03-21,1490.0
R902596,T30081717,M11482,2026-03-21,409.0
R902597,T30121707,M10341,2026-03-21,4887.0
R902598,T30121836,M10746,2026-03-21,1774.0
R902599,T30105432,M10042,2026-03-21,2430.0
R902600,T30089166,M10685,2026-03-21,1136.0
R902601,T30081461,M10947,2026-03-21,445.0
R902602,T30081190,M10694,2026-03-21,1269.0
R902603,T30075957,M10746,2026-03-21,2861.0
R902604,T30076042,M10790,2026-03-21,286.0
R902605,T30083725,M10042,2026-03-21,9800.0
R902606,T30115673,M10828,2026-03-21,608.0
R902607,T30078382,M10126,2026-03-21,1731.0
R902608,T30087252,M10931,2026-03-21,1898.0
R902609,T30101007,M10989,2026-03-21,4284.0
R902610,T30101108,M10211,2026-03-21,1281.0
R902611,T30076542,M11275,2026-03-21,1246.0
R902612,T30076619,M10190,2026-03-21,1293.0
R902613,T30076807,M10931,2026-03-21,384.0
R902614,T30080386,M10107,2026-03-21,4330.0
R902615,T30085982,M10457,2026-03-21,653.0
R902616,T30077691,M10931,2026-03-21,237.0
R902617,T30123670,M10931,2026-03-21,731.0
R902618,T30123620,M11408,2026-03-21,1656.0
R902619,T30117306,M10931,2026-03-21,1034.0
R902620,T30110922,M10746,2026-03-21,369.0
R902621,T30111371,M11043,2026-03-21,2946.0
R902622,T30097776,M11275,2026-03-21,536.0
R902623,T30119973,M10947,2026-03-21,469.0
R902624,T30094539,M10947,2026-03-21,1385.0
R902625,T30092971,M10986,2026-03-21,1016.0
R902626,T30094922,M10685,2026-03-21,315.0
R902627,T30093513,M10568,2026-03-21,2108.0
R902628,T30092607,M10341,2026-03-21,2261.0
R902629,T30116992,M10341,2026-03-21,4842.0
R902630,T30095788,M11552,2026-03-21,1982.0
R902631,T30111738,M10211,2026-03-21,280.0
R902632,T30091161,M11109,2026-03-21,966.0
R902633,T30125056,M10931,2026-03-22,145.0
R902634,T30101025,M11540,2026-03-22,456.0
R902635,T30125550,M10042,2026-03-22,3926.0
R902636,T30082354,M11419,2026-03-22,3534.0
R902637,T30117744,M10126,2026-03-22,471.0
R902638,T30104014,M11292,2026-03-22,115.0
R902639,T30076846,M10715,2026-03-22,3115.0
R902640,T30122794,M10931,2026-03-22,2142.0
R902641,T30101595,M10493,2026-03-22,3381.0
R902642,T30115182,M10321,2026-03-22,7261.0
R902643,T30105533,M11410,2026-03-22,3346.0
R902644,T30097520,M10989,2026-03-22,8152.0
R902645,T30097465,M10947,2026-03-22,2359.0
R902646,T30082430,M10729,2026-03-22,760.0
R902647,T30110680,M11408,2026-03-22,2472.0
R902648,T30119861,M11499,2026-03-22,1019.0
R902649,T30081943,M10862,2026-03-22,400.0
R902650,T30104376,M10022,2026-03-22,1197.0
R902651,T30123696,M10351,2026-03-22,2183.0
R902652,T30109420,M11147,2026-03-22,1788.0
R902653,T30110276,M10931,2026-03-22,453.0
R902654,T30124035,M11003,2026-03-22,563.0
R902655,T30084236,M10746,2026-03-22,714.0
R902656,T30080458,M10936,2026-03-22,741.0
R902657,T30081879,M10201,2026-03-22,983.0
R902658,T30110127,M10931,2026-03-22,339.0
R902659,T30081188,M10211,2026-03-22,730.0
R902660,T30114499,M11275,2026-03-22,571.0
R902661,T30125804,M10211,2026-03-22,1263.0
R902662,T30096987,M10931,2026-03-22,353.0
R902663,T30124915,M10989,2026-03-22,5665.0
R902664,T30123848,M11003,2026-03-22,903.0
R902665,T30120115,M10042,2026-03-22,5483.0
R902666,T30100382,M11003,2026-03-22,917.0
R902667,T30088793,M11003,2026-03-22,712.0
R902668,T30087338,M10701,2026-03-22,499.0
R902669,T30098163,M10126,2026-03-22,3127.0
R902670,T30121982,M11552,2026-03-22,6681.0
R902671,T30099560,M10577,2026-03-22,317.0
R902672,T30117001,M10685,2026-03-22,489.0
R902673,T30099354,M10419,2026-03-22,1014.0
R902674,T30111957,M11461,2026-03-22,2980.0
R902675,T30099222,M10685,2026-03-22,292.0
R902676,T30117199,M10853,2026-03-22,937.0
R902677,T30120408,M10577,2026-03-22,2579.0
R902678,T30087354,M10211,2026-03-22,1111.0
R902679,T30100479,M10746,2026-03-22,1613.0
R902680,T30116591,M10685,2026-03-22,159.0
R902681,T30112280,M10862,2026-03-22,509.0
R902682,T30082868,M10931,2026-03-23,701.0
R902683,T30090819,M11271,2026-03-23,321.0
R902684,T30098425,M11109,2026-03-23,198.0
R902685,T30126373,M10411,2026-03-23,1515.0
R902686,T30092685,M11364,2026-03-23,113.0
R902687,T30092613,M10729,2026-03-23,1740.0
R902688,T30105057,M10808,2026-03-23,468.0
R902689,T30125613,M10947,2026-03-23,1930.0
R902690,T30089545,M11003,2026-03-23,147.0
R902691,T30109499,M10107,2026-03-23,3320.0
R902692,T30124629,M10175,2026-03-23,2844.0
R902693,T30083397,M11249,2026-03-23,199.0
R902694,T30081292,M11520,2026-03-23,1514.0
R902695,T30107711,M10299,2026-03-23,2048.0
R902696,T30083245,M10808,2026-03-23,2047.0
R902697,T30118282,M10096,2026-03-23,304.0
R902698,T30095675,M11003,2026-03-23,1871.0
R902699,T30103601,M10989,2026-03-23,9131.0
R902700,T30114607,M10947,2026-03-23,331.0
R902701,T30091541,M10577,2026-03-23,1462.0
R902702,T30081803,M10577,2026-03-23,379.0
R902703,T30082610,M10175,2026-03-23,2017.0
R902704,T30092098,M10853,2026-03-23,4385.0
R902705,T30081574,M11003,2026-03-23,651.0
R902706,T30115700,M11408,2026-03-23,417.0
R902707,T30084775,M10931,2026-03-23,1687.0
R902708,T30117538,M11251,2026-03-23,306.0
R902709,T30087411,M10947,2026-03-23,563.0
R902710,T30087152,M10022,2026-03-23,907.0
R902711,T30101263,M10042,2026-03-23,4562.0
R902712,T30115448,M10650,2026-03-23,15852.0
R902713,T30093236,M10746,2026-03-23,1152.0
R902714,T30100315,M11377,2026-03-23,6109.0
R902715,T30122947,M10341,2026-03-23,2068.0
R902716,T30115208,M11249,2026-03-23,217.0
R902717,T30111975,M11264,2026-03-23,2978.0
R902718,T30127127,M10808,2026-03-23,1010.0
R902719,T30097573,M11365,2026-03-23,2074.0
R902720,T30118057,M10014,2026-03-23,135.0
R902721,T30094382,M10828,2026-03-23,1997.0
R902722,T30106652,M10931,2026-03-23,429.0
R902723,T30127071,M10273,2026-03-23,1172.0
R902724,T30102472,M11408,2026-03-23,693.0
R902725,T30117963,M10685,2026-03-23,1499.0
R902726,T30102099,M10808,2026-03-23,496.0
R902727,T30098029,M10126,2026-03-23,882.0
R902728,T30079521,M11003,2026-03-23,1689.0
R902729,T30126577,M10678,2026-03-23,464.0
R902730,T30079474,M11109,2026-03-23,303.0
R902731,T30094496,M10165,2026-03-23,596.0
R902732,T30113812,M10143,2026-03-23,5174.0
R902733,T30116908,M10032,2026-03-24,671.0
R902734,T30122455,M11629,2026-03-24,5365.0
R902735,T30115393,M11229,2026-03-24,583.0
R902736,T30116587,M11275,2026-03-24,411.0
R902737,T30122342,M10107,2026-03-24,397.0
R902738,T30118688,M11134,2026-03-24,426.0
R902739,T30118908,M11275,2026-03-24,1787.0
R902740,T30114873,M10042,2026-03-24,11967.0
R902741,T30114834,M10577,2026-03-24,357.0
R902742,T30122121,M11532,2026-03-24,1219.0
R902743,T30116800,M11245,2026-03-24,2657.0
R902744,T30108691,M10341,2026-03-24,1770.0
R902745,T30123538,M10685,2026-03-24,1857.0
R902746,T30107591,M10577,2026-03-24,2535.0
R902747,T30107647,M10931,2026-03-24,639.0
R902748,T30110725,M10808,2026-03-24,619.0
R902749,T30104799,M10834,2026-03-24,1123.0
R902750,T30122788,M10814,2026-03-24,521.0
R902751,T30106246,M10042,2026-03-24,4471.0
R902752,T30114783,M10989,2026-03-24,3432.0
R902753,T30129122,M10947,2026-03-24,1282.0
R902754,T30093095,M10931,2026-03-24,1003.0
R902755,T30099502,M10577,2026-03-24,3039.0
R902756,T30084292,M10211,2026-03-24,762.0
R902757,T30095205,M10042,2026-03-24,4003.0
R902758,T30099619,M10862,2026-03-24,1147.0
R902759,T30083511,M10032,2026-03-24,359.0
R902760,T30092901,M10022,2026-03-24,736.0
R902761,T30126448,M10096,2026-03-24,334.0
R902762,T30098265,M11408,2026-03-24,336.0
R902763,T30098249,M10989,2026-03-24,3368.0
R902764,T30128760,M10165,2026-03-24,8273.0
R902765,T30083175,M11321,2026-03-24,316.0
R902766,T30088036,M10419,2026-03-24,1893.0
R902767,T30083110,M10690,2026-03-24,171.0
R902768,T30093732,M10746,2026-03-24,1200.0
R902769,T30104097,M11408,2026-03-24,507.0
R902770,T30100454,M10947,2026-03-24,1467.0
R902771,T30091335,M10032,2026-03-24,4920.0
R902772,T30097649,M10808,2026-03-24,1201.0
R902773,T30082566,M11362,2026-03-24,128.0
R902774,T30102244,M11408,2026-03-24,1140.0
R902775,T30100406,M11003,2026-03-24,1108.0
R902776,T30103684,M10341,2026-03-24,6370.0
R902777,T30081884,M10947,2026-03-24,1330.0
R902778,T30117829,M10577,2026-03-25,341.0
R902779,T30089296,M10828,2026-03-25,455.0
R902780,T30086333,M10314,2026-03-25,229.0
R902781,T30107145,M11258,2026-03-25,1266.0
R902782,T30117926,M10419,2026-03-25,586.0
R902783,T30122392,M10746,2026-03-25,1270.0
R902784,T30117942,M10419,2026-03-25,668.0
R902785,T30094206,M10931,2026-03-25,198.0
R902786,T30128245,M11116,2026-03-25,2014.0
R902787,T30121941,M10042,2026-03-25,1595.0
R902788,T30095096,M10883,2026-03-25,248.0
R902789,T30094875,M11330,2026-03-25,1125.0
R902790,T30097264,M11275,2026-03-25,257.0
R902791,T30089116,M11229,2026-03-25,352.0
R902792,T30113392,M11408,2026-03-25,1082.0
R902793,T30088967,M10096,2026-03-25,1883.0
R902794,T30097911,M10211,2026-03-25,135.0
R902795,T30114738,M10314,2026-03-25,1430.0
R902796,T30109982,M10853,2026-03-25,494.0
R902797,T30112527,M10862,2026-03-25,372.0
R902798,T30098919,M10567,2026-03-25,5181.0
R902799,T30087753,M10985,2026-03-25,966.0
R902800,T30099089,M11217,2026-03-25,5088.0
R902801,T30093718,M10597,2026-03-25,4656.0
R902802,T30110590,M10701,2026-03-25,193.0
R902803,T30095074,M10419,2026-03-25,213.0
R902804,T30086803,M10419,2026-03-25,298.0
R902805,T30089543,M10273,2026-03-25,887.0
R902806,T30127364,M10032,2026-03-25,2166.0
R902807,T30115686,M11408,2026-03-25,479.0
R902808,T30101767,M10701,2026-03-25,998.0
R902809,T30093277,M11102,2026-03-25,97.0
R902810,T30126731,M10931,2026-03-25,1062.0
R902811,T30111989,M10565,2026-03-25,394.0
R902812,T30112210,M10341,2026-03-25,5926.0
R902813,T30090423,M11552,2026-03-25,5132.0
R902814,T30125771,M10107,2026-03-25,2423.0
R902815,T30103073,M10582,2026-03-25,1284.0
R902816,T30083574,M10685,2026-03-25,300.0
R902817,T30117126,M11284,2026-03-25,4290.0
R902818,T30093313,M11107,2026-03-25,796.0
R902819,T30125884,M10685,2026-03-25,544.0
R902820,T30086041,M10467,2026-03-25,562.0
R902821,T30102806,M10042,2026-03-25,10416.0
R902822,T30125642,M10314,2026-03-25,522.0
R902823,T30106005,M11408,2026-03-25,734.0
R902824,T30122611,M10419,2026-03-25,1457.0
R902825,T30111520,M10022,2026-03-25,1306.0
R902826,T30126224,M10107,2026-03-25,1200.0
R902827,T30116067,M11217,2026-03-26,2920.0
R902828,T30108201,M11598,2026-03-26,1555.0
R902829,T30095620,M11354,2026-03-26,20188.0
R902830,T30098896,M10314,2026-03-26,815.0
R902831,T30110180,M10685,2026-03-26,857.0
R902832,T30095997,M11552,2026-03-26,8122.0
R902833,T30090011,M10577,2026-03-26,1020.0
R902834,T30096183,M10211,2026-03-26,2854.0
R902835,T30088328,M10743,2026-03-26,178.0
R902836,T30118582,M10642,2026-03-26,2605.0
R902837,T30112253,M10931,2026-03-26,768.0
R902838,T30125679,M11003,2026-03-26,521.0
R902839,T30120065,M10746,2026-03-26,587.0
R902840,T30131655,M10853,2026-03-26,769.0
R902841,T30109011,M11606,2026-03-26,576.0
R902842,T30097745,M10828,2026-03-26,472.0
R902843,T30090889,M10989,2026-03-26,7796.0
R902844,T30119918,M11271,2026-03-26,446.0
R902845,T30104268,M10989,2026-03-26,11444.0
R902846,T30092485,M10577,2026-03-26,1393.0
R902847,T30110254,M10022,2026-03-26,848.0
R902848,T30113234,M11109,2026-03-26,337.0
R902849,T30130473,M10211,2026-03-26,498.0
R902850,T30114354,M10596,2026-03-26,1450.0
R902851,T30127165,M10931,2026-03-26,1543.0
R902852,T30106642,M10211,2026-03-26,746.0
R902853,T30094200,M10828,2026-03-26,577.0
R902854,T30107140,M10419,2026-03-26,1608.0
R902855,T30121939,M10211,2026-03-26,1355.0
R902856,T30101783,M11387,2026-03-26,233.0
R902857,T30085285,M10947,2026-03-26,375.0
R902858,T30121693,M10042,2026-03-26,7164.0
R902859,T30123022,M11003,2026-03-26,840.0
R902860,T30106358,M10567,2026-03-26,3273.0
R902861,T30102696,M10746,2026-03-26,785.0
R902862,T30087420,M10096,2026-03-26,258.0
R902863,T30102771,M10931,2026-03-26,744.0
R902864,T30126225,M11399,2026-03-26,1466.0
R902865,T30105177,M10577,2026-03-26,3484.0
R902866,T30113047,M11213,2026-03-26,650.0
R902867,T30126381,M11249,2026-03-26,177.0
R902868,T30105828,M10989,2026-03-26,15658.0
R902869,T30096990,M10931,2026-03-27,1681.0
R902870,T30111630,M10989,2026-03-27,3741.0
R902871,T30109513,M10701,2026-03-27,1991.0
R902872,T30112411,M10989,2026-03-27,11517.0
R902873,T30089546,M11445,2026-03-27,3132.0
R902874,T30093347,M10685,2026-03-27,4351.0
R902875,T30104117,M10931,2026-03-27,513.0
R902876,T30117701,M10567,2026-03-27,2545.0
R902877,T30093954,M11275,2026-03-27,452.0
R902878,T30093890,M10867,2026-03-27,488.0
R902879,T30096742,M10867,2026-03-27,2507.0
R902880,T30093309,M11229,2026-03-27,212.0
R902881,T30112863,M10096,2026-03-27,1126.0
R902882,T30119045,M10032,2026-03-27,303.0
R902883,T30090117,M10718,2026-03-27,163.0
R902884,T30110064,M11408,2026-03-27,210.0
R902885,T30119007,M10042,2026-03-27,5819.0
R902886,T30118382,M10746,2026-03-27,648.0
R902887,T30095440,M10273,2026-03-27,603.0
R902888,T30119702,M10701,2026-03-27,1859.0
R902889,T30119828,M10862,2026-03-27,753.0
R902890,T30109506,M10883,2026-03-27,770.0
R902891,T30086721,M10853,2026-03-27,348.0
R902892,T30126854,M10867,2026-03-27,332.0
R902893,T30123391,M10211,2026-03-27,2182.0
R902894,T30130155,M10211,2026-03-27,3716.0
R902895,T30085929,M11333,2026-03-27,1188.0
R902896,T30127194,M11109,2026-03-27,766.0
R902897,T30087433,M10042,2026-03-27,5203.0
R902898,T30099471,M10148,2026-03-27,2424.0
R902899,T30099498,M10947,2026-03-27,125.0
R902900,T30086062,M11425,2026-03-27,874.0
R902901,T30086762,M10577,2026-03-27,281.0
R902902,T30122500,M10989,2026-03-27,14967.0
R902903,T30099586,M10577,2026-03-27,2046.0
R902904,T30121832,M10032,2026-03-27,73.0
R902905,T30107085,M11574,2026-03-27,784.0
R902906,T30107069,M11275,2026-03-27,263.0
R902907,T30099633,M10042,2026-03-27,8459.0
R902908,T30127593,M11023,2026-03-27,823.0
R902909,T30127877,M11109,2026-03-27,566.0
R902910,T30120918,M11405,2026-03-27,2795.0
R902911,T30126526,M10032,2026-03-27,369.0
R902912,T30131052,M10742,2026-03-27,4356.0
R902913,T30088679,M10862,2026-03-27,803.0
R902914,T30104786,M10096,2026-03-27,2044.0
R902915,T30109143,M11275,2026-03-27,1943.0
R902916,T30120119,M10040,2026-03-27,467.0
R902917,T30125147,M10022,2026-03-27,574.0
R902918,T30104843,M10297,2026-03-27,794.0
R902919,T30087580,M10419,2026-03-27,1371.0
R902920,T30114036,M10211,2026-03-27,1366.0
R902921,T30132264,M10822,2026-03-27,614.0
R902922,T30124230,M10942,2026-03-27,207.0
R902923,T30117686,M11394,2026-03-28,1092.0
R902924,T30114691,M11116,2026-03-28,156.0
R902925,T30112473,M10022,2026-03-28,525.0
R902926,T30127480,M10808,2026-03-28,678.0
R902927,T30112514,M10821,2026-03-28,339.0
R902928,T30090940,M10746,2026-03-28,616.0
R902929,T30125894,M11587,2026-03-28,673.0
R902930,T30106099,M10419,2026-03-28,3072.0
R902931,T30092747,M10931,2026-03-28,860.0
R902932,T30135436,M10828,2026-03-28,233.0
R902933,T30103312,M10822,2026-03-28,1057.0
R902934,T30104809,M10419,2026-03-28,517.0
R902935,T30105741,M11109,2026-03-28,447.0
R902936,T30111987,M11217,2026-03-28,4422.0
R902937,T30136028,M11396,2026-03-28,596.0
R902938,T30123623,M10032,2026-03-28,91.0
R902939,T30104717,M10042,2026-03-28,6322.0
R902940,T30127985,M10341,2026-03-28,7989.0
R902941,T30097091,M11454,2026-03-28,10318.0
R902942,T30117828,M10931,2026-03-28,1377.0
R902943,T30132888,M10032,2026-03-28,206.0
R902944,T30089193,M11003,2026-03-28,1457.0
R902945,T30096904,M10032,2026-03-28,863.0
R902946,T30088660,M10096,2026-03-28,580.0
R902947,T30113361,M10853,2026-03-28,1032.0
R902948,T30109972,M11404,2026-03-28,378.0
R902949,T30108320,M10211,2026-03-28,660.0
R902950,T30089469,M11217,2026-03-28,4879.0
R902951,T30096073,M10577,2026-03-28,1328.0
R902952,T30087658,M11434,2026-03-28,944.0
R902953,T30099258,M10989,2026-03-28,3301.0
R902954,T30128000,M10273,2026-03-28,961.0
R902955,T30087545,M10042,2026-03-28,2538.0
R902956,T30089492,M10211,2026-03-28,646.0
R902957,T30095637,M11275,2026-03-28,1365.0
R902958,T30120977,M10297,2026-03-28,1656.0
R902959,T30129537,M10042,2026-03-28,7788.0
R902960,T30134703,M10701,2026-03-28,1490.0
R902961,T30113461,M10931,2026-03-28,1046.0
R902962,T30121666,M11003,2026-03-28,875.0
R902963,T30094896,M10211,2026-03-28,958.0
R902964,T30134503,M10862,2026-03-28,987.0
R902965,T30118080,M10107,2026-03-28,2416.0
R902966,T30107488,M10590,2026-03-28,779.0
R902967,T30099446,M11408,2026-03-28,2586.0
R902968,T30107823,M10989,2026-03-28,9328.0
R902969,T30121161,M10314,2026-03-28,396.0
R902970,T30121125,M11003,2026-03-28,1823.0
R902971,T30112540,M10292,2026-03-28,1032.0
R902972,T30090395,M10808,2026-03-29,935.0
R902973,T30089323,M10022,2026-03-29,614.0
R902974,T30136577,M11275,2026-03-29,1080.0
R902975,T30090253,M10828,2026-03-29,1420.0
R902976,T30116147,M10032,2026-03-29,891.0
R902977,T30104209,M10931,2026-03-29,1839.0
R902978,T30138196,M10931,2026-03-29,1752.0
R902979,T30116901,M11626,2026-03-29,1456.0
R902980,T30108150,M10828,2026-03-29,241.0
R902981,T30120509,M10853,2026-03-29,736.0
R902982,T30130540,M10437,2026-03-29,371.0
R902983,T30120624,M10931,2026-03-29,584.0
R902984,T30099554,M10577,2026-03-29,445.0
R902985,T30107423,M10931,2026-03-29,284.0
R902986,T30107390,M10156,2026-03-29,1616.0
R902987,T30130096,M10096,2026-03-29,1685.0
R902988,T30129726,M10211,2026-03-29,912.0
R902989,T30128978,M11052,2026-03-29,696.0
R902990,T30106111,M10828,2026-03-29,1646.0
R902991,T30101462,M11249,2026-03-29,321.0
R902992,T30105464,M10419,2026-03-29,283.0
R902993,T30126338,M10931,2026-03-29,1452.0
R902994,T30125908,M11109,2026-03-29,1086.0
R902995,T30103205,M10042,2026-03-29,3801.0
R902996,T30124308,M10947,2026-03-29,851.0
R902997,T30125874,M10850,2026-03-29,237.0
R902998,T30104651,M10685,2026-03-29,1001.0
R902999,T30103837,M10577,2026-03-29,1352.0
R903000,T30131203,M10931,2026-03-29,176.0
R903001,T30098239,M10922,2026-03-29,830.0
R903002,T30131208,M10292,2026-03-29,578.0
R903003,T30131639,M10989,2026-03-29,33178.0
R903004,T30117165,M10947,2026-03-29,856.0
R903005,T30135612,M10419,2026-03-29,4254.0
R903006,T30135141,M10211,2026-03-29,1658.0
R903007,T30093542,M10853,2026-03-29,211.0
R903008,T30134533,M10211,2026-03-29,235.0
R903009,T30110504,M10989,2026-03-29,4040.0
R903010,T30110479,M11275,2026-03-29,1623.0
R903011,T30095215,M11408,2026-03-29,814.0
R903012,T30133820,M10022,2026-03-29,785.0
R903013,T30134322,M11217,2026-03-29,3061.0
R903014,T30097564,M10931,2026-03-29,1088.0
R903015,T30109730,M10567,2026-03-29,3632.0
R903016,T30109436,M10382,2026-03-29,3094.0
R903017,T30133386,M10931,2026-03-29,2122.0
R903018,T30115767,M10577,2026-03-30,198.0
R903019,T30125265,M10931,2026-03-30,325.0
R903020,T30136109,M10627,2026-03-30,1369.0
R903021,T30132195,M10032,2026-03-30,1215.0
R903022,T30130576,M10211,2026-03-30,1096.0
R903023,T30133178,M10314,2026-03-30,240.0
R903024,T30120164,M10040,2026-03-30,249.0
R903025,T30127192,M11520,2026-03-30,613.0
R903026,T30116128,M10839,2026-03-30,7560.0
R903027,T30139454,M10947,2026-03-30,1197.0
R903028,T30131559,M10685,2026-03-30,804.0
R903029,T30121465,M10341,2026-03-30,1858.0
R903030,T30139404,M10754,2026-03-30,737.0
R903031,T30138771,M11441,2026-03-30,1643.0
R903032,T30131011,M10685,2026-03-30,419.0
R903033,T30110090,M11408,2026-03-30,568.0
R903034,T30107073,M11025,2026-03-30,190.0
R903035,T30097967,M11033,2026-03-30,2521.0
R903036,T30097862,M10989,2026-03-30,3090.0
R903037,T30109448,M11431,2026-03-30,1360.0
R903038,T30097812,M10931,2026-03-30,565.0
R903039,T30105577,M10567,2026-03-30,2972.0
R903040,T30105279,M10989,2026-03-30,2060.0
R903041,T30091594,M10419,2026-03-30,3175.0
R903042,T30112231,M11109,2026-03-30,1238.0
R903043,T30113919,M10211,2026-03-30,408.0
R903044,T30092602,M11109,2026-03-30,343.0
R903045,T30093082,M11552,2026-03-30,9261.0
R903046,T30093431,M11354,2026-03-30,3766.0
R903047,T30101437,M11346,2026-03-30,13587.0
R903048,T30096631,M10947,2026-03-30,90.0
R903049,T30093444,M10989,2026-03-30,3202.0
R903050,T30093850,M11118,2026-03-30,359.0
R903051,T30094448,M10022,2026-03-30,1005.0
R903052,T30111223,M10931,2026-03-30,4937.0
R903053,T30100952,M10107,2026-03-30,1688.0
R903054,T30108302,M11116,2026-03-30,1086.0
R903055,T30100771,M10947,2026-03-30,372.0
R903056,T30090521,M11434,2026-03-30,2813.0
R903057,T30105869,M10746,2026-03-30,1589.0
R903058,T30108175,M10022,2026-03-30,808.0
R903059,T30103961,M11275,2026-03-30,1197.0
R903060,T30100101,M11575,2026-03-30,617.0
R903061,T30107969,M10862,2026-03-30,695.0
R903062,T30100052,M10042,2026-03-30,3985.0
R903063,T30128056,M11399,2026-03-31,395.0
R903064,T30133359,M11552,2026-03-31,4118.0
R903065,T30099706,M11485,2026-03-31,561.0
R903066,T30096410,M10746,2026-03-31,653.0
R903067,T30107281,M10190,2026-03-31,161.0
R903068,T30104767,M10107,2026-03-31,1106.0
R903069,T30121933,M10685,2026-03-31,937.0
R903070,T30129520,M10931,2026-03-31,1272.0
R903071,T30118332,M11003,2026-03-31,120.0
R903072,T30096107,M10931,2026-03-31,733.0
R903073,T30095957,M11275,2026-03-31,1017.0
R903074,T30139185,M10931,2026-03-31,1730.0
R903075,T30117369,M10965,2026-03-31,793.0
R903076,T30102229,M10032,2026-03-31,522.0
R903077,T30139443,M11520,2026-03-31,148.0
R903078,T30107706,M11109,2026-03-31,206.0
R903079,T30133314,M11003,2026-03-31,378.0
R903080,T30122100,M10808,2026-03-31,1714.0
R903081,T30124093,M10022,2026-03-31,2013.0
R903082,T30124021,M10096,2026-03-31,536.0
R903083,T30101428,M10577,2026-03-31,444.0
R903084,T30132976,M10096,2026-03-31,593.0
R903085,T30107863,M10947,2026-03-31,737.0
R903086,T30118992,M10853,2026-03-31,816.0
R903087,T30132723,M11275,2026-03-31,896.0
R903088,T30121124,M11052,2026-03-31,1087.0
R903089,T30121075,M10577,2026-03-31,3526.0
R903090,T30119318,M10746,2026-03-31,754.0
R903091,T30107913,M10491,2026-03-31,600.0
R903092,T30130943,M10989,2026-03-31,17089.0
R903093,T30100427,M10931,2026-03-31,977.0
R903094,T30110387,M11275,2026-03-31,954.0
R903095,T30117058,M10022,2026-03-31,153.0
R903096,T30137436,M11003,2026-03-31,459.0
R903097,T30125016,M10419,2026-03-31,4176.0
R903098,T30135075,M11249,2026-03-31,811.0
R903099,T30114144,M11148,2026-03-31,288.0
R903100,T30125504,M11431,2026-03-31,543.0
R903101,T30137860,M10042,2026-03-31,5431.0
R903102,T30103034,M10947,2026-03-31,496.0
R903103,T30137017,M11107,2026-03-31,2680.0
R903104,T30138023,M11171,2026-03-31,773.0
R903105,T30135918,M10931,2026-03-31,1622.0
R903106,T30102808,M10577,2026-03-31,529.0
R903107,T30102739,M10947,2026-03-31,1132.0
R903108,T30103254,M10853,2026-03-31,1217.0
R903109,T30136190,M10042,2026-04-01,4380.0
R903110,T30123853,M10931,2026-04-01,1802.0
R903111,T30140445,M11270,2026-04-01,2001.0
R903112,T30105439,M10936,2026-04-01,933.0
R903113,T30139687,M10096,2026-04-01,272.0
R903114,T30136318,M10947,2026-04-01,504.0
R903115,T30125527,M11408,2026-04-01,591.0
R903116,T30131387,M10790,2026-04-01,605.0
R903117,T30102856,M10493,2026-04-01,3651.0
R903118,T30134249,M10577,2026-04-01,1080.0
R903119,T30115403,M10022,2026-04-01,752.0
R903120,T30127315,M10096,2026-04-01,705.0
R903121,T30121908,M11003,2026-04-01,1469.0
R903122,T30137270,M10746,2026-04-01,3540.0
R903123,T30107306,M11363,2026-04-01,272.0
R903124,T30142126,M10828,2026-04-01,218.0
R903125,T30129734,M10947,2026-04-01,382.0
R903126,T30121503,M11591,2026-04-01,4060.0
R903127,T30100545,M10931,2026-04-01,838.0
R903128,T30103217,M10931,2026-04-01,294.0
R903129,T30115141,M11109,2026-04-01,322.0
R903130,T30106122,M10032,2026-04-01,239.0
R903131,T30137960,M11408,2026-04-01,509.0
R903132,T30115312,M10022,2026-04-01,101.0
R903133,T30131026,M10211,2026-04-01,569.0
R903134,T30103412,M10022,2026-04-01,468.0
R903135,T30121166,M11249,2026-04-01,177.0
R903136,T30110203,M10706,2026-04-01,1484.0
R903137,T30100611,M10211,2026-04-01,1332.0
R903138,T30112360,M10032,2026-04-01,104.0
R903139,T30110613,M10685,2026-04-01,1238.0
R903140,T30126621,M10853,2026-04-01,538.0
R903141,T30143673,M10032,2026-04-01,264.0
R903142,T30107192,M10989,2026-04-01,8445.0
R903143,T30094157,M10577,2026-04-01,863.0
R903144,T30112650,M11118,2026-04-01,130.0
R903145,T30111329,M11616,2026-04-01,994.0
R903146,T30141840,M11616,2026-04-01,2070.0
R903147,T30104335,M10096,2026-04-01,1064.0
R903148,T30099387,M10577,2026-04-02,883.0
R903149,T30111168,M10989,2026-04-02,11943.0
R903150,T30105805,M10239,2026-04-02,859.0
R903151,T30101738,M10650,2026-04-02,3349.0
R903152,T30095443,M10022,2026-04-02,229.0
R903153,T30114882,M10867,2026-04-02,2470.0
R903154,T30099612,M11275,2026-04-02,419.0
R903155,T30124732,M10022,2026-04-02,237.0
R903156,T30122420,M10500,2026-04-02,803.0
R903157,T30142047,M10931,2026-04-02,521.0
R903158,T30126936,M10211,2026-04-02,326.0
R903159,T30098336,M11516,2026-04-02,204.0
R903160,T30133920,M10729,2026-04-02,1047.0
R903161,T30116921,M10828,2026-04-02,255.0
R903162,T30103823,M10808,2026-04-02,1451.0
R903163,T30122103,M10989,2026-04-02,1983.0
R903164,T30120600,M11033,2026-04-02,1835.0
R903165,T30117690,M11405,2026-04-02,1588.0
R903166,T30099143,M11288,2026-04-02,370.0
R903167,T30129131,M11632,2026-04-02,634.0
R903168,T30122094,M10853,2026-04-02,263.0
R903169,T30107883,M11408,2026-04-02,733.0
R903170,T30134370,M11406,2026-04-02,2413.0
R903171,T30114413,M10273,2026-04-02,257.0
R903172,T30117643,M10500,2026-04-02,1108.0
R903173,T30138061,M10032,2026-04-02,306.0
R903174,T30135440,M10042,2026-04-02,12146.0
R903175,T30111063,M10022,2026-04-02,179.0
R903176,T30102610,M10493,2026-04-02,472.0
R903177,T30114762,M10931,2026-04-02,2644.0
R903178,T30134208,M11217,2026-04-02,3985.0
R903179,T30133008,M11408,2026-04-02,366.0
R903180,T30112860,M10727,2026-04-02,1656.0
R903181,T30139721,M11275,2026-04-02,2124.0
R903182,T30097364,M10746,2026-04-02,493.0
R903183,T30119020,M10567,2026-04-02,2486.0
R903184,T30135308,M11003,2026-04-02,633.0
R903185,T30135146,M11194,2026-04-02,470.0
R903186,T30135922,M11643,2026-04-02,942.0
R903187,T30105108,M10577,2026-04-02,2923.0
R903188,T30097412,M10022,2026-04-02,394.0
R903189,T30095475,M10853,2026-04-02,1499.0
R903190,T30141794,M11431,2026-04-02,345.0
R903191,T30143960,M11161,2026-04-02,10605.0
R903192,T30142586,M11249,2026-04-02,451.0
R903193,T30141891,M11275,2026-04-02,665.0
R903194,T30105405,M10447,2026-04-02,560.0
R903195,T30118094,M10577,2026-04-02,730.0
R903196,T30102994,M10042,2026-04-02,2698.0
R903197,T30144074,M10947,2026-04-02,501.0
R903198,T30109388,M11364,2026-04-02,592.0
R903199,T30101663,M10022,2026-04-02,2400.0
R903200,T30129601,M10701,2026-04-02,1512.0
R903201,T30117552,M10273,2026-04-02,529.0
R903202,T30111070,M10931,2026-04-02,524.0
R903203,T30122026,M10706,2026-04-02,480.0
R903204,T30141243,M10211,2026-04-03,236.0
R903205,T30145397,M11351,2026-04-03,9896.0
R903206,T30141942,M10931,2026-04-03,278.0
R903207,T30123865,M10931,2026-04-03,510.0
R903208,T30101546,M11003,2026-04-03,237.0
R903209,T30127901,M10032,2026-04-03,93.0
R903210,T30104344,M10419,2026-04-03,499.0
R903211,T30123266,M11277,2026-04-03,1790.0
R903212,T30105070,M10211,2026-04-03,560.0
R903213,T30141666,M11533,2026-04-03,1783.0
R903214,T30125572,M10746,2026-04-03,365.0
R903215,T30105948,M10828,2026-04-03,900.0
R903216,T30141449,M10931,2026-04-03,916.0
R903217,T30106012,M11003,2026-04-03,219.0
R903218,T30145979,M11408,2026-04-03,1037.0
R903219,T30128870,M10100,2026-04-03,8128.0
R903220,T30125638,M11428,2026-04-03,1871.0
R903221,T30101866,M10989,2026-04-03,16946.0
R903222,T30147051,M10881,2026-04-03,1615.0
R903223,T30104882,M10517,2026-04-03,1370.0
R903224,T30098275,M11249,2026-04-03,103.0
R903225,T30097231,M11275,2026-04-03,757.0
R903226,T30131244,M10931,2026-04-03,2482.0
R903227,T30131313,M10862,2026-04-03,304.0
R903228,T30132123,M10096,2026-04-03,867.0
R903229,T30097488,M10650,2026-04-03,28698.0
R903230,T30144566,M11400,2026-04-03,843.0
R903231,T30110153,M11033,2026-04-03,462.0
R903232,T30143431,M10341,2026-04-03,5657.0
R903233,T30099714,M10828,2026-04-03,248.0
R903234,T30110508,M11146,2026-04-03,584.0
R903235,T30110675,M10042,2026-04-03,11845.0
R903236,T30110824,M11068,2026-04-03,4186.0
R903237,T30111221,M10989,2026-04-03,14827.0
R903238,T30112044,M10685,2026-04-03,201.0
R903239,T30112070,M11012,2026-04-03,790.0
R903240,T30138982,M11425,2026-04-03,639.0
R903241,T30134451,M10239,2026-04-03,752.0
R903242,T30116489,M10862,2026-04-03,732.0
R903243,T30135835,M10577,2026-04-03,603.0
R903244,T30113267,M10746,2026-04-03,4632.0
R903245,T30115290,M10211,2026-04-03,1004.0
R903246,T30114987,M10650,2026-04-03,5411.0
R903247,T30098015,M11107,2026-04-03,934.0
R903248,T30131110,M10931,2026-04-03,576.0
R903249,T30125837,M10685,2026-04-03,1168.0
R903250,T30129839,M10406,2026-04-03,314.0
R903251,T30108125,M10211,2026-04-03,756.0
R903252,T30130049,M10577,2026-04-03,553.0
R903253,T30129688,M11249,2026-04-03,137.0
R903254,T30098316,M10042,2026-04-03,5889.0
R903255,T30130273,M10931,2026-04-03,1159.0
R903256,T30099386,M10640,2026-04-03,1767.0
R903257,T30129906,M11048,2026-04-03,560.0
R903258,T30106617,M11146,2026-04-04,576.0
R903259,T30117565,M10211,2026-04-04,157.0
R903260,T30128179,M10577,2026-04-04,4556.0
R903261,T30104705,M10931,2026-04-04,943.0
R903262,T30117740,M10022,2026-04-04,2694.0
R903263,T30141938,M11408,2026-04-04,471.0
R903264,T30121175,M10808,2026-04-04,308.0
R903265,T30124527,M11632,2026-04-04,454.0
R903266,T30102085,M10931,2026-04-04,670.0
R903267,T30099736,M10042,2026-04-04,8906.0
R903268,T30134114,M11249,2026-04-04,330.0
R903269,T30144287,M10175,2026-04-04,5410.0
R903270,T30125157,M10032,2026-04-04,1014.0
R903271,T30102537,M10989,2026-04-04,9382.0
R903272,T30121332,M10989,2026-04-04,6607.0
R903273,T30116261,M10032,2026-04-04,549.0
R903274,T30136213,M10402,2026-04-04,1907.0
R903275,T30142083,M10808,2026-04-04,505.0
R903276,T30136330,M10931,2026-04-04,1123.0
R903277,T30136720,M10577,2026-04-04,402.0
R903278,T30137685,M10022,2026-04-04,1832.0
R903279,T30139092,M10022,2026-04-04,3161.0
R903280,T30118312,M10947,2026-04-04,972.0
R903281,T30129637,M10107,2026-04-04,1395.0
R903282,T30110250,M10962,2026-04-04,413.0
R903283,T30109748,M10042,2026-04-04,2901.0
R903284,T30109827,M10577,2026-04-04,533.0
R903285,T30127874,M10211,2026-04-04,1432.0
R903286,T30143013,M11197,2026-04-04,10382.0
R903287,T30147748,M10746,2026-04-04,1790.0
R903288,T30144568,M10931,2026-04-04,1746.0
R903289,T30098620,M11510,2026-04-04,766.0
R903290,T30148777,M10922,2026-04-04,1470.0
R903291,T30132306,M11434,2026-04-04,1346.0
R903292,T30144706,M10985,2026-04-04,2301.0
R903293,T30119504,M10746,2026-04-04,455.0
R903294,T30143424,M10931,2026-04-04,922.0
R903295,T30128955,M10096,2026-04-04,712.0
R903296,T30118513,M11271,2026-04-04,2067.0
R903297,T30108131,M10577,2026-04-04,288.0
R903298,T30127287,M10022,2026-04-04,320.0
R903299,T30139811,M11552,2026-04-04,2987.0
R903300,T30127255,M10419,2026-04-04,292.0
R903301,T30137482,M10931,2026-04-05,3067.0
R903302,T30131495,M11217,2026-04-05,6684.0
R903303,T30137190,M10685,2026-04-05,585.0
R903304,T30137949,M10156,2026-04-05,4849.0
R903305,T30136410,M10341,2026-04-05,9364.0
R903306,T30100428,M11275,2026-04-05,428.0
R903307,T30141218,M10211,2026-04-05,2360.0
R903308,T30136236,M10107,2026-04-05,14973.0
R903309,T30146961,M10808,2026-04-05,469.0
R903310,T30134941,M10947,2026-04-05,382.0
R903311,T30131874,M10935,2026-04-05,753.0
R903312,T30135347,M10931,2026-04-05,474.0
R903313,T30150590,M11520,2026-04-05,703.0
R903314,T30149569,M11275,2026-04-05,1553.0
R903315,T30127847,M11229,2026-04-05,314.0
R903316,T30102161,M10685,2026-04-05,262.0
R903317,T30129089,M10211,2026-04-05,1341.0
R903318,T30142017,M11477,2026-04-05,689.0
R903319,T30139994,M10067,2026-04-05,737.0
R903320,T30133656,M11217,2026-04-05,7752.0
R903321,T30139684,M10853,2026-04-05,953.0
R903322,T30141369,M10978,2026-04-05,1035.0
R903323,T30141094,M11518,2026-04-05,6181.0
R903324,T30127893,M10931,2026-04-05,833.0
R903325,T30141118,M10685,2026-04-05,791.0
R903326,T30126463,M10042,2026-04-05,3162.0
R903327,T30103735,M11249,2026-04-05,3898.0
R903328,T30113297,M11057,2026-04-05,1082.0
R903329,T30116573,M10521,2026-04-05,6034.0
R903330,T30124091,M11629,2026-04-05,6185.0
R903331,T30145893,M10931,2026-04-05,1955.0
R903332,T30122579,M10592,2026-04-05,1274.0
R903333,T30116717,M10947,2026-04-05,374.0
R903334,T30112494,M10685,2026-04-05,1694.0
R903335,T30143225,M11254,2026-04-05,347.0
R903336,T30113969,M10577,2026-04-05,1078.0
R903337,T30143001,M11271,2026-04-05,2032.0
R903338,T30106657,M10931,2026-04-05,998.0
R903339,T30108910,M10931,2026-04-05,489.0
R903340,T30110810,M10685,2026-04-05,1017.0
R903341,T30106377,M11003,2026-04-05,175.0
R903342,T30110014,M10951,2026-04-05,331.0
R903343,T30106233,M11377,2026-04-05,1850.0
R903344,T30119411,M10096,2026-04-05,846.0
R903345,T30103349,M10032,2026-04-05,1063.0
R903346,T30117196,M10685,2026-04-05,1927.0
R903347,T30104641,M11003,2026-04-05,1742.0
R903348,T30107060,M10032,2026-04-05,81.0
R903349,T30119349,M10042,2026-04-05,2102.0
R903350,T30125464,M10211,2026-04-05,1383.0
R903351,T30124941,M11109,2026-04-05,63.0
R903352,T30107829,M10931,2026-04-05,463.0
R903353,T30142141,M10808,2026-04-05,859.0
R903354,T30103847,M10314,2026-04-05,110.0
R903355,T30105291,M10989,2026-04-06,9323.0
R903356,T30148352,M10042,2026-04-06,1106.0
R903357,T30112143,M11554,2026-04-06,4116.0
R903358,T30123333,M10931,2026-04-06,717.0
R903359,T30138998,M11295,2026-04-06,354.0
R903360,T30139046,M11520,2026-04-06,268.0
R903361,T30102837,M11536,2026-04-06,637.0
R903362,T30128057,M11605,2026-04-06,503.0
R903363,T30111657,M10273,2026-04-06,299.0
R903364,T30132544,M11275,2026-04-06,471.0
R903365,T30143703,M11148,2026-04-06,742.0
R903366,T30132388,M10828,2026-04-06,325.0
R903367,T30106309,M10867,2026-04-06,1320.0
R903368,T30128442,M11003,2026-04-06,167.0
R903369,T30110071,M10096,2026-04-06,1125.0
R903370,T30119040,M10701,2026-04-06,662.0
R903371,T30125491,M10022,2026-04-06,1440.0
R903372,T30151552,M11408,2026-04-06,1113.0
R903373,T30132568,M10042,2026-04-06,2099.0
R903374,T30128637,M11408,2026-04-06,1141.0
R903375,T30104174,M10042,2026-04-06,16140.0
R903376,T30109094,M10341,2026-04-06,5787.0
R903377,T30104502,M10947,2026-04-06,1281.0
R903378,T30151458,M10022,2026-04-06,643.0
R903379,T30114164,M10746,2026-04-06,392.0
R903380,T30115413,M10419,2026-04-06,1172.0
R903381,T30142226,M10784,2026-04-06,6724.0
R903382,T30136573,M11520,2026-04-06,201.0
R903383,T30152652,M11520,2026-04-06,647.0
R903384,T30113854,M11616,2026-04-06,276.0
R903385,T30113539,M10042,2026-04-06,3949.0
R903386,T30142070,M10577,2026-04-06,2481.0
R903387,T30120359,M11349,2026-04-06,1442.0
R903388,T30125182,M10419,2026-04-06,2601.0
R903389,T30124187,M10877,2026-04-06,4285.0
R903390,T30126468,M10685,2026-04-06,537.0
R903391,T30138664,M11275,2026-04-06,1078.0
R903392,T30134366,M11003,2026-04-06,1085.0
R903393,T30125319,M10989,2026-04-06,8330.0
R903394,T30123831,M10577,2026-04-06,716.0
R903395,T30125370,M10567,2026-04-06,7229.0
R903396,T30141829,M10096,2026-04-06,1581.0
R903397,T30135004,M10729,2026-04-06,1547.0
R903398,T30150559,M10491,2026-04-06,272.0
R903399,T30151430,M10947,2026-04-06,618.0
R903400,T30108076,M10229,2026-04-07,284.0
R903401,T30121067,M10022,2026-04-07,820.0
R903402,T30141031,M10096,2026-04-07,1467.0
R903403,T30108060,M10314,2026-04-07,2036.0
R903404,T30147429,M10211,2026-04-07,305.0
R903405,T30120878,M11003,2026-04-07,835.0
R903406,T30130916,M10165,2026-04-07,6385.0
R903407,T30119668,M10685,2026-04-07,348.0
R903408,T30140558,M10931,2026-04-07,773.0
R903409,T30130375,M10042,2026-04-07,2126.0
R903410,T30120985,M11124,2026-04-07,726.0
R903411,T30116984,M10931,2026-04-07,2388.0
R903412,T30132712,M10989,2026-04-07,11363.0
R903413,T30151508,M11642,2026-04-07,2208.0
R903414,T30137681,M10643,2026-04-07,3008.0
R903415,T30151683,M10419,2026-04-07,1792.0
R903416,T30151151,M10947,2026-04-07,1800.0
R903417,T30113310,M11003,2026-04-07,237.0
R903418,T30151073,M10746,2026-04-07,843.0
R903419,T30112866,M11275,2026-04-07,730.0
R903420,T30150607,M10828,2026-04-07,858.0
R903421,T30135211,M11629,2026-04-07,6574.0
R903422,T30112614,M10273,2026-04-07,394.0
R903423,T30150551,M11003,2026-04-07,668.0
R903424,T30112378,M11520,2026-04-07,710.0
R903425,T30116920,M11602,2026-04-07,347.0
R903426,T30117029,M10746,2026-04-07,982.0
R903427,T30133946,M11275,2026-04-07,303.0
R903428,T30150065,M10889,2026-04-07,548.0
R903429,T30139288,M10931,2026-04-07,1671.0
R903430,T30133577,M11408,2026-04-07,288.0
R903431,T30110509,M11520,2026-04-07,1549.0
R903432,T30110214,M10746,2026-04-07,774.0
R903433,T30133147,M11003,2026-04-07,1696.0
R903434,T30132528,M11275,2026-04-07,404.0
R903435,T30129951,M10211,2026-04-07,910.0
R903436,T30119303,M11405,2026-04-07,1608.0
R903437,T30142893,M11632,2026-04-07,2496.0
R903438,T30126377,M10470,2026-04-07,1120.0
R903439,T30126870,M10577,2026-04-07,2024.0
R903440,T30141125,M10577,2026-04-07,1298.0
R903441,T30105903,M10931,2026-04-07,454.0
R903442,T30129186,M11003,2026-04-07,1934.0
R903443,T30122650,M11457,2026-04-07,2011.0
R903444,T30129921,M10746,2026-04-07,1114.0
R903445,T30126366,M10790,2026-04-07,1887.0
R903446,T30146632,M10947,2026-04-07,1050.0
R903447,T30129096,M11098,2026-04-07,344.0
R903448,T30146203,M11520,2026-04-07,389.0
R903449,T30121369,M10565,2026-04-07,429.0
R903450,T30122740,M10746,2026-04-07,683.0
R903451,T30142015,M10211,2026-04-08,233.0
R903452,T30116029,M10577,2026-04-08,573.0
R903453,T30132457,M10989,2026-04-08,14595.0
R903454,T30150771,M11542,2026-04-08,955.0
R903455,T30113036,M11093,2026-04-08,5656.0
R903456,T30151015,M11349,2026-04-08,536.0
R903457,T30154313,M10650,2026-04-08,4620.0
R903458,T30118907,M10834,2026-04-08,978.0
R903459,T30143738,M10701,2026-04-08,231.0
R903460,T30143320,M11217,2026-04-08,4028.0
R903461,T30124433,M10931,2026-04-08,1315.0
R903462,T30128589,M10808,2026-04-08,413.0
R903463,T30124298,M10790,2026-04-08,2688.0
R903464,T30116761,M10067,2026-04-08,627.0
R903465,T30127706,M11217,2026-04-08,3489.0
R903466,T30146530,M10834,2026-04-08,3486.0
R903467,T30105296,M10947,2026-04-08,2384.0
R903468,T30139017,M10853,2026-04-08,633.0
R903469,T30127950,M11275,2026-04-08,752.0
R903470,T30155470,M10701,2026-04-08,1371.0
R903471,T30122815,M10577,2026-04-08,929.0
R903472,T30145898,M10419,2026-04-08,256.0
R903473,T30124242,M11408,2026-04-08,1642.0
R903474,T30133538,M11382,2026-04-08,769.0
R903475,T30146222,M11531,2026-04-08,7960.0
R903476,T30133366,M11428,2026-04-08,1035.0
R903477,T30138582,M10414,2026-04-08,1025.0
R903478,T30154736,M10022,2026-04-08,1882.0
R903479,T30118825,M11092,2026-04-08,1743.0
R903480,T30118383,M10156,2026-04-08,3730.0
R903481,T30156101,M11434,2026-04-08,1470.0
R903482,T30109249,M10314,2026-04-08,553.0
R903483,T30107814,M11275,2026-04-08,2213.0
R903484,T30121160,M11538,2026-04-08,1365.0
R903485,T30130145,M10746,2026-04-08,530.0
R903486,T30107386,M11003,2026-04-08,242.0
R903487,T30137255,M10989,2026-04-08,3022.0
R903488,T30107356,M10042,2026-04-08,3374.0
R903489,T30120829,M11527,2026-04-08,608.0
R903490,T30120527,M10862,2026-04-08,1703.0
R903491,T30140884,M10032,2026-04-08,735.0
R903492,T30130738,M11275,2026-04-08,4436.0
R903493,T30144647,M10419,2026-04-08,1207.0
R903494,T30120168,M11616,2026-04-08,268.0
R903495,T30115063,M10341,2026-04-08,1139.0
R903496,T30145107,M11363,2026-04-08,6899.0
R903497,T30152286,M10096,2026-04-08,622.0
R903498,T30116561,M11404,2026-04-09,755.0
R903499,T30157000,M10828,2026-04-09,1653.0
R903500,T30156600,M10746,2026-04-09,1094.0
R903501,T30140844,M10022,2026-04-09,324.0
R903502,T30114325,M11275,2026-04-09,360.0
R903503,T30126167,M11109,2026-04-09,591.0
R903504,T30136301,M10989,2026-04-09,5788.0
R903505,T30151080,M10419,2026-04-09,295.0
R903506,T30107271,M11400,2026-04-09,1703.0
R903507,T30149632,M10842,2026-04-09,3224.0
R903508,T30112624,M10032,2026-04-09,803.0
R903509,T30123850,M11364,2026-04-09,591.0
R903510,T30138735,M10989,2026-04-09,397.0
R903511,T30130328,M10022,2026-04-09,1563.0
R903512,T30142673,M11552,2026-04-09,1764.0
R903513,T30112170,M10729,2026-04-09,2223.0
R903514,T30128408,M10211,2026-04-09,502.0
R903515,T30143038,M10022,2026-04-09,650.0
R903516,T30122085,M11528,2026-04-09,3625.0
R903517,T30128563,M10419,2026-04-09,1104.0
R903518,T30156588,M10889,2026-04-09,1530.0
R903519,T30153230,M11616,2026-04-09,180.0
R903520,T30139732,M11408,2026-04-09,890.0
R903521,T30125300,M10363,2026-04-09,102.0
R903522,T30149307,M11342,2026-04-09,1644.0
R903523,T30158538,M10294,2026-04-09,384.0
R903524,T30154363,M10577,2026-04-09,742.0
R903525,T30135121,M11160,2026-04-09,743.0
R903526,T30120255,M10808,2026-04-09,375.0
R903527,T30135695,M11109,2026-04-09,336.0
R903528,T30123633,M10434,2026-04-09,3676.0
R903529,T30120383,M10597,2026-04-09,6995.0
R903530,T30114949,M10757,2026-04-09,1638.0
R903531,T30136731,M10931,2026-04-10,748.0
R903532,T30155815,M10931,2026-04-10,295.0
R903533,T30142119,M11275,2026-04-10,314.0
R903534,T30116724,M11520,2026-04-10,135.0
R903535,T30153553,M10067,2026-04-10,530.0
R903536,T30155897,M10613,2026-04-10,312.0
R903537,T30138019,M10273,2026-04-10,193.0
R903538,T30137995,M10419,2026-04-10,555.0
R903539,T30126175,M10862,2026-04-10,268.0
R903540,T30116055,M10931,2026-04-10,141.0
R903541,T30116664,M10344,2026-04-10,2901.0
R903542,T30127584,M10746,2026-04-10,870.0
R903543,T30116062,M10419,2026-04-10,374.0
R903544,T30113265,M11313,2026-04-10,1225.0
R903545,T30114484,M10650,2026-04-10,14715.0
R903546,T30116165,M10577,2026-04-10,1017.0
R903547,T30137093,M10022,2026-04-10,1202.0
R903548,T30154496,M10931,2026-04-10,2835.0
R903549,T30116709,M11379,2026-04-10,921.0
R903550,T30135457,M11656,2026-04-10,1850.0
R903551,T30112755,M10592,2026-04-10,961.0
R903552,T30137101,M10931,2026-04-10,1303.0
R903553,T30153841,M11275,2026-04-10,2741.0
R903554,T30142249,M11003,2026-04-10,372.0
R903555,T30142444,M11003,2026-04-10,1682.0
R903556,T30124009,M11251,2026-04-10,564.0
R903557,T30152873,M10126,2026-04-10,1158.0
R903558,T30126790,M11152,2026-04-10,426.0
R903559,T30142995,M10419,2026-04-10,1387.0
R903560,T30123256,M10808,2026-04-10,1743.0
R903561,T30109829,M11003,2026-04-10,2000.0
R903562,T30133330,M11275,2026-04-10,1242.0
R903563,T30118371,M10828,2026-04-10,628.0
R903564,T30120094,M10022,2026-04-10,1941.0
R903565,T30119501,M10567,2026-04-10,8992.0
R903566,T30148913,M11349,2026-04-10,836.0
R903567,T30141385,M10211,2026-04-10,373.0
R903568,T30111330,M10947,2026-04-10,410.0
R903569,T30128807,M10577,2026-04-10,496.0
R903570,T30143394,M10265,2026-04-10,163.0
R903571,T30122822,M10211,2026-04-10,689.0
R903572,T30143501,M11552,2026-04-10,6318.0
R903573,T30132314,M10853,2026-04-10,567.0
R903574,T30117443,M10032,2026-04-10,338.0
R903575,T30121835,M11228,2026-04-10,156.0
R903576,T30150214,M11114,2026-04-10,28780.0
R903577,T30159547,M10032,2026-04-10,653.0
R903578,T30130277,M10559,2026-04-10,2388.0
R903579,T30123542,M10577,2026-04-10,1511.0
R903580,T30156254,M11457,2026-04-10,3506.0
R903581,T30150390,M10341,2026-04-10,9413.0
R903582,T30128537,M10411,2026-04-10,5059.0
R903583,T30159271,M10685,2026-04-10,885.0
R903584,T30144983,M10577,2026-04-10,1579.0
R903585,T30123244,M10989,2026-04-10,12512.0
R903586,T30160143,M11003,2026-04-10,314.0
R903587,T30115574,M10828,2026-04-11,301.0
R903588,T30124390,M11606,2026-04-11,3848.0
R903589,T30119791,M10685,2026-04-11,2593.0
R903590,T30148764,M11275,2026-04-11,790.0
R903591,T30143591,M10989,2026-04-11,2338.0
R903592,T30126543,M11217,2026-04-11,3166.0
R903593,T30131350,M11642,2026-04-11,937.0
R903594,T30136208,M10808,2026-04-11,1040.0
R903595,T30148349,M10577,2026-04-11,749.0
R903596,T30148242,M11354,2026-04-11,2006.0
R903597,T30152001,M10493,2026-04-11,10339.0
R903598,T30122078,M11425,2026-04-11,3511.0
R903599,T30145005,M10931,2026-04-11,990.0
R903600,T30114938,M11407,2026-04-11,737.0
R903601,T30125426,M10989,2026-04-11,3427.0
R903602,T30160953,M11349,2026-04-11,385.0
R903603,T30130240,M10211,2026-04-11,656.0
R903604,T30143696,M10790,2026-04-11,718.0
R903605,T30122122,M10096,2026-04-11,1792.0
R903606,T30131227,M10734,2026-04-11,12609.0
R903607,T30161547,M10022,2026-04-11,1425.0
R903608,T30145482,M11003,2026-04-11,1194.0
R903609,T30134598,M10729,2026-04-11,544.0
R903610,T30150479,M11217,2026-04-11,4977.0
R903611,T30112128,M10577,2026-04-11,712.0
R903612,T30145522,M10314,2026-04-11,818.0
R903613,T30111913,M10965,2026-04-11,1365.0
R903614,T30157554,M10989,2026-04-11,942.0
R903615,T30135191,M10032,2026-04-11,1967.0
R903616,T30111229,M10493,2026-04-11,18030.0
R903617,T30111074,M11107,2026-04-11,470.0
R903618,T30128215,M11109,2026-04-11,151.0
R903619,T30150734,M11119,2026-04-11,454.0
R903620,T30139548,M10491,2026-04-11,1696.0
R903621,T30144345,M11408,2026-04-11,150.0
R903622,T30133355,M10808,2026-04-11,778.0
R903623,T30144553,M11616,2026-04-11,697.0
R903624,T30145930,M10867,2026-04-11,1354.0
R903625,T30113079,M10947,2026-04-11,628.0
R903626,T30132865,M10985,2026-04-11,115.0
R903627,T30141468,M11408,2026-04-11,773.0
R903628,T30132927,M10096,2026-04-11,1140.0
R903629,T30139698,M10493,2026-04-11,5059.0
R903630,T30158658,M10704,2026-04-11,1889.0
R903631,T30114594,M11109,2026-04-11,146.0
R903632,T30138271,M11408,2026-04-11,384.0
R903633,T30141268,M11321,2026-04-12,792.0
R903634,T30144095,M10297,2026-04-12,682.0
R903635,T30141398,M10685,2026-04-12,834.0
R903636,T30146375,M10022,2026-04-12,3136.0
R903637,T30137462,M10931,2026-04-12,431.0
R903638,T30150216,M10577,2026-04-12,191.0
R903639,T30137576,M10107,2026-04-12,493.0
R903640,T30145989,M10567,2026-04-12,2320.0
R903641,T30146247,M11012,2026-04-12,475.0
R903642,T30144189,M10823,2026-04-12,457.0
R903643,T30140765,M10419,2026-04-12,476.0
R903644,T30142207,M10211,2026-04-12,456.0
R903645,T30145249,M11217,2026-04-12,1534.0
R903646,T30149121,M10746,2026-04-12,1245.0
R903647,T30141567,M10931,2026-04-12,2103.0
R903648,T30147035,M10685,2026-04-12,163.0
R903649,T30143238,M10947,2026-04-12,1510.0
R903650,T30149868,M11109,2026-04-12,622.0
R903651,T30113921,M11330,2026-04-12,761.0
R903652,T30157766,M11124,2026-04-12,1368.0
R903653,T30155903,M10493,2026-04-12,802.0
R903654,T30134433,M11444,2026-04-12,340.0
R903655,T30156927,M10746,2026-04-12,374.0
R903656,T30133974,M10584,2026-04-12,6638.0
R903657,T30157034,M11642,2026-04-12,1658.0
R903658,T30157888,M11003,2026-04-12,1201.0
R903659,T30122330,M11229,2026-04-12,331.0
R903660,T30122608,M10577,2026-04-12,1043.0
R903661,T30123775,M10022,2026-04-12,684.0
R903662,T30132974,M10931,2026-04-12,816.0
R903663,T30124074,M11098,2026-04-12,1377.0
R903664,T30132469,M10931,2026-04-12,768.0
R903665,T30124571,M10211,2026-04-12,620.0
R903666,T30124604,M11275,2026-04-12,1064.0
R903667,T30155477,M10042,2026-04-12,2672.0
R903668,T30124632,M10931,2026-04-12,299.0
R903669,T30126540,M10419,2026-04-12,1259.0
R903670,T30126546,M10688,2026-04-12,14579.0
R903671,T30126884,M10463,2026-04-12,2645.0
R903672,T30130934,M10042,2026-04-12,6964.0
R903673,T30160630,M10540,2026-04-12,1420.0
R903674,T30164105,M10989,2026-04-12,9128.0
R903675,T30160687,M10577,2026-04-12,267.0
R903676,T30127180,M10685,2026-04-12,1219.0
R903677,T30162786,M10211,2026-04-12,670.0
R903678,T30162615,M10685,2026-04-12,332.0
R903679,T30129357,M11275,2026-04-12,1102.0
R903680,T30127668,M10947,2026-04-12,856.0
R903681,T30161233,M11552,2026-04-12,2642.0
R903682,T30162198,M10729,2026-04-12,2004.0
R903683,T30131630,M10102,2026-04-12,2155.0
R903684,T30135332,M10746,2026-04-12,398.0
R903685,T30162180,M10126,2026-04-12,313.0
R903686,T30135660,M10931,2026-04-12,483.0
R903687,T30119322,M11035,2026-04-12,421.0
R903688,T30153493,M10931,2026-04-12,571.0
R903689,T30114488,M10931,2026-04-12,290.0
R903690,T30152876,M10102,2026-04-12,409.0
R903691,T30118787,M11217,2026-04-12,5194.0
R903692,T30118212,M11385,2026-04-12,1003.0
R903693,T30118829,M11520,2026-04-12,280.0
R903694,T30114124,M10715,2026-04-12,2083.0
R903695,T30119324,M10627,2026-04-12,4734.0
R903696,T30114094,M10032,2026-04-12,913.0
R903697,T30113527,M10022,2026-04-12,719.0
R903698,T30118644,M10989,2026-04-12,10208.0
R903699,T30155393,M10126,2026-04-12,793.0
R903700,T30154109,M10032,2026-04-12,869.0
R903701,T30116429,M10931,2026-04-12,737.0
R903702,T30148494,M10931,2026-04-13,2418.0
R903703,T30124398,M11618,2026-04-13,893.0
R903704,T30165786,M10685,2026-04-13,197.0
R903705,T30140434,M10107,2026-04-13,864.0
R903706,T30132015,M10314,2026-04-13,288.0
R903707,T30153795,M11410,2026-04-13,1928.0
R903708,T30124771,M10931,2026-04-13,862.0
R903709,T30165134,M10042,2026-04-13,5645.0
R903710,T30116652,M10685,2026-04-13,955.0
R903711,T30148137,M11217,2026-04-13,3661.0
R903712,T30160574,M10419,2026-04-13,608.0
R903713,T30137076,M10746,2026-04-13,355.0
R903714,T30114585,M10889,2026-04-13,1107.0
R903715,T30129407,M10685,2026-04-13,886.0
R903716,T30162435,M10746,2026-04-13,515.0
R903717,T30129033,M11249,2026-04-13,438.0
R903718,T30161109,M11249,2026-04-13,396.0
R903719,T30127948,M11003,2026-04-13,637.0
R903720,T30162042,M11644,2026-04-13,434.0
R903721,T30162169,M10947,2026-04-13,2110.0
R903722,T30153158,M10947,2026-04-13,1281.0
R903723,T30139970,M10419,2026-04-13,602.0
R903724,T30143930,M11106,2026-04-13,435.0
R903725,T30150929,M10803,2026-04-13,1849.0
R903726,T30139113,M10341,2026-04-13,7738.0
R903727,T30134134,M10875,2026-04-13,785.0
R903728,T30156715,M10931,2026-04-13,1792.0
R903729,T30166199,M11531,2026-04-13,10599.0
R903730,T30149788,M10211,2026-04-13,3951.0
R903731,T30139334,M11249,2026-04-13,203.0
R903732,T30154987,M10577,2026-04-13,144.0
R903733,T30146805,M10577,2026-04-13,766.0
R903734,T30150831,M10314,2026-04-13,1211.0
R903735,T30122033,M10022,2026-04-13,1063.0
R903736,T30133904,M11109,2026-04-13,398.0
R903737,T30133324,M10947,2026-04-13,1909.0
R903738,T30142879,M10211,2026-04-13,1397.0
R903739,T30149387,M11229,2026-04-13,924.0
R903740,T30150688,M11408,2026-04-13,503.0
R903741,T30136136,M11003,2026-04-13,3910.0
R903742,T30124052,M11043,2026-04-13,1736.0
R903743,T30136189,M10419,2026-04-13,377.0
R903744,T30119281,M10823,2026-04-13,351.0
R903745,T30120440,M11596,2026-04-14,208.0
R903746,T30128161,M11217,2026-04-14,3756.0
R903747,T30168003,M10685,2026-04-14,799.0
R903748,T30120463,M10567,2026-04-14,30149.0
R903749,T30144835,M10746,2026-04-14,329.0
R903750,T30167901,M11431,2026-04-14,573.0
R903751,T30143010,M10931,2026-04-14,603.0
R903752,T30124382,M10729,2026-04-14,1006.0
R903753,T30164597,M10426,2026-04-14,947.0
R903754,T30121187,M10808,2026-04-14,355.0
R903755,T30167556,M11012,2026-04-14,553.0
R903756,T30144272,M10746,2026-04-14,2774.0
R903757,T30127118,M10853,2026-04-14,387.0
R903758,T30116802,M11275,2026-04-14,803.0
R903759,T30164740,M10808,2026-04-14,2548.0
R903760,T30121645,M10989,2026-04-14,2027.0
R903761,T30121891,M10567,2026-04-14,6595.0
R903762,T30165081,M10211,2026-04-14,149.0
R903763,T30143408,M10931,2026-04-14,1080.0
R903764,T30118805,M10273,2026-04-14,510.0
R903765,T30166330,M11482,2026-04-14,777.0
R903766,T30127360,M11023,2026-04-14,1611.0
R903767,T30168043,M11403,2026-04-14,1688.0
R903768,T30151610,M11198,2026-04-14,448.0
R903769,T30158248,M11574,2026-04-14,307.0
R903770,T30159523,M10931,2026-04-14,699.0
R903771,T30149280,M10746,2026-04-14,428.0
R903772,T30158890,M11616,2026-04-14,3264.0
R903773,T30133115,M10931,2026-04-14,463.0
R903774,T30149470,M11482,2026-04-14,509.0
R903775,T30157618,M10853,2026-04-14,619.0
R903776,T30133751,M10211,2026-04-14,2590.0
R903777,T30149909,M10978,2026-04-14,296.0
R903778,T30133985,M11003,2026-04-14,720.0
R903779,T30156633,M10931,2026-04-14,1362.0
R903780,T30134998,M11439,2026-04-14,5328.0
R903781,T30155567,M10746,2026-04-14,1084.0
R903782,T30138180,M11616,2026-04-14,1838.0
R903783,T30151287,M10862,2026-04-14,324.0
R903784,T30136339,M10419,2026-04-14,1368.0
R903785,T30136881,M11520,2026-04-14,221.0
R903786,T30136974,M10746,2026-04-14,840.0
R903787,T30137734,M10096,2026-04-14,968.0
R903788,T30137590,M10828,2026-04-14,289.0
R903789,T30137250,M11408,2026-04-14,710.0
R903790,T30151656,M10273,2026-04-14,1237.0
R903791,T30159660,M10931,2026-04-14,865.0
R903792,T30148985,M10685,2026-04-14,244.0
R903793,T30147317,M10853,2026-04-14,1271.0
R903794,T30131153,M10032,2026-04-14,1168.0
R903795,T30148712,M10382,2026-04-14,5464.0
R903796,T30128788,M10175,2026-04-14,22891.0
R903797,T30128911,M10989,2026-04-14,5534.0
R903798,T30160297,M11275,2026-04-14,111.0
R903799,T30141359,M10989,2026-04-14,18232.0
R903800,T30147546,M11626,2026-04-14,1153.0
R903801,T30159735,M10211,2026-04-14,2690.0
R903802,T30160468,M10567,2026-04-14,3022.0
R903803,T30147307,M10685,2026-04-14,1276.0
R903804,T30161002,M11408,2026-04-14,1531.0
R903805,T30160959,M10931,2026-04-14,510.0
R903806,T30130468,M10931,2026-04-14,845.0
R903807,T30154199,M11482,2026-04-15,1425.0
R903808,T30154460,M10540,2026-04-15,1509.0
R903809,T30159898,M10746,2026-04-15,630.0
R903810,T30154837,M10989,2026-04-15,7299.0
R903811,T30150785,M10746,2026-04-15,1548.0
R903812,T30169417,M10493,2026-04-15,4911.0
R903813,T30170151,M10853,2026-04-15,878.0
R903814,T30160724,M10746,2026-04-15,400.0
R903815,T30152808,M10931,2026-04-15,1194.0
R903816,T30152594,M11109,2026-04-15,403.0
R903817,T30160932,M10931,2026-04-15,836.0
R903818,T30151483,M10211,2026-04-15,847.0
R903819,T30151963,M11467,2026-04-15,4105.0
R903820,T30151665,M10341,2026-04-15,8348.0
R903821,T30151546,M10577,2026-04-15,2390.0
R903822,T30168538,M11198,2026-04-15,1046.0
R903823,T30155990,M10685,2026-04-15,5755.0
R903824,T30147624,M11003,2026-04-15,927.0
R903825,T30160206,M11249,2026-04-15,190.0
R903826,T30158924,M10577,2026-04-15,456.0
R903827,T30145832,M10931,2026-04-15,3303.0
R903828,T30166287,M11487,2026-04-15,378.0
R903829,T30158648,M10989,2026-04-15,5747.0
R903830,T30166408,M10211,2026-04-15,565.0
R903831,T30145448,M11406,2026-04-15,7512.0
R903832,T30145402,M10577,2026-04-15,2258.0
R903833,T30167170,M10042,2026-04-15,12389.0
R903834,T30146881,M11217,2026-04-15,3960.0
R903835,T30145240,M10862,2026-04-15,401.0
R903836,T30164985,M10314,2026-04-15,440.0
R903837,T30158028,M10746,2026-04-15,1650.0
R903838,T30157967,M10823,2026-04-15,420.0
R903839,T30164865,M10853,2026-04-15,937.0
R903840,T30157486,M10947,2026-04-15,692.0
R903841,T30160530,M10419,2026-04-15,1885.0
R903842,T30147913,M11619,2026-04-15,366.0
R903843,T30156642,M11217,2026-04-15,2674.0
R903844,T30155199,M10701,2026-04-15,1051.0
R903845,T30161835,M10606,2026-04-15,2422.0
R903846,T30128505,M11616,2026-04-15,422.0
R903847,T30138556,M10947,2026-04-15,180.0
R903848,T30135050,M11275,2026-04-15,2620.0
R903849,T30119460,M11616,2026-04-15,621.0
R903850,T30138335,M10032,2026-04-15,488.0
R903851,T30135027,M10096,2026-04-15,731.0
R903852,T30134824,M10126,2026-04-15,149.0
R903853,T30140925,M11411,2026-04-15,24909.0
R903854,T30131225,M11003,2026-04-15,676.0
R903855,T30120112,M11217,2026-04-15,718.0
R903856,T30133353,M10853,2026-04-15,2056.0
R903857,T30138634,M10627,2026-04-15,2989.0
R903858,T30118519,M10022,2026-04-15,421.0
R903859,T30131597,M11003,2026-04-15,1062.0
R903860,T30126114,M11382,2026-04-15,1642.0
R903861,T30123640,M10022,2026-04-15,819.0
R903862,T30125732,M10701,2026-04-15,410.0
R903863,T30126149,M11532,2026-04-15,434.0
R903864,T30122877,M11434,2026-04-15,4023.0
R903865,T30136831,M10931,2026-04-15,298.0
R903866,T30141780,M10211,2026-04-15,1128.0
R903867,T30120434,M10032,2026-04-15,276.0
R903868,T30120474,M10931,2026-04-15,615.0
R903869,T30128936,M10032,2026-04-16,237.0
R903870,T30138567,M11229,2026-04-16,86.0
R903871,T30133629,M10746,2026-04-16,502.0
R903872,T30168937,M11217,2026-04-16,12228.0
R903873,T30166075,M11520,2026-04-16,99.0
R903874,T30121223,M10650,2026-04-16,1111.0
R903875,T30140837,M10931,2026-04-16,912.0
R903876,T30166486,M11217,2026-04-16,352.0
R903877,T30157874,M10419,2026-04-16,2354.0
R903878,T30133561,M11532,2026-04-16,260.0
R903879,T30167854,M11422,2026-04-16,8966.0
R903880,T30146050,M11003,2026-04-16,742.0
R903881,T30167961,M10577,2026-04-16,929.0
R903882,T30155652,M11408,2026-04-16,1118.0
R903883,T30127171,M10758,2026-04-16,655.0
R903884,T30146321,M10931,2026-04-16,5365.0
R903885,T30120156,M10126,2026-04-16,591.0
R903886,T30131325,M10212,2026-04-16,1259.0
R903887,T30155867,M10989,2026-04-16,9545.0
R903888,T30150581,M11107,2026-04-16,1104.0
R903889,T30145076,M11229,2026-04-16,1086.0
R903890,T30132434,M10419,2026-04-16,617.0
R903891,T30137823,M10491,2026-04-16,369.0
R903892,T30155004,M10746,2026-04-16,662.0
R903893,T30138187,M10931,2026-04-16,568.0
R903894,T30142681,M10126,2026-04-16,2406.0
R903895,T30135374,M10577,2026-04-16,1077.0
R903896,T30143679,M10989,2026-04-16,17615.0
R903897,T30154610,M10597,2026-04-16,6534.0
R903898,T30171586,M11431,2026-04-16,374.0
R903899,T30170482,M10419,2026-04-16,2015.0
R903900,T30142915,M10746,2026-04-16,944.0
R903901,T30151416,M10592,2026-04-16,807.0
R903902,T30156897,M10746,2026-04-16,4383.0
R903903,T30163499,M10685,2026-04-16,317.0
R903904,T30151032,M10603,2026-04-16,472.0
R903905,T30151351,M10577,2026-04-16,802.0
R903906,T30134244,M10096,2026-04-16,317.0
R903907,T30154590,M10341,2026-04-16,9270.0
R903908,T30169501,M11275,2026-04-16,857.0
R903909,T30131703,M10772,2026-04-16,3133.0
R903910,T30151490,M11360,2026-04-16,1162.0
R903911,T30147922,M10931,2026-04-16,1320.0
R903912,T30126964,M10042,2026-04-17,2173.0
R903913,T30164725,M11003,2026-04-17,689.0
R903914,T30162883,M10175,2026-04-17,3590.0
R903915,T30136426,M10746,2026-04-17,331.0
R903916,T30140788,M11330,2026-04-17,690.0
R903917,T30128421,M11148,2026-04-17,2175.0
R903918,T30157028,M11249,2026-04-17,649.0
R903919,T30148202,M11201,2026-04-17,2597.0
R903920,T30149304,M10567,2026-04-17,4928.0
R903921,T30148114,M10022,2026-04-17,2003.0
R903922,T30147513,M11021,2026-04-17,522.0
R903923,T30165366,M10419,2026-04-17,445.0
R903924,T30127420,M10239,2026-04-17,1491.0
R903925,T30140859,M10096,2026-04-17,524.0
R903926,T30155996,M11583,2026-04-17,2025.0
R903927,T30162325,M10922,2026-04-17,530.0
R903928,T30148396,M10022,2026-04-17,3645.0
R903929,T30150085,M11616,2026-04-17,1292.0
R903930,T30126923,M10853,2026-04-17,1003.0
R903931,T30134397,M10577,2026-04-17,502.0
R903932,T30170194,M11647,2026-04-17,3062.0
R903933,T30144857,M10032,2026-04-17,416.0
R903934,T30142951,M10060,2026-04-17,219.0
R903935,T30170063,M11109,2026-04-17,197.0
R903936,T30158709,M10746,2026-04-17,2249.0
R903937,T30173921,M10862,2026-04-17,959.0
R903938,T30166672,M10022,2026-04-17,875.0
R903939,T30138270,M11217,2026-04-17,12983.0
R903940,T30132930,M11070,2026-04-17,206.0
R903941,T30158932,M10790,2026-04-17,735.0
R903942,T30158844,M10853,2026-04-17,4226.0
R903943,T30136251,M10022,2026-04-17,574.0
R903944,T30155484,M10577,2026-04-17,3037.0
R903945,T30145646,M10107,2026-04-17,1348.0
R903946,T30168603,M11229,2026-04-17,696.0
R903947,T30133774,M10679,2026-04-17,1490.0
R903948,T30135892,M10853,2026-04-17,1321.0
R903949,T30141833,M11275,2026-04-17,1513.0
R903950,T30168025,M10096,2026-04-17,692.0
R903951,T30145726,M11405,2026-04-17,731.0
R903952,T30168263,M11167,2026-04-17,1323.0
R903953,T30131247,M10211,2026-04-17,1477.0
R903954,T30142325,M10042,2026-04-17,1244.0
R903955,T30142327,M10107,2026-04-17,290.0
R903956,T30172807,M10853,2026-04-17,1673.0
R903957,T30150627,M11251,2026-04-17,1209.0
R903958,T30143420,M11012,2026-04-17,228.0
R903959,T30151164,M10096,2026-04-18,1117.0
R903960,T30152632,M11312,2026-04-18,8302.0
R903961,T30151382,M10107,2026-04-18,657.0
R903962,T30127236,M11268,2026-04-18,1874.0
R903963,T30150121,M10211,2026-04-18,414.0
R903964,T30149299,M10211,2026-04-18,1231.0
R903965,T30137722,M11408,2026-04-18,764.0
R903966,T30150760,M10577,2026-04-18,786.0
R903967,T30127506,M10828,2026-04-18,528.0
R903968,T30149609,M10032,2026-04-18,501.0
R903969,T30128193,M11213,2026-04-18,632.0
R903970,T30130074,M11109,2026-04-18,494.0
R903971,T30129132,M11275,2026-04-18,1487.0
R903972,T30151154,M10577,2026-04-18,1654.0
R903973,T30134111,M11033,2026-04-18,591.0
R903974,T30158783,M10734,2026-04-18,7560.0
R903975,T30140463,M11575,2026-04-18,739.0
R903976,T30141389,M10032,2026-04-18,249.0
R903977,T30167534,M10042,2026-04-18,5297.0
R903978,T30141501,M11003,2026-04-18,545.0
R903979,T30148813,M10872,2026-04-18,4375.0
R903980,T30141928,M10577,2026-04-18,466.0
R903981,T30175830,M10314,2026-04-18,531.0
R903982,T30142731,M11003,2026-04-18,1128.0
R903983,T30123230,M10107,2026-04-18,805.0
R903984,T30145362,M10433,2026-04-18,1819.0
R903985,T30145027,M11249,2026-04-18,1873.0
R903986,T30143321,M10577,2026-04-18,1124.0
R903987,T30173383,M10808,2026-04-18,1051.0
R903988,T30172989,M11413,2026-04-18,597.0
R903989,T30172961,M10685,2026-04-18,725.0
R903990,T30172919,M10729,2026-04-18,866.0
R903991,T30144079,M10174,2026-04-18,2126.0
R903992,T30174076,M10746,2026-04-18,792.0
R903993,T30123972,M10746,2026-04-18,1096.0
R903994,T30167657,M11644,2026-04-18,2623.0
R903995,T30156538,M10032,2026-04-18,120.0
R903996,T30164510,M10022,2026-04-18,235.0
R903997,T30165991,M11593,2026-04-18,927.0
R903998,T30140600,M11109,2026-04-18,622.0
R903999,T30164800,M10679,2026-04-18,1420.0
R904000,T30142268,M10862,2026-04-19,237.0
R904001,T30168546,M10947,2026-04-19,370.0
R904002,T30138584,M10685,2026-04-19,954.0
R904003,T30168552,M10663,2026-04-19,7167.0
R904004,T30175551,M10577,2026-04-19,1020.0
R904005,T30168976,M10931,2026-04-19,950.0
R904006,T30175390,M11408,2026-04-19,4091.0
R904007,T30125401,M10419,2026-04-19,707.0
R904008,T30174396,M10931,2026-04-19,1114.0
R904009,T30145260,M10022,2026-04-19,2021.0
R904010,T30169543,M10947,2026-04-19,1527.0
R904011,T30175792,M10022,2026-04-19,1335.0
R904012,T30159864,M10419,2026-04-19,458.0
R904013,T30134173,M10294,2026-04-19,211.0
R904014,T30134234,M10746,2026-04-19,712.0
R904015,T30170269,M11127,2026-04-19,1617.0
R904016,T30132351,M10022,2026-04-19,1050.0
R904017,T30143355,M11408,2026-04-19,464.0
R904018,T30135495,M10577,2026-04-19,56.0
R904019,T30163099,M11218,2026-04-19,743.0
R904020,T30148717,M10931,2026-04-19,1685.0
R904021,T30152703,M10273,2026-04-19,460.0
R904022,T30142828,M10042,2026-04-19,11051.0
R904023,T30156024,M11217,2026-04-19,4643.0
R904024,T30139344,M10685,2026-04-19,763.0
R904025,T30155633,M10042,2026-04-19,5653.0
R904026,T30147759,M10862,2026-04-19,623.0
R904027,T30127812,M10989,2026-04-19,5590.0
R904028,T30124194,M11616,2026-04-19,171.0
R904029,T30157535,M11567,2026-04-19,1573.0
R904030,T30161849,M10650,2026-04-19,5136.0
R904031,T30161845,M10042,2026-04-19,1620.0
R904032,T30147067,M11109,2026-04-19,383.0
R904033,T30124758,M11148,2026-04-19,2482.0
R904034,T30161685,M10947,2026-04-19,576.0
R904035,T30134889,M10947,2026-04-19,565.0
R904036,T30150611,M11400,2026-04-19,315.0
R904037,T30155709,M11575,2026-04-19,1280.0
R904038,T30177136,M10040,2026-04-19,680.0
R904039,T30162687,M10808,2026-04-19,1325.0
R904040,T30133619,M11616,2026-04-19,280.0
R904041,T30156879,M11616,2026-04-19,994.0
R904042,T30168220,M11408,2026-04-19,274.0
R904043,T30176115,M10042,2026-04-19,9081.0
R904044,T30162743,M10989,2026-04-19,3417.0
R904045,T30177184,M10022,2026-04-19,1126.0
R904046,T30130677,M10931,2026-04-19,808.0
R904047,T30156949,M11148,2026-04-20,870.0
R904048,T30137415,M10577,2026-04-20,2040.0
R904049,T30137394,M10096,2026-04-20,5866.0
R904050,T30137297,M11591,2026-04-20,994.0
R904051,T30136790,M10746,2026-04-20,1367.0
R904052,T30137096,M10968,2026-04-20,804.0
R904053,T30158257,M10822,2026-04-20,619.0
R904054,T30135139,M10746,2026-04-20,379.0
R904055,T30136839,M10685,2026-04-20,600.0
R904056,T30157606,M11229,2026-04-20,279.0
R904057,T30178798,M10685,2026-04-20,2337.0
R904058,T30159165,M10746,2026-04-20,592.0
R904059,T30166500,M10650,2026-04-20,3113.0
R904060,T30149669,M10853,2026-04-20,1390.0
R904061,T30139588,M11394,2026-04-20,577.0
R904062,T30162539,M10567,2026-04-20,3162.0
R904063,T30149346,M10931,2026-04-20,980.0
R904064,T30135878,M10211,2026-04-20,923.0
R904065,T30178697,M11003,2026-04-20,2055.0
R904066,T30142501,M10577,2026-04-20,4288.0
R904067,T30132803,M10211,2026-04-20,936.0
R904068,T30175773,M10610,2026-04-20,13803.0
R904069,T30168311,M10650,2026-04-20,3745.0
R904070,T30177525,M11407,2026-04-20,1976.0
R904071,T30147790,M10650,2026-04-20,6671.0
R904072,T30147755,M10096,2026-04-20,1028.0
R904073,T30176752,M10984,2026-04-20,792.0
R904074,T30161900,M10022,2026-04-20,1362.0
R904075,T30161718,M11275,2026-04-20,1015.0
R904076,T30128488,M10042,2026-04-20,1390.0
R904077,T30143019,M11364,2026-04-20,108.0
R904078,T30172587,M11023,2026-04-20,579.0
R904079,T30138207,M11218,2026-04-20,1168.0
R904080,T30129702,M10042,2026-04-20,11624.0
R904081,T30143204,M10931,2026-04-20,1378.0
R904082,T30138843,M10863,2026-04-20,610.0
R904083,T30170417,M11616,2026-04-20,185.0
R904084,T30171842,M10828,2026-04-20,308.0
R904085,T30170573,M10743,2026-04-20,5990.0
R904086,T30150615,M10746,2026-04-20,1964.0
R904087,T30160163,M10746,2026-04-20,925.0
R904088,T30159917,M11217,2026-04-20,3419.0
R904089,T30155385,M11275,2026-04-21,2742.0
R904090,T30176602,M11026,2026-04-21,355.0
R904091,T30168275,M11520,2026-04-21,201.0
R904092,T30175772,M10419,2026-04-21,1731.0
R904093,T30135371,M10032,2026-04-21,1451.0
R904094,T30135405,M10931,2026-04-21,782.0
R904095,T30155016,M10211,2026-04-21,420.0
R904096,T30169013,M11354,2026-04-21,5495.0
R904097,T30172814,M10577,2026-04-21,839.0
R904098,T30176727,M11408,2026-04-21,518.0
R904099,T30163786,M10022,2026-04-21,201.0
R904100,T30165917,M11109,2026-04-21,325.0
R904101,T30181354,M10314,2026-04-21,257.0
R904102,T30131786,M10862,2026-04-21,415.0
R904103,T30181071,M10457,2026-04-21,497.0
R904104,T30131038,M11040,2026-04-21,566.0
R904105,T30130958,M11003,2026-04-21,874.0
R904106,T30130146,M11194,2026-04-21,462.0
R904107,T30180675,M11654,2026-04-21,783.0
R904108,T30128973,M11217,2026-04-21,2250.0
R904109,T30161438,M11249,2026-04-21,489.0
R904110,T30157555,M10211,2026-04-21,590.0
R904111,T30128665,M10211,2026-04-21,798.0
R904112,T30133918,M10956,2026-04-21,803.0
R904113,T30178686,M10989,2026-04-21,3827.0
R904114,T30163611,M10701,2026-04-21,817.0
R904115,T30178002,M10701,2026-04-21,925.0
R904116,T30164176,M11109,2026-04-21,545.0
R904117,T30165359,M10022,2026-04-21,560.0
R904118,T30166626,M11378,2026-04-21,6427.0
R904119,T30154556,M10419,2026-04-21,1078.0
R904120,T30172302,M10989,2026-04-21,1825.0
R904121,T30142474,M10314,2026-04-21,529.0
R904122,T30152847,M11275,2026-04-21,1113.0
R904123,T30154358,M10828,2026-04-21,1038.0
R904124,T30148892,M10808,2026-04-21,1492.0
R904125,T30136858,M11277,2026-04-21,2102.0
R904126,T30143475,M10931,2026-04-21,559.0
R904127,T30138366,M10650,2026-04-21,6294.0
R904128,T30143555,M10931,2026-04-21,2319.0
R904129,T30138457,M10685,2026-04-21,4554.0
R904130,T30136276,M10577,2026-04-21,397.0
R904131,T30140616,M11616,2026-04-21,544.0
R904132,T30137193,M10577,2026-04-21,585.0
R904133,T30140665,M11654,2026-04-21,428.0
R904134,T30138134,M10022,2026-04-21,1358.0
R904135,T30148026,M10828,2026-04-21,249.0
R904136,T30138962,M10175,2026-04-21,21501.0
R904137,T30139095,M10211,2026-04-21,451.0
R904138,T30143866,M10989,2026-04-21,7354.0
R904139,T30143989,M10931,2026-04-21,598.0
R904140,T30141473,M11431,2026-04-21,532.0
R904141,T30140551,M11408,2026-04-22,1050.0
R904142,T30182195,M10685,2026-04-22,256.0
R904143,T30141667,M11275,2026-04-22,4258.0
R904144,T30158234,M10947,2026-04-22,3008.0
R904145,T30168273,M10022,2026-04-22,2327.0
R904146,T30134185,M10032,2026-04-22,260.0
R904147,T30164031,M10828,2026-04-22,1010.0
R904148,T30168361,M10032,2026-04-22,619.0
R904149,T30163939,M10022,2026-04-22,605.0
R904150,T30133224,M10931,2026-04-22,595.0
R904151,T30148896,M10419,2026-04-22,591.0
R904152,T30165402,M10597,2026-04-22,17976.0
R904153,T30164033,M11510,2026-04-22,637.0
R904154,T30167829,M10022,2026-04-22,387.0
R904155,T30133348,M10096,2026-04-22,1508.0
R904156,T30157405,M11408,2026-04-22,539.0
R904157,T30177009,M11162,2026-04-22,1627.0
R904158,T30141609,M10947,2026-04-22,776.0
R904159,T30146852,M10577,2026-04-22,1143.0
R904160,T30168579,M10746,2026-04-22,1924.0
R904161,T30146930,M10931,2026-04-22,246.0
R904162,T30164844,M10577,2026-04-22,1654.0
R904163,T30137728,M10834,2026-04-22,743.0
R904164,T30130131,M11408,2026-04-22,1962.0
R904165,T30182006,M10042,2026-04-22,2639.0
R904166,T30166310,M10577,2026-04-22,504.0
R904167,T30166571,M10931,2026-04-22,613.0
R904168,T30137229,M10419,2026-04-22,2387.0
R904169,T30176311,M10567,2026-04-22,4148.0
R904170,T30157030,M11591,2026-04-22,512.0
R904171,T30167760,M11643,2026-04-22,1331.0
R904172,T30160874,M11086,2026-04-22,309.0
R904173,T30168949,M11344,2026-04-22,571.0
R904174,T30136335,M10175,2026-04-22,8902.0
R904175,T30163340,M10577,2026-04-22,418.0
R904176,T30153746,M10989,2026-04-22,2338.0
R904177,T30170724,M11118,2026-04-22,796.0
R904178,T30173200,M10862,2026-04-22,765.0
R904179,T30143629,M10853,2026-04-22,665.0
R904180,T30154080,M11629,2026-04-22,749.0
R904181,T30170591,M11574,2026-04-22,2028.0
R904182,T30171211,M10042,2026-04-22,8835.0
R904183,T30180780,M10931,2026-04-22,318.0
R904184,T30139157,M10032,2026-04-22,620.0
R904185,T30154677,M11215,2026-04-22,990.0
R904186,T30144091,M10577,2026-04-22,964.0
R904187,T30129457,M10341,2026-04-22,4204.0
R904188,T30172533,M11689,2026-04-22,646.0
R904189,T30154372,M10746,2026-04-22,197.0
R904190,T30162092,M10808,2026-04-22,835.0
R904191,T30170549,M11091,2026-04-22,1105.0
R904192,T30153690,M11003,2026-04-22,1053.0
R904193,T30134643,M10341,2026-04-22,8925.0
R904194,T30134424,M11305,2026-04-22,2022.0
R904195,T30145484,M11012,2026-04-22,336.0
R904196,T30140169,M10931,2026-04-22,1968.0
R904197,T30169470,M11275,2026-04-22,573.0
R904198,T30139329,M11275,2026-04-22,713.0
R904199,T30169717,M10828,2026-04-22,372.0
R904200,T30133209,M11641,2026-04-22,1011.0
R904201,T30173882,M11408,2026-04-22,1292.0
R904202,T30179263,M10808,2026-04-22,799.0
R904203,T30132756,M11275,2026-04-23,1054.0
R904204,T30181640,M10853,2026-04-23,137.0
R904205,T30177591,M10133,2026-04-23,4236.0
R904206,T30165375,M10931,2026-04-23,991.0
R904207,T30160892,M10042,2026-04-23,16365.0
R904208,T30132235,M10808,2026-04-23,1178.0
R904209,T30133026,M10862,2026-04-23,225.0
R904210,T30150961,M11275,2026-04-23,568.0
R904211,T30161292,M11629,2026-04-23,8484.0
R904212,T30162830,M11063,2026-04-23,159.0
R904213,T30159442,M10931,2026-04-23,156.0
R904214,T30150045,M11070,2026-04-23,461.0
R904215,T30178901,M10493,2026-04-23,1509.0
R904216,T30183666,M10022,2026-04-23,1034.0
R904217,T30164250,M11602,2026-04-23,342.0
R904218,T30148224,M10419,2026-04-23,1206.0
R904219,T30139860,M10947,2026-04-23,880.0
R904220,T30183709,M11249,2026-04-23,284.0
R904221,T30132630,M10321,2026-04-23,10386.0
R904222,T30140602,M10931,2026-04-23,396.0
R904223,T30167159,M10419,2026-04-23,2962.0
R904224,T30143707,M11304,2026-04-23,9728.0
R904225,T30170581,M10685,2026-04-23,798.0
R904226,T30170859,M10138,2026-04-23,4937.0
R904227,T30142741,M10107,2026-04-23,729.0
R904228,T30145322,M10014,2026-04-23,1449.0
R904229,T30153109,M10211,2026-04-23,706.0
R904230,T30174710,M10931,2026-04-23,1359.0
R904231,T30165509,M10685,2026-04-23,648.0
R904232,T30134542,M10567,2026-04-23,9870.0
R904233,T30142294,M10746,2026-04-23,568.0
R904234,T30168282,M10321,2026-04-23,2834.0
R904235,T30142231,M10746,2026-04-23,319.0
R904236,T30135465,M11574,2026-04-23,519.0
R904237,T30171304,M10808,2026-04-23,228.0
R904238,T30167840,M10772,2026-04-23,2663.0
R904239,T30152033,M10419,2026-04-23,3487.0
R904240,T30142932,M10931,2026-04-23,391.0
R904241,T30167725,M11578,2026-04-23,89.0
R904242,T30147948,M11115,2026-04-23,844.0
R904243,T30171565,M11201,2026-04-23,3252.0
R904244,T30154623,M10650,2026-04-23,7133.0
R904245,T30137079,M10577,2026-04-23,1009.0
R904246,T30151932,M10746,2026-04-23,165.0
R904247,T30151751,M10577,2026-04-23,1035.0
R904248,T30135580,M11217,2026-04-23,6155.0
R904249,T30172321,M10685,2026-04-23,1805.0
R904250,T30133839,M11434,2026-04-23,1399.0
R904251,T30183419,M10314,2026-04-23,183.0
R904252,T30151530,M10685,2026-04-23,463.0
R904253,T30172699,M10931,2026-04-23,1644.0
R904254,T30170373,M11217,2026-04-24,5199.0
R904255,T30171871,M10885,2026-04-24,849.0
R904256,T30183875,M10341,2026-04-24,1734.0
R904257,T30139321,M11408,2026-04-24,955.0
R904258,T30144138,M10096,2026-04-24,1303.0
R904259,T30170357,M10850,2026-04-24,528.0
R904260,T30150094,M10314,2026-04-24,676.0
R904261,T30173039,M11304,2026-04-24,31329.0
R904262,T30165899,M10022,2026-04-24,224.0
R904263,T30140311,M11012,2026-04-24,2304.0
R904264,T30179059,M11641,2026-04-24,2077.0
R904265,T30147840,M10577,2026-04-24,887.0
R904266,T30148104,M11088,2026-04-24,224.0
R904267,T30147554,M11637,2026-04-24,1105.0
R904268,T30165107,M10211,2026-04-24,538.0
R904269,T30146901,M10947,2026-04-24,429.0
R904270,T30177373,M10022,2026-04-24,1331.0
R904271,T30167930,M10862,2026-04-24,160.0
R904272,T30179236,M10577,2026-04-24,276.0
R904273,T30175969,M10567,2026-04-24,2575.0
R904274,T30168197,M10429,2026-04-24,3188.0
R904275,T30168548,M10022,2026-04-24,1143.0
R904276,T30168738,M10951,2026-04-24,1518.0
R904277,T30175271,M11229,2026-04-24,324.0
R904278,T30184902,M10032,2026-04-24,19.0
R904279,T30139667,M10577,2026-04-24,413.0
R904280,T30162682,M10853,2026-04-24,605.0
R904281,T30178059,M10042,2026-04-24,12926.0
R904282,T30135845,M11404,2026-04-24,496.0
R904283,T30186860,M11109,2026-04-24,686.0
R904284,T30183005,M10685,2026-04-24,673.0
R904285,T30153868,M10685,2026-04-24,1262.0
R904286,T30181684,M10862,2026-04-24,644.0
R904287,T30154082,M11275,2026-04-24,879.0
R904288,T30154699,M10746,2026-04-24,1361.0
R904289,T30136394,M10022,2026-04-24,957.0
R904290,T30181213,M10419,2026-04-24,899.0
R904291,T30151523,M10419,2026-04-24,2986.0
R904292,T30187275,M10077,2026-04-24,175.0
R904293,T30183188,M10297,2026-04-24,909.0
R904294,T30137521,M10782,2026-04-24,687.0
R904295,T30187344,M11707,2026-04-24,7771.0
R904296,T30134666,M10931,2026-04-24,304.0
R904297,T30186022,M10989,2026-04-24,4764.0
R904298,T30157420,M11619,2026-04-24,207.0
R904299,T30181598,M10493,2026-04-24,541.0
R904300,T30133789,M10419,2026-04-24,2519.0
R904301,T30136667,M10096,2026-04-24,3424.0
R904302,T30186921,M11408,2026-04-24,370.0
R904303,T30152289,M10685,2026-04-24,873.0
R904304,T30140534,M11616,2026-04-25,348.0
R904305,T30155972,M10822,2026-04-25,1872.0
R904306,T30145365,M10897,2026-04-25,3924.0
R904307,T30136730,M10606,2026-04-25,1221.0
R904308,T30175220,M11632,2026-04-25,1600.0
R904309,T30178094,M10032,2026-04-25,951.0
R904310,T30138171,M11343,2026-04-25,2142.0
R904311,T30163875,M10022,2026-04-25,412.0
R904312,T30159622,M11218,2026-04-25,1655.0
R904313,T30173963,M11121,2026-04-25,323.0
R904314,T30148855,M11033,2026-04-25,428.0
R904315,T30177849,M11275,2026-04-25,3285.0
R904316,T30168342,M10419,2026-04-25,427.0
R904317,T30168721,M10273,2026-04-25,758.0
R904318,T30157506,M10577,2026-04-25,1465.0
R904319,T30166805,M10746,2026-04-25,1473.0
R904320,T30176124,M10931,2026-04-25,516.0
R904321,T30185344,M10746,2026-04-25,999.0
R904322,T30182193,M11275,2026-04-25,432.0
R904323,T30158140,M11520,2026-04-25,248.0
R904324,T30152310,M10931,2026-04-25,828.0
R904325,T30181766,M11235,2026-04-25,716.0
R904326,T30148000,M11249,2026-04-25,422.0
R904327,T30183284,M10746,2026-04-25,1496.0
R904328,T30146163,M10729,2026-04-25,402.0
R904329,T30158829,M10577,2026-04-25,1182.0
R904330,T30177270,M11003,2026-04-25,1079.0
R904331,T30156504,M10790,2026-04-25,1222.0
R904332,T30182473,M10419,2026-04-25,283.0
R904333,T30142551,M10985,2026-04-25,953.0
R904334,T30139857,M11364,2026-04-25,617.0
R904335,T30137284,M10577,2026-04-25,1614.0
R904336,T30161662,M10022,2026-04-25,202.0
R904337,T30154859,M11454,2026-04-25,7845.0
R904338,T30136026,M11109,2026-04-25,303.0
R904339,T30139525,M11602,2026-04-25,1357.0
R904340,T30172805,M10808,2026-04-25,386.0
R904341,T30170984,M10743,2026-04-25,9302.0
R904342,T30161223,M10419,2026-04-25,887.0
R904343,T30183056,M10947,2026-04-25,782.0
R904344,T30187719,M11704,2026-04-25,908.0
R904345,T30150866,M10096,2026-04-25,552.0
R904346,T30171081,M10931,2026-04-25,385.0
R904347,T30135840,M11178,2026-04-25,4433.0
R904348,T30172995,M10685,2026-04-25,2249.0
R904349,T30179316,M11215,2026-04-25,364.0
R904350,T30150371,M10042,2026-04-25,9639.0
R904351,T30150927,M10931,2026-04-25,718.0
R904352,T30173417,M10931,2026-04-25,1524.0
R904353,T30178989,M11275,2026-04-26,4152.0
R904354,T30150157,M11669,2026-04-26,560.0
R904355,T30168308,M11616,2026-04-26,893.0
R904356,T30150148,M10577,2026-04-26,612.0
R904357,T30161745,M11003,2026-04-26,467.0
R904358,T30179933,M10577,2026-04-26,1104.0
R904359,T30185838,M10314,2026-04-26,844.0
R904360,T30136833,M11275,2026-04-26,1301.0
R904361,T30164973,M11520,2026-04-26,38.0
R904362,T30160423,M11249,2026-04-26,326.0
R904363,T30146095,M10746,2026-04-26,1490.0
R904364,T30165420,M10746,2026-04-26,682.0
R904365,T30160497,M10419,2026-04-26,1056.0
R904366,T30185612,M11487,2026-04-26,1777.0
R904367,T30150362,M11249,2026-04-26,331.0
R904368,T30154453,M10828,2026-04-26,721.0
R904369,T30150353,M10931,2026-04-26,1096.0
R904370,T30182121,M10276,2026-04-26,336.0
R904371,T30161173,M11507,2026-04-26,720.0
R904372,T30185796,M10577,2026-04-26,390.0
R904373,T30166372,M10022,2026-04-26,2218.0
R904374,T30147399,M10808,2026-04-26,668.0
R904375,T30176010,M10947,2026-04-26,1623.0
R904376,T30168063,M11400,2026-04-26,1944.0
R904377,T30158216,M10931,2026-04-26,143.0
R904378,T30171648,M11596,2026-04-26,1442.0
R904379,T30161279,M10126,2026-04-26,1531.0
R904380,T30161881,M10395,2026-04-26,1316.0
R904381,T30158479,M10577,2026-04-26,674.0
R904382,T30189315,M10032,2026-04-26,577.0
R904383,T30151170,M11574,2026-04-26,459.0
R904384,T30186998,M10042,2026-04-26,4636.0
R904385,T30157530,M11414,2026-04-26,411.0
R904386,T30159808,M10989,2026-04-26,3842.0
R904387,T30190168,M10032,2026-04-26,858.0
R904388,T30153372,M10314,2026-04-26,499.0
R904389,T30184252,M10723,2026-04-26,2793.0
R904390,T30159690,M11109,2026-04-26,110.0
R904391,T30148949,M10577,2026-04-26,825.0
R904392,T30174173,M10126,2026-04-26,2303.0
R904393,T30148947,M10685,2026-04-26,5554.0
R904394,T30174342,M10650,2026-04-26,928.0
R904395,T30155953,M10989,2026-04-26,4065.0
R904396,T30149409,M11003,2026-04-26,937.0
R904397,T30174469,M10947,2026-04-26,873.0
R904398,T30170579,M11155,2026-04-26,4240.0
R904399,T30159476,M10947,2026-04-26,2152.0
R904400,T30187839,M11235,2026-04-26,2396.0
R904401,T30138808,M10577,2026-04-26,332.0
R904402,T30179630,M10931,2026-04-26,987.0
R904403,T30178009,M10685,2026-04-26,1162.0
R904404,T30155533,M11134,2026-04-26,396.0
R904405,T30142723,M10042,2026-04-26,2343.0
R904406,T30164184,M10211,2026-04-26,2225.0
R904407,T30175683,M10808,2026-04-26,4150.0
R904408,T30174928,M11249,2026-04-26,239.0
R904409,T30173138,M10577,2026-04-26,646.0
R904410,T30175323,M10867,2026-04-26,71.0
R904411,T30139253,M10042,2026-04-26,3528.0
R904412,T30184287,M10211,2026-04-26,1134.0
R904413,T30164538,M11574,2026-04-26,426.0
R904414,T30143085,M11629,2026-04-27,479.0
R904415,T30186327,M11249,2026-04-27,1282.0
R904416,T30144692,M10022,2026-04-27,422.0
R904417,T30170350,M11626,2026-04-27,5089.0
R904418,T30172526,M10022,2026-04-27,850.0
R904419,T30171038,M11354,2026-04-27,4396.0
R904420,T30144797,M10211,2026-04-27,839.0
R904421,T30174742,M10491,2026-04-27,975.0
R904422,T30152158,M10881,2026-04-27,572.0
R904423,T30171796,M10947,2026-04-27,736.0
R904424,T30141707,M10042,2026-04-27,8300.0
R904425,T30174249,M10931,2026-04-27,1077.0
R904426,T30145199,M11217,2026-04-27,1305.0
R904427,T30142266,M10022,2026-04-27,895.0
R904428,T30143923,M10175,2026-04-27,7706.0
R904429,T30168244,M10105,2026-04-27,261.0
R904430,T30156002,M10989,2026-04-27,12221.0
R904431,T30155361,M10211,2026-04-27,1315.0
R904432,T30144606,M10597,2026-04-27,5231.0
R904433,T30175771,M10862,2026-04-27,1154.0
R904434,T30178245,M11148,2026-04-27,2456.0
R904435,T30149829,M11499,2026-04-27,1151.0
R904436,T30177158,M11701,2026-04-27,1354.0
R904437,T30181368,M10521,2026-04-27,142.0
R904438,T30149768,M10808,2026-04-27,352.0
R904439,T30147769,M10849,2026-04-27,381.0
R904440,T30176808,M10168,2026-04-27,761.0
R904441,T30177290,M11408,2026-04-27,761.0
R904442,T30148261,M11229,2026-04-27,409.0
R904443,T30163254,M10746,2026-04-27,731.0
R904444,T30140346,M11173,2026-04-27,2941.0
R904445,T30163989,M11404,2026-04-27,934.0
R904446,T30160490,M10032,2026-04-27,99.0
R904447,T30176448,M10989,2026-04-27,5191.0
R904448,T30159297,M11610,2026-04-27,802.0
R904449,T30141078,M10314,2026-04-27,392.0
R904450,T30181405,M11616,2026-04-27,422.0
R904451,T30184457,M11217,2026-04-27,11106.0
R904452,T30160909,M10211,2026-04-27,517.0
R904453,T30138689,M10419,2026-04-27,499.0
R904454,T30148392,M10685,2026-04-27,1145.0
R904455,T30187236,M11705,2026-04-27,4061.0
R904456,T30161212,M10517,2026-04-27,239.0
R904457,T30139135,M11275,2026-04-27,1309.0
R904458,T30138665,M10989,2026-04-27,10232.0
R904459,T30158001,M11249,2026-04-27,604.0
R904460,T30177185,M11289,2026-04-27,2268.0
R904461,T30180133,M11275,2026-04-27,3426.0
R904462,T30147088,M10419,2026-04-27,1265.0
R904463,T30186602,M11275,2026-04-27,2002.0
R904464,T30176730,M11003,2026-04-27,966.0
R904465,T30151128,M11408,2026-04-28,508.0
R904466,T30191317,M10989,2026-04-28,3023.0
R904467,T30148950,M10341,2026-04-28,6876.0
R904468,T30187514,M10685,2026-04-28,1280.0
R904469,T30153352,M10314,2026-04-28,168.0
R904470,T30156026,M10931,2026-04-28,706.0
R904471,T30173885,M10746,2026-04-28,1342.0
R904472,T30191962,M10314,2026-04-28,751.0
R904473,T30148733,M10042,2026-04-28,1253.0
R904474,T30150511,M10853,2026-04-28,1300.0
R904475,T30185859,M11408,2026-04-28,1176.0
R904476,T30171816,M11408,2026-04-28,350.0
R904477,T30172629,M11552,2026-04-28,4140.0
R904478,T30154588,M10032,2026-04-28,553.0
R904479,T30171520,M10577,2026-04-28,1959.0
R904480,T30171351,M11593,2026-04-28,2057.0
R904481,T30186124,M11658,2026-04-28,709.0
R904482,T30189447,M11288,2026-04-28,1148.0
R904483,T30154877,M10647,2026-04-28,2000.0
R904484,T30150633,M10808,2026-04-28,407.0
R904485,T30162558,M10947,2026-04-28,1600.0
R904486,T30186186,M11579,2026-04-28,73.0
R904487,T30155301,M10702,2026-04-28,4106.0
R904488,T30170726,M11275,2026-04-28,542.0
R904489,T30185665,M10032,2026-04-28,151.0
R904490,T30179386,M11275,2026-04-28,1222.0
R904491,T30164663,M10931,2026-04-28,217.0
R904492,T30173579,M10211,2026-04-28,868.0
R904493,T30149454,M10590,2026-04-28,579.0
R904494,T30173877,M11532,2026-04-28,469.0
R904495,T30183101,M10042,2026-04-28,3085.0
R904496,T30153777,M10577,2026-04-28,599.0
R904497,T30186220,M11379,2026-04-28,3953.0
R904498,T30159351,M10989,2026-04-28,12735.0
R904499,T30194066,M10790,2026-04-28,4044.0
R904500,T30146003,M11404,2026-04-28,325.0
R904501,T30156628,M10989,2026-04-28,7930.0
R904502,T30151305,M11080,2026-04-28,1076.0
R904503,T30186483,M10685,2026-04-28,1596.0
R904504,T30194284,M11495,2026-04-28,775.0
R904505,T30146184,M10314,2026-04-28,1225.0
R904506,T30158401,M10931,2026-04-28,1506.0
R904507,T30194600,M10577,2026-04-28,120.0
R904508,T30175774,M10931,2026-04-28,564.0
R904509,T30156800,M11408,2026-04-28,1709.0
R904510,T30176146,M11345,2026-04-28,3582.0
R904511,T30146211,M10989,2026-04-28,12754.0
R904512,T30146214,M10022,2026-04-28,820.0
R904513,T30146554,M11408,2026-04-28,391.0
R904514,T30141342,M10862,2026-04-28,273.0
R904515,T30194660,M10839,2026-04-28,5968.0
R904516,T30140950,M10758,2026-04-28,751.0
R904517,T30146707,M11431,2026-04-28,155.0
R904518,T30193457,M11303,2026-04-28,774.0
R904519,T30176291,M10311,2026-04-28,1520.0
R904520,T30141001,M10685,2026-04-28,2037.0
R904521,T30156438,M11148,2026-04-28,355.0
R904522,T30168598,M10577,2026-04-28,340.0
R904523,T30140631,M11644,2026-04-28,1250.0
R904524,T30194838,M10462,2026-04-28,413.0
R904525,T30185239,M10577,2026-04-28,1527.0
R904526,T30184668,M10211,2026-04-28,2021.0
R904527,T30145598,M10096,2026-04-28,197.0
R904528,T30168806,M10947,2026-04-29,1531.0
R904529,T30147653,M10032,2026-04-29,1105.0
R904530,T30151837,M11646,2026-04-29,1361.0
R904531,T30186687,M10931,2026-04-29,640.0
R904532,T30149889,M10096,2026-04-29,2151.0
R904533,T30177486,M10597,2026-04-29,6573.0
R904534,T30188383,M10931,2026-04-29,4738.0
R904535,T30179478,M11646,2026-04-29,2938.0
R904536,T30174726,M11127,2026-04-29,4094.0
R904537,T30168184,M10853,2026-04-29,1384.0
R904538,T30183596,M10849,2026-04-29,603.0
R904539,T30144193,M11410,2026-04-29,720.0
R904540,T30178550,M11408,2026-04-29,245.0
R904541,T30144340,M11249,2026-04-29,39.0
R904542,T30185751,M10729,2026-04-29,1530.0
R904543,T30169876,M11408,2026-04-29,1045.0
R904544,T30143998,M11408,2026-04-29,1351.0
R904545,T30145145,M10419,2026-04-29,2135.0
R904546,T30188443,M10753,2026-04-29,3461.0
R904547,T30146066,M10419,2026-04-29,567.0
R904548,T30151111,M11003,2026-04-29,1777.0
R904549,T30172627,M10419,2026-04-29,846.0
R904550,T30169513,M10022,2026-04-29,1549.0
R904551,T30178084,M10419,2026-04-29,462.0
R904552,T30178163,M10022,2026-04-29,1800.0
R904553,T30184507,M10650,2026-04-29,3970.0
R904554,T30158643,M10032,2026-04-29,942.0
R904555,T30158621,M10002,2026-04-29,370.0
R904556,T30178154,M10577,2026-04-29,1256.0
R904557,T30156724,M11249,2026-04-29,141.0
R904558,T30181186,M11354,2026-04-29,7551.0
R904559,T30186004,M10022,2026-04-30,1346.0
R904560,T30176064,M10211,2026-04-30,318.0
R904561,T30176271,M10096,2026-04-30,649.0
R904562,T30188911,M11408,2026-04-30,923.0
R904563,T30188912,M11249,2026-04-30,182.0
R904564,T30192335,M11154,2026-04-30,1219.0
R904565,T30179692,M10931,2026-04-30,1448.0
R904566,T30177640,M11540,2026-04-30,787.0
R904567,T30184772,M11092,2026-04-30,8872.0
R904568,T30192639,M10931,2026-04-30,1289.0
R904569,T30191379,M10746,2026-04-30,1621.0
R904570,T30174332,M10022,2026-04-30,1107.0
R904571,T30174292,M10729,2026-04-30,692.0
R904572,T30178633,M10685,2026-04-30,1641.0
R904573,T30183427,M10174,2026-04-30,5774.0
R904574,T30196255,M11109,2026-04-30,358.0
R904575,T30185143,M11143,2026-04-30,801.0
R904576,T30175984,M10096,2026-04-30,465.0
R904577,T30185926,M10746,2026-04-30,925.0
R904578,T30196781,M11188,2026-04-30,4658.0
R904579,T30193860,M11127,2026-04-30,2080.0
R904580,T30189931,M10107,2026-04-30,1325.0
R904581,T30189524,M10577,2026-04-30,208.0
R904582,T30190037,M11167,2026-04-30,168.0
R904583,T30143877,M10746,2026-04-30,723.0
R904584,T30184971,M11394,2026-04-30,4558.0
R904585,T30153417,M10577,2026-04-30,628.0
R904586,T30170379,M11373,2026-04-30,3235.0
R904587,T30170416,M10650,2026-04-30,4265.0
R904588,T30151710,M10989,2026-04-30,2138.0
R904589,T30198635,M11363,2026-04-30,580.0
R904590,T30172262,M10042,2026-04-30,3628.0
R904591,T30150357,M10022,2026-04-30,1011.0
R904592,T30151058,M10042,2026-04-30,3787.0
R904593,T30147197,M10363,2026-04-30,229.0
R904594,T30199486,M10931,2026-04-30,2582.0
R904595,T30153616,M10828,2026-04-30,537.0
R904596,T30146948,M10989,2026-04-30,1080.0
R904597,T30159188,M11408,2026-04-30,257.0
R904598,T30168044,M10828,2026-04-30,1114.0
R904599,T30171111,M10685,2026-04-30,1595.0
R904600,T30198161,M10022,2026-04-30,759.0
R904601,T30154304,M10577,2026-04-30,574.0
R904602,T30145190,M10878,2026-04-30,220.0
R904603,T30172038,M10419,2026-04-30,602.0
R904604,T30154806,M10685,2026-04-30,2987.0
R904605,T30157232,M11003,2026-04-30,1982.0
R904606,T30171707,M11682,2026-04-30,2233.0
R904607,T30166235,M11579,2026-04-30,608.0
R904608,T30145597,M10898,2026-04-30,3306.0
R904609,T30171695,M10704,2026-04-30,927.0
R904610,T30160292,M11229,2026-04-30,435.0
R904611,T30145695,M10809,2026-04-30,2817.0
R904612,T30145841,M10685,2026-04-30,330.0
R904613,T30159776,M10746,2026-04-30,232.0
R904614,T30164046,M11408,2026-04-30,461.0
R904615,T30151381,M10853,2026-05-01,786.0
R904616,T30174962,M11109,2026-05-01,450.0
R904617,T30159300,M11536,2026-05-01,1614.0
R904618,T30175223,M10577,2026-05-01,352.0
R904619,T30169229,M11528,2026-05-01,1645.0
R904620,T30152482,M10931,2026-05-01,380.0
R904621,T30158904,M11275,2026-05-01,559.0
R904622,T30177332,M10947,2026-05-01,685.0
R904623,T30168637,M10211,2026-05-01,780.0
R904624,T30200595,M10954,2026-05-01,628.0
R904625,T30181853,M10211,2026-05-01,1217.0
R904626,T30193556,M10931,2026-05-01,1487.0
R904627,T30193648,M10341,2026-05-01,1985.0
R904628,T30181926,M10492,2026-05-01,349.0
R904629,T30166096,M11394,2026-05-01,296.0
R904630,T30182956,M10867,2026-05-01,686.0
R904631,T30158033,M11003,2026-05-01,998.0
R904632,T30166675,M10909,2026-05-01,4392.0
R904633,T30176698,M10032,2026-05-01,672.0
R904634,T30154341,M10419,2026-05-01,1040.0
R904635,T30176662,M10808,2026-05-01,667.0
R904636,T30156366,M10989,2026-05-01,7546.0
R904637,T30152651,M10685,2026-05-01,456.0
R904638,T30169315,M11351,2026-05-01,941.0
R904639,T30156039,M10757,2026-05-01,396.0
R904640,T30150657,M11152,2026-05-01,260.0
R904641,T30179798,M10985,2026-05-01,637.0
R904642,T30163115,M11676,2026-05-01,5513.0
R904643,T30146740,M10685,2026-05-01,1549.0
R904644,T30185311,M10931,2026-05-01,185.0
R904645,T30178437,M10862,2026-05-01,369.0
R904646,T30145901,M11012,2026-05-01,1456.0
R904647,T30159677,M10419,2026-05-01,746.0
R904648,T30148574,M11275,2026-05-01,267.0
R904649,T30170207,M11520,2026-05-01,565.0
R904650,T30161245,M10828,2026-05-01,492.0
R904651,T30164174,M10685,2026-05-01,459.0
R904652,T30196855,M11408,2026-05-01,1210.0
R904653,T30184787,M10211,2026-05-01,761.0
R904654,T30191800,M11532,2026-05-01,796.0
R904655,T30197899,M10577,2026-05-01,909.0
R904656,T30180507,M10685,2026-05-01,1242.0
R904657,T30180647,M10853,2026-05-01,1714.0
R904658,T30174171,M11322,2026-05-01,7458.0
R904659,T30190246,M11616,2026-05-01,1558.0
R904660,T30174282,M11217,2026-05-01,3367.0
R904661,T30186132,M11003,2026-05-01,1888.0
R904662,T30164801,M10898,2026-05-01,499.0
R904663,T30197729,M11148,2026-05-01,1139.0
R904664,T30162601,M10577,2026-05-01,348.0
R904665,T30159746,M10096,2026-05-01,416.0
R904666,T30177501,M10685,2026-05-01,442.0
R904667,T30179714,M10314,2026-05-01,453.0
R904668,T30162017,M10931,2026-05-01,735.0
R904669,T30179358,M11217,2026-05-02,9262.0
R904670,T30163990,M11394,2026-05-02,711.0
R904671,T30186855,M10947,2026-05-02,330.0
R904672,T30163122,M10828,2026-05-02,603.0
R904673,T30163845,M10947,2026-05-02,59.0
R904674,T30181821,M10862,2026-05-02,907.0
R904675,T30158374,M10032,2026-05-02,496.0
R904676,T30202978,M11408,2026-05-02,2364.0
R904677,T30186891,M10211,2026-05-02,325.0
R904678,T30187977,M10314,2026-05-02,278.0
R904679,T30159567,M10314,2026-05-02,271.0
R904680,T30177432,M10419,2026-05-02,1091.0
R904681,T30189903,M10577,2026-05-02,1391.0
R904682,T30181152,M10107,2026-05-02,620.0
R904683,T30162407,M11003,2026-05-02,367.0
R904684,T30195082,M11681,2026-05-02,79.0
R904685,T30173917,M10567,2026-05-02,7487.0
R904686,T30152023,M10596,2026-05-02,146.0
R904687,T30151299,M11003,2026-05-02,1110.0
R904688,T30174985,M11411,2026-05-02,1195.0
R904689,T30169793,M10947,2026-05-02,1321.0
R904690,T30185923,M10096,2026-05-02,156.0
R904691,T30183632,M11408,2026-05-02,1125.0
R904692,T30151072,M10567,2026-05-02,10802.0
R904693,T30148066,M10032,2026-05-02,385.0
R904694,T30149134,M10211,2026-05-02,528.0
R904695,T30173359,M11003,2026-05-02,455.0
R904696,T30196667,M10577,2026-05-02,934.0
R904697,T30167937,M11532,2026-05-02,356.0
R904698,T30167724,M10989,2026-05-02,16190.0
R904699,T30173188,M10947,2026-05-02,637.0
R904700,T30162429,M10577,2026-05-02,1393.0
R904701,T30170874,M10577,2026-05-02,657.0
R904702,T30183952,M11075,2026-05-02,134.0
R904703,T30183881,M11707,2026-05-02,2020.0
R904704,T30199610,M10828,2026-05-02,135.0
R904705,T30169826,M10746,2026-05-02,969.0
R904706,T30185075,M10947,2026-05-02,748.0
R904707,T30167736,M10808,2026-05-02,853.0
R904708,T30191590,M10032,2026-05-03,134.0
R904709,T30180471,M10947,2026-05-03,624.0
R904710,T30184100,M11574,2026-05-03,4565.0
R904711,T30196322,M10032,2026-05-03,120.0
R904712,T30167381,M10491,2026-05-03,637.0
R904713,T30161465,M10782,2026-05-03,163.0
R904714,T30204798,M10650,2026-05-03,2079.0
R904715,T30161829,M11003,2026-05-03,1968.0
R904716,T30173457,M10685,2026-05-03,372.0
R904717,T30196752,M11597,2026-05-03,993.0
R904718,T30190957,M10922,2026-05-03,372.0
R904719,T30198588,M10492,2026-05-03,1314.0
R904720,T30179593,M10419,2026-05-03,1094.0
R904721,T30205519,M10746,2026-05-03,1541.0
R904722,T30162137,M10022,2026-05-03,988.0
R904723,T30172646,M11252,2026-05-03,943.0
R904724,T30162388,M10701,2026-05-03,87.0
R904725,T30171799,M11275,2026-05-03,626.0
R904726,T30180119,M11575,2026-05-03,868.0
R904727,T30169705,M10746,2026-05-03,637.0
R904728,T30177726,M10808,2026-05-03,254.0
R904729,T30153433,M11431,2026-05-03,412.0
R904730,T30152364,M11495,2026-05-03,765.0
R904731,T30169505,M10096,2026-05-03,382.0
R904732,T30200961,M11712,2026-05-03,939.0
R904733,T30153446,M10685,2026-05-03,260.0
R904734,T30153479,M10931,2026-05-03,1679.0
R904735,T30193681,M10746,2026-05-03,841.0
R904736,T30202623,M10685,2026-05-03,1277.0
R904737,T30168483,M10096,2026-05-03,354.0
R904738,T30182026,M10808,2026-05-03,631.0
R904739,T30201959,M10321,2026-05-03,2603.0
R904740,T30167066,M11354,2026-05-03,1334.0
R904741,T30167413,M10513,2026-05-03,1022.0
R904742,T30156981,M10898,2026-05-03,2893.0
R904743,T30156973,M10211,2026-05-03,458.0
R904744,T30166999,M11277,2026-05-03,1774.0
R904745,T30183402,M10022,2026-05-03,639.0
R904746,T30201393,M11305,2026-05-03,13661.0
R904747,T30199707,M10685,2026-05-03,409.0
R904748,T30177664,M11405,2026-05-03,798.0
R904749,T30195904,M11275,2026-05-03,383.0
R904750,T30195588,M10491,2026-05-03,564.0
R904751,T30192570,M10419,2026-05-03,1329.0
R904752,T30150696,M11649,2026-05-03,2411.0
R904753,T30204126,M10076,2026-05-03,1923.0
R904754,T30174455,M11587,2026-05-03,369.0
R904755,T30192971,M10685,2026-05-03,607.0
R904756,T30182152,M10096,2026-05-04,340.0
R904757,T30162194,M10853,2026-05-04,272.0
R904758,T30179317,M10211,2026-05-04,941.0
R904759,T30160432,M10867,2026-05-04,729.0
R904760,T30181350,M10577,2026-05-04,465.0
R904761,T30182805,M11023,2026-05-04,2492.0
R904762,T30179665,M10042,2026-05-04,4497.0
R904763,T30185638,M10165,2026-05-04,20464.0
R904764,T30189461,M10211,2026-05-04,1208.0
R904765,T30184301,M10685,2026-05-04,1245.0
R904766,T30181560,M10931,2026-05-04,168.0
R904767,T30186904,M11527,2026-05-04,3128.0
R904768,T30188990,M10419,2026-05-04,703.0
R904769,T30161501,M10606,2026-05-04,1101.0
R904770,T30180485,M11616,2026-05-04,643.0
R904771,T30155033,M10862,2026-05-04,353.0
R904772,T30197429,M11229,2026-05-04,169.0
R904773,T30196037,M11249,2026-05-04,501.0
R904774,T30177914,M10102,2026-05-04,439.0
R904775,T30198477,M11408,2026-05-04,161.0
R904776,T30164143,M11408,2026-05-04,410.0
R904777,T30200138,M10096,2026-05-04,2092.0
R904778,T30165976,M10947,2026-05-04,1234.0
R904779,T30204380,M10577,2026-05-04,1195.0
R904780,T30203098,M11003,2026-05-04,291.0
R904781,T30177485,M10931,2026-05-04,627.0
R904782,T30171032,M10931,2026-05-04,2013.0
R904783,T30191477,M10931,2026-05-04,736.0
R904784,T30198593,M10032,2026-05-04,251.0
R904785,T30163199,M11408,2026-05-04,878.0
R904786,T30198151,M10042,2026-05-04,3686.0
R904787,T30195011,M10650,2026-05-04,2339.0
R904788,T30162958,M11235,2026-05-04,2231.0
R904789,T30196064,M10931,2026-05-04,1190.0
R904790,T30195708,M10746,2026-05-04,429.0
R904791,T30205521,M10898,2026-05-04,910.0
R904792,T30169439,M11003,2026-05-04,1258.0
R904793,T30176036,M11275,2026-05-04,166.0
R904794,T30164836,M11520,2026-05-04,497.0
R904795,T30190481,M10685,2026-05-04,1117.0
R904796,T30171277,M10931,2026-05-04,713.0
R904797,T30169111,M11487,2026-05-04,490.0
R904798,T30178735,M10650,2026-05-04,14271.0
R904799,T30175094,M10753,2026-05-04,1045.0
R904800,T30192888,M10211,2026-05-04,795.0
R904801,T30196844,M10067,2026-05-04,1675.0
R904802,T30198659,M10729,2026-05-04,758.0
R904803,T30159190,M10746,2026-05-05,260.0
R904804,T30203611,M10577,2026-05-05,1605.0
R904805,T30192698,M10853,2026-05-05,580.0
R904806,T30202713,M10060,2026-05-05,2095.0
R904807,T30162620,M11554,2026-05-05,1537.0
R904808,T30181790,M10493,2026-05-05,13512.0
R904809,T30175405,M10685,2026-05-05,488.0
R904810,T30200586,M10328,2026-05-05,1277.0
R904811,T30175594,M10800,2026-05-05,2887.0
R904812,T30200611,M10931,2026-05-05,2407.0
R904813,T30182037,M10419,2026-05-05,1546.0
R904814,T30168507,M10419,2026-05-05,1158.0
R904815,T30157049,M11520,2026-05-05,1938.0
R904816,T30167154,M11681,2026-05-05,2207.0
R904817,T30156477,M11577,2026-05-05,2118.0
R904818,T30186300,M11369,2026-05-05,189.0
R904819,T30167335,M10493,2026-05-05,2677.0
R904820,T30176042,M10352,2026-05-05,3146.0
R904821,T30202297,M10577,2026-05-05,1180.0
R904822,T30159719,M11532,2026-05-05,224.0
R904823,T30201199,M11713,2026-05-05,1057.0
R904824,T30170602,M11217,2026-05-05,5434.0
R904825,T30178644,M10022,2026-05-05,1129.0
R904826,T30180071,M10746,2026-05-05,556.0
R904827,T30172891,M11003,2026-05-05,161.0
R904828,T30189259,M10096,2026-05-05,1848.0
R904829,T30164835,M10067,2026-05-05,861.0
R904830,T30184578,M10577,2026-05-05,693.0
R904831,T30209297,M11109,2026-05-05,203.0
R904832,T30190789,M11003,2026-05-05,1195.0
R904833,T30205507,M11288,2026-05-05,1614.0
R904834,T30185176,M10746,2026-05-05,1789.0
R904835,T30179688,M11109,2026-05-05,200.0
R904836,T30209353,M11167,2026-05-05,597.0
R904837,T30164408,M10853,2026-05-05,580.0
R904838,T30197675,M11394,2026-05-05,850.0
R904839,T30169945,M11217,2026-05-05,935.0
R904840,T30178898,M10042,2026-05-05,1613.0
R904841,T30197434,M10096,2026-05-05,384.0
R904842,T30194640,M11403,2026-05-05,1481.0
R904843,T30160899,M11269,2026-05-05,1112.0
R904844,T30200980,M11003,2026-05-06,501.0
R904845,T30168124,M10211,2026-05-06,245.0
R904846,T30194748,M10577,2026-05-06,38.0
R904847,T30197760,M10931,2026-05-06,642.0
R904848,T30197308,M10989,2026-05-06,8020.0
R904849,T30199700,M10554,2026-05-06,3948.0
R904850,T30185826,M10577,2026-05-06,4419.0
R904851,T30185313,M10042,2026-05-06,5824.0
R904852,T30184597,M10419,2026-05-06,567.0
R904853,T30183315,M11088,2026-05-06,1059.0
R904854,T30185482,M10493,2026-05-06,3561.0
R904855,T30173368,M11552,2026-05-06,21334.0
R904856,T30195105,M10419,2026-05-06,182.0
R904857,T30198769,M10577,2026-05-06,1029.0
R904858,T30199298,M10685,2026-05-06,859.0
R904859,T30183956,M10931,2026-05-06,1081.0
R904860,T30169210,M10211,2026-05-06,443.0
R904861,T30195369,M10419,2026-05-06,1847.0
R904862,T30200838,M10989,2026-05-06,9339.0
R904863,T30158043,M10685,2026-05-06,960.0
R904864,T30191296,M10042,2026-05-06,5963.0
R904865,T30187807,M10746,2026-05-06,1278.0
R904866,T30204238,M11052,2026-05-06,374.0
R904867,T30159757,M10877,2026-05-06,540.0
R904868,T30185067,M10853,2026-05-06,186.0
R904869,T30209784,M10022,2026-05-06,849.0
R904870,T30177770,M11408,2026-05-06,1092.0
R904871,T30194380,M10493,2026-05-06,4038.0
R904872,T30209411,M10931,2026-05-06,747.0
R904873,T30177838,M11552,2026-05-06,4836.0
R904874,T30161830,M10931,2026-05-06,270.0
R904875,T30205098,M10650,2026-05-06,928.0
R904876,T30180867,M11003,2026-05-06,1452.0
R904877,T30163518,M10931,2026-05-06,724.0
R904878,T30191907,M10032,2026-05-06,368.0
R904879,T30161025,M10343,2026-05-06,136.0
R904880,T30188733,M10444,2026-05-06,771.0
R904881,T30208255,M10947,2026-05-06,1977.0
R904882,T30177944,M10096,2026-05-06,1281.0
R904883,T30189631,M10211,2026-05-06,782.0
R904884,T30158568,M11649,2026-05-06,1195.0
R904885,T30158537,M10369,2026-05-06,989.0
R904886,T30193407,M11251,2026-05-06,358.0
R904887,T30201722,M10685,2026-05-06,472.0
R904888,T30190579,M10273,2026-05-06,914.0
R904889,T30166055,M10444,2026-05-06,697.0
R904890,T30176982,M10989,2026-05-06,3890.0
R904891,T30166140,M11003,2026-05-06,321.0
R904892,T30210846,M11275,2026-05-06,968.0
R904893,T30211491,M10096,2026-05-06,1459.0
R904894,T30193985,M10577,2026-05-06,341.0
R904895,T30194103,M10676,2026-05-06,10861.0
R904896,T30206420,M11409,2026-05-06,169.0
R904897,T30190345,M10102,2026-05-06,190.0
R904898,T30185175,M10022,2026-05-07,615.0
R904899,T30207335,M11201,2026-05-07,6145.0
R904900,T30190367,M11507,2026-05-07,2944.0
R904901,T30208945,M11592,2026-05-07,730.0
R904902,T30201714,M10096,2026-05-07,544.0
R904903,T30191576,M10419,2026-05-07,1304.0
R904904,T30188332,M10096,2026-05-07,189.0
R904905,T30204311,M11275,2026-05-07,639.0
R904906,T30196073,M10107,2026-05-07,1124.0
R904907,T30203612,M10211,2026-05-07,582.0
R904908,T30209909,M10211,2026-05-07,1288.0
R904909,T30200164,M10265,2026-05-07,1465.0
R904910,T30210976,M11345,2026-05-07,5548.0
R904911,T30186513,M11408,2026-05-07,405.0
R904912,T30201864,M10685,2026-05-07,733.0
R904913,T30194273,M11520,2026-05-07,271.0
R904914,T30186461,M11213,2026-05-07,1320.0
R904915,T30189242,M11275,2026-05-07,663.0
R904916,T30205713,M11275,2026-05-07,2456.0
R904917,T30201077,M11012,2026-05-07,221.0
R904918,T30177905,M11003,2026-05-07,2062.0
R904919,T30159900,M10042,2026-05-07,12724.0
R904920,T30172026,M10419,2026-05-07,192.0
R904921,T30160602,M10931,2026-05-07,605.0
R904922,T30172835,M10989,2026-05-07,9243.0
R904923,T30161220,M10107,2026-05-07,1139.0
R904924,T30173231,M11591,2026-05-07,883.0
R904925,T30181073,M10685,2026-05-07,171.0
R904926,T30165940,M10931,2026-05-07,591.0
R904927,T30159150,M10032,2026-05-07,989.0
R904928,T30158144,M10211,2026-05-07,1871.0
R904929,T30181928,M10211,2026-05-07,313.0
R904930,T30179498,M10931,2026-05-07,372.0
R904931,T30176393,M10022,2026-05-07,535.0
R904932,T30178350,M10419,2026-05-07,400.0
R904933,T30167689,M11134,2026-05-07,217.0
R904934,T30164832,M11408,2026-05-07,323.0
R904935,T30184808,M11615,2026-05-07,608.0
R904936,T30164582,M10211,2026-05-07,564.0
R904937,T30157569,M11408,2026-05-07,1808.0
R904938,T30163190,M11533,2026-05-07,663.0
R904939,T30205259,M11146,2026-05-08,1670.0
R904940,T30192548,M10685,2026-05-08,227.0
R904941,T30167200,M10577,2026-05-08,2165.0
R904942,T30193558,M10600,2026-05-08,2890.0
R904943,T30187762,M10931,2026-05-08,598.0
R904944,T30181177,M10931,2026-05-08,250.0
R904945,T30163943,M10931,2026-05-08,1371.0
R904946,T30209209,M10902,2026-05-08,877.0
R904947,T30177324,M11408,2026-05-08,1761.0
R904948,T30192381,M11487,2026-05-08,920.0
R904949,T30172831,M10299,2026-05-08,1727.0
R904950,T30181551,M10211,2026-05-08,740.0
R904951,T30214447,M10211,2026-05-08,727.0
R904952,T30159991,M10650,2026-05-08,3782.0
R904953,T30204264,M10577,2026-05-08,512.0
R904954,T30173754,M10862,2026-05-08,330.0
R904955,T30207907,M10650,2026-05-08,2283.0
R904956,T30174157,M10685,2026-05-08,307.0
R904957,T30178307,M10042,2026-05-08,4718.0
R904958,T30165119,M10931,2026-05-08,3729.0
R904959,T30176287,M11249,2026-05-08,178.0
R904960,T30202871,M10577,2026-05-08,546.0
R904961,T30190511,M10211,2026-05-08,609.0
R904962,T30176216,M11249,2026-05-08,153.0
R904963,T30205640,M11400,2026-05-08,1284.0
R904964,T30162294,M11275,2026-05-08,307.0
R904965,T30206146,M10042,2026-05-08,3222.0
R904966,T30176032,M11253,2026-05-08,1385.0
R904967,T30175727,M10828,2026-05-08,292.0
R904968,T30175200,M11404,2026-05-08,260.0
R904969,T30177927,M11033,2026-05-08,1244.0
R904970,T30189668,M11107,2026-05-08,806.0
R904971,T30195395,M11646,2026-05-08,856.0
R904972,T30206864,M10022,2026-05-08,949.0
R904973,T30203553,M10989,2026-05-08,4140.0
R904974,T30161945,M10577,2026-05-08,785.0
R904975,T30167060,M10419,2026-05-08,776.0
R904976,T30202572,M11011,2026-05-08,6591.0
R904977,T30203746,M11507,2026-05-08,12456.0
R904978,T30159294,M10022,2026-05-08,850.0
R904979,T30200944,M11249,2026-05-08,199.0
R904980,T30197950,M10032,2026-05-08,1443.0
R904981,T30168981,M10808,2026-05-08,221.0
R904982,T30198019,M10211,2026-05-08,455.0
R904983,T30213471,M10863,2026-05-08,530.0
R904984,T30186080,M10211,2026-05-08,2311.0
R904985,T30197750,M11275,2026-05-08,492.0
R904986,T30200228,M11532,2026-05-08,504.0
R904987,T30198619,M10989,2026-05-08,4267.0
R904988,T30183834,M11538,2026-05-08,2996.0
R904989,T30211123,M10989,2026-05-08,65817.0
R904990,T30211553,M11003,2026-05-08,1582.0
R904991,T30207914,M10893,2026-05-09,1428.0
R904992,T30162057,M10577,2026-05-09,701.0
R904993,T30196241,M10577,2026-05-09,823.0
R904994,T30196195,M11499,2026-05-09,342.0
R904995,T30173959,M10853,2026-05-09,1166.0
R904996,T30188255,M10042,2026-05-09,7477.0
R904997,T30180305,M10931,2026-05-09,899.0
R904998,T30195955,M10931,2026-05-09,1746.0
R904999,T30174862,M11228,2026-05-09,926.0
R905000,T30165196,M10808,2026-05-09,1425.0
R905001,T30202281,M11408,2026-05-09,316.0
R905002,T30216107,M10685,2026-05-09,551.0
R905003,T30205393,M11532,2026-05-09,1498.0
R905004,T30195624,M10577,2026-05-09,2090.0
R905005,T30162833,M10577,2026-05-09,249.0
R905006,T30162803,M10239,2026-05-09,613.0
R905007,T30189526,M10947,2026-05-09,1140.0
R905008,T30195487,M10823,2026-05-09,476.0
R905009,T30206716,M10685,2026-05-09,844.0
R905010,T30162784,M10577,2026-05-09,339.0
R905011,T30189733,M10042,2026-05-09,9197.0
R905012,T30198330,M10032,2026-05-09,338.0
R905013,T30195774,M10042,2026-05-09,2077.0
R905014,T30205040,M10685,2026-05-09,696.0
R905015,T30194026,M11275,2026-05-09,1323.0
R905016,T30204362,M11275,2026-05-09,395.0
R905017,T30197212,M11408,2026-05-09,360.0
R905018,T30199007,M10096,2026-05-09,3866.0
R905019,T30161294,M10931,2026-05-09,2342.0
R905020,T30215321,M10947,2026-05-09,823.0
R905021,T30177226,M10685,2026-05-09,475.0
R905022,T30169307,M11026,2026-05-09,1039.0
R905023,T30214394,M10853,2026-05-09,833.0
R905024,T30182448,M11160,2026-05-09,378.0
R905025,T30185088,M10729,2026-05-09,822.0
R905026,T30214193,M10211,2026-05-09,1189.0
R905027,T30215333,M10273,2026-05-09,347.0
R905028,T30213979,M10947,2026-05-09,1024.0
R905029,T30186857,M11528,2026-05-09,292.0
R905030,T30197302,M11701,2026-05-09,998.0
R905031,T30185302,M10746,2026-05-09,332.0
R905032,T30164813,M10862,2026-05-09,300.0
R905033,T30186510,M10022,2026-05-09,399.0
R905034,T30187875,M11618,2026-05-09,455.0
R905035,T30164919,M10702,2026-05-09,3333.0
R905036,T30192915,M10577,2026-05-09,1010.0
R905037,T30180938,M10419,2026-05-09,1523.0
R905038,T30190533,M10808,2026-05-10,589.0
R905039,T30190546,M11687,2026-05-10,223.0
R905040,T30184171,M10042,2026-05-10,15831.0
R905041,T30202732,M10273,2026-05-10,482.0
R905042,T30205808,M10862,2026-05-10,387.0
R905043,T30183371,M11159,2026-05-10,748.0
R905044,T30204255,M10613,2026-05-10,1328.0
R905045,T30169476,M10931,2026-05-10,748.0
R905046,T30203199,M10650,2026-05-10,4791.0
R905047,T30192265,M10211,2026-05-10,780.0
R905048,T30200387,M10905,2026-05-10,414.0
R905049,T30193210,M11408,2026-05-10,390.0
R905050,T30191170,M10947,2026-05-10,188.0
R905051,T30185451,M11400,2026-05-10,965.0
R905052,T30185444,M10746,2026-05-10,1082.0
R905053,T30165045,M10294,2026-05-10,660.0
R905054,T30169026,M11249,2026-05-10,60.0
R905055,T30176503,M10746,2026-05-10,784.0
R905056,T30198904,M11616,2026-05-10,449.0
R905057,T30163391,M10399,2026-05-10,1390.0
R905058,T30190668,M11003,2026-05-10,996.0
R905059,T30194810,M11277,2026-05-10,839.0
R905060,T30197514,M10650,2026-05-10,2232.0
R905061,T30179016,M10032,2026-05-10,217.0
R905062,T30213473,M10853,2026-05-10,1036.0
R905063,T30186057,M10211,2026-05-10,1169.0
R905064,T30200763,M11217,2026-05-10,503.0
R905065,T30216225,M10807,2026-05-10,3145.0
R905066,T30201751,M10651,2026-05-10,902.0
R905067,T30201732,M11249,2026-05-10,1524.0
R905068,T30173511,M11532,2026-05-10,702.0
R905069,T30215731,M11275,2026-05-10,699.0
R905070,T30202099,M10883,2026-05-10,305.0
R905071,T30215377,M10419,2026-05-10,631.0
R905072,T30208833,M11399,2026-05-10,460.0
R905073,T30201661,M11275,2026-05-10,1928.0
R905074,T30197999,M10746,2026-05-10,907.0
R905075,T30171618,M10567,2026-05-10,2905.0
R905076,T30187115,M11003,2026-05-10,754.0
R905077,T30201400,M10931,2026-05-10,246.0
R905078,T30181867,M10273,2026-05-10,1506.0
R905079,T30197477,M10706,2026-05-10,686.0
R905080,T30173453,M11283,2026-05-10,3986.0
R905081,T30195961,M10295,2026-05-10,6781.0
R905082,T30182562,M10577,2026-05-10,120.0
R905083,T30207182,M10947,2026-05-10,863.0
R905084,T30217888,M10096,2026-05-10,1487.0
R905085,T30168971,M10022,2026-05-10,516.0
R905086,T30174378,M10743,2026-05-10,9954.0
R905087,T30202546,M10890,2026-05-10,814.0
R905088,T30209872,M10918,2026-05-10,3529.0
R905089,T30198189,M10419,2026-05-10,269.0
R905090,T30195247,M10211,2026-05-10,350.0
R905091,T30171157,M10338,2026-05-10,1465.0
R905092,T30207173,M10931,2026-05-10,487.0
R905093,T30185939,M10211,2026-05-10,345.0
R905094,T30194859,M10577,2026-05-11,424.0
R905095,T30199283,M10746,2026-05-11,497.0
R905096,T30198407,M11596,2026-05-11,58.0
R905097,T30167590,M10605,2026-05-11,598.0
R905098,T30165809,M10022,2026-05-11,885.0
R905099,T30168185,M10362,2026-05-11,13016.0
R905100,T30169134,M10685,2026-05-11,1021.0
R905101,T30170794,M10577,2026-05-11,488.0
R905102,T30170497,M10989,2026-05-11,8025.0
R905103,T30172902,M10314,2026-05-11,206.0
R905104,T30177321,M10211,2026-05-11,1457.0
R905105,T30196596,M10685,2026-05-11,380.0
R905106,T30170031,M10096,2026-05-11,174.0
R905107,T30168795,M11249,2026-05-11,1487.0
R905108,T30193503,M10273,2026-05-11,358.0
R905109,T30195546,M10989,2026-05-11,1445.0
R905110,T30170953,M11080,2026-05-11,1028.0
R905111,T30220268,M11305,2026-05-11,3998.0
R905112,T30203478,M10862,2026-05-11,276.0
R905113,T30168758,M10931,2026-05-11,1431.0
R905114,T30165645,M11532,2026-05-11,315.0
R905115,T30203260,M11616,2026-05-11,113.0
R905116,T30193976,M10419,2026-05-11,977.0
R905117,T30176184,M11404,2026-05-11,788.0
R905118,T30167152,M10419,2026-05-11,1023.0
R905119,T30169859,M10383,2026-05-11,1057.0
R905120,T30217418,M10947,2026-05-11,265.0
R905121,T30187111,M10800,2026-05-11,16793.0
R905122,T30190529,M10862,2026-05-11,294.0
R905123,T30187680,M11552,2026-05-11,7364.0
R905124,T30181582,M10005,2026-05-11,759.0
R905125,T30186741,M10577,2026-05-11,532.0
R905126,T30179995,M10947,2026-05-11,873.0
R905127,T30209890,M10839,2026-05-11,3638.0
R905128,T30178152,M10823,2026-05-11,512.0
R905129,T30190013,M10729,2026-05-11,1309.0
R905130,T30213533,M10314,2026-05-11,116.0
R905131,T30219487,M10457,2026-05-11,824.0
R905132,T30188862,M10273,2026-05-11,386.0
R905133,T30180335,M10821,2026-05-11,888.0
R905134,T30185928,M10989,2026-05-11,3007.0
R905135,T30191938,M10042,2026-05-11,6356.0
R905136,T30192533,M10292,2026-05-11,992.0
R905137,T30177767,M11023,2026-05-11,261.0
R905138,T30184919,M10032,2026-05-11,819.0
R905139,T30211440,M10338,2026-05-11,610.0
R905140,T30169981,M10931,2026-05-11,47.0
R905141,T30213058,M10565,2026-05-11,139.0
R905142,T30209123,M11275,2026-05-11,337.0
R905143,T30206646,M11107,2026-05-11,470.0
R905144,T30185530,M10419,2026-05-11,186.0
R905145,T30206533,M10211,2026-05-11,845.0
R905146,T30207963,M10808,2026-05-12,659.0
R905147,T30167193,M11377,2026-05-12,1556.0
R905148,T30217046,M10931,2026-05-12,945.0
R905149,T30180181,M11148,2026-05-12,764.0
R905150,T30214984,M10867,2026-05-12,2499.0
R905151,T30215814,M10444,2026-05-12,61.0
R905152,T30189347,M10862,2026-05-12,968.0
R905153,T30222166,M10314,2026-05-12,2276.0
R905154,T30216852,M11723,2026-05-12,422.0
R905155,T30173738,M10411,2026-05-12,9609.0
R905156,T30215888,M10577,2026-05-12,285.0
R905157,T30216278,M10022,2026-05-12,275.0
R905158,T30181540,M11134,2026-05-12,327.0
R905159,T30212209,M10685,2026-05-12,1213.0
R905160,T30184867,M10650,2026-05-12,3114.0
R905161,T30199216,M11003,2026-05-12,767.0
R905162,T30200309,M11520,2026-05-12,1030.0
R905163,T30213095,M10419,2026-05-12,1580.0
R905164,T30211162,M11408,2026-05-12,506.0
R905165,T30185781,M10076,2026-05-12,231.0
R905166,T30201457,M10947,2026-05-12,820.0
R905167,T30168907,M10828,2026-05-12,530.0
R905168,T30210770,M10828,2026-05-12,479.0
R905169,T30213791,M10577,2026-05-12,3537.0
R905170,T30182525,M10577,2026-05-12,366.0
R905171,T30168696,M10832,2026-05-12,2499.0
R905172,T30168426,M11033,2026-05-12,782.0
R905173,T30181996,M10211,2026-05-12,1652.0
R905174,T30214434,M11373,2026-05-12,3223.0
R905175,T30223371,M10931,2026-05-12,2229.0
R905176,T30186739,M11217,2026-05-12,8966.0
R905177,T30212049,M10032,2026-05-12,97.0
R905178,T30203530,M11132,2026-05-12,12449.0
R905179,T30191152,M10042,2026-05-12,4976.0
R905180,T30190464,M10577,2026-05-12,1130.0
R905181,T30218191,M10022,2026-05-12,1204.0
R905182,T30206196,M10314,2026-05-12,561.0
R905183,T30204668,M10685,2026-05-12,357.0
R905184,T30194210,M10931,2026-05-12,534.0
R905185,T30175788,M11408,2026-05-12,480.0
R905186,T30176520,M10048,2026-05-12,438.0
R905187,T30206433,M10947,2026-05-12,619.0
R905188,T30191054,M10042,2026-05-12,4624.0
R905189,T30177107,M11217,2026-05-12,1107.0
R905190,T30178020,M10165,2026-05-12,7273.0
R905191,T30176217,M10032,2026-05-12,285.0
R905192,T30221143,M10853,2026-05-12,626.0
R905193,T30195289,M10931,2026-05-12,1382.0
R905194,T30204719,M10211,2026-05-12,372.0
R905195,T30176979,M11275,2026-05-12,839.0
R905196,T30191890,M10931,2026-05-12,646.0
R905197,T30221400,M11426,2026-05-12,772.0
R905198,T30189828,M10931,2026-05-12,322.0
R905199,T30177082,M10828,2026-05-12,2299.0
R905200,T30177857,M11003,2026-05-13,301.0
R905201,T30209637,M10442,2026-05-13,699.0
R905202,T30185668,M10808,2026-05-13,776.0
R905203,T30222852,M10746,2026-05-13,286.0
R905204,T30201326,M10597,2026-05-13,7991.0
R905205,T30212867,M10746,2026-05-13,2330.0
R905206,T30197384,M10577,2026-05-13,313.0
R905207,T30170873,M10577,2026-05-13,1156.0
R905208,T30213393,M11003,2026-05-13,614.0
R905209,T30201028,M10947,2026-05-13,1326.0
R905210,T30197897,M10211,2026-05-13,455.0
R905211,T30198182,M10790,2026-05-13,950.0
R905212,T30171483,M11086,2026-05-13,1401.0
R905213,T30193273,M11275,2026-05-13,4151.0
R905214,T30191647,M11431,2026-05-13,263.0
R905215,T30186286,M11275,2026-05-13,705.0
R905216,T30182552,M10042,2026-05-13,7744.0
R905217,T30176779,M10808,2026-05-13,1316.0
R905218,T30170372,M11283,2026-05-13,2422.0
R905219,T30178178,M10808,2026-05-13,716.0
R905220,T30211396,M10022,2026-05-13,457.0
R905221,T30179687,M11540,2026-05-13,788.0
R905222,T30212593,M10022,2026-05-13,1303.0
R905223,T30192863,M11431,2026-05-13,471.0
R905224,T30192222,M11516,2026-05-13,95.0
R905225,T30195658,M10493,2026-05-13,3607.0
R905226,T30202511,M11363,2026-05-13,1651.0
R905227,T30221753,M10931,2026-05-13,160.0
R905228,T30192187,M10800,2026-05-13,4666.0
R905229,T30207455,M10032,2026-05-13,401.0
R905230,T30225611,M11003,2026-05-13,217.0
R905231,T30189894,M10107,2026-05-13,2220.0
R905232,T30189917,M10828,2026-05-13,655.0
R905233,T30180541,M10650,2026-05-13,6091.0
R905234,T30211886,M11249,2026-05-13,309.0
R905235,T30201930,M10947,2026-05-13,841.0
R905236,T30178665,M10096,2026-05-13,2111.0
R905237,T30207900,M11552,2026-05-13,2047.0
R905238,T30180748,M11112,2026-05-13,255.0
R905239,T30200007,M10493,2026-05-13,2686.0
R905240,T30212241,M11538,2026-05-13,458.0
R905241,T30200454,M10931,2026-05-13,3155.0
R905242,T30187248,M10828,2026-05-13,800.0
R905243,T30214563,M10931,2026-05-13,965.0
R905244,T30196682,M10701,2026-05-13,1676.0
R905245,T30175607,M10246,2026-05-13,206.0
R905246,T30187821,M10330,2026-05-13,924.0
R905247,T30194725,M11487,2026-05-13,420.0
R905248,T30187885,M11217,2026-05-13,614.0
R905249,T30217907,M11712,2026-05-13,901.0
R905250,T30190182,M11629,2026-05-13,8542.0
R905251,T30222543,M10989,2026-05-13,3483.0
R905252,T30196337,M10931,2026-05-13,339.0
R905253,T30201497,M10369,2026-05-13,528.0
R905254,T30199695,M10746,2026-05-14,1375.0
R905255,T30204555,M11578,2026-05-14,679.0
R905256,T30218636,M10567,2026-05-14,2739.0
R905257,T30211091,M10211,2026-05-14,219.0
R905258,T30221559,M10343,2026-05-14,173.0
R905259,T30217337,M10627,2026-05-14,12559.0
R905260,T30217582,M10779,2026-05-14,3961.0
R905261,T30202186,M11217,2026-05-14,6004.0
R905262,T30216348,M10947,2026-05-14,892.0
R905263,T30222151,M10577,2026-05-14,859.0
R905264,T30216332,M11339,2026-05-14,993.0
R905265,T30205528,M10042,2026-05-14,16245.0
R905266,T30209306,M10544,2026-05-14,4784.0
R905267,T30202863,M10685,2026-05-14,1603.0
R905268,T30206855,M10685,2026-05-14,967.0
R905269,T30214365,M11592,2026-05-14,701.0
R905270,T30209972,M11003,2026-05-14,619.0
R905271,T30214287,M10107,2026-05-14,1563.0
R905272,T30204880,M10685,2026-05-14,1378.0
R905273,T30220384,M11431,2026-05-14,158.0
R905274,T30204727,M10577,2026-05-14,3238.0
R905275,T30213364,M10989,2026-05-14,4608.0
R905276,T30211078,M10419,2026-05-14,1065.0
R905277,T30223485,M10022,2026-05-14,594.0
R905278,T30203642,M10853,2026-05-14,600.0
R905279,T30226183,M10931,2026-05-14,839.0
R905280,T30191695,M10685,2026-05-14,379.0
R905281,T30171938,M10493,2026-05-14,3397.0
R905282,T30182479,M10685,2026-05-14,1286.0
R905283,T30174063,M10341,2026-05-14,4429.0
R905284,T30181569,M10931,2026-05-14,309.0
R905285,T30195288,M10606,2026-05-14,1952.0
R905286,T30183128,M11229,2026-05-14,273.0
R905287,T30187573,M11146,2026-05-14,1426.0
R905288,T30188097,M10577,2026-05-14,461.0
R905289,T30176671,M10577,2026-05-14,963.0
R905290,T30180111,M11408,2026-05-14,664.0
R905291,T30189489,M10022,2026-05-14,729.0
R905292,T30184617,M10530,2026-05-14,2338.0
R905293,T30170454,M10931,2026-05-14,2135.0
R905294,T30179216,M11210,2026-05-14,1582.0
R905295,T30225356,M10022,2026-05-14,860.0
R905296,T30192481,M11720,2026-05-14,537.0
R905297,T30172091,M10211,2026-05-14,1320.0
R905298,T30220110,M11431,2026-05-15,169.0
R905299,T30178755,M11229,2026-05-15,673.0
R905300,T30182542,M10931,2026-05-15,2881.0
R905301,T30205440,M11495,2026-05-15,1050.0
R905302,T30222584,M10823,2026-05-15,479.0
R905303,T30227668,M10505,2026-05-15,110.0
R905304,T30201578,M11408,2026-05-15,652.0
R905305,T30196602,M10862,2026-05-15,790.0
R905306,T30227750,M10685,2026-05-15,815.0
R905307,T30219529,M11408,2026-05-15,1321.0
R905308,T30190703,M11532,2026-05-15,985.0
R905309,T30218132,M10577,2026-05-15,1011.0
R905310,T30179013,M11616,2026-05-15,618.0
R905311,T30204371,M10032,2026-05-15,434.0
R905312,T30228535,M11591,2026-05-15,455.0
R905313,T30204199,M11434,2026-05-15,619.0
R905314,T30221042,M10273,2026-05-15,1648.0
R905315,T30194320,M11720,2026-05-15,212.0
R905316,T30203037,M11408,2026-05-15,2000.0
R905317,T30229170,M11277,2026-05-15,624.0
R905318,T30192454,M10032,2026-05-15,228.0
R905319,T30216480,M10419,2026-05-15,1098.0
R905320,T30172416,M11109,2026-05-15,1980.0
R905321,T30177040,M10931,2026-05-15,1079.0
R905322,T30206592,M11707,2026-05-15,9053.0
R905323,T30203687,M11275,2026-05-15,3918.0
R905324,T30217290,M10772,2026-05-15,212.0
R905325,T30179744,M10491,2026-05-15,1002.0
R905326,T30221928,M10203,2026-05-15,9242.0
R905327,T30185379,M10746,2026-05-15,903.0
R905328,T30223067,M11354,2026-05-15,1007.0
R905329,T30184601,M10032,2026-05-15,356.0
R905330,T30224532,M10947,2026-05-15,1427.0
R905331,T30198779,M10032,2026-05-15,623.0
R905332,T30226006,M11288,2026-05-15,1629.0
R905333,T30199994,M11376,2026-05-15,431.0
R905334,T30183688,M10419,2026-05-15,562.0
R905335,T30212679,M11646,2026-05-15,741.0
R905336,T30184761,M10685,2026-05-15,2319.0
R905337,T30223235,M11277,2026-05-15,696.0
R905338,T30227492,M10685,2026-05-15,136.0
R905339,T30197725,M10650,2026-05-15,5198.0
R905340,T30226579,M10577,2026-05-15,556.0
R905341,T30226148,M11621,2026-05-15,425.0
R905342,T30200378,M11098,2026-05-15,650.0
R905343,T30202913,M10493,2026-05-16,5371.0
R905344,T30207185,M10489,2026-05-16,611.0
R905345,T30180738,M10042,2026-05-16,7048.0
R905346,T30207846,M10491,2026-05-16,436.0
R905347,T30220290,M11431,2026-05-16,712.0
R905348,T30207481,M10931,2026-05-16,119.0
R905349,T30226343,M10314,2026-05-16,380.0
R905350,T30229621,M10042,2026-05-16,5143.0
R905351,T30215921,M10931,2026-05-16,818.0
R905352,T30186159,M10382,2026-05-16,24971.0
R905353,T30198684,M11411,2026-05-16,2402.0
R905354,T30205065,M10931,2026-05-16,770.0
R905355,T30218264,M11529,2026-05-16,1080.0
R905356,T30211944,M10889,2026-05-16,1063.0
R905357,T30199227,M11249,2026-05-16,274.0
R905358,T30178884,M11704,2026-05-16,1046.0
R905359,T30218018,M10753,2026-05-16,309.0
R905360,T30192695,M10853,2026-05-16,1344.0
R905361,T30178920,M10493,2026-05-16,699.0
R905362,T30211523,M10341,2026-05-16,5083.0
R905363,T30219153,M10273,2026-05-16,362.0
R905364,T30177464,M10753,2026-05-16,588.0
R905365,T30206942,M11275,2026-05-16,203.0
R905366,T30203865,M10862,2026-05-16,236.0
R905367,T30202857,M11482,2026-05-16,532.0
R905368,T30224821,M11408,2026-05-16,113.0
R905369,T30181022,M10931,2026-05-16,2001.0
R905370,T30199402,M10853,2026-05-16,889.0
R905371,T30209682,M11167,2026-05-16,668.0
R905372,T30181506,M10931,2026-05-16,334.0
R905373,T30204952,M11438,2026-05-16,736.0
R905374,T30196024,M10828,2026-05-16,1473.0
R905375,T30182865,M11003,2026-05-16,576.0
R905376,T30209584,M10989,2026-05-16,6066.0
R905377,T30196769,M11602,2026-05-16,645.0
R905378,T30227672,M10419,2026-05-16,2033.0
R905379,T30228080,M10947,2026-05-16,368.0
R905380,T30209713,M11275,2026-05-16,1956.0
R905381,T30182701,M10808,2026-05-16,1809.0
R905382,T30186690,M10525,2026-05-16,2501.0
R905383,T30181979,M10853,2026-05-16,760.0
R905384,T30214323,M11003,2026-05-16,954.0
R905385,T30196660,M10211,2026-05-16,1393.0
R905386,T30175547,M10175,2026-05-16,1188.0
R905387,T30182419,M11200,2026-05-16,1479.0
R905388,T30227461,M11249,2026-05-16,424.0
R905389,T30174806,M10853,2026-05-16,280.0
R905390,T30228239,M10989,2026-05-16,4844.0
R905391,T30210712,M10314,2026-05-16,426.0
R905392,T30187813,M10883,2026-05-16,544.0
R905393,T30186237,M10685,2026-05-16,1241.0
R905394,T30201076,M11716,2026-05-16,4696.0
R905395,T30174702,M10096,2026-05-16,154.0
R905396,T30221612,M10577,2026-05-16,1591.0
R905397,T30195761,M11003,2026-05-16,1719.0
R905398,T30187403,M10577,2026-05-16,720.0
R905399,T30226754,M10419,2026-05-16,1437.0
R905400,T30221068,M10022,2026-05-16,1560.0
R905401,T30190098,M10067,2026-05-17,538.0
R905402,T30184829,M10493,2026-05-17,9369.0
R905403,T30210342,M10743,2026-05-17,4114.0
R905404,T30185086,M10419,2026-05-17,250.0
R905405,T30210706,M10211,2026-05-17,431.0
R905406,T30186592,M10096,2026-05-17,1131.0
R905407,T30232389,M10828,2026-05-17,270.0
R905408,T30215885,M10419,2026-05-17,889.0
R905409,T30211614,M10800,2026-05-17,1562.0
R905410,T30213459,M10362,2026-05-17,4165.0
R905411,T30184653,M10650,2026-05-17,15164.0
R905412,T30217462,M11108,2026-05-17,2911.0
R905413,T30179804,M11378,2026-05-17,8182.0
R905414,T30217109,M10947,2026-05-17,1334.0
R905415,T30212984,M10989,2026-05-17,5380.0
R905416,T30187243,M10853,2026-05-17,306.0
R905417,T30184462,M10808,2026-05-17,499.0
R905418,T30207767,M11408,2026-05-17,475.0
R905419,T30181467,M10685,2026-05-17,402.0
R905420,T30211181,M10032,2026-05-17,526.0
R905421,T30181401,M11003,2026-05-17,4681.0
R905422,T30187593,M10947,2026-05-17,1534.0
R905423,T30212776,M10808,2026-05-17,1068.0
R905424,T30211131,M10746,2026-05-17,1004.0
R905425,T30218634,M10022,2026-05-17,2043.0
R905426,T30227679,M11408,2026-05-17,373.0
R905427,T30201066,M10493,2026-05-17,1299.0
R905428,T30177080,M10467,2026-05-17,681.0
R905429,T30195267,M10577,2026-05-17,2308.0
R905430,T30197378,M10701,2026-05-17,732.0
R905431,T30201528,M11520,2026-05-17,657.0
R905432,T30177368,M11532,2026-05-17,542.0
R905433,T30221741,M10931,2026-05-17,251.0
R905434,T30222575,M10685,2026-05-17,410.0
R905435,T30192377,M11001,2026-05-17,1316.0
R905436,T30219933,M11649,2026-05-17,13196.0
R905437,T30192474,M10931,2026-05-17,772.0
R905438,T30196135,M11275,2026-05-17,986.0
R905439,T30219789,M10989,2026-05-17,2899.0
R905440,T30222135,M10989,2026-05-17,6262.0
R905441,T30201736,M11616,2026-05-17,227.0
R905442,T30218888,M10902,2026-05-17,745.0
R905443,T30223038,M10419,2026-05-17,433.0
R905444,T30230500,M10862,2026-05-17,2453.0
R905445,T30203216,M10808,2026-05-17,707.0
R905446,T30193929,M10048,2026-05-17,795.0
R905447,T30225626,M10685,2026-05-17,843.0
R905448,T30224804,M10273,2026-05-17,1685.0
R905449,T30193859,M10096,2026-05-17,1716.0
R905450,T30218814,M11403,2026-05-17,433.0
R905451,T30200428,M11664,2026-05-17,2594.0
R905452,T30225733,M10107,2026-05-17,1403.0
R905453,T30227003,M10096,2026-05-17,1086.0
R905454,T30228796,M10577,2026-05-17,1626.0
R905455,T30219182,M11610,2026-05-17,1592.0
R905456,T30220922,M10823,2026-05-18,238.0
R905457,T30228881,M10565,2026-05-18,4330.0
R905458,T30228487,M11616,2026-05-18,436.0
R905459,T30228549,M10772,2026-05-18,202.0
R905460,T30215365,M10338,2026-05-18,163.0
R905461,T30187724,M10447,2026-05-18,265.0
R905462,T30180623,M11003,2026-05-18,1161.0
R905463,T30195715,M11217,2026-05-18,2137.0
R905464,T30209290,M11376,2026-05-18,661.0
R905465,T30188119,M11616,2026-05-18,1052.0
R905466,T30230442,M11080,2026-05-18,1580.0
R905467,T30186911,M11244,2026-05-18,840.0
R905468,T30212197,M10559,2026-05-18,5333.0
R905469,T30225296,M10746,2026-05-18,500.0
R905470,T30225335,M10314,2026-05-18,363.0
R905471,T30224664,M11673,2026-05-18,1332.0
R905472,T30225961,M11354,2026-05-18,11882.0
R905473,T30183264,M10107,2026-05-18,1494.0
R905474,T30213196,M10685,2026-05-18,1187.0
R905475,T30183112,M10382,2026-05-18,2290.0
R905476,T30221765,M10862,2026-05-18,131.0
R905477,T30182985,M11071,2026-05-18,365.0
R905478,T30227434,M11264,2026-05-18,3172.0
R905479,T30186033,M10273,2026-05-18,138.0
R905480,T30182640,M11229,2026-05-18,886.0
R905481,T30213627,M10419,2026-05-18,1126.0
R905482,T30186556,M11408,2026-05-18,1585.0
R905483,T30233249,M11755,2026-05-18,619.0
R905484,T30186791,M10567,2026-05-18,2630.0
R905485,T30181844,M10808,2026-05-18,804.0
R905486,T30227035,M11403,2026-05-18,2992.0
R905487,T30188639,M11713,2026-05-18,2408.0
R905488,T30234255,M10022,2026-05-18,2292.0
R905489,T30185018,M10211,2026-05-18,219.0
R905490,T30232459,M11275,2026-05-18,495.0
R905491,T30178808,M11003,2026-05-18,711.0
R905492,T30218343,M10701,2026-05-18,1292.0
R905493,T30191270,M11003,2026-05-18,5468.0
R905494,T30179583,M10989,2026-05-18,8205.0
R905495,T30180148,M10777,2026-05-18,864.0
R905496,T30199382,M10211,2026-05-18,773.0
R905497,T30189745,M10828,2026-05-18,668.0
R905498,T30235193,M10989,2026-05-18,3629.0
R905499,T30230297,M10931,2026-05-18,371.0
R905500,T30230834,M10931,2026-05-18,887.0
R905501,T30235183,M10577,2026-05-18,1040.0
R905502,T30230820,M10790,2026-05-18,607.0
R905503,T30178891,M10931,2026-05-18,679.0
R905504,T30205750,M10947,2026-05-18,758.0
R905505,T30180384,M10096,2026-05-18,744.0
R905506,T30217993,M10753,2026-05-18,428.0
R905507,T30178079,M10577,2026-05-18,1365.0
R905508,T30227059,M11062,2026-05-19,1274.0
R905509,T30183118,M10032,2026-05-19,935.0
R905510,T30211036,M11408,2026-05-19,7429.0
R905511,T30204645,M11003,2026-05-19,623.0
R905512,T30233790,M10032,2026-05-19,54.0
R905513,T30186049,M10419,2026-05-19,1045.0
R905514,T30213412,M10746,2026-05-19,1034.0
R905515,T30210519,M11616,2026-05-19,918.0
R905516,T30190438,M10685,2026-05-19,889.0
R905517,T30218786,M11408,2026-05-19,921.0
R905518,T30218735,M10931,2026-05-19,160.0
R905519,T30212179,M10650,2026-05-19,2268.0
R905520,T30185026,M11271,2026-05-19,1052.0
R905521,T30205057,M10211,2026-05-19,1293.0
R905522,T30211914,M11495,2026-05-19,1359.0
R905523,T30191995,M11218,2026-05-19,419.0
R905524,T30212299,M11249,2026-05-19,813.0
R905525,T30211784,M10828,2026-05-19,118.0
R905526,T30224853,M10808,2026-05-19,2004.0
R905527,T30225687,M10931,2026-05-19,674.0
R905528,T30224547,M11658,2026-05-19,1414.0
R905529,T30200133,M11408,2026-05-19,2498.0
R905530,T30200224,M10457,2026-05-19,997.0
R905531,T30224462,M11717,2026-05-19,2266.0
R905532,T30223010,M10989,2026-05-19,2923.0
R905533,T30184428,M10746,2026-05-19,655.0
R905534,T30223915,M10746,2026-05-19,126.0
R905535,T30192029,M10577,2026-05-19,390.0
R905536,T30184990,M11616,2026-05-19,462.0
R905537,T30188706,M10273,2026-05-19,390.0
R905538,T30213966,M11264,2026-05-19,788.0
R905539,T30219034,M10042,2026-05-19,16437.0
R905540,T30233168,M11637,2026-05-19,1595.0
R905541,T30235355,M10419,2026-05-19,1282.0
R905542,T30219506,M11364,2026-05-19,189.0
R905543,T30209199,M10096,2026-05-19,1148.0
R905544,T30181243,M10042,2026-05-19,4317.0
R905545,T30235378,M11040,2026-05-19,480.0
R905546,T30215200,M10042,2026-05-19,4574.0
R905547,T30208817,M10032,2026-05-19,604.0
R905548,T30193854,M11541,2026-05-19,284.0
R905549,T30233516,M10419,2026-05-19,915.0
R905550,T30202618,M10685,2026-05-19,321.0
R905551,T30234332,M10211,2026-05-19,756.0
R905552,T30228998,M11109,2026-05-19,336.0
R905553,T30237803,M10032,2026-05-19,65.0
R905554,T30189746,M11532,2026-05-19,791.0
R905555,T30213954,M10022,2026-05-19,140.0
R905556,T30217813,M11249,2026-05-19,207.0
R905557,T30205979,M11724,2026-05-19,677.0
R905558,T30210082,M10577,2026-05-19,521.0
R905559,T30197377,M10739,2026-05-19,615.0
R905560,T30186348,M10353,2026-05-19,1386.0
R905561,T30219010,M10931,2026-05-19,1738.0
R905562,T30230210,M10211,2026-05-19,2296.0
R905563,T30231681,M10931,2026-05-19,311.0
R905564,T30196458,M10853,2026-05-19,386.0
R905565,T30237555,M11249,2026-05-20,432.0
R905566,T30216710,M11003,2026-05-20,676.0
R905567,T30234862,M10032,2026-05-20,108.0
R905568,T30230146,M11109,2026-05-20,1633.0
R905569,T30216062,M10808,2026-05-20,509.0
R905570,T30228933,M11408,2026-05-20,938.0
R905571,T30233801,M11275,2026-05-20,3087.0
R905572,T30233631,M10273,2026-05-20,319.0
R905573,T30216988,M11217,2026-05-20,2508.0
R905574,T30235972,M10931,2026-05-20,1036.0
R905575,T30221904,M11713,2026-05-20,1668.0
R905576,T30222194,M10989,2026-05-20,4393.0
R905577,T30233549,M11188,2026-05-20,1923.0
R905578,T30230927,M10729,2026-05-20,421.0
R905579,T30236505,M11249,2026-05-20,165.0
R905580,T30212828,M10211,2026-05-20,1489.0
R905581,T30229927,M10107,2026-05-20,1143.0
R905582,T30238915,M11408,2026-05-20,68.0
R905583,T30217134,M10022,2026-05-20,1976.0
R905584,T30240394,M11591,2026-05-20,640.0
R905585,T30224442,M10685,2026-05-20,333.0
R905586,T30233831,M10022,2026-05-20,1583.0
R905587,T30195757,M10042,2026-05-20,19637.0
R905588,T30198203,M10567,2026-05-20,1267.0
R905589,T30199927,M10493,2026-05-20,3682.0
R905590,T30190355,M10096,2026-05-20,216.0
R905591,T30210352,M11354,2026-05-20,6403.0
R905592,T30205121,M10341,2026-05-20,4176.0
R905593,T30197915,M11574,2026-05-20,378.0
R905594,T30197845,M10862,2026-05-20,475.0
R905595,T30188570,M10853,2026-05-20,577.0
R905596,T30206485,M10022,2026-05-20,263.0
R905597,T30202234,M10790,2026-05-20,1406.0
R905598,T30187962,M10828,2026-05-20,1576.0
R905599,T30202076,M10931,2026-05-20,233.0
R905600,T30188644,M10650,2026-05-20,6901.0
R905601,T30199012,M10989,2026-05-20,1971.0
R905602,T30187655,M10867,2026-05-20,580.0
R905603,T30195194,M10341,2026-05-20,10990.0
R905604,T30214899,M10577,2026-05-21,2865.0
R905605,T30190758,M10096,2026-05-21,225.0
R905606,T30240647,M11752,2026-05-21,6352.0
R905607,T30221344,M11300,2026-05-21,253.0
R905608,T30190387,M10211,2026-05-21,564.0
R905609,T30217270,M11713,2026-05-21,2172.0
R905610,T30204438,M10613,2026-05-21,287.0
R905611,T30238401,M10211,2026-05-21,2413.0
R905612,T30209577,M10685,2026-05-21,696.0
R905613,T30224537,M11059,2026-05-21,1244.0
R905614,T30235752,M10823,2026-05-21,831.0
R905615,T30228184,M10947,2026-05-21,858.0
R905616,T30214357,M10905,2026-05-21,193.0
R905617,T30217405,M10565,2026-05-21,776.0
R905618,T30231717,M10931,2026-05-21,1647.0
R905619,T30207677,M11271,2026-05-21,410.0
R905620,T30191354,M10989,2026-05-21,3148.0
R905621,T30230502,M11315,2026-05-21,175.0
R905622,T30207754,M10828,2026-05-21,468.0
R905623,T30194499,M10746,2026-05-21,777.0
R905624,T30238402,M11644,2026-05-21,1506.0
R905625,T30227610,M10032,2026-05-21,992.0
R905626,T30192697,M10577,2026-05-21,1348.0
R905627,T30215879,M10853,2026-05-21,541.0
R905628,T30200053,M11729,2026-05-21,2169.0
R905629,T30221466,M10926,2026-05-21,1243.0
R905630,T30218630,M10931,2026-05-21,667.0
R905631,T30192107,M10746,2026-05-21,381.0
R905632,T30197205,M11029,2026-05-21,6339.0
R905633,T30210033,M11003,2026-05-21,406.0
R905634,T30215468,M10808,2026-05-21,850.0
R905635,T30228721,M11267,2026-05-21,751.0
R905636,T30240468,M10493,2026-05-21,1558.0
R905637,T30221441,M11143,2026-05-21,75.0
R905638,T30208776,M10042,2026-05-21,9331.0
R905639,T30227542,M11336,2026-05-21,703.0
R905640,T30231846,M11591,2026-05-21,518.0
R905641,T30199253,M11003,2026-05-21,393.0
R905642,T30187667,M10800,2026-05-21,4996.0
R905643,T30212925,M10834,2026-05-21,2618.0
R905644,T30219619,M10931,2026-05-21,1080.0
R905645,T30225249,M11275,2026-05-21,1349.0
R905646,T30232944,M10577,2026-05-21,1334.0
R905647,T30235156,M11408,2026-05-21,241.0
R905648,T30198367,M10042,2026-05-21,2235.0
R905649,T30204107,M10491,2026-05-21,772.0
R905650,T30204125,M10067,2026-05-21,1812.0
R905651,T30212205,M10022,2026-05-21,917.0
R905652,T30210392,M11275,2026-05-21,981.0
R905653,T30201251,M10032,2026-05-21,334.0
R905654,T30224153,M11575,2026-05-21,1853.0
R905655,T30189791,M11591,2026-05-21,2350.0
R905656,T30210088,M10808,2026-05-21,230.0
R905657,T30186913,M11482,2026-05-21,1320.0
R905658,T30233532,M10839,2026-05-21,2288.0
R905659,T30184858,M10898,2026-05-21,12791.0
R905660,T30224662,M10032,2026-05-22,172.0
R905661,T30211423,M11662,2026-05-22,218.0
R905662,T30203703,M10889,2026-05-22,1230.0
R905663,T30222009,M11483,2026-05-22,2155.0
R905664,T30192401,M11351,2026-05-22,4090.0
R905665,T30216915,M10947,2026-05-22,493.0
R905666,T30229642,M11616,2026-05-22,421.0
R905667,T30211735,M11291,2026-05-22,944.0
R905668,T30200453,M10746,2026-05-22,1349.0
R905669,T30216258,M10808,2026-05-22,350.0
R905670,T30242912,M10022,2026-05-22,639.0
R905671,T30199272,M10931,2026-05-22,1916.0
R905672,T30244527,M10931,2026-05-22,1010.0
R905673,T30199305,M10419,2026-05-22,526.0
R905674,T30221898,M10931,2026-05-22,268.0
R905675,T30197090,M10273,2026-05-22,539.0
R905676,T30206621,M10493,2026-05-22,2201.0
R905677,T30239253,M10947,2026-05-22,2179.0
R905678,T30231253,M10850,2026-05-22,214.0
R905679,T30212031,M11408,2026-05-22,1744.0
R905680,T30210260,M11562,2026-05-22,1174.0
R905681,T30203483,M10862,2026-05-22,1552.0
R905682,T30241279,M11086,2026-05-22,1136.0
R905683,T30213606,M10042,2026-05-22,16471.0
R905684,T30201759,M11408,2026-05-22,764.0
R905685,T30221261,M11616,2026-05-22,883.0
R905686,T30189598,M10931,2026-05-22,3238.0
R905687,T30228462,M11431,2026-05-22,969.0
R905688,T30189208,M10828,2026-05-22,251.0
R905689,T30197985,M10947,2026-05-22,1184.0
R905690,T30215163,M10650,2026-05-22,4653.0
R905691,T30192085,M11003,2026-05-22,1639.0
R905692,T30242842,M10567,2026-05-22,3129.0
R905693,T30208939,M11520,2026-05-22,52.0
R905694,T30213303,M11275,2026-05-22,430.0
R905695,T30226038,M10419,2026-05-22,1307.0
R905696,T30202879,M11602,2026-05-22,830.0
R905697,T30240494,M10746,2026-05-22,1351.0
R905698,T30211066,M11465,2026-05-22,733.0
R905699,T30194830,M10273,2026-05-22,299.0
R905700,T30224945,M10893,2026-05-22,12473.0
R905701,T30185941,M10577,2026-05-22,1387.0
R905702,T30217427,M10746,2026-05-22,1453.0
R905703,T30198374,M11275,2026-05-22,601.0
R905704,T30239196,M10096,2026-05-23,1363.0
R905705,T30202141,M10022,2026-05-23,858.0
R905706,T30218919,M11616,2026-05-23,729.0
R905707,T30203350,M11364,2026-05-23,629.0
R905708,T30241903,M10989,2026-05-23,4440.0
R905709,T30205636,M10685,2026-05-23,634.0
R905710,T30205615,M11249,2026-05-23,433.0
R905711,T30203907,M11275,2026-05-23,919.0
R905712,T30226641,M10341,2026-05-23,13004.0
R905713,T30225745,M10107,2026-05-23,693.0
R905714,T30227208,M11669,2026-05-23,1216.0
R905715,T30224750,M10931,2026-05-23,965.0
R905716,T30242273,M11646,2026-05-23,2138.0
R905717,T30199851,M10022,2026-05-23,3105.0
R905718,T30200022,M11003,2026-05-23,981.0
R905719,T30203778,M10931,2026-05-23,1781.0
R905720,T30202503,M10685,2026-05-23,531.0
R905721,T30200774,M11127,2026-05-23,6675.0
R905722,T30210121,M10613,2026-05-23,1612.0
R905723,T30230732,M11701,2026-05-23,491.0
R905724,T30243455,M10341,2026-05-23,16985.0
R905725,T30213038,M10989,2026-05-23,3539.0
R905726,T30230811,M10042,2026-05-23,3559.0
R905727,T30215541,M10338,2026-05-23,816.0
R905728,T30215739,M10931,2026-05-23,2085.0
R905729,T30213950,M11562,2026-05-23,441.0
R905730,T30233379,M10096,2026-05-23,419.0
R905731,T30188949,M10022,2026-05-23,305.0
R905732,T30187763,M10746,2026-05-23,4390.0
R905733,T30189193,M11283,2026-05-23,10886.0
R905734,T30233121,M10273,2026-05-23,846.0
R905735,T30189490,M10790,2026-05-23,1581.0
R905736,T30230942,M11408,2026-05-23,236.0
R905737,T30194271,M11431,2026-05-23,555.0
R905738,T30207875,M10273,2026-05-23,1207.0
R905739,T30216386,M10314,2026-05-23,256.0
R905740,T30211878,M10042,2026-05-23,2736.0
R905741,T30200462,M10650,2026-05-23,3169.0
R905742,T30245383,M10862,2026-05-23,162.0
R905743,T30245457,M10828,2026-05-23,996.0
R905744,T30232150,M10314,2026-05-23,364.0
R905745,T30201010,M11536,2026-05-23,564.0
R905746,T30200099,M10211,2026-05-23,1071.0
R905747,T30243039,M11003,2026-05-23,671.0
R905748,T30191774,M10715,2026-05-23,2547.0
R905749,T30223750,M10650,2026-05-24,3596.0
R905750,T30201324,M10590,2026-05-24,699.0
R905751,T30232251,M10577,2026-05-24,817.0
R905752,T30189592,M10211,2026-05-24,532.0
R905753,T30207037,M10022,2026-05-24,1592.0
R905754,T30212865,M11003,2026-05-24,1307.0
R905755,T30201098,M10567,2026-05-24,3668.0
R905756,T30211782,M10931,2026-05-24,1328.0
R905757,T30247965,M11100,2026-05-24,549.0
R905758,T30223635,M11440,2026-05-24,1704.0
R905759,T30220028,M10746,2026-05-24,487.0
R905760,T30212484,M10419,2026-05-24,904.0
R905761,T30220096,M11680,2026-05-24,134.0
R905762,T30199103,M10211,2026-05-24,178.0
R905763,T30241750,M10211,2026-05-24,625.0
R905764,T30241837,M10419,2026-05-24,666.0
R905765,T30242143,M10613,2026-05-24,356.0
R905766,T30211480,M11229,2026-05-24,851.0
R905767,T30236517,M10096,2026-05-24,969.0
R905768,T30229144,M11510,2026-05-24,1424.0
R905769,T30193771,M10931,2026-05-24,788.0
R905770,T30237828,M10107,2026-05-24,1084.0
R905771,T30202015,M11720,2026-05-24,564.0
R905772,T30237563,M10808,2026-05-24,1158.0
R905773,T30215855,M10862,2026-05-24,326.0
R905774,T30202001,M10790,2026-05-24,763.0
R905775,T30216660,M10567,2026-05-24,3076.0
R905776,T30216936,M11003,2026-05-24,745.0
R905777,T30196194,M10808,2026-05-24,2639.0
R905778,T30191851,M10107,2026-05-24,1961.0
R905779,T30206287,M10022,2026-05-24,1077.0
R905780,T30215458,M11552,2026-05-24,3755.0
R905781,T30191426,M11249,2026-05-24,453.0
R905782,T30242761,M10022,2026-05-24,1430.0
R905783,T30230909,M11393,2026-05-24,2942.0
R905784,T30209003,M11472,2026-05-24,2311.0
R905785,T30195368,M10419,2026-05-24,2023.0
R905786,T30228195,M10989,2026-05-24,5030.0
R905787,T30209378,M10828,2026-05-24,349.0
R905788,T30190364,M11003,2026-05-24,1796.0
R905789,T30243671,M11249,2026-05-24,667.0
R905790,T30210080,M10853,2026-05-24,343.0
R905791,T30237189,M10800,2026-05-24,2931.0
R905792,T30229686,M10931,2026-05-24,2630.0
R905793,T30200379,M11731,2026-05-25,1662.0
R905794,T30201488,M11685,2026-05-25,179.0
R905795,T30220788,M10567,2026-05-25,12465.0
R905796,T30221162,M11003,2026-05-25,1616.0
R905797,T30201945,M11249,2026-05-25,2824.0
R905798,T30242123,M11275,2026-05-25,899.0
R905799,T30243559,M10685,2026-05-25,265.0
R905800,T30202238,M11003,2026-05-25,1114.0
R905801,T30221509,M10419,2026-05-25,947.0
R905802,T30209739,M11160,2026-05-25,201.0
R905803,T30219847,M11217,2026-05-25,5094.0
R905804,T30217497,M10042,2026-05-25,11842.0
R905805,T30203379,M10577,2026-05-25,382.0
R905806,T30238596,M11674,2026-05-25,504.0
R905807,T30238528,M10211,2026-05-25,385.0
R905808,T30250659,M11591,2026-05-25,392.0
R905809,T30250908,M11330,2026-05-25,379.0
R905810,T30195179,M10828,2026-05-25,196.0
R905811,T30216449,M10947,2026-05-25,1083.0
R905812,T30194409,M10931,2026-05-25,1211.0
R905813,T30193565,M11003,2026-05-25,596.0
R905814,T30192223,M10022,2026-05-25,1376.0
R905815,T30237335,M10931,2026-05-25,429.0
R905816,T30236522,M11003,2026-05-25,850.0
R905817,T30236319,M10650,2026-05-25,5988.0
R905818,T30231691,M10685,2026-05-25,227.0
R905819,T30232109,M10022,2026-05-25,451.0
R905820,T30235460,M10808,2026-05-25,762.0
R905821,T30233173,M10419,2026-05-25,1246.0
R905822,T30211387,M10107,2026-05-25,989.0
R905823,T30233331,M11593,2026-05-25,1432.0
R905824,T30234579,M10862,2026-05-25,261.0
R905825,T30212596,M11275,2026-05-25,1318.0
R905826,T30211999,M10419,2026-05-25,1174.0
R905827,T30249964,M11713,2026-05-25,134.0
R905828,T30205839,M10867,2026-05-25,462.0
R905829,T30250501,M10297,2026-05-25,176.0
R905830,T30196282,M11098,2026-05-25,620.0
R905831,T30198308,M11602,2026-05-25,127.0
R905832,T30218166,M10947,2026-05-25,311.0
R905833,T30204408,M11658,2026-05-25,237.0
R905834,T30226530,M10211,2026-05-25,162.0
R905835,T30218956,M10126,2026-05-25,284.0
R905836,T30240878,M10753,2026-05-25,294.0
R905837,T30219298,M10931,2026-05-25,531.0
R905838,T30203993,M10211,2026-05-25,435.0
R905839,T30219360,M10853,2026-05-25,968.0
R905840,T30240646,M10577,2026-05-25,404.0
R905841,T30239922,M11712,2026-05-25,591.0
R905842,T30241667,M11733,2026-05-25,334.0
R905843,T30241748,M10947,2026-05-25,1098.0
R905844,T30219803,M11003,2026-05-25,509.0
R905845,T30234841,M11003,2026-05-26,790.0
R905846,T30235032,M10828,2026-05-26,891.0
R905847,T30198744,M10828,2026-05-26,341.0
R905848,T30198984,M10746,2026-05-26,1042.0
R905849,T30225026,M10577,2026-05-26,648.0
R905850,T30244066,M11408,2026-05-26,3339.0
R905851,T30225205,M10577,2026-05-26,576.0
R905852,T30243767,M11733,2026-05-26,500.0
R905853,T30239672,M10238,2026-05-26,3954.0
R905854,T30237301,M10577,2026-05-26,1136.0
R905855,T30194497,M10746,2026-05-26,192.0
R905856,T30224487,M11733,2026-05-26,431.0
R905857,T30240753,M10022,2026-05-26,668.0
R905858,T30198134,M10577,2026-05-26,409.0
R905859,T30227086,M10577,2026-05-26,436.0
R905860,T30200197,M11428,2026-05-26,429.0
R905861,T30240584,M10922,2026-05-26,1926.0
R905862,T30244171,M10297,2026-05-26,1181.0
R905863,T30227586,M10808,2026-05-26,703.0
R905864,T30196533,M10729,2026-05-26,2818.0
R905865,T30196633,M10042,2026-05-26,5098.0
R905866,T30235494,M10107,2026-05-26,957.0
R905867,T30241223,M10577,2026-05-26,567.0
R905868,T30212093,M11235,2026-05-26,844.0
R905869,T30247540,M10419,2026-05-26,1761.0
R905870,T30251092,M10567,2026-05-26,6696.0
R905871,T30210291,M10685,2026-05-26,659.0
R905872,T30251488,M11531,2026-05-26,3953.0
R905873,T30251635,M11003,2026-05-26,574.0
R905874,T30207922,M10800,2026-05-26,5449.0
R905875,T30219305,M10746,2026-05-26,510.0
R905876,T30217206,M10493,2026-05-26,5470.0
R905877,T30204042,M11003,2026-05-26,3728.0
R905878,T30252346,M11003,2026-05-26,367.0
R905879,T30220066,M11275,2026-05-26,532.0
R905880,T30220113,M10577,2026-05-26,732.0
R905881,T30215049,M11408,2026-05-26,1162.0
R905882,T30247622,M10640,2026-05-26,259.0
R905883,T30218308,M10746,2026-05-26,2218.0
R905884,T30246186,M10336,2026-05-26,11876.0
R905885,T30244232,M10931,2026-05-26,816.0
R905886,T30247492,M10211,2026-05-26,596.0
R905887,T30218859,M10650,2026-05-26,639.0
R905888,T30212950,M10419,2026-05-26,689.0
R905889,T30249405,M11378,2026-05-26,25974.0
R905890,T30212685,M11312,2026-05-26,13268.0
R905891,T30211026,M10577,2026-05-26,3201.0
R905892,T30212591,M10419,2026-05-26,954.0
R905893,T30205591,M10650,2026-05-26,2310.0
R905894,T30218241,M11003,2026-05-26,1038.0
R905895,T30218336,M10862,2026-05-26,230.0
R905896,T30204655,M11354,2026-05-26,2001.0
R905897,T30222633,M11408,2026-05-26,585.0
R905898,T30215922,M11701,2026-05-27,551.0
R905899,T30198987,M10746,2026-05-27,651.0
R905900,T30219754,M10592,2026-05-27,794.0
R905901,T30208129,M10808,2026-05-27,2308.0
R905902,T30215637,M10853,2026-05-27,832.0
R905903,T30197880,M10808,2026-05-27,318.0
R905904,T30208039,M11217,2026-05-27,3909.0
R905905,T30228097,M10808,2026-05-27,924.0
R905906,T30238282,M10096,2026-05-27,450.0
R905907,T30226088,M10931,2026-05-27,515.0
R905908,T30198100,M11518,2026-05-27,3116.0
R905909,T30238300,M10931,2026-05-27,260.0
R905910,T30238345,M10685,2026-05-27,2806.0
R905911,T30250393,M11271,2026-05-27,240.0
R905912,T30251929,M10032,2026-05-27,242.0
R905913,T30196239,M10102,2026-05-27,747.0
R905914,T30207727,M10042,2026-05-27,5476.0
R905915,T30238456,M11003,2026-05-27,2235.0
R905916,T30207135,M10493,2026-05-27,1572.0
R905917,T30241526,M10273,2026-05-27,34.0
R905918,T30226392,M10022,2026-05-27,1296.0
R905919,T30200757,M10790,2026-05-27,2452.0
R905920,T30247304,M11408,2026-05-27,377.0
R905921,T30252428,M10462,2026-05-27,590.0
R905922,T30214379,M10096,2026-05-27,1403.0
R905923,T30235657,M11003,2026-05-27,2363.0
R905924,T30221926,M10577,2026-05-27,1561.0
R905925,T30224521,M10314,2026-05-27,274.0
R905926,T30222106,M11003,2026-05-27,512.0
R905927,T30246065,M11616,2026-05-27,912.0
R905928,T30210477,M10165,2026-05-27,6485.0
R905929,T30232696,M10577,2026-05-27,1303.0
R905930,T30232871,M10931,2026-05-27,760.0
R905931,T30201679,M10321,2026-05-27,7852.0
R905932,T30233011,M11249,2026-05-27,504.0
R905933,T30244739,M11769,2026-05-27,4088.0
R905934,T30200531,M11520,2026-05-27,440.0
R905935,T30252917,M11364,2026-05-27,560.0
R905936,T30242709,M10685,2026-05-27,688.0
R905937,T30231962,M11725,2026-05-27,4695.0
R905938,T30205326,M10701,2026-05-27,1109.0
R905939,T30225060,M10211,2026-05-27,874.0
R905940,T30252240,M10685,2026-05-27,549.0
R905941,T30208963,M10808,2026-05-27,953.0
R905942,T30237122,M11354,2026-05-27,9283.0
R905943,T30203120,M10989,2026-05-27,10608.0
R905944,T30202594,M11686,2026-05-27,1213.0
R905945,T30215035,M11713,2026-05-27,356.0
R905946,T30242597,M10042,2026-05-27,6868.0
R905947,T30215152,M11082,2026-05-28,588.0
R905948,T30217544,M11376,2026-05-28,455.0
R905949,T30215489,M10685,2026-05-28,2276.0
R905950,T30218001,M11578,2026-05-28,922.0
R905951,T30227642,M10107,2026-05-28,366.0
R905952,T30218182,M10419,2026-05-28,1437.0
R905953,T30212662,M10419,2026-05-28,622.0
R905954,T30234085,M10126,2026-05-28,1373.0
R905955,T30240101,M10931,2026-05-28,1406.0
R905956,T30254552,M10022,2026-05-28,635.0
R905957,T30255515,M11679,2026-05-28,17983.0
R905958,T30255758,M10032,2026-05-28,580.0
R905959,T30207960,M11713,2026-05-28,1200.0
R905960,T30257301,M10931,2026-05-28,2046.0
R905961,T30238101,M11399,2026-05-28,415.0
R905962,T30231161,M11431,2026-05-28,1105.0
R905963,T30214614,M10627,2026-05-28,4410.0
R905964,T30235828,M10931,2026-05-28,244.0
R905965,T30229192,M10032,2026-05-28,3560.0
R905966,T30252253,M11763,2026-05-28,3353.0
R905967,T30238831,M11403,2026-05-28,738.0
R905968,T30214157,M10246,2026-05-28,1190.0
R905969,T30232105,M10419,2026-05-28,1400.0
R905970,T30208200,M10577,2026-05-28,776.0
R905971,T30213724,M11154,2026-05-28,1490.0
R905972,T30207699,M10567,2026-05-28,857.0
R905973,T30250547,M10808,2026-05-28,1519.0
R905974,T30230154,M10931,2026-05-28,1487.0
R905975,T30208528,M10577,2026-05-28,433.0
R905976,T30232493,M10493,2026-05-28,2550.0
R905977,T30238786,M11713,2026-05-28,1171.0
R905978,T30244733,M11229,2026-05-28,394.0
R905979,T30225707,M10426,2026-05-28,1295.0
R905980,T30220170,M10022,2026-05-28,1028.0
R905981,T30247064,M11275,2026-05-28,646.0
R905982,T30198302,M10590,2026-05-28,376.0
R905983,T30246271,M11520,2026-05-28,954.0
R905984,T30221072,M10343,2026-05-28,403.0
R905985,T30202590,M10577,2026-05-28,705.0
R905986,T30221379,M10931,2026-05-28,333.0
R905987,T30218977,M10540,2026-05-28,1220.0
R905988,T30198262,M10931,2026-05-28,758.0
R905989,T30241516,M10746,2026-05-28,856.0
R905990,T30245682,M10211,2026-05-28,584.0
R905991,T30226866,M10931,2026-05-28,382.0
R905992,T30245202,M11724,2026-05-28,2262.0
R905993,T30241427,M10032,2026-05-28,357.0
R905994,T30243568,M10022,2026-05-28,894.0
R905995,T30218456,M11217,2026-05-28,4198.0
R905996,T30200929,M11275,2026-05-28,368.0
R905997,T30243765,M10096,2026-05-28,479.0
R905998,T30248290,M10931,2026-05-29,2167.0
R905999,T30233925,M11476,2026-05-29,2605.0
R906000,T30237505,M11003,2026-05-29,3681.0
R906001,T30241869,M11482,2026-05-29,213.0
R906002,T30254076,M10931,2026-05-29,946.0
R906003,T30218273,M10931,2026-05-29,634.0
R906004,T30255260,M11249,2026-05-29,832.0
R906005,T30223628,M10419,2026-05-29,870.0
R906006,T30224812,M10419,2026-05-29,1016.0
R906007,T30231068,M10853,2026-05-29,600.0
R906008,T30252388,M11249,2026-05-29,553.0
R906009,T30223019,M10096,2026-05-29,487.0
R906010,T30234505,M10729,2026-05-29,263.0
R906011,T30202545,M11714,2026-05-29,494.0
R906012,T30213222,M10790,2026-05-29,1409.0
R906013,T30231627,M10746,2026-05-29,2556.0
R906014,T30233803,M11405,2026-05-29,1672.0
R906015,T30231762,M10746,2026-05-29,298.0
R906016,T30202216,M10931,2026-05-29,871.0
R906017,T30213261,M10853,2026-05-29,383.0
R906018,T30245002,M10808,2026-05-29,719.0
R906019,T30252842,M10567,2026-05-29,2887.0
R906020,T30232302,M10685,2026-05-29,836.0
R906021,T30235394,M10701,2026-05-29,225.0
R906022,T30232475,M11400,2026-05-29,1616.0
R906023,T30245326,M10862,2026-05-29,1197.0
R906024,T30232841,M10947,2026-05-29,1599.0
R906025,T30232078,M11408,2026-05-29,503.0
R906026,T30247025,M11109,2026-05-29,1378.0
R906027,T30238694,M10096,2026-05-29,343.0
R906028,T30238594,M11003,2026-05-29,172.0
R906029,T30251025,M10577,2026-05-29,1583.0
R906030,T30249148,M10419,2026-05-29,481.0
R906031,T30250494,M10060,2026-05-29,891.0
R906032,T30259425,M10931,2026-05-29,2257.0
R906033,T30228985,M11275,2026-05-29,480.0
R906034,T30218521,M10931,2026-05-29,199.0
R906035,T30207856,M10989,2026-05-29,4931.0
R906036,T30227927,M10211,2026-05-29,3225.0
R906037,T30226502,M11275,2026-05-29,540.0
R906038,T30248977,M11658,2026-05-29,454.0
R906039,T30217470,M10042,2026-05-29,1340.0
R906040,T30258372,M10746,2026-05-29,1139.0
R906041,T30252833,M11722,2026-05-30,1111.0
R906042,T30235607,M10823,2026-05-30,673.0
R906043,T30246045,M10650,2026-05-30,4920.0
R906044,T30238143,M11717,2026-05-30,2432.0
R906045,T30202127,M10567,2026-05-30,9227.0
R906046,T30228320,M10746,2026-05-30,519.0
R906047,T30252436,M10650,2026-05-30,8618.0
R906048,T30209834,M11713,2026-05-30,824.0
R906049,T30249311,M11012,2026-05-30,870.0
R906050,T30202442,M10246,2026-05-30,257.0
R906051,T30213001,M11541,2026-05-30,278.0
R906052,T30207211,M10419,2026-05-30,440.0
R906053,T30224133,M10577,2026-05-30,398.0
R906054,T30260857,M10931,2026-05-30,402.0
R906055,T30212978,M10746,2026-05-30,489.0
R906056,T30226748,M11173,2026-05-30,888.0
R906057,T30213887,M11434,2026-05-30,701.0
R906058,T30221964,M11025,2026-05-30,1300.0
R906059,T30231518,M10211,2026-05-30,1086.0
R906060,T30210861,M11127,2026-05-30,1175.0
R906061,T30224500,M10685,2026-05-30,304.0
R906062,T30249385,M10022,2026-05-30,600.0
R906063,T30256952,M11713,2026-05-30,402.0
R906064,T30260150,M11724,2026-05-30,7525.0
R906065,T30217433,M10567,2026-05-30,7397.0
R906066,T30206698,M10746,2026-05-30,267.0
R906067,T30256266,M10022,2026-05-30,1056.0
R906068,T30227763,M10931,2026-05-30,985.0
R906069,T30234809,M11722,2026-05-30,114.0
R906070,T30206941,M11364,2026-05-30,87.0
R906071,T30209483,M10150,2026-05-30,2269.0
R906072,T30252955,M10314,2026-05-30,389.0
R906073,T30251783,M10989,2026-05-30,4662.0
R906074,T30220360,M11408,2026-05-30,621.0
R906075,T30223225,M10746,2026-05-30,1640.0
R906076,T30249104,M10989,2026-05-30,386.0
R906077,T30261259,M10212,2026-05-30,8255.0
R906078,T30258342,M11186,2026-05-30,3899.0
R906079,T30247902,M10808,2026-05-30,139.0
R906080,T30203816,M10746,2026-05-30,1446.0
R906081,T30237728,M10461,2026-05-30,1503.0
R906082,T30237748,M11632,2026-05-30,303.0
R906083,T30254402,M10419,2026-05-30,1157.0
R906084,T30254239,M11552,2026-05-30,1444.0
R906085,T30248833,M11249,2026-05-30,220.0
R906086,T30216129,M11662,2026-05-30,278.0
R906087,T30216174,M10577,2026-05-30,818.0
R906088,T30236221,M11148,2026-05-30,555.0
R906089,T30230451,M10931,2026-05-30,1291.0
R906090,T30222604,M10032,2026-05-30,283.0
R906091,T30241875,M10931,2026-05-30,198.0
R906092,T30231402,M10577,2026-05-30,2401.0
R906093,T30209133,M10211,2026-05-30,455.0
R906094,T30216913,M11713,2026-05-30,801.0
R906095,T30226461,M10931,2026-05-30,1099.0
R906096,T30231098,M11591,2026-05-30,1009.0
R906097,T30250306,M11407,2026-05-30,580.0
R906098,T30239615,M10931,2026-05-30,449.0
R906099,T30258435,M11275,2026-05-30,6979.0
R906100,T30227633,M11003,2026-05-30,1259.0
R906101,T30242201,M10931,2026-05-30,1432.0
R906102,T30243967,M11180,2026-05-30,1734.0
R906103,T30225116,M10273,2026-05-30,593.0
R906104,T30205177,M11616,2026-05-30,252.0
R906105,T30204140,M11003,2026-05-30,315.0
R906106,T30234214,M11646,2026-05-31,6797.0
R906107,T30260595,M11408,2026-05-31,572.0
R906108,T30253300,M10685,2026-05-31,498.0
R906109,T30234574,M11408,2026-05-31,1994.0
R906110,T30253688,M10493,2026-05-31,7164.0
R906111,T30248756,M10491,2026-05-31,4678.0
R906112,T30249398,M11769,2026-05-31,551.0
R906113,T30237813,M10032,2026-05-31,401.0
R906114,T30241392,M10931,2026-05-31,969.0
R906115,T30263458,M10931,2026-05-31,676.0
R906116,T30241842,M10808,2026-05-31,769.0
R906117,T30251871,M11251,2026-05-31,742.0
R906118,T30241385,M11003,2026-05-31,4381.0
R906119,T30257264,M11722,2026-05-31,410.0
R906120,T30247032,M11109,2026-05-31,1160.0
R906121,T30255630,M11527,2026-05-31,703.0
R906122,T30237037,M10808,2026-05-31,489.0
R906123,T30242587,M10096,2026-05-31,390.0
R906124,T30241152,M10931,2026-05-31,289.0
R906125,T30252882,M10022,2026-05-31,1052.0
R906126,T30243385,M10931,2026-05-31,1583.0
R906127,T30245370,M11296,2026-05-31,1802.0
R906128,T30241118,M11408,2026-05-31,423.0
R906129,T30235185,M11217,2026-05-31,3107.0
R906130,T30245029,M10419,2026-05-31,1217.0
R906131,T30252296,M10042,2026-05-31,17947.0
R906132,T30249418,M10577,2026-05-31,1309.0
R906133,T30222681,M10685,2026-05-31,6259.0
R906134,T30214008,M11025,2026-05-31,1457.0
R906135,T30217289,M10107,2026-05-31,858.0
R906136,T30218334,M11408,2026-05-31,540.0
R906137,T30208308,M10701,2026-05-31,231.0
R906138,T30219152,M10842,2026-05-31,579.0
R906139,T30224871,M10989,2026-05-31,20820.0
R906140,T30220318,M10947,2026-05-31,676.0
R906141,T30207091,M10567,2026-05-31,2367.0
R906142,T30220898,M11364,2026-05-31,332.0
R906143,T30225923,M11377,2026-05-31,861.0
R906144,T30228265,M10685,2026-05-31,239.0
R906145,T30222093,M10042,2026-05-31,3236.0
R906146,T30222113,M10493,2026-05-31,2827.0
R906147,T30222212,M10042,2026-05-31,3135.0
R906148,T30212779,M10853,2026-05-31,422.0
R906149,T30211984,M10042,2026-05-31,860.0
R906150,T30204480,M10086,2026-05-31,421.0
R906151,T30224361,M10032,2026-05-31,132.0
R906152,T30204678,M10947,2026-05-31,2449.0
R906153,T30224345,M10853,2026-05-31,682.0
R906154,T30211367,M11134,2026-05-31,787.0
R906155,T30223645,M11275,2026-05-31,565.0
R906156,T30215482,M11404,2026-05-31,571.0
R906157,T30223417,M11687,2026-05-31,232.0
R906158,T30230458,M10853,2026-05-31,327.0
R906159,T30233605,M10032,2026-05-31,109.0
R906160,T30205315,M10931,2026-05-31,578.0
R906161,T30213519,M10862,2026-06-01,1118.0
R906162,T30237732,M10032,2026-06-01,137.0
R906163,T30214576,M10577,2026-06-01,1530.0
R906164,T30265969,M10701,2026-06-01,311.0
R906165,T30238321,M10314,2026-06-01,1220.0
R906166,T30254883,M11769,2026-06-01,2487.0
R906167,T30214630,M10931,2026-06-01,585.0
R906168,T30215401,M10823,2026-06-01,1480.0
R906169,T30215464,M10746,2026-06-01,437.0
R906170,T30214322,M11712,2026-06-01,642.0
R906171,T30249201,M10904,2026-06-01,533.0
R906172,T30250858,M11408,2026-06-01,817.0
R906173,T30224828,M10096,2026-06-01,1470.0
R906174,T30243624,M10685,2026-06-01,805.0
R906175,T30244359,M10022,2026-06-01,482.0
R906176,T30225630,M10341,2026-06-01,1967.0
R906177,T30241727,M10107,2026-06-01,1505.0
R906178,T30222600,M11408,2026-06-01,1999.0
R906179,T30221989,M10790,2026-06-01,1683.0
R906180,T30247021,M10032,2026-06-01,749.0
R906181,T30227112,M11444,2026-06-01,568.0
R906182,T30240495,M10032,2026-06-01,854.0
R906183,T30256303,M11275,2026-06-01,2169.0
R906184,T30218528,M10211,2026-06-01,2563.0
R906185,T30239315,M11275,2026-06-01,2232.0
R906186,T30217217,M10746,2026-06-01,524.0
R906187,T30250552,M10931,2026-06-01,613.0
R906188,T30251341,M10022,2026-06-01,388.0
R906189,T30210590,M10947,2026-06-01,1023.0
R906190,T30260968,M11408,2026-06-01,615.0
R906191,T30261495,M11591,2026-06-01,870.0
R906192,T30257973,M10947,2026-06-01,216.0
R906193,T30259476,M10678,2026-06-01,443.0
R906194,T30259624,M10107,2026-06-01,5778.0
R906195,T30264199,M10577,2026-06-01,1509.0
R906196,T30207746,M10096,2026-06-01,782.0
R906197,T30257391,M11722,2026-06-01,746.0
R906198,T30206878,M10862,2026-06-01,237.0
R906199,T30233446,M10746,2026-06-01,415.0
R906200,T30259362,M11591,2026-06-01,4462.0
R906201,T30260580,M10096,2026-06-01,352.0
R906202,T30260811,M10800,2026-06-01,8066.0
R906203,T30263248,M10790,2026-06-01,651.0
R906204,T30233963,M10931,2026-06-01,730.0
R906205,T30208425,M11394,2026-06-01,246.0
R906206,T30207929,M10489,2026-06-02,630.0
R906207,T30248415,M10941,2026-06-02,1286.0
R906208,T30219438,M10701,2026-06-02,352.0
R906209,T30238403,M10273,2026-06-02,72.0
R906210,T30248990,M10746,2026-06-02,1468.0
R906211,T30219120,M10577,2026-06-02,2563.0
R906212,T30249921,M11275,2026-06-02,470.0
R906213,T30216706,M10685,2026-06-02,1298.0
R906214,T30215234,M10862,2026-06-02,541.0
R906215,T30219666,M10493,2026-06-02,3199.0
R906216,T30235220,M11574,2026-06-02,980.0
R906217,T30250778,M10022,2026-06-02,889.0
R906218,T30233041,M11408,2026-06-02,981.0
R906219,T30208779,M10107,2026-06-02,2696.0
R906220,T30226763,M10022,2026-06-02,1296.0
R906221,T30240746,M11616,2026-06-02,270.0
R906222,T30224775,M10746,2026-06-02,1985.0
R906223,T30224770,M11003,2026-06-02,562.0
R906224,T30224355,M11229,2026-06-02,1270.0
R906225,T30261210,M10419,2026-06-02,1609.0
R906226,T30224183,M10577,2026-06-02,625.0
R906227,T30243814,M11712,2026-06-02,1070.0
R906228,T30223525,M10419,2026-06-02,560.0
R906229,T30220131,M11616,2026-06-02,768.0
R906230,T30222128,M11643,2026-06-02,1697.0
R906231,T30226172,M10947,2026-06-02,905.0
R906232,T30246303,M11487,2026-06-02,2521.0
R906233,T30220909,M10931,2026-06-02,573.0
R906234,T30247305,M11105,2026-06-02,7622.0
R906235,T30220436,M10931,2026-06-02,577.0
R906236,T30247823,M11109,2026-06-02,337.0
R906237,T30226938,M10419,2026-06-02,414.0
R906238,T30261722,M10175,2026-06-02,2850.0
R906239,T30232409,M10126,2026-06-02,1934.0
R906240,T30242173,M10931,2026-06-02,1048.0
R906241,T30211377,M11644,2026-06-02,377.0
R906242,T30213022,M11345,2026-06-02,2539.0
R906243,T30211789,M10592,2026-06-02,1133.0
R906244,T30266955,M10931,2026-06-02,704.0
R906245,T30255463,M10989,2026-06-02,1886.0
R906246,T30265650,M11713,2026-06-02,651.0
R906247,T30213470,M11160,2026-06-02,842.0
R906248,T30263515,M11275,2026-06-02,342.0
R906249,T30266714,M10526,2026-06-02,2946.0
R906250,T30212811,M10931,2026-06-02,1588.0
R906251,T30257813,M10931,2026-06-02,206.0
R906252,T30267127,M10931,2026-06-02,120.0
R906253,T30256333,M10746,2026-06-02,1126.0
R906254,T30267785,M11431,2026-06-02,615.0
R906255,T30235677,M11434,2026-06-02,3572.0
R906256,T30264539,M10567,2026-06-02,7363.0
R906257,T30265773,M11249,2026-06-02,129.0
R906258,T30246667,M11717,2026-06-03,2116.0
R906259,T30246733,M10341,2026-06-03,1803.0
R906260,T30232423,M10491,2026-06-03,1026.0
R906261,T30266745,M10989,2026-06-03,4994.0
R906262,T30257484,M11663,2026-06-03,386.0
R906263,T30240863,M10096,2026-06-03,665.0
R906264,T30211790,M11646,2026-06-03,2246.0
R906265,T30229075,M10211,2026-06-03,1488.0
R906266,T30220933,M10032,2026-06-03,642.0
R906267,T30259411,M10677,2026-06-03,481.0
R906268,T30265915,M10211,2026-06-03,1281.0
R906269,T30225793,M10931,2026-06-03,3713.0
R906270,T30256696,M11408,2026-06-03,896.0
R906271,T30224486,M10931,2026-06-03,1200.0
R906272,T30236435,M10567,2026-06-03,9871.0
R906273,T30210756,M10042,2026-06-03,14084.0
R906274,T30260481,M11218,2026-06-03,1340.0
R906275,T30256256,M10989,2026-06-03,4247.0
R906276,T30259916,M10491,2026-06-03,824.0
R906277,T30261446,M10042,2026-06-03,10763.0
R906278,T30223318,M10096,2026-06-03,780.0
R906279,T30222908,M11321,2026-06-03,950.0
R906280,T30261477,M10939,2026-06-03,1089.0
R906281,T30265679,M10828,2026-06-03,1048.0
R906282,T30248073,M11775,2026-06-03,377.0
R906283,T30210799,M10419,2026-06-03,1237.0
R906284,T30244183,M10577,2026-06-03,164.0
R906285,T30212027,M10022,2026-06-03,352.0
R906286,T30231687,M10679,2026-06-03,1130.0
R906287,T30232887,M10022,2026-06-03,1042.0
R906288,T30238834,M10931,2026-06-03,656.0
R906289,T30262097,M10493,2026-06-03,1999.0
R906290,T30262594,M11497,2026-06-03,1311.0
R906291,T30216908,M10211,2026-06-03,791.0
R906292,T30239398,M10746,2026-06-03,2444.0
R906293,T30258176,M11520,2026-06-03,277.0
R906294,T30249611,M10042,2026-06-03,13017.0
R906295,T30263030,M11713,2026-06-03,556.0
R906296,T30257891,M11262,2026-06-03,2373.0
R906297,T30258768,M11249,2026-06-03,769.0
R906298,T30228656,M10577,2026-06-03,1702.0
R906299,T30218906,M10577,2026-06-03,205.0
R906300,T30257586,M11629,2026-06-03,3488.0
R906301,T30214423,M11200,2026-06-03,1017.0
R906302,T30269034,M10592,2026-06-03,525.0
R906303,T30262570,M10685,2026-06-03,921.0
R906304,T30250955,M10582,2026-06-03,140.0
R906305,T30228883,M11658,2026-06-03,445.0
R906306,T30240044,M10853,2026-06-03,496.0
R906307,T30214862,M10931,2026-06-03,153.0
R906308,T30251320,M10126,2026-06-04,174.0
R906309,T30265221,M10989,2026-06-04,2372.0
R906310,T30260867,M10924,2026-06-04,1193.0
R906311,T30214733,M11597,2026-06-04,257.0
R906312,T30264023,M10604,2026-06-04,624.0
R906313,T30261461,M10042,2026-06-04,6437.0
R906314,T30251006,M11275,2026-06-04,379.0
R906315,T30264349,M10931,2026-06-04,331.0
R906316,T30258022,M10931,2026-06-04,967.0
R906317,T30270448,M11552,2026-06-04,7327.0
R906318,T30248311,M10931,2026-06-04,841.0
R906319,T30250870,M10828,2026-06-04,2083.0
R906320,T30248106,M11592,2026-06-04,1260.0
R906321,T30212435,M11487,2026-06-04,1003.0
R906322,T30219277,M11641,2026-06-04,732.0
R906323,T30253883,M11376,2026-06-04,2831.0
R906324,T30269196,M10489,2026-06-04,294.0
R906325,T30258843,M10211,2026-06-04,2748.0
R906326,T30249537,M10577,2026-06-04,269.0
R906327,T30247155,M11763,2026-06-04,7539.0
R906328,T30244832,M10931,2026-06-04,888.0
R906329,T30266464,M10822,2026-06-04,593.0
R906330,T30249898,M10931,2026-06-04,911.0
R906331,T30250265,M10419,2026-06-04,3143.0
R906332,T30263917,M10042,2026-06-04,1898.0
R906333,T30221118,M10419,2026-06-04,567.0
R906334,T30261899,M10903,2026-06-04,1213.0
R906335,T30257408,M10042,2026-06-04,5447.0
R906336,T30253571,M10746,2026-06-04,2261.0
R906337,T30253361,M10022,2026-06-04,1292.0
R906338,T30261938,M11482,2026-06-04,1078.0
R906339,T30217580,M11249,2026-06-04,330.0
R906340,T30233880,M10853,2026-06-04,1421.0
R906341,T30227554,M10577,2026-06-04,1182.0
R906342,T30238030,M10042,2026-06-04,11703.0
R906343,T30238166,M10839,2026-06-04,8676.0
R906344,T30239231,M10489,2026-06-04,112.0
R906345,T30225232,M10022,2026-06-04,716.0
R906346,T30228235,M11552,2026-06-04,12404.0
R906347,T30231626,M10211,2026-06-04,280.0
R906348,T30240628,M10790,2026-06-04,644.0
R906349,T30237670,M10350,2026-06-04,1022.0
R906350,T30230431,M10096,2026-06-04,632.0
R906351,T30226457,M10989,2026-06-04,10376.0
R906352,T30241180,M11408,2026-06-04,1708.0
R906353,T30227664,M10067,2026-06-04,2065.0
R906354,T30227604,M10577,2026-06-04,3451.0
R906355,T30271843,M10577,2026-06-05,1222.0
R906356,T30214125,M11364,2026-06-05,266.0
R906357,T30219836,M10577,2026-06-05,1133.0
R906358,T30270753,M11724,2026-06-05,802.0
R906359,T30235721,M10577,2026-06-05,104.0
R906360,T30263633,M10853,2026-06-05,1889.0
R906361,T30225553,M11003,2026-06-05,931.0
R906362,T30237561,M10685,2026-06-05,675.0
R906363,T30270648,M11798,2026-06-05,3345.0
R906364,T30253231,M10931,2026-06-05,324.0
R906365,T30229841,M10947,2026-06-05,767.0
R906366,T30247198,M10491,2026-06-05,812.0
R906367,T30223383,M10808,2026-06-05,975.0
R906368,T30236651,M11575,2026-06-05,543.0
R906369,T30265565,M10776,2026-06-05,2069.0
R906370,T30254036,M10931,2026-06-05,1264.0
R906371,T30246840,M10746,2026-06-05,632.0
R906372,T30266196,M10577,2026-06-05,226.0
R906373,T30254480,M10828,2026-06-05,371.0
R906374,T30245855,M11230,2026-06-05,15142.0
R906375,T30255114,M11363,2026-06-05,741.0
R906376,T30230353,M10828,2026-06-05,534.0
R906377,T30237642,M10931,2026-06-05,2138.0
R906378,T30226213,M10321,2026-06-05,9952.0
R906379,T30221035,M10022,2026-06-05,253.0
R906380,T30269620,M10828,2026-06-05,219.0
R906381,T30227419,M10351,2026-06-05,1278.0
R906382,T30271094,M10828,2026-06-05,209.0
R906383,T30271098,M10567,2026-06-05,11415.0
R906384,T30233928,M10931,2026-06-05,1522.0
R906385,T30250110,M10729,2026-06-05,799.0
R906386,T30250060,M10022,2026-06-05,3455.0
R906387,T30217092,M10584,2026-06-05,2441.0
R906388,T30224716,M10947,2026-06-05,642.0
R906389,T30217750,M11408,2026-06-05,1916.0
R906390,T30216951,M10839,2026-06-05,7176.0
R906391,T30218775,M10577,2026-06-05,1448.0
R906392,T30271911,M10931,2026-06-05,1629.0
R906393,T30273437,M10096,2026-06-05,354.0
R906394,T30216684,M10828,2026-06-05,1097.0
R906395,T30251496,M11012,2026-06-05,761.0
R906396,T30225193,M10493,2026-06-05,6144.0
R906397,T30254748,M10419,2026-06-05,662.0
R906398,T30258241,M11454,2026-06-05,1129.0
R906399,T30243769,M11769,2026-06-05,6135.0
R906400,T30271798,M11003,2026-06-05,255.0
R906401,T30232693,M10706,2026-06-05,1010.0
R906402,T30228442,M10645,2026-06-05,1603.0
R906403,T30225368,M10650,2026-06-05,3221.0
R906404,T30274848,M11003,2026-06-05,183.0
R906405,T30272199,M10567,2026-06-06,11725.0
R906406,T30246534,M11713,2026-06-06,2361.0
R906407,T30248739,M10211,2026-06-06,1452.0
R906408,T30271522,M10577,2026-06-06,1833.0
R906409,T30254263,M11088,2026-06-06,826.0
R906410,T30239337,M11229,2026-06-06,641.0
R906411,T30275437,M10382,2026-06-06,9023.0
R906412,T30249911,M10746,2026-06-06,193.0
R906413,T30254218,M11482,2026-06-06,1474.0
R906414,T30239126,M11769,2026-06-06,7167.0
R906415,T30239591,M11408,2026-06-06,1867.0
R906416,T30247544,M11713,2026-06-06,930.0
R906417,T30217024,M11364,2026-06-06,232.0
R906418,T30220929,M10883,2026-06-06,153.0
R906419,T30272114,M10565,2026-06-06,1749.0
R906420,T30247137,M11275,2026-06-06,1879.0
R906421,T30248354,M11109,2026-06-06,470.0
R906422,T30276488,M11217,2026-06-06,1668.0
R906423,T30270774,M11707,2026-06-06,11268.0
R906424,T30219183,M10022,2026-06-06,631.0
R906425,T30218931,M10746,2026-06-06,1237.0
R906426,T30247482,M10022,2026-06-06,1600.0
R906427,T30253108,M11722,2026-06-06,486.0
R906428,T30271905,M10862,2026-06-06,969.0
R906429,T30216457,M11742,2026-06-06,543.0
R906430,T30276656,M10577,2026-06-06,623.0
R906431,T30226344,M10931,2026-06-06,1163.0
R906432,T30237669,M10746,2026-06-06,85.0
R906433,T30231877,M10211,2026-06-06,194.0
R906434,T30231039,M10577,2026-06-06,438.0
R906435,T30231417,M11713,2026-06-06,895.0
R906436,T30246098,M11463,2026-06-06,463.0
R906437,T30258491,M11408,2026-06-06,750.0
R906438,T30258478,M10442,2026-06-06,245.0
R906439,T30242039,M10931,2026-06-06,567.0
R906440,T30258305,M10931,2026-06-06,588.0
R906441,T30223787,M11616,2026-06-06,589.0
R906442,T30225206,M10814,2026-06-06,2045.0
R906443,T30264217,M10419,2026-06-06,1359.0
R906444,T30244615,M10808,2026-06-06,826.0
R906445,T30244096,M10746,2026-06-06,796.0
R906446,T30235969,M10779,2026-06-06,4395.0
R906447,T30235899,M10211,2026-06-06,2526.0
R906448,T30244381,M11408,2026-06-06,853.0
R906449,T30230989,M11003,2026-06-06,1784.0
R906450,T30233390,M10491,2026-06-06,2425.0
R906451,T30232988,M10850,2026-06-06,409.0
R906452,T30231894,M11763,2026-06-06,5575.0
R906453,T30234353,M10211,2026-06-06,1271.0
R906454,T30255350,M10096,2026-06-06,548.0
R906455,T30260519,M10107,2026-06-06,1220.0
R906456,T30225076,M11616,2026-06-06,3139.0
R906457,T30260490,M11408,2026-06-06,517.0
R906458,T30241591,M11616,2026-06-06,776.0
R906459,T30255604,M11468,2026-06-06,620.0
R906460,T30221951,M10211,2026-06-06,1764.0
R906461,T30224668,M10042,2026-06-06,1540.0
R906462,T30234201,M10931,2026-06-06,634.0
R906463,T30279879,M11815,2026-06-07,6423.0
R906464,T30238237,M10047,2026-06-07,2435.0
R906465,T30250205,M11003,2026-06-07,719.0
R906466,T30272829,M10126,2026-06-07,493.0
R906467,T30272376,M11235,2026-06-07,197.0
R906468,T30244067,M11431,2026-06-07,998.0
R906469,T30257955,M11275,2026-06-07,459.0
R906470,T30239335,M11378,2026-06-07,17891.0
R906471,T30228993,M10419,2026-06-07,1021.0
R906472,T30232428,M11003,2026-06-07,1501.0
R906473,T30249744,M10839,2026-06-07,16555.0
R906474,T30235239,M10042,2026-06-07,3450.0
R906475,T30242337,M11249,2026-06-07,556.0
R906476,T30234052,M11428,2026-06-07,1357.0
R906477,T30251544,M10022,2026-06-07,276.0
R906478,T30273749,M10729,2026-06-07,1029.0
R906479,T30228335,M10834,2026-06-07,951.0
R906480,T30238626,M11541,2026-06-07,1466.0
R906481,T30243410,M10022,2026-06-07,825.0
R906482,T30242787,M11217,2026-06-07,2171.0
R906483,T30234580,M11675,2026-06-07,580.0
R906484,T30224603,M10211,2026-06-07,624.0
R906485,T30232484,M11275,2026-06-07,647.0
R906486,T30225062,M11520,2026-06-07,514.0
R906487,T30255002,M10211,2026-06-07,454.0
R906488,T30271086,M11249,2026-06-07,1274.0
R906489,T30276328,M11408,2026-06-07,473.0
R906490,T30225701,M10746,2026-06-07,651.0
R906491,T30227274,M10828,2026-06-07,684.0
R906492,T30247210,M10823,2026-06-07,2278.0
R906493,T30241647,M11098,2026-06-07,1600.0
R906494,T30237020,M10567,2026-06-07,1541.0
R906495,T30265775,M10947,2026-06-07,1337.0
R906496,T30269399,M10042,2026-06-07,2506.0
R906497,T30246888,M10577,2026-06-07,399.0
R906498,T30255372,M10042,2026-06-07,4714.0
R906499,T30237448,M11275,2026-06-07,1679.0
R906500,T30217702,M11003,2026-06-07,342.0
R906501,T30267910,M10989,2026-06-07,7399.0
R906502,T30254642,M10211,2026-06-07,1027.0
R906503,T30267070,M10931,2026-06-07,834.0
R906504,T30277247,M10746,2026-06-07,720.0
R906505,T30246754,M10211,2026-06-07,619.0
R906506,T30276217,M10746,2026-06-07,761.0
R906507,T30220908,M10931,2026-06-07,2647.0
R906508,T30244685,M10989,2026-06-07,3603.0
R906509,T30225564,M10211,2026-06-07,525.0
R906510,T30278902,M10746,2026-06-07,1070.0
R906511,T30270623,M10931,2026-06-07,338.0
R906512,T30275781,M11411,2026-06-07,6531.0
R906513,T30278630,M11109,2026-06-07,615.0
R906514,T30247498,M11618,2026-06-07,803.0
R906515,T30264467,M10211,2026-06-07,377.0
R906516,T30272386,M11769,2026-06-07,1976.0
R906517,T30270380,M11712,2026-06-07,372.0
R906518,T30264340,M11003,2026-06-07,450.0
R906519,T30257159,M10022,2026-06-07,665.0
R906520,T30261917,M10419,2026-06-08,564.0
R906521,T30237850,M10282,2026-06-08,106.0
R906522,T30263159,M10211,2026-06-08,1192.0
R906523,T30238318,M11249,2026-06-08,1448.0
R906524,T30252713,M10685,2026-06-08,298.0
R906525,T30252714,M11487,2026-06-08,1478.0
R906526,T30251637,M10096,2026-06-08,540.0
R906527,T30235978,M10577,2026-06-08,289.0
R906528,T30230085,M11720,2026-06-08,1865.0
R906529,T30266170,M10596,2026-06-08,898.0
R906530,T30233074,M11275,2026-06-08,3696.0
R906531,T30259430,M10419,2026-06-08,469.0
R906532,T30234392,M10419,2026-06-08,2981.0
R906533,T30256228,M10577,2026-06-08,313.0
R906534,T30256244,M10577,2026-06-08,234.0
R906535,T30234511,M11769,2026-06-08,2945.0
R906536,T30230026,M10211,2026-06-08,1272.0
R906537,T30235165,M10577,2026-06-08,328.0
R906538,T30276005,M11519,2026-06-08,5285.0
R906539,T30273883,M10931,2026-06-08,2737.0
R906540,T30275896,M10022,2026-06-08,1046.0
R906541,T30222835,M10567,2026-06-08,20052.0
R906542,T30277170,M10989,2026-06-08,6238.0
R906543,T30247339,M10989,2026-06-08,8315.0
R906544,T30243429,M10989,2026-06-08,7970.0
R906545,T30247374,M10685,2026-06-08,1200.0
R906546,T30275578,M11249,2026-06-08,827.0
R906547,T30227518,M10419,2026-06-08,169.0
R906548,T30221347,M11012,2026-06-08,894.0
R906549,T30249755,M10567,2026-06-08,30549.0
R906550,T30221847,M11217,2026-06-08,4102.0
R906551,T30279801,M11275,2026-06-08,546.0
R906552,T30245890,M11275,2026-06-08,573.0
R906553,T30227547,M11408,2026-06-08,2048.0
R906554,T30248162,M10577,2026-06-08,1188.0
R906555,T30280642,M11275,2026-06-08,1708.0
R906556,T30222663,M11532,2026-06-08,302.0
R906557,T30281144,M11217,2026-06-08,12782.0
R906558,T30276905,M10828,2026-06-08,288.0
R906559,T30247406,M11454,2026-06-09,1742.0
R906560,T30229521,M10954,2026-06-09,230.0
R906561,T30233875,M11616,2026-06-09,917.0
R906562,T30265004,M11733,2026-06-09,1327.0
R906563,T30280356,M11598,2026-06-09,2661.0
R906564,T30224556,M10931,2026-06-09,306.0
R906565,T30244843,M11431,2026-06-09,398.0
R906566,T30262077,M10746,2026-06-09,547.0
R906567,T30229479,M10022,2026-06-09,3036.0
R906568,T30269001,M10577,2026-06-09,143.0
R906569,T30265179,M10341,2026-06-09,3980.0
R906570,T30237361,M10853,2026-06-09,156.0
R906571,T30258294,M11408,2026-06-09,881.0
R906572,T30230891,M11351,2026-06-09,253.0
R906573,T30282588,M11249,2026-06-09,71.0
R906574,T30235305,M11680,2026-06-09,325.0
R906575,T30267670,M11712,2026-06-09,1024.0
R906576,T30237824,M10014,2026-06-09,1022.0
R906577,T30222270,M11180,2026-06-09,2078.0
R906578,T30254470,M10931,2026-06-09,674.0
R906579,T30262575,M11109,2026-06-09,332.0
R906580,T30268323,M10014,2026-06-09,325.0
R906581,T30268814,M11012,2026-06-09,300.0
R906582,T30256389,M10491,2026-06-09,2969.0
R906583,T30226446,M11180,2026-06-09,628.0
R906584,T30278133,M10096,2026-06-09,1056.0
R906585,T30252349,M10022,2026-06-09,1450.0
R906586,T30230459,M11009,2026-06-09,1284.0
R906587,T30243017,M10832,2026-06-09,8759.0
R906588,T30284585,M10823,2026-06-09,363.0
R906589,T30257383,M11105,2026-06-09,17246.0
R906590,T30251942,M10685,2026-06-09,1734.0
R906591,T30227944,M11249,2026-06-09,756.0
R906592,T30273846,M10650,2026-06-09,18243.0
R906593,T30278936,M11411,2026-06-09,8787.0
R906594,T30249467,M11148,2026-06-09,726.0
R906595,T30271477,M11003,2026-06-09,541.0
R906596,T30251024,M11591,2026-06-09,776.0
R906597,T30284034,M11109,2026-06-09,877.0
R906598,T30238645,M10022,2026-06-09,919.0
R906599,T30272929,M11345,2026-06-09,5457.0
R906600,T30242303,M10685,2026-06-09,1803.0
R906601,T30260320,M10042,2026-06-09,885.0
R906602,T30249326,M10211,2026-06-09,444.0
R906603,T30278512,M10296,2026-06-10,381.0
R906604,T30228052,M11003,2026-06-10,924.0
R906605,T30280227,M11520,2026-06-10,1119.0
R906606,T30236615,M11408,2026-06-10,512.0
R906607,T30234996,M10042,2026-06-10,3610.0
R906608,T30263508,M10022,2026-06-10,905.0
R906609,T30262696,M11713,2026-06-10,1704.0
R906610,T30280596,M10878,2026-06-10,773.0
R906611,T30245132,M10022,2026-06-10,1632.0
R906612,T30237256,M10341,2026-06-10,1661.0
R906613,T30227665,M10989,2026-06-10,2189.0
R906614,T30285607,M11431,2026-06-10,303.0
R906615,T30237388,M10931,2026-06-10,525.0
R906616,T30227681,M10919,2026-06-10,137.0
R906617,T30277743,M10947,2026-06-10,766.0
R906618,T30250517,M10989,2026-06-10,5257.0
R906619,T30266825,M10947,2026-06-10,1437.0
R906620,T30257474,M11575,2026-06-10,2159.0
R906621,T30267037,M11235,2026-06-10,311.0
R906622,T30233616,M11229,2026-06-10,372.0
R906623,T30254839,M10419,2026-06-10,553.0
R906624,T30263090,M10685,2026-06-10,827.0
R906625,T30246812,M11769,2026-06-10,2053.0
R906626,T30263395,M10597,2026-06-10,8351.0
R906627,T30281309,M10022,2026-06-10,862.0
R906628,T30278078,M11408,2026-06-10,657.0
R906629,T30225256,M10493,2026-06-10,5987.0
R906630,T30225888,M11404,2026-06-10,2220.0
R906631,T30278592,M10314,2026-06-10,780.0
R906632,T30252033,M10685,2026-06-10,1112.0
R906633,T30271476,M10989,2026-06-10,10143.0
R906634,T30247930,M11404,2026-06-10,3585.0
R906635,T30226943,M10577,2026-06-10,1421.0
R906636,T30226774,M11408,2026-06-10,3809.0
R906637,T30274676,M11116,2026-06-10,309.0
R906638,T30264812,M10947,2026-06-10,123.0
R906639,T30241109,M10314,2026-06-10,770.0
R906640,T30235528,M10650,2026-06-10,27616.0
R906641,T30247499,M10867,2026-06-10,888.0
R906642,T30234358,M10042,2026-06-10,4490.0
R906643,T30283305,M10042,2026-06-10,3053.0
R906644,T30244673,M10022,2026-06-10,996.0
R906645,T30250310,M10022,2026-06-10,253.0
R906646,T30234253,M10096,2026-06-10,88.0
R906647,T30234327,M10989,2026-06-10,2293.0
R906648,T30269037,M11275,2026-06-10,1413.0
R906649,T30257996,M10808,2026-06-10,603.0
R906650,T30253946,M11012,2026-06-10,666.0
R906651,T30240222,M10211,2026-06-10,479.0
R906652,T30274493,M10931,2026-06-10,613.0
R906653,T30234807,M11655,2026-06-10,177.0
R906654,T30265092,M10314,2026-06-10,782.0
R906655,T30285347,M10159,2026-06-10,1397.0
R906656,T30266128,M10577,2026-06-11,1030.0
R906657,T30257285,M11713,2026-06-11,556.0
R906658,T30264376,M11422,2026-06-11,3562.0
R906659,T30236249,M10211,2026-06-11,1029.0
R906660,T30230886,M10701,2026-06-11,1099.0
R906661,T30231907,M10419,2026-06-11,168.0
R906662,T30244170,M11651,2026-06-11,6513.0
R906663,T30256604,M10032,2026-06-11,406.0
R906664,T30244152,M11003,2026-06-11,417.0
R906665,T30264770,M10106,2026-06-11,1651.0
R906666,T30287756,M10931,2026-06-11,771.0
R906667,T30243806,M10107,2026-06-11,207.0
R906668,T30257191,M10096,2026-06-11,1359.0
R906669,T30279933,M10491,2026-06-11,1237.0
R906670,T30257799,M10931,2026-06-11,320.0
R906671,T30263230,M10314,2026-06-11,1400.0
R906672,T30265192,M10931,2026-06-11,231.0
R906673,T30246736,M10947,2026-06-11,71.0
R906674,T30241455,M10559,2026-06-11,9421.0
R906675,T30263219,M10493,2026-06-11,6090.0
R906676,T30247613,M11538,2026-06-11,1217.0
R906677,T30283491,M10096,2026-06-11,966.0
R906678,T30252552,M11275,2026-06-11,506.0
R906679,T30280419,M10577,2026-06-11,255.0
R906680,T30227421,M11102,2026-06-11,1361.0
R906681,T30274933,M10577,2026-06-11,1237.0
R906682,T30228733,M10828,2026-06-11,98.0
R906683,T30262223,M10577,2026-06-11,338.0
R906684,T30261532,M10102,2026-06-11,202.0
R906685,T30280948,M10931,2026-06-11,1017.0
R906686,T30242134,M11616,2026-06-11,219.0
R906687,T30260374,M10343,2026-06-11,602.0
R906688,T30234112,M10808,2026-06-11,551.0
R906689,T30242139,M10096,2026-06-11,250.0
R906690,T30272147,M11572,2026-06-11,541.0
R906691,T30273333,M11763,2026-06-11,4557.0
R906692,T30260984,M10931,2026-06-11,1243.0
R906693,T30228457,M10931,2026-06-11,996.0
R906694,T30269370,M11760,2026-06-11,320.0
R906695,T30233217,M10989,2026-06-11,9063.0
R906696,T30243575,M10022,2026-06-11,1432.0
R906697,T30268828,M10211,2026-06-11,517.0
R906698,T30262466,M10853,2026-06-11,1343.0
R906699,T30245546,M11520,2026-06-11,332.0
R906700,T30241768,M11275,2026-06-11,1109.0
R906701,T30254458,M10989,2026-06-11,2628.0
R906702,T30241317,M10931,2026-06-11,883.0
R906703,T30281949,M10808,2026-06-11,547.0
R906704,T30268222,M10022,2026-06-11,1515.0
R906705,T30246075,M10808,2026-06-11,583.0
R906706,T30266668,M11118,2026-06-11,235.0
R906707,T30277208,M11345,2026-06-11,11929.0
R906708,T30267617,M10746,2026-06-11,1778.0
R906709,T30229796,M10746,2026-06-11,616.0
R906710,T30245630,M10444,2026-06-11,346.0
R906711,T30232791,M10746,2026-06-11,1140.0
R906712,T30262282,M10022,2026-06-12,313.0
R906713,T30241971,M10850,2026-06-12,952.0
R906714,T30289315,M10931,2026-06-12,1151.0
R906715,T30291262,M10867,2026-06-12,262.0
R906716,T30233611,M10577,2026-06-12,1509.0
R906717,T30263258,M10864,2026-06-12,1213.0
R906718,T30288647,M10577,2026-06-12,890.0
R906719,T30289862,M10042,2026-06-12,16006.0
R906720,T30290925,M10022,2026-06-12,1574.0
R906721,T30289310,M10650,2026-06-12,10227.0
R906722,T30260350,M10838,2026-06-12,2798.0
R906723,T30279708,M10314,2026-06-12,183.0
R906724,T30241469,M11215,2026-06-12,1391.0
R906725,T30246814,M10931,2026-06-12,426.0
R906726,T30246580,M11531,2026-06-12,6070.0
R906727,T30283159,M11542,2026-06-12,2036.0
R906728,T30254381,M10292,2026-06-12,684.0
R906729,T30229763,M10457,2026-06-12,468.0
R906730,T30269745,M10597,2026-06-12,1490.0
R906731,T30237872,M10889,2026-06-12,777.0
R906732,T30237908,M10419,2026-06-12,1641.0
R906733,T30270620,M11264,2026-06-12,1075.0
R906734,T30275607,M11703,2026-06-12,849.0
R906735,T30240630,M10808,2026-06-12,253.0
R906736,T30275362,M10947,2026-06-12,607.0
R906737,T30229249,M11003,2026-06-12,1382.0
R906738,T30267885,M11520,2026-06-12,2691.0
R906739,T30274698,M11408,2026-06-12,1992.0
R906740,T30284604,M10211,2026-06-12,2961.0
R906741,T30271615,M10867,2026-06-12,1239.0
R906742,T30251784,M10746,2026-06-12,1033.0
R906743,T30240152,M10746,2026-06-12,681.0
R906744,T30273548,M10314,2026-06-12,619.0
R906745,T30249367,M10042,2026-06-12,3029.0
R906746,T30284018,M11283,2026-06-12,2920.0
R906747,T30239778,M10321,2026-06-12,2206.0
R906748,T30284545,M10419,2026-06-12,663.0
R906749,T30273393,M10931,2026-06-12,1061.0
R906750,T30272955,M10998,2026-06-12,547.0
R906751,T30250241,M10828,2026-06-12,166.0
R906752,T30284696,M10685,2026-06-12,1265.0
R906753,T30254673,M10577,2026-06-12,1604.0
R906754,T30281299,M10042,2026-06-12,10766.0
R906755,T30245142,M10042,2026-06-12,10539.0
R906756,T30254693,M10567,2026-06-12,4135.0
R906757,T30277347,M11114,2026-06-12,2286.0
R906758,T30255894,M11552,2026-06-12,10395.0
R906759,T30231478,M10834,2026-06-12,909.0
R906760,T30277741,M11003,2026-06-12,404.0
R906761,T30287633,M11229,2026-06-12,628.0
R906762,T30255173,M10808,2026-06-12,380.0
R906763,T30288009,M10577,2026-06-12,1766.0
R906764,T30230358,M11275,2026-06-12,337.0
R906765,T30231438,M10650,2026-06-12,2347.0
R906766,T30287841,M11509,2026-06-12,733.0
R906767,T30265108,M10159,2026-06-13,5855.0
R906768,T30283647,M10577,2026-06-13,447.0
R906769,T30264646,M11520,2026-06-13,1168.0
R906770,T30281359,M11404,2026-06-13,1355.0
R906771,T30292104,M11763,2026-06-13,3033.0
R906772,T30278715,M10444,2026-06-13,52.0
R906773,T30284171,M10650,2026-06-13,2423.0
R906774,T30281190,M10022,2026-06-13,942.0
R906775,T30282358,M10931,2026-06-13,1005.0
R906776,T30279092,M10685,2026-06-13,485.0
R906777,T30289536,M10042,2026-06-13,5430.0
R906778,T30271944,M10987,2026-06-13,3053.0
R906779,T30271952,M10577,2026-06-13,1033.0
R906780,T30265644,M11616,2026-06-13,816.0
R906781,T30284648,M10862,2026-06-13,135.0
R906782,T30262643,M10032,2026-06-13,200.0
R906783,T30280122,M10022,2026-06-13,1123.0
R906784,T30277177,M11591,2026-06-13,6956.0
R906785,T30292526,M10175,2026-06-13,11231.0
R906786,T30282691,M10685,2026-06-13,494.0
R906787,T30263806,M11275,2026-06-13,1727.0
R906788,T30283163,M10577,2026-06-13,603.0
R906789,T30271468,M11786,2026-06-13,1766.0
R906790,T30262207,M11003,2026-06-13,1991.0
R906791,T30270043,M11712,2026-06-13,828.0
R906792,T30289206,M10746,2026-06-13,649.0
R906793,T30266486,M10890,2026-06-13,278.0
R906794,T30263214,M10096,2026-06-13,496.0
R906795,T30280017,M11431,2026-06-13,86.0
R906796,T30285813,M11616,2026-06-13,2771.0
R906797,T30286372,M10989,2026-06-13,5858.0
R906798,T30277378,M11003,2026-06-13,2262.0
R906799,T30263702,M10729,2026-06-13,226.0
R906800,T30249275,M10022,2026-06-13,621.0
R906801,T30241840,M11689,2026-06-13,153.0
R906802,T30252008,M11363,2026-06-13,190.0
R906803,T30251992,M10419,2026-06-13,305.0
R906804,T30258893,M10814,2026-06-13,1194.0
R906805,T30239056,M10590,2026-06-13,638.0
R906806,T30248439,M11556,2026-06-13,3541.0
R906807,T30258345,M11061,2026-06-13,224.0
R906808,T30258200,M11023,2026-06-13,1987.0
R906809,T30231107,M11249,2026-06-13,922.0
R906810,T30255969,M11542,2026-06-13,3841.0
R906811,T30243143,M11297,2026-06-13,360.0
R906812,T30257858,M10931,2026-06-13,413.0
R906813,T30256693,M10577,2026-06-13,1615.0
R906814,T30236952,M11454,2026-06-13,4202.0
R906815,T30246438,M10419,2026-06-13,1804.0
R906816,T30260645,M10808,2026-06-13,235.0
R906817,T30249061,M11275,2026-06-13,4095.0
R906818,T30233362,M11408,2026-06-13,1493.0
R906819,T30254055,M11552,2026-06-13,4880.0
R906820,T30233734,M10577,2026-06-13,320.0
R906821,T30247352,M11713,2026-06-13,1256.0
R906822,T30244634,M10577,2026-06-13,2856.0
R906823,T30243020,M10592,2026-06-13,410.0
R906824,T30230190,M11408,2026-06-13,685.0
R906825,T30259555,M10853,2026-06-13,1252.0
R906826,T30241101,M11713,2026-06-13,1665.0
R906827,T30242082,M11629,2026-06-13,3264.0
R906828,T30234636,M10022,2026-06-13,943.0
R906829,T30234071,M11752,2026-06-13,3483.0
R906830,T30260494,M10577,2026-06-13,561.0
R906831,T30250049,M10577,2026-06-14,972.0
R906832,T30264080,M10931,2026-06-14,1460.0
R906833,T30290746,M10650,2026-06-14,2603.0
R906834,T30245314,M10577,2026-06-14,1152.0
R906835,T30233361,M10808,2026-06-14,239.0
R906836,T30277860,M10989,2026-06-14,1680.0
R906837,T30247421,M10903,2026-06-14,920.0
R906838,T30232840,M10931,2026-06-14,668.0
R906839,T30281570,M10989,2026-06-14,2525.0
R906840,T30244941,M11003,2026-06-14,841.0
R906841,T30278193,M10022,2026-06-14,227.0
R906842,T30287648,M11229,2026-06-14,850.0
R906843,T30236194,M10382,2026-06-14,7916.0
R906844,T30268141,M10577,2026-06-14,431.0
R906845,T30278565,M11457,2026-06-14,10966.0
R906846,T30286466,M10947,2026-06-14,2462.0
R906847,T30266480,M10096,2026-06-14,1411.0
R906848,T30276015,M10577,2026-06-14,2790.0
R906849,T30277375,M10096,2026-06-14,649.0
R906850,T30236396,M11712,2026-06-14,1748.0
R906851,T30261062,M10042,2026-06-14,17277.0
R906852,T30295644,M11143,2026-06-14,1025.0
R906853,T30295501,M11487,2026-06-14,718.0
R906854,T30264597,M11003,2026-06-14,240.0
R906855,T30276410,M11713,2026-06-14,935.0
R906856,T30286904,M10211,2026-06-14,679.0
R906857,T30286888,M11616,2026-06-14,1094.0
R906858,T30274026,M10032,2026-06-14,527.0
R906859,T30266166,M11400,2026-06-14,1435.0
R906860,T30276772,M10314,2026-06-14,306.0
R906861,T30266281,M10022,2026-06-14,792.0
R906862,T30246602,M11422,2026-06-14,7177.0
R906863,T30246594,M11185,2026-06-14,1589.0
R906864,T30234677,M11357,2026-06-14,331.0
R906865,T30245614,M11408,2026-06-14,1890.0
R906866,T30241172,M10862,2026-06-14,230.0
R906867,T30287645,M11689,2026-06-14,475.0
R906868,T30260230,M10828,2026-06-14,941.0
R906869,T30258699,M11793,2026-06-14,5538.0
R906870,T30267965,M11724,2026-06-14,899.0
R906871,T30242532,M10022,2026-06-14,359.0
R906872,T30283388,M10685,2026-06-14,687.0
R906873,T30262462,M10042,2026-06-14,4856.0
R906874,T30235019,M10369,2026-06-14,795.0
R906875,T30252634,M10701,2026-06-14,869.0
R906876,T30293997,M10947,2026-06-14,917.0
R906877,T30289110,M10042,2026-06-14,4953.0
R906878,T30252439,M11426,2026-06-14,386.0
R906879,T30283977,M11407,2026-06-14,1053.0
R906880,T30243132,M10883,2026-06-14,530.0
R906881,T30243012,M10887,2026-06-14,878.0
R906882,T30248403,M10867,2026-06-14,233.0
R906883,T30270698,M10567,2026-06-14,5192.0
R906884,T30269993,M10493,2026-06-14,8116.0
R906885,T30291680,M10828,2026-06-14,613.0
R906886,T30258488,M10808,2026-06-14,1433.0
R906887,T30254722,M10577,2026-06-14,2515.0
R906888,T30244444,M10032,2026-06-14,433.0
R906889,T30260206,M11148,2026-06-14,1004.0
R906890,T30272291,M10746,2026-06-14,247.0
R906891,T30267095,M11217,2026-06-14,2826.0
R906892,T30272243,M10042,2026-06-14,1542.0
R906893,T30242158,M10211,2026-06-14,882.0
R906894,T30284266,M10096,2026-06-14,497.0
R906895,T30238836,M10931,2026-06-14,1009.0
R906896,T30274663,M11025,2026-06-14,802.0
R906897,T30292804,M11003,2026-06-14,530.0
R906898,T30295065,M11070,2026-06-14,1096.0
R906899,T30271730,M11275,2026-06-14,478.0
R906900,T30248506,M11003,2026-06-14,1057.0
R906901,T30265852,M10989,2026-06-14,1224.0
R906902,T30258382,M11616,2026-06-14,1799.0
R906903,T30267154,M10314,2026-06-14,234.0
R906904,T30255978,M10040,2026-06-15,342.0
R906905,T30255863,M10341,2026-06-15,4444.0
R906906,T30289333,M11752,2026-06-15,2303.0
R906907,T30250206,M11404,2026-06-15,1477.0
R906908,T30249383,M11275,2026-06-15,220.0
R906909,T30254006,M10419,2026-06-15,496.0
R906910,T30254529,M10211,2026-06-15,1508.0
R906911,T30253803,M10211,2026-06-15,1021.0
R906912,T30267803,M10211,2026-06-15,1162.0
R906913,T30270762,M10022,2026-06-15,471.0
R906914,T30293723,M10989,2026-06-15,2262.0
R906915,T30293524,M11713,2026-06-15,750.0
R906916,T30273593,M11616,2026-06-15,598.0
R906917,T30254709,M11706,2026-06-15,252.0
R906918,T30293290,M10853,2026-06-15,1538.0
R906919,T30267560,M10746,2026-06-15,1041.0
R906920,T30291756,M10808,2026-06-15,741.0
R906921,T30297827,M11340,2026-06-15,963.0
R906922,T30266835,M10273,2026-06-15,437.0
R906923,T30273200,M11530,2026-06-15,506.0
R906924,T30249986,M10989,2026-06-15,1487.0
R906925,T30293439,M10096,2026-06-15,3484.0
R906926,T30289332,M11319,2026-06-15,564.0
R906927,T30247315,M11667,2026-06-15,562.0
R906928,T30256100,M10947,2026-06-15,2161.0
R906929,T30285423,M10419,2026-06-15,1635.0
R906930,T30244564,M10022,2026-06-15,953.0
R906931,T30278909,M10808,2026-06-15,485.0
R906932,T30285153,M11552,2026-06-15,2735.0
R906933,T30238393,M10892,2026-06-15,919.0
R906934,T30275149,M11713,2026-06-15,991.0
R906935,T30258260,M11249,2026-06-15,299.0
R906936,T30279639,M10931,2026-06-15,417.0
R906937,T30279978,M10314,2026-06-15,307.0
R906938,T30262452,M10042,2026-06-15,11613.0
R906939,T30262252,M11739,2026-06-15,317.0
R906940,T30239906,M10931,2026-06-15,591.0
R906941,T30240242,M11408,2026-06-15,1251.0
R906942,T30283534,M10042,2026-06-15,3065.0
R906943,T30280794,M10800,2026-06-15,13190.0
R906944,T30241137,M10022,2026-06-15,1584.0
R906945,T30283239,M10853,2026-06-15,1392.0
R906946,T30282779,M10032,2026-06-15,312.0
R906947,T30241947,M11003,2026-06-15,1290.0
R906948,T30261228,M10931,2026-06-15,1877.0
R906949,T30261148,M10206,2026-06-15,3951.0
R906950,T30285485,M10704,2026-06-15,677.0
R906951,T30257464,M11407,2026-06-15,747.0
R906952,T30238477,M10853,2026-06-15,318.0
R906953,T30236068,M10126,2026-06-15,442.0
R906954,T30264498,M10931,2026-06-15,1009.0
R906955,T30236943,M10746,2026-06-15,3411.0
R906956,T30275371,M11229,2026-06-15,200.0
R906957,T30247586,M11003,2026-06-15,1051.0
R906958,T30256832,M11531,2026-06-15,5081.0
R906959,T30288010,M10042,2026-06-15,3469.0
R906960,T30246263,M10931,2026-06-15,3602.0
R906961,T30286578,M10853,2026-06-15,707.0
R906962,T30245292,M10273,2026-06-15,297.0
R906963,T30276128,M10931,2026-06-15,389.0
R906964,T30236155,M10746,2026-06-15,1051.0
R906965,T30276594,M10419,2026-06-16,887.0
R906966,T30289807,M10419,2026-06-16,612.0
R906967,T30283633,M10107,2026-06-16,1048.0
R906968,T30280823,M10808,2026-06-16,654.0
R906969,T30285966,M11217,2026-06-16,4408.0
R906970,T30294374,M10931,2026-06-16,2620.0
R906971,T30242407,M10685,2026-06-16,1200.0
R906972,T30269767,M11408,2026-06-16,672.0
R906973,T30281441,M11681,2026-06-16,408.0
R906974,T30247798,M10577,2026-06-16,1751.0
R906975,T30275276,M10382,2026-06-16,11168.0
R906976,T30241610,M10276,2026-06-16,517.0
R906977,T30280982,M10746,2026-06-16,565.0
R906978,T30284079,M11217,2026-06-16,637.0
R906979,T30244103,M10341,2026-06-16,1462.0
R906980,T30286726,M11717,2026-06-16,587.0
R906981,T30237098,M10577,2026-06-16,248.0
R906982,T30273215,M11616,2026-06-16,1635.0
R906983,T30291534,M11681,2026-06-16,1629.0
R906984,T30277448,M10096,2026-06-16,1707.0
R906985,T30237801,M11616,2026-06-16,353.0
R906986,T30249362,M11275,2026-06-16,903.0
R906987,T30290190,M10107,2026-06-16,723.0
R906988,T30291688,M10828,2026-06-16,981.0
R906989,T30249087,M11520,2026-06-16,391.0
R906990,T30243786,M10577,2026-06-16,1156.0
R906991,T30279158,M11716,2026-06-16,3150.0
R906992,T30238861,M11408,2026-06-16,212.0
R906993,T30250575,M10306,2026-06-16,2499.0
R906994,T30246901,M10419,2026-06-16,520.0
R906995,T30251692,M11422,2026-06-16,8671.0
R906996,T30271863,M10690,2026-06-16,613.0
R906997,T30284532,M10419,2026-06-16,358.0
R906998,T30276883,M10314,2026-06-16,1508.0
R906999,T30244327,M10931,2026-06-16,1791.0
R907000,T30279861,M11788,2026-06-16,253.0
R907001,T30238575,M11003,2026-06-16,310.0
R907002,T30268822,M10988,2026-06-16,1926.0
R907003,T30282422,M10314,2026-06-16,1056.0
R907004,T30296317,M10042,2026-06-16,5288.0
R907005,T30299754,M11769,2026-06-16,2538.0
R907006,T30300058,M11724,2026-06-16,377.0
R907007,T30298430,M10341,2026-06-16,3789.0
R907008,T30256017,M11622,2026-06-16,2059.0
R907009,T30297565,M11275,2026-06-16,52.0
R907010,T30257909,M11616,2026-06-16,1468.0
R907011,T30297202,M11805,2026-06-16,2338.0
R907012,T30258402,M11532,2026-06-16,178.0
R907013,T30258689,M10341,2026-06-16,3600.0
R907014,T30267664,M10947,2026-06-16,379.0
R907015,T30256705,M10022,2026-06-16,1399.0
R907016,T30267165,M10746,2026-06-16,936.0
R907017,T30296669,M10701,2026-06-16,609.0
R907018,T30260163,M10032,2026-06-16,167.0
R907019,T30295663,M10862,2026-06-16,311.0
R907020,T30290015,M10419,2026-06-17,927.0
R907021,T30298435,M11275,2026-06-17,587.0
R907022,T30288035,M10470,2026-06-17,1635.0
R907023,T30288208,M11713,2026-06-17,481.0
R907024,T30292400,M10042,2026-06-17,2899.0
R907025,T30275759,M11724,2026-06-17,1223.0
R907026,T30256424,M10022,2026-06-17,399.0
R907027,T30275419,M10931,2026-06-17,2131.0
R907028,T30275271,M10746,2026-06-17,291.0
R907029,T30298236,M10096,2026-06-17,603.0
R907030,T30250412,M10931,2026-06-17,373.0
R907031,T30250403,M11251,2026-06-17,336.0
R907032,T30267046,M10701,2026-06-17,567.0
R907033,T30256655,M11275,2026-06-17,636.0
R907034,T30274309,M10042,2026-06-17,8737.0
R907035,T30291131,M10489,2026-06-17,957.0
R907036,T30289884,M10746,2026-06-17,711.0
R907037,T30266523,M10685,2026-06-17,543.0
R907038,T30274413,M10746,2026-06-17,2263.0
R907039,T30254304,M10577,2026-06-17,1572.0
R907040,T30287632,M11003,2026-06-17,1038.0
R907041,T30241426,M10989,2026-06-17,4342.0
R907042,T30282736,M11249,2026-06-17,1325.0
R907043,T30281541,M11735,2026-06-17,651.0
R907044,T30302807,M10022,2026-06-17,227.0
R907045,T30259540,M10931,2026-06-17,370.0
R907046,T30243007,M10341,2026-06-17,6672.0
R907047,T30280621,M10834,2026-06-17,3645.0
R907048,T30302210,M10211,2026-06-17,602.0
R907049,T30239859,M11520,2026-06-17,621.0
R907050,T30243428,M10211,2026-06-17,2179.0
R907051,T30258867,M11658,2026-06-17,213.0
R907052,T30243997,M11708,2026-06-17,3653.0
R907053,T30244346,M10808,2026-06-17,349.0
R907054,T30284579,M10947,2026-06-17,69.0
R907055,T30263497,M10638,2026-06-17,2224.0
R907056,T30244886,M11520,2026-06-17,622.0
R907057,T30285475,M10968,2026-06-17,2325.0
R907058,T30257557,M10931,2026-06-17,309.0
R907059,T30285630,M10107,2026-06-17,2021.0
R907060,T30300499,M10211,2026-06-17,1159.0
R907061,T30286227,M11598,2026-06-17,13206.0
R907062,T30277599,M10022,2026-06-17,2382.0
R907063,T30299775,M11752,2026-06-17,5167.0
R907064,T30267215,M10273,2026-06-17,685.0
R907065,T30264534,M10022,2026-06-17,1303.0
R907066,T30256780,M10022,2026-06-17,542.0
R907067,T30276743,M10931,2026-06-17,218.0
R907068,T30275772,M10491,2026-06-17,671.0
R907069,T30271485,M10650,2026-06-17,9194.0
R907070,T30294088,M10931,2026-06-17,891.0
R907071,T30254563,M10419,2026-06-17,284.0
R907072,T30271559,M10985,2026-06-17,837.0
R907073,T30268043,M10211,2026-06-17,1239.0
R907074,T30269363,M11408,2026-06-17,1230.0
R907075,T30295991,M10984,2026-06-17,1062.0
R907076,T30252481,M11253,2026-06-17,450.0
R907077,T30295278,M10032,2026-06-17,79.0
R907078,T30252408,M11499,2026-06-17,1732.0
R907079,T30296240,M11012,2026-06-17,2673.0
R907080,T30253239,M10577,2026-06-17,528.0
R907081,T30293633,M10022,2026-06-17,951.0
R907082,T30254044,M10419,2026-06-17,1273.0
R907083,T30267681,M10211,2026-06-17,1235.0
R907084,T30271114,M10341,2026-06-17,2177.0
R907085,T30267712,M10685,2026-06-17,630.0
R907086,T30246369,M11275,2026-06-18,1485.0
R907087,T30294000,M10566,2026-06-18,3979.0
R907088,T30276427,M10931,2026-06-18,1490.0
R907089,T30247425,M11354,2026-06-18,5249.0
R907090,T30247883,M10685,2026-06-18,1174.0
R907091,T30266014,M11713,2026-06-18,196.0
R907092,T30271430,M11363,2026-06-18,1589.0
R907093,T30293884,M10867,2026-06-18,1556.0
R907094,T30300166,M10808,2026-06-18,2081.0
R907095,T30296130,M11489,2026-06-18,14042.0
R907096,T30289380,M10022,2026-06-18,2374.0
R907097,T30248944,M11704,2026-06-18,485.0
R907098,T30271846,M10664,2026-06-18,676.0
R907099,T30244697,M11769,2026-06-18,363.0
R907100,T30242072,M10577,2026-06-18,431.0
R907101,T30241299,M11408,2026-06-18,760.0
R907102,T30304168,M10808,2026-06-18,1290.0
R907103,T30302942,M10341,2026-06-18,1924.0
R907104,T30259892,M10321,2026-06-18,9658.0
R907105,T30259874,M11363,2026-06-18,492.0
R907106,T30302819,M10746,2026-06-18,821.0
R907107,T30280818,M11713,2026-06-18,261.0
R907108,T30304421,M10032,2026-06-18,719.0
R907109,T30262083,M11148,2026-06-18,991.0
R907110,T30262179,M10834,2026-06-18,2152.0
R907111,T30302047,M10577,2026-06-18,1441.0
R907112,T30284032,M10701,2026-06-18,1658.0
R907113,T30280192,M11275,2026-06-18,1102.0
R907114,T30304643,M10862,2026-06-18,104.0
R907115,T30301704,M11408,2026-06-18,414.0
R907116,T30284370,M10862,2026-06-18,1299.0
R907117,T30301647,M10022,2026-06-18,2224.0
R907118,T30255747,M10989,2026-06-18,16855.0
R907119,T30306180,M11825,2026-06-18,343.0
R907120,T30279453,M10685,2026-06-18,433.0
R907121,T30271796,M11249,2026-06-18,307.0
R907122,T30293459,M10828,2026-06-18,287.0
R907123,T30251835,M10989,2026-06-18,3471.0
R907124,T30250887,M10032,2026-06-18,154.0
R907125,T30250971,M10447,2026-06-18,603.0
R907126,T30296508,M11217,2026-06-18,14659.0
R907127,T30296636,M11148,2026-06-18,693.0
R907128,T30266581,M10577,2026-06-18,356.0
R907129,T30291204,M10592,2026-06-18,290.0
R907130,T30296884,M11649,2026-06-18,2205.0
R907131,T30250047,M10808,2026-06-18,932.0
R907132,T30293107,M10107,2026-06-18,629.0
R907133,T30251717,M10577,2026-06-19,622.0
R907134,T30271705,M10341,2026-06-19,5451.0
R907135,T30256643,M10853,2026-06-19,2221.0
R907136,T30304522,M10989,2026-06-19,5449.0
R907137,T30306316,M11003,2026-06-19,668.0
R907138,T30264060,M10685,2026-06-19,2101.0
R907139,T30264098,M11275,2026-06-19,1258.0
R907140,T30295867,M11408,2026-06-19,1601.0
R907141,T30262919,M10002,2026-06-19,166.0
R907142,T30264969,M10931,2026-06-19,1520.0
R907143,T30295844,M11768,2026-06-19,563.0
R907144,T30263912,M11733,2026-06-19,541.0
R907145,T30264247,M10828,2026-06-19,93.0
R907146,T30277186,M10947,2026-06-19,585.0
R907147,T30294610,M11109,2026-06-19,106.0
R907148,T30258238,M11717,2026-06-19,2072.0
R907149,T30258126,M11033,2026-06-19,1913.0
R907150,T30278199,M11637,2026-06-19,204.0
R907151,T30301520,M10577,2026-06-19,483.0
R907152,T30247274,M10947,2026-06-19,578.0
R907153,T30269283,M10211,2026-06-19,692.0
R907154,T30244409,M11541,2026-06-19,127.0
R907155,T30305144,M11591,2026-06-19,1349.0
R907156,T30301290,M10577,2026-06-19,363.0
R907157,T30268040,M10931,2026-06-19,489.0
R907158,T30244627,M11405,2026-06-19,1313.0
R907159,T30268013,M11408,2026-06-19,691.0
R907160,T30273178,M10685,2026-06-19,800.0
R907161,T30255103,M10577,2026-06-19,225.0
R907162,T30279312,M10419,2026-06-19,343.0
R907163,T30299854,M11616,2026-06-19,3160.0
R907164,T30277747,M11533,2026-06-19,2640.0
R907165,T30249980,M10685,2026-06-19,695.0
R907166,T30266331,M11562,2026-06-19,243.0
R907167,T30255657,M10853,2026-06-19,1138.0
R907168,T30281232,M11658,2026-06-19,825.0
R907169,T30273367,M10299,2026-06-19,1917.0
R907170,T30292791,M11713,2026-06-19,357.0
R907171,T30304158,M10931,2026-06-19,424.0
R907172,T30268143,M10790,2026-06-19,85.0
R907173,T30242969,M10746,2026-06-19,1554.0
R907174,T30280925,M11354,2026-06-19,7361.0
R907175,T30256158,M10042,2026-06-19,4504.0
R907176,T30261854,M10567,2026-06-19,6055.0
R907177,T30266379,M10590,2026-06-19,1369.0
R907178,T30296795,M11109,2026-06-19,484.0
R907179,T30251155,M10931,2026-06-19,1339.0
R907180,T30292514,M11033,2026-06-19,1199.0
R907181,T30289982,M10679,2026-06-19,1457.0
R907182,T30275278,M10931,2026-06-19,2275.0
R907183,T30295436,M10664,2026-06-19,928.0
R907184,T30295532,M10211,2026-06-19,1079.0
R907185,T30280563,M11707,2026-06-19,5996.0
R907186,T30275455,M10989,2026-06-19,3745.0
R907187,T30280478,M10032,2026-06-19,334.0
R907188,T30306243,M11143,2026-06-20,765.0
R907189,T30263941,M11275,2026-06-20,55.0
R907190,T30303356,M10042,2026-06-20,1322.0
R907191,T30267489,M10947,2026-06-20,2535.0
R907192,T30261289,M10107,2026-06-20,1149.0
R907193,T30263812,M10746,2026-06-20,1675.0
R907194,T30278145,M10022,2026-06-20,556.0
R907195,T30285861,M11217,2026-06-20,6780.0
R907196,T30290170,M10419,2026-06-20,709.0
R907197,T30303188,M11408,2026-06-20,633.0
R907198,T30245175,M10584,2026-06-20,5713.0
R907199,T30284982,M10685,2026-06-20,792.0
R907200,T30305535,M10577,2026-06-20,3109.0
R907201,T30296477,M10577,2026-06-20,1606.0
R907202,T30259119,M11253,2026-06-20,948.0
R907203,T30262137,M10685,2026-06-20,371.0
R907204,T30286271,M11713,2026-06-20,3911.0
R907205,T30295075,M10419,2026-06-20,742.0
R907206,T30272586,M11330,2026-06-20,430.0
R907207,T30262015,M11109,2026-06-20,3464.0
R907208,T30294984,M10211,2026-06-20,1607.0
R907209,T30279805,M11497,2026-06-20,1037.0
R907210,T30269703,M10447,2026-06-20,661.0
R907211,T30283440,M11572,2026-06-20,321.0
R907212,T30283406,M10577,2026-06-20,2194.0
R907213,T30296407,M10685,2026-06-20,104.0
R907214,T30261641,M10096,2026-06-20,464.0
R907215,T30253508,M10493,2026-06-20,2072.0
R907216,T30261562,M10931,2026-06-20,1023.0
R907217,T30283258,M10493,2026-06-20,3879.0
R907218,T30251105,M10032,2026-06-20,397.0
R907219,T30262454,M11770,2026-06-20,1337.0
R907220,T30277906,M11408,2026-06-20,980.0
R907221,T30248438,M10931,2026-06-20,644.0
R907222,T30267652,M11109,2026-06-20,673.0
R907223,T30270659,M10685,2026-06-20,4081.0
R907224,T30286735,M11275,2026-06-20,850.0
R907225,T30308879,M10947,2026-06-20,3141.0
R907226,T30308376,M11408,2026-06-20,612.0
R907227,T30264514,M11003,2026-06-20,380.0
R907228,T30255279,M10567,2026-06-20,6187.0
R907229,T30306716,M10341,2026-06-20,3455.0
R907230,T30256239,M10211,2026-06-20,714.0
R907231,T30265540,M11363,2026-06-20,391.0
R907232,T30264658,M10723,2026-06-20,1181.0
R907233,T30308207,M11825,2026-06-20,566.0
R907234,T30273359,M11275,2026-06-20,1026.0
R907235,T30288418,M11275,2026-06-20,2346.0
R907236,T30264733,M11724,2026-06-20,2941.0
R907237,T30264736,M11616,2026-06-20,708.0
R907238,T30270735,M11499,2026-06-20,1082.0
R907239,T30255150,M10042,2026-06-20,1604.0
R907240,T30277066,M10590,2026-06-20,1231.0
R907241,T30264021,M10577,2026-06-20,517.0
R907242,T30255378,M10931,2026-06-20,625.0
R907243,T30273841,M11404,2026-06-20,920.0
R907244,T30310502,M10947,2026-06-20,871.0
R907245,T30295738,M10096,2026-06-20,390.0
R907246,T30306649,M10832,2026-06-20,6116.0
R907247,T30266049,M11275,2026-06-20,400.0
R907248,T30273131,M11399,2026-06-20,1270.0
R907249,T30257069,M11408,2026-06-20,1271.0
R907250,T30289976,M10314,2026-06-20,1718.0
R907251,T30251999,M10493,2026-06-20,7092.0
R907252,T30289679,M10341,2026-06-20,4147.0
R907253,T30257066,M10042,2026-06-20,2285.0
R907254,T30251258,M10022,2026-06-21,614.0
R907255,T30304132,M11720,2026-06-21,3569.0
R907256,T30256485,M10577,2026-06-21,524.0
R907257,T30291273,M10032,2026-06-21,831.0
R907258,T30266330,M10746,2026-06-21,828.0
R907259,T30268578,M10567,2026-06-21,7073.0
R907260,T30274455,M11680,2026-06-21,1127.0
R907261,T30255026,M11763,2026-06-21,10503.0
R907262,T30292752,M10096,2026-06-21,793.0
R907263,T30273524,M10883,2026-06-21,1482.0
R907264,T30248195,M10650,2026-06-21,4453.0
R907265,T30311806,M11793,2026-06-21,288.0
R907266,T30310043,M10491,2026-06-21,317.0
R907267,T30252468,M10419,2026-06-21,384.0
R907268,T30273955,M10931,2026-06-21,5419.0
R907269,T30259599,M11330,2026-06-21,1660.0
R907270,T30282783,M10989,2026-06-21,9238.0
R907271,T30308242,M10211,2026-06-21,507.0
R907272,T30268287,M11345,2026-06-21,1632.0
R907273,T30283464,M11655,2026-06-21,781.0
R907274,T30248637,M10314,2026-06-21,268.0
R907275,T30286237,M11352,2026-06-21,6091.0
R907276,T30298788,M10577,2026-06-21,1627.0
R907277,T30246997,M11275,2026-06-21,971.0
R907278,T30276584,M10592,2026-06-21,1148.0
R907279,T30264489,M10314,2026-06-21,150.0
R907280,T30299402,M11160,2026-06-21,1012.0
R907281,T30257726,M10650,2026-06-21,15979.0
R907282,T30252898,M10989,2026-06-21,2246.0
R907283,T30257027,M11651,2026-06-21,11760.0
R907284,T30286687,M10042,2026-06-21,2216.0
R907285,T30312208,M11217,2026-06-21,4835.0
R907286,T30312385,M11673,2026-06-21,232.0
R907287,T30257683,M10931,2026-06-21,1822.0
R907288,T30264359,M10419,2026-06-21,1330.0
R907289,T30285626,M10577,2026-06-21,1152.0
R907290,T30253278,M10650,2026-06-21,3584.0
R907291,T30277256,M11003,2026-06-21,1014.0
R907292,T30285793,M10565,2026-06-21,853.0
R907293,T30263901,M10032,2026-06-21,403.0
R907294,T30310880,M10685,2026-06-21,295.0
R907295,T30255328,M10931,2026-06-21,435.0
R907296,T30279261,M10042,2026-06-21,2104.0
R907297,T30273618,M10314,2026-06-21,1047.0
R907298,T30287496,M11616,2026-06-21,871.0
R907299,T30301539,M10419,2026-06-21,674.0
R907300,T30264629,M10931,2026-06-21,398.0
R907301,T30263193,M10685,2026-06-21,535.0
R907302,T30284297,M10088,2026-06-21,2432.0
R907303,T30311380,M10314,2026-06-21,107.0
R907304,T30284513,M10947,2026-06-21,546.0
R907305,T30284402,M10042,2026-06-21,3440.0
R907306,T30252611,M11275,2026-06-21,553.0
R907307,T30298256,M10022,2026-06-22,1802.0
R907308,T30283073,M10746,2026-06-22,625.0
R907309,T30314811,M10022,2026-06-22,2737.0
R907310,T30292020,M11793,2026-06-22,1245.0
R907311,T30311566,M10419,2026-06-22,786.0
R907312,T30314979,M11769,2026-06-22,4149.0
R907313,T30283104,M11249,2026-06-22,808.0
R907314,T30286188,M10931,2026-06-22,2825.0
R907315,T30315172,M10042,2026-06-22,3942.0
R907316,T30312464,M10898,2026-06-22,2493.0
R907317,T30313416,M10314,2026-06-22,177.0
R907318,T30282531,M11288,2026-06-22,298.0
R907319,T30309999,M10989,2026-06-22,1515.0
R907320,T30310822,M10947,2026-06-22,898.0
R907321,T30292317,M10931,2026-06-22,1735.0
R907322,T30295474,M10022,2026-06-22,10383.0
R907323,T30294827,M10701,2026-06-22,272.0
R907324,T30289614,M11378,2026-06-22,3733.0
R907325,T30283308,M11520,2026-06-22,1352.0
R907326,T30288956,M11552,2026-06-22,3879.0
R907327,T30305953,M11775,2026-06-22,1887.0
R907328,T30302323,M10590,2026-06-22,424.0
R907329,T30305163,M10022,2026-06-22,144.0
R907330,T30296140,M11825,2026-06-22,406.0
R907331,T30299886,M10042,2026-06-22,10848.0
R907332,T30312005,M11707,2026-06-22,4833.0
R907333,T30261022,M10931,2026-06-22,164.0
R907334,T30276628,M10096,2026-06-22,668.0
R907335,T30272358,M10577,2026-06-22,1497.0
R907336,T30275516,M10042,2026-06-22,1035.0
R907337,T30263279,M11003,2026-06-22,350.0
R907338,T30275466,M11724,2026-06-22,3885.0
R907339,T30278436,M10042,2026-06-22,3447.0
R907340,T30269090,M10419,2026-06-22,324.0
R907341,T30257354,M11616,2026-06-22,723.0
R907342,T30266103,M10211,2026-06-22,138.0
R907343,T30253726,M10931,2026-06-22,570.0
R907344,T30255506,M11003,2026-06-22,829.0
R907345,T30254659,M10096,2026-06-22,2116.0
R907346,T30254708,M10947,2026-06-22,1567.0
R907347,T30259143,M11275,2026-06-22,2618.0
R907348,T30266290,M11275,2026-06-22,732.0
R907349,T30267724,M10493,2026-06-22,4189.0
R907350,T30279717,M10931,2026-06-22,1335.0
R907351,T30266709,M10022,2026-06-22,798.0
R907352,T30255055,M10577,2026-06-22,422.0
R907353,T30273410,M11482,2026-06-22,299.0
R907354,T30281352,M10947,2026-06-22,700.0
R907355,T30281041,M10067,2026-06-22,342.0
R907356,T30258212,M10821,2026-06-22,445.0
R907357,T30252950,M10931,2026-06-22,247.0
R907358,T30252148,M10746,2026-06-22,942.0
R907359,T30269844,M10577,2026-06-22,574.0
R907360,T30251811,M11003,2026-06-22,758.0
R907361,T30253642,M10931,2026-06-22,1431.0
R907362,T30276170,M11602,2026-06-22,2367.0
R907363,T30261241,M10878,2026-06-22,483.0
R907364,T30284767,M11109,2026-06-23,337.0
R907365,T30300808,M11646,2026-06-23,874.0
R907366,T30258075,M11003,2026-06-23,2382.0
R907367,T30285090,M10567,2026-06-23,3206.0
R907368,T30301154,M11408,2026-06-23,458.0
R907369,T30279042,M10341,2026-06-23,5886.0
R907370,T30308230,M10022,2026-06-23,542.0
R907371,T30307714,M10096,2026-06-23,381.0
R907372,T30311018,M10032,2026-06-23,109.0
R907373,T30307118,M11408,2026-06-23,2207.0
R907374,T30273978,M11003,2026-06-23,881.0
R907375,T30275868,M10746,2026-06-23,869.0
R907376,T30275604,M10032,2026-06-23,1193.0
R907377,T30257239,M10862,2026-06-23,935.0
R907378,T30309221,M11107,2026-06-23,350.0
R907379,T30265811,M11408,2026-06-23,571.0
R907380,T30256012,M10853,2026-06-23,1368.0
R907381,T30308675,M11003,2026-06-23,669.0
R907382,T30288963,M10444,2026-06-23,783.0
R907383,T30316504,M11275,2026-06-23,113.0
R907384,T30286316,M11655,2026-06-23,3063.0
R907385,T30265890,M11249,2026-06-23,1194.0
R907386,T30300373,M10650,2026-06-23,5186.0
R907387,T30257047,M10867,2026-06-23,704.0
R907388,T30298075,M10790,2026-06-23,610.0
R907389,T30299638,M11003,2026-06-23,2467.0
R907390,T30285452,M10493,2026-06-23,4040.0
R907391,T30300590,M11109,2026-06-23,2341.0
R907392,T30275229,M10862,2026-06-23,572.0
R907393,T30317394,M10947,2026-06-23,742.0
R907394,T30270653,M10042,2026-06-23,2730.0
R907395,T30281212,M11249,2026-06-23,238.0
R907396,T30291436,M10042,2026-06-23,4431.0
R907397,T30259345,M10489,2026-06-23,253.0
R907398,T30261311,M11575,2026-06-23,546.0
R907399,T30269359,M10577,2026-06-23,250.0
R907400,T30283445,M10211,2026-06-23,704.0
R907401,T30261330,M10613,2026-06-23,307.0
R907402,T30314066,M11217,2026-06-23,6624.0
R907403,T30304435,M10341,2026-06-23,5980.0
R907404,T30294530,M11275,2026-06-23,692.0
R907405,T30294982,M11806,2026-06-23,683.0
R907406,T30281365,M10931,2026-06-23,395.0
R907407,T30261791,M10200,2026-06-23,252.0
R907408,T30259974,M11616,2026-06-23,1098.0
R907409,T30294940,M10211,2026-06-23,772.0
R907410,T30316301,M11408,2026-06-23,965.0
R907411,T30311556,M10022,2026-06-23,136.0
R907412,T30254365,M10931,2026-06-23,460.0
R907413,T30269443,M10096,2026-06-23,3562.0
R907414,T30291210,M10577,2026-06-23,1043.0
R907415,T30267775,M10314,2026-06-23,785.0
R907416,T30290279,M10343,2026-06-23,148.0
R907417,T30290288,M11589,2026-06-23,260.0
R907418,T30282493,M11809,2026-06-23,429.0
R907419,T30252606,M11582,2026-06-23,1661.0
R907420,T30296282,M10577,2026-06-23,726.0
R907421,T30290505,M11487,2026-06-23,175.0
R907422,T30254827,M10577,2026-06-23,643.0
R907423,T30271389,M10931,2026-06-23,725.0
R907424,T30290645,M11003,2026-06-23,228.0
R907425,T30290627,M10947,2026-06-23,572.0
R907426,T30298592,M10704,2026-06-24,2315.0
R907427,T30288029,M10457,2026-06-24,385.0
R907428,T30294369,M10341,2026-06-24,2982.0
R907429,T30287547,M10577,2026-06-24,849.0
R907430,T30298448,M10931,2026-06-24,2530.0
R907431,T30275928,M10931,2026-06-24,4625.0
R907432,T30265426,M11616,2026-06-24,3093.0
R907433,T30270357,M10419,2026-06-24,198.0
R907434,T30313689,M11109,2026-06-24,370.0
R907435,T30287401,M10032,2026-06-24,849.0
R907436,T30307931,M10850,2026-06-24,878.0
R907437,T30288504,M10419,2026-06-24,813.0
R907438,T30290060,M10032,2026-06-24,323.0
R907439,T30267405,M10211,2026-06-24,1728.0
R907440,T30310810,M10022,2026-06-24,899.0
R907441,T30289822,M11405,2026-06-24,1129.0
R907442,T30255332,M10931,2026-06-24,797.0
R907443,T30290899,M11275,2026-06-24,146.0
R907444,T30255391,M11673,2026-06-24,608.0
R907445,T30296999,M11716,2026-06-24,6109.0
R907446,T30289475,M10211,2026-06-24,1425.0
R907447,T30315415,M11249,2026-06-24,434.0
R907448,T30253787,M11275,2026-06-24,1088.0
R907449,T30275161,M10931,2026-06-24,521.0
R907450,T30253727,M11408,2026-06-24,1391.0
R907451,T30314694,M11825,2026-06-24,1017.0
R907452,T30272606,M11618,2026-06-24,1418.0
R907453,T30309386,M11641,2026-06-24,1724.0
R907454,T30292521,M11261,2026-06-24,287.0
R907455,T30308830,M10828,2026-06-24,521.0
R907456,T30267035,M11275,2026-06-24,1016.0
R907457,T30271756,M11249,2026-06-24,339.0
R907458,T30319163,M10096,2026-06-24,625.0
R907459,T30301910,M10493,2026-06-24,11351.0
R907460,T30319032,M10931,2026-06-24,464.0
R907461,T30285736,M10022,2026-06-24,815.0
R907462,T30264177,M10096,2026-06-24,296.0
R907463,T30264486,M10867,2026-06-24,235.0
R907464,T30256954,M10567,2026-06-24,4504.0
R907465,T30306878,M10931,2026-06-24,465.0
R907466,T30299523,M11243,2026-06-24,333.0
R907467,T30307007,M10341,2026-06-24,7970.0
R907468,T30264345,M10828,2026-06-24,276.0
R907469,T30302783,M11275,2026-06-24,587.0
R907470,T30280249,M11043,2026-06-24,1611.0
R907471,T30257690,M11025,2026-06-24,729.0
R907472,T30282899,M10022,2026-06-24,1671.0
R907473,T30261092,M11377,2026-06-24,4713.0
R907474,T30318422,M10650,2026-06-24,3584.0
R907475,T30298915,M11275,2026-06-24,2429.0
R907476,T30306220,M10808,2026-06-24,1351.0
R907477,T30265069,M11148,2026-06-24,51.0
R907478,T30301005,M10845,2026-06-24,745.0
R907479,T30305216,M11532,2026-06-24,153.0
R907480,T30311425,M11408,2026-06-25,293.0
R907481,T30301926,M11003,2026-06-25,2022.0
R907482,T30290902,M10211,2026-06-25,1030.0
R907483,T30305351,M11616,2026-06-25,738.0
R907484,T30315883,M10592,2026-06-25,246.0
R907485,T30311094,M10022,2026-06-25,698.0
R907486,T30305139,M10729,2026-06-25,799.0
R907487,T30290671,M11377,2026-06-25,4134.0
R907488,T30296333,M10314,2026-06-25,809.0
R907489,T30311056,M10211,2026-06-25,1415.0
R907490,T30321872,M10577,2026-06-25,1095.0
R907491,T30321301,M10853,2026-06-25,1039.0
R907492,T30321208,M10299,2026-06-25,776.0
R907493,T30311109,M10211,2026-06-25,829.0
R907494,T30301721,M11322,2026-06-25,2049.0
R907495,T30318357,M11062,2026-06-25,1098.0
R907496,T30304484,M11520,2026-06-25,912.0
R907497,T30293674,M11075,2026-06-25,923.0
R907498,T30303351,M10704,2026-06-25,1133.0
R907499,T30271534,M10931,2026-06-25,743.0
R907500,T30322950,M11411,2026-06-25,2509.0
R907501,T30314054,M10978,2026-06-25,1097.0
R907502,T30322646,M11109,2026-06-25,1756.0
R907503,T30322566,M11003,2026-06-25,681.0
R907504,T30281336,M10931,2026-06-25,3487.0
R907505,T30281270,M11816,2026-06-25,841.0
R907506,T30259401,M10853,2026-06-25,474.0
R907507,T30302555,M10042,2026-06-25,3851.0
R907508,T30295080,M10022,2026-06-25,384.0
R907509,T30272803,M10685,2026-06-25,483.0
R907510,T30269220,M10341,2026-06-25,2862.0
R907511,T30311769,M10862,2026-06-25,312.0
R907512,T30273135,M11146,2026-06-25,601.0
R907513,T30302336,M10577,2026-06-25,1753.0
R907514,T30280672,M10862,2026-06-25,401.0
R907515,T30274000,M11275,2026-06-25,523.0
R907516,T30315316,M11408,2026-06-25,1476.0
R907517,T30268450,M11109,2026-06-25,1238.0
R907518,T30304463,M11752,2026-06-25,8893.0
R907519,T30283914,M10096,2026-06-25,2027.0
R907520,T30259282,M10577,2026-06-25,258.0
R907521,T30279003,M11701,2026-06-25,842.0
R907522,T30279489,M10931,2026-06-25,321.0
R907523,T30317188,M11602,2026-06-25,791.0
R907524,T30265473,M10685,2026-06-25,1550.0
R907525,T30307275,M10419,2026-06-25,321.0
R907526,T30299883,M11724,2026-06-25,1234.0
R907527,T30309799,M11616,2026-06-25,974.0
R907528,T30307999,M11793,2026-06-25,1091.0
R907529,T30263659,M10461,2026-06-25,150.0
R907530,T30300288,M10567,2026-06-25,29773.0
R907531,T30265725,M10273,2026-06-25,956.0
R907532,T30318095,M11251,2026-06-25,85.0
R907533,T30287093,M10965,2026-06-25,2013.0
R907534,T30319745,M10022,2026-06-25,908.0
R907535,T30318514,M11825,2026-06-25,630.0
R907536,T30274235,M11408,2026-06-25,337.0
R907537,T30256698,M11453,2026-06-25,396.0
R907538,T30285124,M10853,2026-06-25,2252.0
R907539,T30257291,M10853,2026-06-25,756.0
R907540,T30265147,M10985,2026-06-25,200.0
R907541,T30297528,M10096,2026-06-25,628.0
R907542,T30308025,M10685,2026-06-25,239.0
R907543,T30295039,M11538,2026-06-26,559.0
R907544,T30276052,M10947,2026-06-26,882.0
R907545,T30324859,M11769,2026-06-26,8385.0
R907546,T30265568,M10211,2026-06-26,942.0
R907547,T30314919,M10828,2026-06-26,385.0
R907548,T30265639,M10255,2026-06-26,1158.0
R907549,T30265686,M10022,2026-06-26,1568.0
R907550,T30287674,M10022,2026-06-26,280.0
R907551,T30294971,M10931,2026-06-26,705.0
R907552,T30302935,M10853,2026-06-26,810.0
R907553,T30307615,M10241,2026-06-26,2569.0
R907554,T30276517,M10577,2026-06-26,1938.0
R907555,T30294107,M10032,2026-06-26,513.0
R907556,T30298777,M10419,2026-06-26,1467.0
R907557,T30293648,M10493,2026-06-26,24351.0
R907558,T30260325,M10931,2026-06-26,456.0
R907559,T30270440,M10412,2026-06-26,4838.0
R907560,T30261762,M10022,2026-06-26,801.0
R907561,T30304262,M10931,2026-06-26,1251.0
R907562,T30269880,M10170,2026-06-26,14873.0
R907563,T30313722,M10577,2026-06-26,1805.0
R907564,T30324413,M11422,2026-06-26,6775.0
R907565,T30313884,M10577,2026-06-26,3235.0
R907566,T30271926,M11249,2026-06-26,394.0
R907567,T30302850,M11830,2026-06-26,1368.0
R907568,T30282703,M10419,2026-06-26,2030.0
R907569,T30297992,M10701,2026-06-26,665.0
R907570,T30301265,M10746,2026-06-26,287.0
R907571,T30265638,M10685,2026-06-26,818.0
R907572,T30279322,M11138,2026-06-26,1542.0
R907573,T30308648,M11646,2026-06-26,512.0
R907574,T30263105,M10022,2026-06-26,1400.0
R907575,T30306387,M10489,2026-06-26,486.0
R907576,T30309873,M10746,2026-06-26,1050.0
R907577,T30291004,M10685,2026-06-26,711.0
R907578,T30258934,M10419,2026-06-26,657.0
R907579,T30288603,M11591,2026-06-26,1012.0
R907580,T30322296,M11003,2026-06-26,231.0
R907581,T30289056,M10211,2026-06-26,1102.0
R907582,T30308912,M11217,2026-06-26,6641.0
R907583,T30264360,M11249,2026-06-26,782.0
R907584,T30291280,M10419,2026-06-26,376.0
R907585,T30288513,M11408,2026-06-26,472.0
R907586,T30316282,M11249,2026-06-26,104.0
R907587,T30285535,M11181,2026-06-26,11144.0
R907588,T30263157,M10989,2026-06-26,2392.0
R907589,T30289865,M11646,2026-06-26,1249.0
R907590,T30268526,M10544,2026-06-26,5458.0
R907591,T30310731,M10931,2026-06-26,1367.0
R907592,T30285563,M11249,2026-06-26,840.0
R907593,T30289398,M10544,2026-06-26,2930.0
R907594,T30266985,M10107,2026-06-27,667.0
R907595,T30263296,M10746,2026-06-27,2680.0
R907596,T30303253,M11724,2026-06-27,1122.0
R907597,T30296668,M10022,2026-06-27,719.0
R907598,T30305423,M10853,2026-06-27,307.0
R907599,T30312679,M10746,2026-06-27,462.0
R907600,T30294304,M10808,2026-06-27,582.0
R907601,T30313250,M11855,2026-06-27,779.0
R907602,T30263881,M10273,2026-06-27,266.0
R907603,T30263120,M10444,2026-06-27,652.0
R907604,T30296747,M11616,2026-06-27,426.0
R907605,T30294768,M11003,2026-06-27,680.0
R907606,T30312097,M10096,2026-06-27,545.0
R907607,T30296255,M10931,2026-06-27,1150.0
R907608,T30306438,M10808,2026-06-27,1480.0
R907609,T30309568,M10022,2026-06-27,223.0
R907610,T30306537,M10165,2026-06-27,13078.0
R907611,T30311267,M10493,2026-06-27,4155.0
R907612,T30299100,M11115,2026-06-27,171.0
R907613,T30302507,M10746,2026-06-27,432.0
R907614,T30302296,M10685,2026-06-27,331.0
R907615,T30302364,M10107,2026-06-27,1903.0
R907616,T30299825,M10650,2026-06-27,3079.0
R907617,T30269148,M10746,2026-06-27,2536.0
R907618,T30311570,M10690,2026-06-27,893.0
R907619,T30298717,M10853,2026-06-27,626.0
R907620,T30304541,M11478,2026-06-27,230.0
R907621,T30303719,M10567,2026-06-27,5374.0
R907622,T30316485,M11616,2026-06-27,620.0
R907623,T30281251,M10807,2026-06-27,1680.0
R907624,T30291355,M10853,2026-06-27,316.0
R907625,T30315464,M10457,2026-06-27,2167.0
R907626,T30273545,M11249,2026-06-27,1535.0
R907627,T30316154,M11166,2026-06-27,202.0
R907628,T30316304,M10211,2026-06-27,2082.0
R907629,T30316454,M11408,2026-06-27,1098.0
R907630,T30284290,M11806,2026-06-27,1374.0
R907631,T30274468,M11816,2026-06-27,964.0
R907632,T30326763,M10642,2026-06-27,3882.0
R907633,T30289192,M11642,2026-06-27,1055.0
R907634,T30317169,M10947,2026-06-27,964.0
R907635,T30315103,M11641,2026-06-27,811.0
R907636,T30317179,M10314,2026-06-27,562.0
R907637,T30317401,M11408,2026-06-27,1678.0
R907638,T30317550,M11754,2026-06-27,1281.0
R907639,T30287385,M10989,2026-06-27,9251.0
R907640,T30286588,M10862,2026-06-27,142.0
R907641,T30277118,M10096,2026-06-27,467.0
R907642,T30286472,M10493,2026-06-27,818.0
R907643,T30284998,M10940,2026-06-27,2262.0
R907644,T30277706,M10931,2026-06-27,440.0
R907645,T30277755,M10565,2026-06-27,4268.0
R907646,T30285981,M11646,2026-06-27,1628.0
R907647,T30277963,M11520,2026-06-27,1645.0
R907648,T30327985,M11408,2026-06-27,2429.0
R907649,T30284674,M11434,2026-06-27,424.0
R907650,T30324780,M10577,2026-06-27,1075.0
R907651,T30319539,M10577,2026-06-27,260.0
R907652,T30323536,M10808,2026-06-27,176.0
R907653,T30313576,M10314,2026-06-27,197.0
R907654,T30313574,M10828,2026-06-27,828.0
R907655,T30272278,M11695,2026-06-27,230.0
R907656,T30314646,M10746,2026-06-27,310.0
R907657,T30303864,M10567,2026-06-28,5270.0
R907658,T30304561,M11532,2026-06-28,297.0
R907659,T30294764,M11597,2026-06-28,1167.0
R907660,T30263601,M10314,2026-06-28,239.0
R907661,T30282661,M10954,2026-06-28,396.0
R907662,T30327337,M10493,2026-06-28,4402.0
R907663,T30293176,M10419,2026-06-28,1475.0
R907664,T30266862,M11275,2026-06-28,1553.0
R907665,T30325605,M11420,2026-06-28,2751.0
R907666,T30273699,M11765,2026-06-28,1482.0
R907667,T30305758,M10989,2026-06-28,4231.0
R907668,T30316417,M10808,2026-06-28,1910.0
R907669,T30303043,M10989,2026-06-28,2960.0
R907670,T30274013,M11277,2026-06-28,381.0
R907671,T30329796,M10042,2026-06-28,11190.0
R907672,T30276846,M10808,2026-06-28,1623.0
R907673,T30298094,M11217,2026-06-28,21824.0
R907674,T30284918,M11520,2026-06-28,401.0
R907675,T30288113,M11193,2026-06-28,714.0
R907676,T30282120,M10567,2026-06-28,12331.0
R907677,T30279049,M10022,2026-06-28,580.0
R907678,T30276001,M11769,2026-06-28,12306.0
R907679,T30323001,M10211,2026-06-28,914.0
R907680,T30263268,M10032,2026-06-28,275.0
R907681,T30294613,M10606,2026-06-28,877.0
R907682,T30275670,M10262,2026-06-28,228.0
R907683,T30317157,M10800,2026-06-28,3521.0
R907684,T30270556,M10650,2026-06-28,5316.0
R907685,T30305458,M11003,2026-06-28,820.0
R907686,T30271535,M11109,2026-06-28,576.0
R907687,T30318226,M10746,2026-06-28,2228.0
R907688,T30329911,M11162,2026-06-28,388.0
R907689,T30298678,M10989,2026-06-28,1896.0
R907690,T30313656,M10931,2026-06-28,203.0
R907691,T30280252,M10577,2026-06-28,1322.0
R907692,T30303272,M10677,2026-06-28,317.0
R907693,T30285757,M10947,2026-06-28,989.0
R907694,T30322442,M10931,2026-06-28,934.0
R907695,T30305903,M10746,2026-06-28,1280.0
R907696,T30291297,M11798,2026-06-28,1179.0
R907697,T30313253,M10040,2026-06-28,389.0
R907698,T30329326,M11836,2026-06-28,707.0
R907699,T30273324,M11668,2026-06-28,4465.0
R907700,T30318775,M10419,2026-06-28,993.0
R907701,T30324105,M11217,2026-06-28,10871.0
R907702,T30282311,M10947,2026-06-28,488.0
R907703,T30273122,M10790,2026-06-28,191.0
R907704,T30285472,M11408,2026-06-28,1500.0
R907705,T30300948,M10931,2026-06-28,359.0
R907706,T30319264,M11003,2026-06-28,556.0
R907707,T30277867,M11191,2026-06-28,487.0
R907708,T30290989,M10165,2026-06-28,5080.0
R907709,T30267169,M10657,2026-06-28,1978.0
R907710,T30282669,M10032,2026-06-28,145.0
R907711,T30272697,M11677,2026-06-28,1704.0
R907712,T30325154,M10822,2026-06-28,69.0
R907713,T30267532,M10947,2026-06-28,474.0
R907714,T30322399,M10493,2026-06-28,9570.0
R907715,T30327857,M11408,2026-06-28,306.0
R907716,T30323272,M11597,2026-06-28,924.0
R907717,T30305888,M11003,2026-06-28,344.0
R907718,T30263624,M10931,2026-06-28,1658.0
R907719,T30300617,M11275,2026-06-29,1776.0
R907720,T30320382,M10211,2026-06-29,1028.0
R907721,T30285404,M10685,2026-06-29,537.0
R907722,T30300852,M11249,2026-06-29,548.0
R907723,T30319297,M10989,2026-06-29,1720.0
R907724,T30275934,M11815,2026-06-29,19411.0
R907725,T30318607,M10989,2026-06-29,9689.0
R907726,T30307934,M10032,2026-06-29,336.0
R907727,T30294353,M11616,2026-06-29,450.0
R907728,T30307790,M11003,2026-06-29,1982.0
R907729,T30270985,M11739,2026-06-29,373.0
R907730,T30277943,M11148,2026-06-29,567.0
R907731,T30301027,M11752,2026-06-29,14467.0
R907732,T30277784,M10022,2026-06-29,502.0
R907733,T30318961,M11443,2026-06-29,13588.0
R907734,T30318846,M11520,2026-06-29,1082.0
R907735,T30313149,M11825,2026-06-29,140.0
R907736,T30300205,M10931,2026-06-29,1270.0
R907737,T30299392,M10808,2026-06-29,1306.0
R907738,T30311977,M10577,2026-06-29,329.0
R907739,T30290506,M10922,2026-06-29,872.0
R907740,T30311093,M10096,2026-06-29,1404.0
R907741,T30316285,M11763,2026-06-29,4975.0
R907742,T30287967,M10746,2026-06-29,409.0
R907743,T30290760,M10853,2026-06-29,1247.0
R907744,T30311115,M10746,2026-06-29,618.0
R907745,T30273516,M10211,2026-06-29,546.0
R907746,T30267570,M11052,2026-06-29,457.0
R907747,T30280719,M10862,2026-06-29,149.0
R907748,T30280811,M11109,2026-06-29,40.0
R907749,T30295957,M10947,2026-06-29,1725.0
R907750,T30273464,M10947,2026-06-29,754.0
R907751,T30267917,M10042,2026-06-29,10418.0
R907752,T30281036,M11793,2026-06-29,2613.0
R907753,T30268874,M10685,2026-06-29,850.0
R907754,T30273237,M11616,2026-06-29,1074.0
R907755,T30291548,M10650,2026-06-29,1189.0
R907756,T30295089,M10577,2026-06-29,400.0
R907757,T30290112,M10491,2026-06-29,99.0
R907758,T30326499,M11816,2026-06-29,818.0
R907759,T30317103,M10947,2026-06-29,2009.0
R907760,T30288064,M11275,2026-06-29,749.0
R907761,T30279406,M10022,2026-06-29,2786.0
R907762,T30303173,M11616,2026-06-29,381.0
R907763,T30275780,M10828,2026-06-29,918.0
R907764,T30269896,M11109,2026-06-29,403.0
R907765,T30320696,M10211,2026-06-29,1042.0
R907766,T30275233,M10577,2026-06-29,1017.0
R907767,T30331162,M11003,2026-06-29,1552.0
R907768,T30297790,M10931,2026-06-29,408.0
R907769,T30301524,M11713,2026-06-29,1671.0
R907770,T30330837,M10931,2026-06-29,987.0
R907771,T30274628,M11249,2026-06-29,392.0
R907772,T30304569,M10862,2026-06-29,337.0
R907773,T30327413,M10022,2026-06-29,2738.0
R907774,T30289700,M10746,2026-06-29,3449.0
R907775,T30302742,M11404,2026-06-30,521.0
R907776,T30304351,M10491,2026-06-30,220.0
R907777,T30324542,M11239,2026-06-30,1150.0
R907778,T30283215,M11408,2026-06-30,536.0
R907779,T30282927,M11003,2026-06-30,1343.0
R907780,T30302618,M11538,2026-06-30,1352.0
R907781,T30305693,M10808,2026-06-30,2620.0
R907782,T30319670,M10107,2026-06-30,2990.0
R907783,T30304952,M10746,2026-06-30,1283.0
R907784,T30326527,M11712,2026-06-30,1467.0
R907785,T30304896,M10853,2026-06-30,408.0
R907786,T30279445,M11229,2026-06-30,78.0
R907787,T30323673,M10685,2026-06-30,819.0
R907788,T30301093,M11363,2026-06-30,232.0
R907789,T30322317,M10419,2026-06-30,2303.0
R907790,T30280295,M10419,2026-06-30,659.0
R907791,T30304721,M10577,2026-06-30,728.0
R907792,T30325313,M10314,2026-06-30,187.0
R907793,T30324918,M10314,2026-06-30,532.0
R907794,T30320503,M10931,2026-06-30,1183.0
R907795,T30313318,M10096,2026-06-30,852.0
R907796,T30306292,M10853,2026-06-30,1656.0
R907797,T30297132,M10989,2026-06-30,2247.0
R907798,T30330999,M10042,2026-06-30,2163.0
R907799,T30274526,M10107,2026-06-30,854.0
R907800,T30296799,M10590,2026-06-30,403.0
R907801,T30319494,M10042,2026-06-30,3697.0
R907802,T30273632,M10107,2026-06-30,212.0
R907803,T30333513,M10042,2026-06-30,12533.0
R907804,T30296357,M10685,2026-06-30,2192.0
R907805,T30290724,M10577,2026-06-30,683.0
R907806,T30267750,M11151,2026-06-30,958.0
R907807,T30315778,M10931,2026-06-30,329.0
R907808,T30273475,M10022,2026-06-30,666.0
R907809,T30268366,M10577,2026-06-30,240.0
R907810,T30314816,M10032,2026-06-30,402.0
R907811,T30334118,M10211,2026-06-30,584.0
R907812,T30314107,M10022,2026-06-30,2000.0
R907813,T30292704,M11109,2026-06-30,696.0
R907814,T30294574,M10032,2026-06-30,841.0
R907815,T30293321,M10567,2026-06-30,3868.0
R907816,T30312856,M10107,2026-06-30,388.0
R907817,T30313356,M11253,2026-06-30,1982.0
R907818,T30316766,M10931,2026-06-30,1380.0
R907819,T30317030,M10022,2026-06-30,1756.0
R907820,T30331348,M10577,2026-06-30,1207.0
R907821,T30286413,M11649,2026-06-30,2174.0
R907822,T30277865,M11305,2026-06-30,2696.0
R907823,T30318601,M10650,2026-06-30,5142.0
R907824,T30307314,M11355,2026-06-30,1485.0
R907825,T30298943,M10685,2026-06-30,1668.0
R907826,T30329779,M11249,2026-06-30,815.0
R907827,T30330373,M10931,2026-06-30,696.0
R907828,T30330401,M10853,2026-06-30,179.0
R907829,T30299607,M10862,2026-06-30,486.0
R907830,T30287982,M10211,2026-06-30,1206.0
R907831,T30275946,M11520,2026-06-30,251.0
R907832,T30328301,M11831,2026-06-30,6111.0
R907833,T30297972,M11404,2026-06-30,336.0
R907834,T30308613,M11408,2026-06-30,668.0
R907835,T30323288,M11275,2026-07-01,2950.0
R907836,T30336405,M10022,2026-07-01,850.0
R907837,T30336410,M11826,2026-07-01,677.0
R907838,T30311982,M10893,2026-07-01,13301.0
R907839,T30324465,M10989,2026-07-01,1465.0
R907840,T30305959,M11264,2026-07-01,3215.0
R907841,T30337119,M11825,2026-07-01,286.0
R907842,T30312480,M10567,2026-07-01,4460.0
R907843,T30329608,M11275,2026-07-01,3054.0
R907844,T30319289,M10931,2026-07-01,1428.0
R907845,T30338002,M11562,2026-07-01,263.0
R907846,T30336790,M10211,2026-07-01,399.0
R907847,T30313844,M10685,2026-07-01,346.0
R907848,T30328108,M11200,2026-07-01,2218.0
R907849,T30335729,M10577,2026-07-01,1438.0
R907850,T30317100,M10940,2026-07-01,1161.0
R907851,T30333652,M11616,2026-07-01,1224.0
R907852,T30316878,M10457,2026-07-01,831.0
R907853,T30304859,M11003,2026-07-01,1686.0
R907854,T30308770,M10273,2026-07-01,156.0
R907855,T30326778,M11598,2026-07-01,7571.0
R907856,T30326948,M10022,2026-07-01,1757.0
R907857,T30326691,M11816,2026-07-01,704.0
R907858,T30310424,M10746,2026-07-01,1566.0
R907859,T30310710,M10746,2026-07-01,473.0
R907860,T30332707,M10273,2026-07-01,541.0
R907861,T30310961,M10577,2026-07-01,1722.0
R907862,T30316148,M10592,2026-07-01,823.0
R907863,T30311439,M10022,2026-07-01,796.0
R907864,T30317037,M10032,2026-07-01,1729.0
R907865,T30315308,M11408,2026-07-01,486.0
R907866,T30314988,M10577,2026-07-01,5526.0
R907867,T30329635,M11275,2026-07-01,574.0
R907868,T30308172,M10947,2026-07-01,460.0
R907869,T30337648,M11720,2026-07-01,1660.0
R907870,T30300940,M10828,2026-07-01,373.0
R907871,T30272041,M10935,2026-07-01,197.0
R907872,T30299361,M10042,2026-07-01,3540.0
R907873,T30270829,M10032,2026-07-01,147.0
R907874,T30282813,M10746,2026-07-01,714.0
R907875,T30273721,M10042,2026-07-01,2095.0
R907876,T30284426,M10828,2026-07-01,577.0
R907877,T30278300,M10491,2026-07-01,923.0
R907878,T30276365,M10419,2026-07-01,644.0
R907879,T30279350,M10947,2026-07-01,1060.0
R907880,T30272064,M10211,2026-07-01,1424.0
R907881,T30297102,M10314,2026-07-01,310.0
R907882,T30295007,M10685,2026-07-01,3053.0
R907883,T30291341,M10989,2026-07-01,6855.0
R907884,T30298528,M11713,2026-07-01,211.0
R907885,T30297379,M11217,2026-07-01,5462.0
R907886,T30293895,M11798,2026-07-01,17215.0
R907887,T30271982,M11769,2026-07-01,2544.0
R907888,T30272767,M11602,2026-07-01,398.0
R907889,T30275044,M10931,2026-07-01,902.0
R907890,T30297898,M11330,2026-07-01,1461.0
R907891,T30285189,M11520,2026-07-01,507.0
R907892,T30301050,M11641,2026-07-01,385.0
R907893,T30299914,M10032,2026-07-02,671.0
R907894,T30296556,M10096,2026-07-02,1875.0
R907895,T30296188,M10853,2026-07-02,1337.0
R907896,T30311230,M11629,2026-07-02,4167.0
R907897,T30284934,M11217,2026-07-02,3760.0
R907898,T30311691,M10889,2026-07-02,352.0
R907899,T30312515,M10931,2026-07-02,479.0
R907900,T30331874,M10096,2026-07-02,434.0
R907901,T30332106,M10931,2026-07-02,444.0
R907902,T30281651,M10989,2026-07-02,4649.0
R907903,T30299600,M10491,2026-07-02,940.0
R907904,T30277071,M11520,2026-07-02,625.0
R907905,T30279984,M10211,2026-07-02,806.0
R907906,T30308665,M11616,2026-07-02,406.0
R907907,T30330870,M10701,2026-07-02,907.0
R907908,T30339128,M11769,2026-07-02,1663.0
R907909,T30272664,M10889,2026-07-02,2183.0
R907910,T30331013,M11408,2026-07-02,1180.0
R907911,T30309385,M10685,2026-07-02,269.0
R907912,T30297434,M11229,2026-07-02,107.0
R907913,T30282013,M11229,2026-07-02,502.0
R907914,T30336084,M11677,2026-07-02,900.0
R907915,T30280681,M10211,2026-07-02,1621.0
R907916,T30274976,M10577,2026-07-02,2386.0
R907917,T30323005,M10862,2026-07-02,355.0
R907918,T30310078,M10931,2026-07-02,949.0
R907919,T30282591,M10491,2026-07-02,942.0
R907920,T30274140,M11399,2026-07-02,1003.0
R907921,T30296973,M11107,2026-07-02,1697.0
R907922,T30334929,M10022,2026-07-02,766.0
R907923,T30298967,M10998,2026-07-02,502.0
R907924,T30336358,M11003,2026-07-02,1015.0
R907925,T30271536,M10685,2026-07-02,2208.0
R907926,T30296715,M10211,2026-07-02,726.0
R907927,T30322375,M10042,2026-07-02,2871.0
R907928,T30322482,M10867,2026-07-02,383.0
R907929,T30324389,M10808,2026-07-02,652.0
R907930,T30337431,M11816,2026-07-02,1167.0
R907931,T30287350,M10211,2026-07-02,1900.0
R907932,T30301852,M10924,2026-07-02,580.0
R907933,T30314341,M10746,2026-07-02,393.0
R907934,T30314276,M10746,2026-07-02,476.0
R907935,T30304641,M11275,2026-07-02,505.0
R907936,T30291235,M11742,2026-07-02,304.0
R907937,T30288736,M11275,2026-07-02,1064.0
R907938,T30314227,M10746,2026-07-02,228.0
R907939,T30304144,M11275,2026-07-02,335.0
R907940,T30318446,M11003,2026-07-02,1635.0
R907941,T30301636,M10341,2026-07-02,6378.0
R907942,T30315545,M10685,2026-07-02,731.0
R907943,T30327532,M10862,2026-07-02,1098.0
R907944,T30313856,M11271,2026-07-02,1151.0
R907945,T30333584,M11763,2026-07-02,2984.0
R907946,T30328090,M10419,2026-07-02,155.0
R907947,T30289045,M11712,2026-07-02,700.0
R907948,T30285329,M10883,2026-07-02,571.0
R907949,T30291390,M11092,2026-07-02,9745.0
R907950,T30315277,M10754,2026-07-02,1066.0
R907951,T30303795,M11724,2026-07-02,897.0
R907952,T30285987,M10813,2026-07-02,10775.0
R907953,T30315744,M10577,2026-07-02,1835.0
R907954,T30273020,M10758,2026-07-02,481.0
R907955,T30315002,M10808,2026-07-02,1169.0
R907956,T30278514,M10577,2026-07-02,1131.0
R907957,T30301318,M11275,2026-07-02,753.0
R907958,T30317721,M11376,2026-07-02,729.0
R907959,T30337160,M10032,2026-07-02,281.0
R907960,T30278291,M10042,2026-07-02,4764.0
R907961,T30290615,M10419,2026-07-03,967.0
R907962,T30282327,M10577,2026-07-03,1181.0
R907963,T30339749,M10577,2026-07-03,572.0
R907964,T30313044,M10491,2026-07-03,809.0
R907965,T30315561,M10746,2026-07-03,674.0
R907966,T30316493,M11003,2026-07-03,2010.0
R907967,T30297470,M11098,2026-07-03,1056.0
R907968,T30277571,M11218,2026-07-03,247.0
R907969,T30273581,M10947,2026-07-03,244.0
R907970,T30281848,M11807,2026-07-03,1109.0
R907971,T30315955,M10107,2026-07-03,1037.0
R907972,T30290164,M10650,2026-07-03,1424.0
R907973,T30290328,M11713,2026-07-03,1826.0
R907974,T30331231,M11850,2026-07-03,9517.0
R907975,T30323622,M10685,2026-07-03,4033.0
R907976,T30317782,M10126,2026-07-03,539.0
R907977,T30310079,M11408,2026-07-03,5101.0
R907978,T30313004,M10808,2026-07-03,290.0
R907979,T30303609,M11033,2026-07-03,110.0
R907980,T30319460,M10931,2026-07-03,944.0
R907981,T30313120,M11098,2026-07-03,1854.0
R907982,T30319103,M11591,2026-07-03,371.0
R907983,T30294488,M11408,2026-07-03,1123.0
R907984,T30320153,M10808,2026-07-03,2467.0
R907985,T30313454,M10903,2026-07-03,1521.0
R907986,T30342953,M11701,2026-07-03,782.0
R907987,T30286381,M10808,2026-07-03,2085.0
R907988,T30334260,M10577,2026-07-03,1247.0
R907989,T30331761,M10746,2026-07-03,802.0
R907990,T30286386,M11275,2026-07-03,287.0
R907991,T30292870,M11574,2026-07-03,885.0
R907992,T30286710,M10931,2026-07-03,881.0
R907993,T30322096,M10685,2026-07-03,765.0
R907994,T30322241,M11003,2026-07-03,537.0
R907995,T30296741,M10493,2026-07-03,4192.0
R907996,T30334892,M10211,2026-07-03,655.0
R907997,T30317402,M10912,2026-07-03,219.0
R907998,T30291506,M10457,2026-07-03,462.0
R907999,T30291376,M10126,2026-07-03,1525.0
R908000,T30285315,M11275,2026-07-03,2429.0
R908001,T30323363,M11364,2026-07-03,381.0
R908002,T30328402,M10314,2026-07-03,253.0
R908003,T30327020,M11003,2026-07-03,996.0
R908004,T30304083,M10746,2026-07-03,420.0
R908005,T30336436,M10211,2026-07-03,1729.0
R908006,T30303415,M10211,2026-07-03,540.0
R908007,T30306768,M10022,2026-07-03,1142.0
R908008,T30337517,M10746,2026-07-03,1244.0
R908009,T30307648,M11003,2026-07-03,768.0
R908010,T30325618,M10947,2026-07-03,439.0
R908011,T30278275,M11723,2026-07-03,84.0
R908012,T30337078,M11490,2026-07-03,233.0
R908013,T30304572,M10828,2026-07-03,604.0
R908014,T30307607,M10828,2026-07-03,691.0
R908015,T30301870,M11769,2026-07-03,2821.0
R908016,T30304294,M10314,2026-07-03,82.0
R908017,T30328794,M11825,2026-07-03,455.0
R908018,T30326415,M10931,2026-07-03,190.0
R908019,T30279936,M10577,2026-07-03,1275.0
R908020,T30330346,M10577,2026-07-03,644.0
R908021,T30336687,M11769,2026-07-03,8452.0
R908022,T30325457,M11003,2026-07-03,1048.0
R908023,T30297984,M11408,2026-07-03,596.0
R908024,T30303780,M10828,2026-07-03,289.0
R908025,T30276203,M11249,2026-07-03,173.0
R908026,T30300972,M11642,2026-07-03,1197.0
R908027,T30300691,M11249,2026-07-03,615.0
R908028,T30278690,M11742,2026-07-03,173.0
R908029,T30280973,M11520,2026-07-03,30.0
R908030,T30327450,M10989,2026-07-03,6337.0
R908031,T30277855,M11432,2026-07-03,4108.0
R908032,T30280885,M11003,2026-07-03,112.0
R908033,T30326503,M11642,2026-07-03,446.0
R908034,T30328234,M10577,2026-07-04,680.0
R908035,T30338476,M11408,2026-07-04,638.0
R908036,T30278504,M10419,2026-07-04,1200.0
R908037,T30300098,M11638,2026-07-04,312.0
R908038,T30317577,M10989,2026-07-04,8752.0
R908039,T30311243,M11408,2026-07-04,1187.0
R908040,T30340262,M11799,2026-07-04,196.0
R908041,T30332594,M10211,2026-07-04,640.0
R908042,T30326590,M10790,2026-07-04,809.0
R908043,T30326614,M11552,2026-07-04,1827.0
R908044,T30334371,M10931,2026-07-04,1882.0
R908045,T30337902,M10165,2026-07-04,7874.0
R908046,T30330343,M11275,2026-07-04,652.0
R908047,T30332833,M10273,2026-07-04,136.0
R908048,T30304771,M10211,2026-07-04,803.0
R908049,T30321144,M10685,2026-07-04,2406.0
R908050,T30314643,M11769,2026-07-04,6697.0
R908051,T30287059,M11658,2026-07-04,225.0
R908052,T30301431,M10096,2026-07-04,352.0
R908053,T30293762,M10677,2026-07-04,470.0
R908054,T30343034,M10042,2026-07-04,13851.0
R908055,T30332374,M11575,2026-07-04,1135.0
R908056,T30293765,M11408,2026-07-04,515.0
R908057,T30327170,M10931,2026-07-04,591.0
R908058,T30279706,M10022,2026-07-04,2061.0
R908059,T30279236,M10685,2026-07-04,349.0
R908060,T30319899,M10577,2026-07-04,1180.0
R908061,T30290739,M10022,2026-07-04,281.0
R908062,T30338817,M10042,2026-07-04,4613.0
R908063,T30323191,M10107,2026-07-04,1042.0
R908064,T30288714,M11404,2026-07-04,1611.0
R908065,T30309747,M11844,2026-07-04,412.0
R908066,T30282139,M10273,2026-07-04,964.0
R908067,T30325118,M11717,2026-07-04,820.0
R908068,T30276491,M11724,2026-07-04,472.0
R908069,T30325076,M11646,2026-07-04,2331.0
R908070,T30309503,M11070,2026-07-04,1169.0
R908071,T30337442,M10022,2026-07-04,678.0
R908072,T30333431,M11799,2026-07-04,439.0
R908073,T30281268,M10577,2026-07-04,590.0
R908074,T30303786,M11003,2026-07-04,504.0
R908075,T30281382,M10042,2026-07-04,3429.0
R908076,T30309091,M10032,2026-07-04,1092.0
R908077,T30333504,M11217,2026-07-04,4664.0
R908078,T30275850,M10746,2026-07-04,693.0
R908079,T30316330,M10597,2026-07-04,4171.0
R908080,T30324333,M11180,2026-07-04,160.0
R908081,T30323844,M10419,2026-07-04,943.0
R908082,T30337691,M10746,2026-07-04,740.0
R908083,T30301208,M10022,2026-07-04,750.0
R908084,T30317223,M10022,2026-07-04,279.0
R908085,T30307171,M11118,2026-07-04,469.0
R908086,T30288541,M11408,2026-07-04,1063.0
R908087,T30315183,M10419,2026-07-04,301.0
R908088,T30288304,M10685,2026-07-04,292.0
R908089,T30304232,M11275,2026-07-04,700.0
R908090,T30288023,M11593,2026-07-04,4697.0
R908091,T30291486,M11769,2026-07-04,2630.0
R908092,T30322908,M11109,2026-07-04,283.0
R908093,T30345621,M10419,2026-07-04,647.0
R908094,T30322866,M10947,2026-07-04,697.0
R908095,T30287611,M11646,2026-07-05,578.0
R908096,T30313540,M10419,2026-07-05,323.0
R908097,T30303552,M11345,2026-07-05,6714.0
R908098,T30337156,M10419,2026-07-05,1727.0
R908099,T30332912,M10650,2026-07-05,4478.0
R908100,T30286298,M10341,2026-07-05,3076.0
R908101,T30327855,M10931,2026-07-05,704.0
R908102,T30304616,M10211,2026-07-05,1317.0
R908103,T30301958,M10343,2026-07-05,461.0
R908104,T30318298,M10022,2026-07-05,579.0
R908105,T30277881,M10032,2026-07-05,1135.0
R908106,T30318821,M10314,2026-07-05,460.0
R908107,T30315837,M10985,2026-07-05,462.0
R908108,T30329057,M11379,2026-07-05,271.0
R908109,T30315362,M11723,2026-07-05,163.0
R908110,T30318125,M11003,2026-07-05,543.0
R908111,T30316828,M11040,2026-07-05,385.0
R908112,T30291710,M11468,2026-07-05,721.0
R908113,T30341314,M10022,2026-07-05,440.0
R908114,T30344812,M10678,2026-07-05,1644.0
R908115,T30340937,M10096,2026-07-05,626.0
R908116,T30308534,M11669,2026-07-05,621.0
R908117,T30347205,M10979,2026-07-05,8663.0
R908118,T30322849,M10862,2026-07-05,221.0
R908119,T30323513,M10211,2026-07-05,1103.0
R908120,T30321107,M10685,2026-07-05,423.0
R908121,T30295740,M11394,2026-07-05,1000.0
R908122,T30311505,M11109,2026-07-05,838.0
R908123,T30323478,M11405,2026-07-05,2066.0
R908124,T30343303,M11841,2026-07-05,628.0
R908125,T30296183,M10853,2026-07-05,918.0
R908126,T30321456,M10931,2026-07-05,704.0
R908127,T30325090,M10577,2026-07-05,668.0
R908128,T30284016,M10862,2026-07-05,203.0
R908129,T30296712,M11003,2026-07-05,756.0
R908130,T30334808,M10746,2026-07-05,808.0
R908131,T30307011,M11616,2026-07-05,2012.0
R908132,T30280151,M10808,2026-07-05,1248.0
R908133,T30338568,M10273,2026-07-05,347.0
R908134,T30347666,M10746,2026-07-05,1408.0
R908135,T30310542,M10032,2026-07-05,435.0
R908136,T30330438,M10729,2026-07-05,360.0
R908137,T30338732,M11249,2026-07-05,551.0
R908138,T30306971,M10493,2026-07-05,2640.0
R908139,T30320697,M10032,2026-07-05,592.0
R908140,T30320874,M10096,2026-07-05,1916.0
R908141,T30296997,M11275,2026-07-05,627.0
R908142,T30319652,M11251,2026-07-05,150.0
R908143,T30324273,M11729,2026-07-05,2142.0
R908144,T30278997,M10022,2026-07-05,1101.0
R908145,T30301112,M10606,2026-07-05,430.0
R908146,T30284524,M10211,2026-07-05,416.0
R908147,T30320052,M10341,2026-07-05,2640.0
R908148,T30308721,M11754,2026-07-05,1086.0
R908149,T30312393,M10107,2026-07-05,266.0
R908150,T30323742,M11641,2026-07-05,633.0
R908151,T30281432,M10989,2026-07-05,4485.0
R908152,T30312349,M10273,2026-07-05,276.0
R908153,T30335459,M11724,2026-07-05,636.0
R908154,T30320480,M10022,2026-07-05,1025.0
R908155,T30284762,M10096,2026-07-05,1941.0
R908156,T30294132,M10042,2026-07-05,8168.0
R908157,T30298399,M11658,2026-07-05,1303.0
R908158,T30279814,M11092,2026-07-05,2328.0
R908159,T30312566,M11235,2026-07-05,1169.0
R908160,T30324314,M10577,2026-07-05,363.0
R908161,T30347958,M10808,2026-07-06,1019.0
R908162,T30324560,M10577,2026-07-06,746.0
R908163,T30348049,M10419,2026-07-06,826.0
R908164,T30280210,M10685,2026-07-06,417.0
R908165,T30329987,M10419,2026-07-06,229.0
R908166,T30341791,M11519,2026-07-06,2323.0
R908167,T30330554,M11003,2026-07-06,207.0
R908168,T30347842,M10341,2026-07-06,37824.0
R908169,T30285614,M10273,2026-07-06,50.0
R908170,T30326111,M10931,2026-07-06,368.0
R908171,T30286154,M10050,2026-07-06,647.0
R908172,T30285553,M11817,2026-07-06,899.0
R908173,T30285229,M11741,2026-07-06,568.0
R908174,T30286368,M10273,2026-07-06,561.0
R908175,T30347056,M11431,2026-07-06,191.0
R908176,T30327168,M10746,2026-07-06,149.0
R908177,T30318648,M11840,2026-07-06,107.0
R908178,T30346902,M10931,2026-07-06,691.0
R908179,T30326932,M10419,2026-07-06,932.0
R908180,T30328256,M11343,2026-07-06,605.0
R908181,T30326668,M10022,2026-07-06,1890.0
R908182,T30321078,M11763,2026-07-06,7610.0
R908183,T30318130,M10939,2026-07-06,11218.0
R908184,T30284433,M11161,2026-07-06,2963.0
R908185,T30330228,M11531,2026-07-06,5685.0
R908186,T30321454,M10746,2026-07-06,537.0
R908187,T30285973,M11003,2026-07-06,664.0
R908188,T30283014,M11249,2026-07-06,74.0
R908189,T30328648,M10989,2026-07-06,19278.0
R908190,T30282611,M11379,2026-07-06,807.0
R908191,T30284422,M10989,2026-07-06,7154.0
R908192,T30289666,M11109,2026-07-06,488.0
R908193,T30290670,M10237,2026-07-06,4031.0
R908194,T30339111,M10650,2026-07-06,4539.0
R908195,T30292500,M10706,2026-07-06,1129.0
R908196,T30336984,M10156,2026-07-06,2835.0
R908197,T30305604,M11739,2026-07-06,499.0
R908198,T30335628,M11197,2026-07-06,1672.0
R908199,T30309200,M11739,2026-07-06,599.0
R908200,T30308416,M10419,2026-07-06,852.0
R908201,T30301906,M10931,2026-07-06,1926.0
R908202,T30337969,M11712,2026-07-06,1787.0
R908203,T30293050,M10931,2026-07-06,553.0
R908204,T30306436,M11408,2026-07-06,1563.0
R908205,T30294872,M11275,2026-07-06,754.0
R908206,T30306453,M10931,2026-07-06,483.0
R908207,T30306487,M10931,2026-07-06,939.0
R908208,T30296648,M10650,2026-07-06,5858.0
R908209,T30315503,M11770,2026-07-06,2219.0
R908210,T30301548,M10985,2026-07-06,633.0
R908211,T30338970,M11408,2026-07-06,807.0
R908212,T30334807,M10931,2026-07-06,846.0
R908213,T30333536,M10341,2026-07-06,2268.0
R908214,T30309963,M11408,2026-07-06,531.0
R908215,T30312943,M10096,2026-07-06,167.0
R908216,T30291061,M11315,2026-07-06,505.0
R908217,T30338849,M10828,2026-07-06,250.0
R908218,T30296815,M10521,2026-07-06,214.0
R908219,T30294735,M10931,2026-07-06,1219.0
R908220,T30310751,M10650,2026-07-06,5017.0
R908221,T30307766,M10042,2026-07-07,5393.0
R908222,T30292661,M11217,2026-07-07,3523.0
R908223,T30314056,M10685,2026-07-07,304.0
R908224,T30312573,M10463,2026-07-07,213.0
R908225,T30325342,M10931,2026-07-07,876.0
R908226,T30327544,M10746,2026-07-07,239.0
R908227,T30320042,M10314,2026-07-07,203.0
R908228,T30301481,M10922,2026-07-07,1693.0
R908229,T30301278,M10790,2026-07-07,1395.0
R908230,T30326518,M11855,2026-07-07,618.0
R908231,T30286464,M10685,2026-07-07,381.0
R908232,T30293049,M10577,2026-07-07,1931.0
R908233,T30336722,M10931,2026-07-07,950.0
R908234,T30326956,M10947,2026-07-07,1283.0
R908235,T30318793,M11552,2026-07-07,11557.0
R908236,T30294012,M11249,2026-07-07,323.0
R908237,T30297874,M10947,2026-07-07,947.0
R908238,T30347277,M10042,2026-07-07,7404.0
R908239,T30298495,M10457,2026-07-07,702.0
R908240,T30318941,M11825,2026-07-07,535.0
R908241,T30313536,M10577,2026-07-07,699.0
R908242,T30308263,M11109,2026-07-07,423.0
R908243,T30295334,M10042,2026-07-07,2472.0
R908244,T30298054,M10493,2026-07-07,2549.0
R908245,T30292092,M10867,2026-07-07,1072.0
R908246,T30351463,M10296,2026-07-07,1911.0
R908247,T30316774,M11148,2026-07-07,808.0
R908248,T30345539,M10042,2026-07-07,8304.0
R908249,T30304230,M10931,2026-07-07,378.0
R908250,T30337256,M10419,2026-07-07,2397.0
R908251,T30350993,M10419,2026-07-07,926.0
R908252,T30283830,M10853,2026-07-07,594.0
R908253,T30344426,M11677,2026-07-07,2363.0
R908254,T30282438,M11618,2026-07-07,474.0
R908255,T30344728,M10954,2026-07-07,565.0
R908256,T30283742,M10746,2026-07-07,227.0
R908257,T30350529,M11862,2026-07-07,234.0
R908258,T30288271,M10096,2026-07-07,785.0
R908259,T30317183,M10096,2026-07-07,973.0
R908260,T30341940,M11644,2026-07-07,1413.0
R908261,T30342074,M10650,2026-07-07,9127.0
R908262,T30310988,M11275,2026-07-07,1564.0
R908263,T30310179,M11379,2026-07-07,1306.0
R908264,T30322850,M10685,2026-07-07,1130.0
R908265,T30287888,M11393,2026-07-07,1420.0
R908266,T30291951,M10627,2026-07-07,9383.0
R908267,T30282969,M11275,2026-07-07,952.0
R908268,T30304770,M10650,2026-07-07,2203.0
R908269,T30303541,M11218,2026-07-07,512.0
R908270,T30317783,M10107,2026-07-07,1177.0
R908271,T30297028,M11602,2026-07-07,311.0
R908272,T30302222,M10685,2026-07-07,2039.0
R908273,T30301624,M10931,2026-07-07,2546.0
R908274,T30314765,M11713,2026-07-07,1775.0
R908275,T30342281,M10947,2026-07-07,550.0
R908276,T30319924,M10419,2026-07-08,3331.0
R908277,T30335987,M11663,2026-07-08,4405.0
R908278,T30298525,M11707,2026-07-08,38970.0
R908279,T30325079,M11229,2026-07-08,329.0
R908280,T30325023,M11673,2026-07-08,669.0
R908281,T30297776,M10746,2026-07-08,1323.0
R908282,T30350161,M10931,2026-07-08,1253.0
R908283,T30348142,M10931,2026-07-08,1132.0
R908284,T30322142,M10493,2026-07-08,5570.0
R908285,T30309734,M10419,2026-07-08,583.0
R908286,T30338991,M10947,2026-07-08,1174.0
R908287,T30335381,M10989,2026-07-08,1852.0
R908288,T30309551,M10715,2026-07-08,1368.0
R908289,T30309206,M11616,2026-07-08,244.0
R908290,T30331815,M11618,2026-07-08,1082.0
R908291,T30340281,M11249,2026-07-08,856.0
R908292,T30352686,M10032,2026-07-08,134.0
R908293,T30334803,M11825,2026-07-08,155.0
R908294,T30296174,M10701,2026-07-08,1094.0
R908295,T30297703,M10867,2026-07-08,276.0
R908296,T30335132,M11564,2026-07-08,2572.0
R908297,T30294340,M10828,2026-07-08,484.0
R908298,T30319531,M10577,2026-07-08,102.0
R908299,T30333251,M11713,2026-07-08,890.0
R908300,T30304079,M10862,2026-07-08,318.0
R908301,T30315862,M10947,2026-07-08,381.0
R908302,T30286770,M10493,2026-07-08,13587.0
R908303,T30327769,M11275,2026-07-08,349.0
R908304,T30345243,M11407,2026-07-08,1292.0
R908305,T30341192,M11408,2026-07-08,1749.0
R908306,T30316764,M11807,2026-07-08,378.0
R908307,T30355532,M11841,2026-07-08,974.0
R908308,T30317919,M10419,2026-07-08,1949.0
R908309,T30345391,M10853,2026-07-08,1620.0
R908310,T30298626,M11275,2026-07-08,280.0
R908311,T30345576,M10577,2026-07-08,598.0
R908312,T30333301,M11844,2026-07-08,587.0
R908313,T30288725,M10947,2026-07-08,884.0
R908314,T30288549,M11597,2026-07-08,482.0
R908315,T30286527,M10042,2026-07-08,7382.0
R908316,T30291571,M10211,2026-07-08,301.0
R908317,T30327280,M10211,2026-07-08,1191.0
R908318,T30307323,M10989,2026-07-08,6163.0
R908319,T30316089,M10175,2026-07-08,4569.0
R908320,T30316067,M10314,2026-07-08,947.0
R908321,T30307630,M11003,2026-07-08,717.0
R908322,T30319491,M10754,2026-07-08,1560.0
R908323,T30347792,M10022,2026-07-08,1445.0
R908324,T30336238,M11602,2026-07-08,415.0
R908325,T30290163,M10790,2026-07-08,2782.0
R908326,T30344840,M10042,2026-07-08,7622.0
R908327,T30288122,M10931,2026-07-08,981.0
R908328,T30347419,M10211,2026-07-08,677.0
R908329,T30329672,M10862,2026-07-08,269.0
R908330,T30334955,M11132,2026-07-08,6886.0
R908331,T30300108,M11301,2026-07-08,505.0
R908332,T30341644,M10650,2026-07-08,8801.0
R908333,T30293153,M11408,2026-07-08,2055.0
R908334,T30347520,M11850,2026-07-08,514.0
R908335,T30339910,M10898,2026-07-09,3767.0
R908336,T30329604,M11707,2026-07-09,11092.0
R908337,T30339992,M11033,2026-07-09,230.0
R908338,T30329035,M11713,2026-07-09,752.0
R908339,T30345655,M10989,2026-07-09,4107.0
R908340,T30337544,M11003,2026-07-09,704.0
R908341,T30347882,M10211,2026-07-09,1149.0
R908342,T30343668,M10931,2026-07-09,1375.0
R908343,T30298605,M11713,2026-07-09,307.0
R908344,T30298918,M11374,2026-07-09,231.0
R908345,T30325108,M10022,2026-07-09,2444.0
R908346,T30307282,M11280,2026-07-09,539.0
R908347,T30307086,M10931,2026-07-09,357.0
R908348,T30299441,M11712,2026-07-09,537.0
R908349,T30344093,M10808,2026-07-09,901.0
R908350,T30300647,M10419,2026-07-09,1761.0
R908351,T30348393,M10419,2026-07-09,577.0
R908352,T30306213,M10107,2026-07-09,1019.0
R908353,T30305893,M11825,2026-07-09,1304.0
R908354,T30324481,M11616,2026-07-09,2038.0
R908355,T30339100,M10314,2026-07-09,615.0
R908356,T30330367,M10032,2026-07-09,422.0
R908357,T30337049,M10650,2026-07-09,5864.0
R908358,T30346874,M10042,2026-07-09,3136.0
R908359,T30346378,M11763,2026-07-09,2184.0
R908360,T30301738,M10493,2026-07-09,2587.0
R908361,T30330181,M10314,2026-07-09,591.0
R908362,T30349971,M10211,2026-07-09,809.0
R908363,T30339307,M10567,2026-07-09,7194.0
R908364,T30323668,M10904,2026-07-09,1200.0
R908365,T30306611,M10650,2026-07-09,14621.0
R908366,T30316268,M10419,2026-07-09,1843.0
R908367,T30355316,M10926,2026-07-09,3683.0
R908368,T30318668,M10853,2026-07-09,1099.0
R908369,T30296559,M11541,2026-07-09,1007.0
R908370,T30320216,M11229,2026-07-09,690.0
R908371,T30317358,M10042,2026-07-09,10170.0
R908372,T30293414,M10126,2026-07-09,100.0
R908373,T30357836,M10042,2026-07-09,5456.0
R908374,T30291692,M10746,2026-07-09,813.0
R908375,T30294821,M10211,2026-07-09,607.0
R908376,T30355485,M11275,2026-07-09,161.0
R908377,T30314483,M10211,2026-07-09,243.0
R908378,T30320489,M10022,2026-07-09,1167.0
R908379,T30318350,M10022,2026-07-09,388.0
R908380,T30318470,M10862,2026-07-09,149.0
R908381,T30332802,M10107,2026-07-09,1524.0
R908382,T30292877,M11552,2026-07-09,2349.0
R908383,T30319053,M10567,2026-07-09,5015.0
R908384,T30288596,M10022,2026-07-09,544.0
R908385,T30318651,M10931,2026-07-09,803.0
R908386,T30322530,M10491,2026-07-09,1642.0
R908387,T30316903,M10096,2026-07-09,437.0
R908388,T30319851,M10947,2026-07-09,708.0
R908389,T30340756,M10704,2026-07-09,844.0
R908390,T30319287,M11520,2026-07-09,781.0
R908391,T30333331,M10931,2026-07-09,2122.0
R908392,T30357337,M11610,2026-07-09,459.0
R908393,T30357088,M10032,2026-07-09,543.0
R908394,T30290880,M10746,2026-07-09,629.0
R908395,T30289809,M11217,2026-07-09,15525.0
R908396,T30322554,M10577,2026-07-09,591.0
R908397,T30288740,M11825,2026-07-09,329.0
R908398,T30319486,M11717,2026-07-10,682.0
R908399,T30347232,M11843,2026-07-10,469.0
R908400,T30338168,M10577,2026-07-10,471.0
R908401,T30326471,M10931,2026-07-10,383.0
R908402,T30326005,M11346,2026-07-10,3611.0
R908403,T30347340,M10853,2026-07-10,3645.0
R908404,T30318822,M10825,2026-07-10,3707.0
R908405,T30293205,M11275,2026-07-10,1480.0
R908406,T30294145,M10042,2026-07-10,4294.0
R908407,T30354753,M10931,2026-07-10,2152.0
R908408,T30358807,M10577,2026-07-10,783.0
R908409,T30313788,M10685,2026-07-10,459.0
R908410,T30340083,M10314,2026-07-10,197.0
R908411,T30310275,M11408,2026-07-10,776.0
R908412,T30327241,M10096,2026-07-10,2680.0
R908413,T30290178,M11591,2026-07-10,2236.0
R908414,T30345420,M11574,2026-07-10,830.0
R908415,T30329332,M11275,2026-07-10,1146.0
R908416,T30345599,M10314,2026-07-10,42.0
R908417,T30329169,M10022,2026-07-10,296.0
R908418,T30341571,M10311,2026-07-10,1740.0
R908419,T30329087,M11023,2026-07-10,385.0
R908420,T30317072,M10989,2026-07-10,13516.0
R908421,T30330123,M10022,2026-07-10,642.0
R908422,T30302780,M10989,2026-07-10,1889.0
R908423,T30304417,M10931,2026-07-10,447.0
R908424,T30291612,M11500,2026-07-10,8978.0
R908425,T30304560,M10577,2026-07-10,715.0
R908426,T30344435,M10096,2026-07-10,1153.0
R908427,T30357944,M10567,2026-07-10,4112.0
R908428,T30314715,M11249,2026-07-10,474.0
R908429,T30317922,M10273,2026-07-10,255.0
R908430,T30359652,M10650,2026-07-10,2887.0
R908431,T30347076,M10540,2026-07-10,1531.0
R908432,T30301240,M10743,2026-07-10,5858.0
R908433,T30318573,M11408,2026-07-10,4430.0
R908434,T30327187,M11408,2026-07-10,381.0
R908435,T30319495,M10096,2026-07-10,2594.0
R908436,T30313414,M10853,2026-07-10,2167.0
R908437,T30350224,M11003,2026-07-10,612.0
R908438,T30295631,M10567,2026-07-10,6249.0
R908439,T30295386,M11556,2026-07-10,797.0
R908440,T30309289,M11793,2026-07-10,1311.0
R908441,T30321930,M11201,2026-07-10,3688.0
R908442,T30351265,M10419,2026-07-10,1146.0
R908443,T30343518,M10577,2026-07-10,422.0
R908444,T30330941,M10419,2026-07-10,961.0
R908445,T30351423,M11400,2026-07-10,2386.0
R908446,T30339693,M11531,2026-07-10,3411.0
R908447,T30320455,M10577,2026-07-10,798.0
R908448,T30339709,M11251,2026-07-10,623.0
R908449,T30344229,M11884,2026-07-10,136.0
R908450,T30350055,M11818,2026-07-10,9266.0
R908451,T30350150,M10828,2026-07-10,1136.0
R908452,T30297909,M10931,2026-07-10,650.0
R908453,T30321816,M10273,2026-07-10,317.0
R908454,T30322621,M10341,2026-07-10,2840.0
R908455,T30298869,M10947,2026-07-10,196.0
R908456,T30332463,M10931,2026-07-10,1080.0
R908457,T30296676,M11249,2026-07-10,1753.0
R908458,T30349657,M10022,2026-07-10,1068.0
R908459,T30312872,M11591,2026-07-10,957.0
R908460,T30319770,M10746,2026-07-10,556.0
R908461,T30297831,M11408,2026-07-10,1374.0
R908462,T30343633,M11812,2026-07-10,1552.0
R908463,T30312755,M10989,2026-07-10,3323.0
R908464,T30328139,M10492,2026-07-11,572.0
R908465,T30309237,M11616,2026-07-11,1615.0
R908466,T30346074,M10489,2026-07-11,948.0
R908467,T30296249,M10889,2026-07-11,372.0
R908468,T30342169,M10577,2026-07-11,1343.0
R908469,T30301736,M10931,2026-07-11,425.0
R908470,T30321506,M11345,2026-07-11,2235.0
R908471,T30341405,M10834,2026-07-11,1340.0
R908472,T30296087,M10746,2026-07-11,1908.0
R908473,T30357673,M10022,2026-07-11,1189.0
R908474,T30328342,M11288,2026-07-11,2304.0
R908475,T30356702,M10989,2026-07-11,12185.0
R908476,T30328655,M10650,2026-07-11,5507.0
R908477,T30339495,M11520,2026-07-11,603.0
R908478,T30296591,M10931,2026-07-11,864.0
R908479,T30350997,M10032,2026-07-11,289.0
R908480,T30304180,M11850,2026-07-11,5026.0
R908481,T30323146,M10746,2026-07-11,1454.0
R908482,T30315596,M10567,2026-07-11,9633.0
R908483,T30304125,M10746,2026-07-11,490.0
R908484,T30350810,M11520,2026-07-11,273.0
R908485,T30333475,M10107,2026-07-11,484.0
R908486,T30316041,M10314,2026-07-11,215.0
R908487,T30303812,M11109,2026-07-11,546.0
R908488,T30328333,M10931,2026-07-11,805.0
R908489,T30346962,M10931,2026-07-11,588.0
R908490,T30334962,M10211,2026-07-11,245.0
R908491,T30358099,M11277,2026-07-11,565.0
R908492,T30334596,M10746,2026-07-11,662.0
R908493,T30300224,M11713,2026-07-11,1357.0
R908494,T30294791,M11769,2026-07-11,2039.0
R908495,T30298227,M10898,2026-07-11,1269.0
R908496,T30341062,M10931,2026-07-11,2134.0
R908497,T30306528,M10577,2026-07-11,1353.0
R908498,T30306536,M10931,2026-07-11,248.0
R908499,T30353397,M10022,2026-07-11,381.0
R908500,T30332698,M11275,2026-07-11,332.0
R908501,T30360354,M10931,2026-07-11,526.0
R908502,T30294448,M10708,2026-07-11,2031.0
R908503,T30332133,M10211,2026-07-11,659.0
R908504,T30293974,M11249,2026-07-11,1682.0
R908505,T30354428,M10382,2026-07-11,7099.0
R908506,T30294010,M10947,2026-07-11,819.0
R908507,T30326133,M10126,2026-07-11,504.0
R908508,T30294312,M10808,2026-07-11,1258.0
R908509,T30319620,M10403,2026-07-11,2926.0
R908510,T30299752,M11400,2026-07-11,731.0
R908511,T30348411,M10590,2026-07-11,767.0
R908512,T30340368,M10828,2026-07-11,1437.0
R908513,T30338012,M10022,2026-07-11,1458.0
R908514,T30360454,M11422,2026-07-11,6010.0
R908515,T30337042,M10138,2026-07-11,3142.0
R908516,T30343926,M10790,2026-07-11,570.0
R908517,T30355231,M10211,2026-07-11,1810.0
R908518,T30306317,M11275,2026-07-11,1846.0
R908519,T30336898,M10022,2026-07-11,814.0
R908520,T30347172,M11879,2026-07-11,673.0
R908521,T30347074,M11712,2026-07-11,545.0
R908522,T30348475,M11003,2026-07-11,684.0
R908523,T30300656,M10577,2026-07-11,1060.0
R908524,T30343978,M10989,2026-07-11,1857.0
R908525,T30295462,M11180,2026-07-11,359.0
R908526,T30343134,M10862,2026-07-11,102.0
R908527,T30311899,M10839,2026-07-11,6006.0
R908528,T30327125,M10569,2026-07-11,1726.0
R908529,T30347181,M10314,2026-07-11,897.0
R908530,T30334289,M10273,2026-07-11,219.0
R908531,T30343574,M10022,2026-07-12,532.0
R908532,T30340816,M10102,2026-07-12,721.0
R908533,T30339825,M10701,2026-07-12,525.0
R908534,T30343607,M10042,2026-07-12,2931.0
R908535,T30341327,M10493,2026-07-12,13664.0
R908536,T30331704,M10808,2026-07-12,2035.0
R908537,T30344753,M10447,2026-07-12,877.0
R908538,T30338753,M10947,2026-07-12,374.0
R908539,T30303699,M11408,2026-07-12,1147.0
R908540,T30298927,M10042,2026-07-12,3119.0
R908541,T30348899,M10567,2026-07-12,5975.0
R908542,T30324197,M10042,2026-07-12,9809.0
R908543,T30309164,M10947,2026-07-12,1471.0
R908544,T30322942,M11676,2026-07-12,11189.0
R908545,T30350704,M10746,2026-07-12,503.0
R908546,T30300453,M11303,2026-07-12,1510.0
R908547,T30364282,M11724,2026-07-12,697.0
R908548,T30321820,M10032,2026-07-12,262.0
R908549,T30351685,M10931,2026-07-12,88.0
R908550,T30309257,M10706,2026-07-12,1372.0
R908551,T30320839,M11526,2026-07-12,344.0
R908552,T30306628,M11003,2026-07-12,1321.0
R908553,T30318830,M10273,2026-07-12,1230.0
R908554,T30318748,M11713,2026-07-12,735.0
R908555,T30355160,M11107,2026-07-12,350.0
R908556,T30297065,M10989,2026-07-12,3788.0
R908557,T30356917,M10510,2026-07-12,1108.0
R908558,T30318566,M10399,2026-07-12,702.0
R908559,T30316940,M11275,2026-07-12,633.0
R908560,T30355750,M10808,2026-07-12,1643.0
R908561,T30353913,M11249,2026-07-12,839.0
R908562,T30294939,M11376,2026-07-12,1408.0
R908563,T30314228,M11480,2026-07-12,102.0
R908564,T30311574,M11646,2026-07-12,520.0
R908565,T30345192,M11003,2026-07-12,398.0
R908566,T30329571,M10931,2026-07-12,810.0
R908567,T30328395,M10211,2026-07-12,1166.0
R908568,T30302953,M11217,2026-07-12,1109.0
R908569,T30346736,M10862,2026-07-12,940.0
R908570,T30328095,M11841,2026-07-12,336.0
R908571,T30328092,M11798,2026-07-12,3087.0
R908572,T30309617,M10577,2026-07-12,407.0
R908573,T30296766,M10577,2026-07-12,834.0
R908574,T30301296,M10382,2026-07-12,3624.0
R908575,T30295798,M11082,2026-07-12,1384.0
R908576,T30333866,M10808,2026-07-13,1430.0
R908577,T30360490,M10211,2026-07-13,552.0
R908578,T30316844,M10962,2026-07-13,742.0
R908579,T30363345,M10211,2026-07-13,730.0
R908580,T30310416,M11229,2026-07-13,1305.0
R908581,T30361789,M11825,2026-07-13,216.0
R908582,T30361743,M10419,2026-07-13,1341.0
R908583,T30309918,M10107,2026-07-13,503.0
R908584,T30336169,M10950,2026-07-13,465.0
R908585,T30364197,M10989,2026-07-13,2549.0
R908586,T30307683,M10577,2026-07-13,730.0
R908587,T30367612,M10931,2026-07-13,124.0
R908588,T30308581,M11773,2026-07-13,1258.0
R908589,T30367041,M10904,2026-07-13,880.0
R908590,T30365082,M10931,2026-07-13,449.0
R908591,T30315878,M10746,2026-07-13,1011.0
R908592,T30298384,M11215,2026-07-13,1222.0
R908593,T30360410,M10419,2026-07-13,213.0
R908594,T30313352,M11713,2026-07-13,287.0
R908595,T30364974,M10947,2026-07-13,472.0
R908596,T30309147,M10808,2026-07-13,1606.0
R908597,T30310842,M11431,2026-07-13,226.0
R908598,T30310872,M11003,2026-07-13,462.0
R908599,T30297103,M10989,2026-07-13,13273.0
R908600,T30317267,M11825,2026-07-13,367.0
R908601,T30314482,M11851,2026-07-13,950.0
R908602,T30314383,M10162,2026-07-13,446.0
R908603,T30359081,M10947,2026-07-13,834.0
R908604,T30307324,M11217,2026-07-13,3496.0
R908605,T30339771,M10022,2026-07-13,1148.0
R908606,T30338639,M10489,2026-07-13,88.0
R908607,T30350348,M10808,2026-07-13,1903.0
R908608,T30300572,M10983,2026-07-13,2243.0
R908609,T30342239,M10947,2026-07-13,1435.0
R908610,T30349610,M11408,2026-07-13,687.0
R908611,T30330813,M11404,2026-07-13,322.0
R908612,T30343759,M10808,2026-07-13,1137.0
R908613,T30336692,M10931,2026-07-13,895.0
R908614,T30300944,M10746,2026-07-13,1495.0
R908615,T30328144,M10022,2026-07-13,940.0
R908616,T30330223,M10437,2026-07-13,464.0
R908617,T30302975,M10931,2026-07-13,1661.0
R908618,T30328625,M10746,2026-07-13,259.0
R908619,T30303164,M10314,2026-07-13,240.0
R908620,T30303877,M11724,2026-07-13,707.0
R908621,T30343812,M11816,2026-07-13,1747.0
R908622,T30323007,M10211,2026-07-13,2041.0
R908623,T30306083,M11520,2026-07-13,169.0
R908624,T30353260,M10862,2026-07-13,87.0
R908625,T30351181,M11618,2026-07-13,568.0
R908626,T30342330,M10989,2026-07-13,6231.0
R908627,T30332860,M10096,2026-07-13,480.0
R908628,T30355567,M10211,2026-07-13,1348.0
R908629,T30336557,M11408,2026-07-13,514.0
R908630,T30307224,M10577,2026-07-13,1264.0
R908631,T30319927,M10947,2026-07-13,2019.0
R908632,T30343020,M10708,2026-07-13,600.0
R908633,T30338475,M10627,2026-07-13,8008.0
R908634,T30368214,M10746,2026-07-13,499.0
R908635,T30304308,M10491,2026-07-14,1356.0
R908636,T30337427,M11618,2026-07-14,641.0
R908637,T30308319,M10746,2026-07-14,770.0
R908638,T30309932,M11612,2026-07-14,647.0
R908639,T30367747,M10022,2026-07-14,928.0
R908640,T30302540,M10096,2026-07-14,1090.0
R908641,T30335187,M10985,2026-07-14,1344.0
R908642,T30369882,M10867,2026-07-14,598.0
R908643,T30302217,M10042,2026-07-14,2332.0
R908644,T30339476,M10650,2026-07-14,10222.0
R908645,T30301462,M10828,2026-07-14,439.0
R908646,T30301378,M10765,2026-07-14,6187.0
R908647,T30308205,M11785,2026-07-14,1519.0
R908648,T30369492,M10107,2026-07-14,310.0
R908649,T30369217,M11602,2026-07-14,402.0
R908650,T30306231,M10989,2026-07-14,5192.0
R908651,T30338291,M11880,2026-07-14,4977.0
R908652,T30368897,M10931,2026-07-14,312.0
R908653,T30363913,M10577,2026-07-14,680.0
R908654,T30299412,M10211,2026-07-14,519.0
R908655,T30358754,M10947,2026-07-14,985.0
R908656,T30362089,M11249,2026-07-14,187.0
R908657,T30356619,M10211,2026-07-14,317.0
R908658,T30317622,M10903,2026-07-14,1538.0
R908659,T30317649,M10060,2026-07-14,1422.0
R908660,T30342611,M10577,2026-07-14,713.0
R908661,T30354689,M10577,2026-07-14,2366.0
R908662,T30363653,M10577,2026-07-14,1515.0
R908663,T30325334,M10175,2026-07-14,1925.0
R908664,T30330705,M11871,2026-07-14,998.0
R908665,T30348073,M10931,2026-07-14,3122.0
R908666,T30351650,M10577,2026-07-14,595.0
R908667,T30331416,M11408,2026-07-14,2636.0
R908668,T30350341,M10577,2026-07-14,1626.0
R908669,T30349981,M10273,2026-07-14,477.0
R908670,T30323785,M10294,2026-07-14,580.0
R908671,T30324022,M10022,2026-07-14,1137.0
R908672,T30343740,M10746,2026-07-14,1107.0
R908673,T30348309,M10989,2026-07-14,6097.0
R908674,T30357050,M10853,2026-07-14,2171.0
R908675,T30316699,M10341,2026-07-14,15685.0
R908676,T30315981,M10746,2026-07-14,2457.0
R908677,T30345677,M10032,2026-07-14,435.0
R908678,T30361498,M10211,2026-07-14,2081.0
R908679,T30334622,M11275,2026-07-14,1592.0
R908680,T30311411,M10577,2026-07-14,1825.0
R908681,T30334508,M10032,2026-07-14,1122.0
R908682,T30334378,M11408,2026-07-14,224.0
R908683,T30344655,M10931,2026-07-14,83.0
R908684,T30316381,M11724,2026-07-14,1161.0
R908685,T30344856,M11288,2026-07-14,1829.0
R908686,T30359704,M10022,2026-07-14,1620.0
R908687,T30357994,M10096,2026-07-14,556.0
R908688,T30315375,M10577,2026-07-14,2345.0
R908689,T30357452,M10808,2026-07-14,1204.0
R908690,T30357367,M10577,2026-07-14,220.0
R908691,T30315926,M10673,2026-07-14,602.0
R908692,T30347088,M10577,2026-07-14,173.0
R908693,T30346341,M10096,2026-07-14,1535.0
R908694,T30324356,M10989,2026-07-14,4229.0
R908695,T30347821,M10211,2026-07-15,149.0
R908696,T30369602,M10931,2026-07-15,864.0
R908697,T30372934,M11825,2026-07-15,309.0
R908698,T30348448,M11160,2026-07-15,573.0
R908699,T30346065,M11763,2026-07-15,2883.0
R908700,T30347633,M10746,2026-07-15,125.0
R908701,T30368381,M10947,2026-07-15,949.0
R908702,T30350554,M11798,2026-07-15,10079.0
R908703,T30352855,M11109,2026-07-15,1409.0
R908704,T30353224,M10022,2026-07-15,4275.0
R908705,T30354480,M10989,2026-07-15,3980.0
R908706,T30368754,M10311,2026-07-15,879.0
R908707,T30354816,M10577,2026-07-15,1176.0
R908708,T30342917,M10931,2026-07-15,1055.0
R908709,T30338733,M10790,2026-07-15,2658.0
R908710,T30357278,M11616,2026-07-15,831.0
R908711,T30341291,M10042,2026-07-15,8811.0
R908712,T30359967,M11344,2026-07-15,194.0
R908713,T30360526,M10419,2026-07-15,366.0
R908714,T30361690,M11879,2026-07-15,1137.0
R908715,T30337838,M11591,2026-07-15,1457.0
R908716,T30344962,M11616,2026-07-15,548.0
R908717,T30332592,M11148,2026-07-15,380.0
R908718,T30309378,M11229,2026-07-15,2407.0
R908719,T30336080,M10527,2026-07-15,1479.0
R908720,T30307972,M11602,2026-07-15,880.0
R908721,T30335007,M10096,2026-07-15,475.0
R908722,T30304920,M11714,2026-07-15,210.0
R908723,T30320664,M10211,2026-07-15,1264.0
R908724,T30325489,M11769,2026-07-15,5109.0
R908725,T30326375,M11143,2026-07-15,1076.0
R908726,T30309744,M11520,2026-07-15,454.0
R908727,T30302591,M10828,2026-07-15,963.0
R908728,T30318443,M11134,2026-07-15,173.0
R908729,T30327065,M10989,2026-07-15,4599.0
R908730,T30327504,M10931,2026-07-15,898.0
R908731,T30310419,M10822,2026-07-15,974.0
R908732,T30310487,M11162,2026-07-15,487.0
R908733,T30328177,M10947,2026-07-15,158.0
R908734,T30328226,M10862,2026-07-15,358.0
R908735,T30328285,M10986,2026-07-15,505.0
R908736,T30328296,M10042,2026-07-15,2428.0
R908737,T30316451,M11228,2026-07-15,165.0
R908738,T30322188,M11431,2026-07-15,318.0
R908739,T30336277,M10577,2026-07-15,1133.0
R908740,T30313616,M10419,2026-07-15,513.0
R908741,T30324047,M10862,2026-07-15,866.0
R908742,T30306329,M11642,2026-07-15,456.0
R908743,T30307004,M10989,2026-07-15,6560.0
R908744,T30331795,M10022,2026-07-16,1064.0
R908745,T30310062,M10985,2026-07-16,1256.0
R908746,T30340440,M10592,2026-07-16,1042.0
R908747,T30370875,M10746,2026-07-16,532.0
R908748,T30346634,M11638,2026-07-16,1379.0
R908749,T30308304,M11754,2026-07-16,2548.0
R908750,T30371523,M10706,2026-07-16,642.0
R908751,T30376129,M10828,2026-07-16,448.0
R908752,T30375875,M10931,2026-07-16,762.0
R908753,T30328147,M11425,2026-07-16,1187.0
R908754,T30328096,M11378,2026-07-16,4169.0
R908755,T30347712,M11556,2026-07-16,17299.0
R908756,T30326065,M11345,2026-07-16,17051.0
R908757,T30307921,M10931,2026-07-16,1420.0
R908758,T30353943,M11003,2026-07-16,1088.0
R908759,T30323025,M10685,2026-07-16,1314.0
R908760,T30354205,M10022,2026-07-16,897.0
R908761,T30319870,M11407,2026-07-16,723.0
R908762,T30342106,M10746,2026-07-16,1339.0
R908763,T30310289,M10096,2026-07-16,1815.0
R908764,T30336585,M11616,2026-07-16,1183.0
R908765,T30368799,M10853,2026-07-16,800.0
R908766,T30347158,M10022,2026-07-16,1025.0
R908767,T30374365,M10931,2026-07-16,399.0
R908768,T30368636,M11907,2026-07-16,1129.0
R908769,T30318203,M10931,2026-07-16,288.0
R908770,T30355209,M10211,2026-07-16,857.0
R908771,T30348191,M11856,2026-07-16,1469.0
R908772,T30360376,M10419,2026-07-16,733.0
R908773,T30311449,M10746,2026-07-16,284.0
R908774,T30306167,M11575,2026-07-16,247.0
R908775,T30344797,M11525,2026-07-16,3341.0
R908776,T30338524,M11003,2026-07-16,258.0
R908777,T30306218,M11717,2026-07-16,215.0
R908778,T30338996,M10211,2026-07-16,193.0
R908779,T30359084,M10931,2026-07-16,275.0
R908780,T30344355,M11408,2026-07-16,1351.0
R908781,T30351185,M10931,2026-07-16,1060.0
R908782,T30314936,M11616,2026-07-16,342.0
R908783,T30315567,M10989,2026-07-16,6045.0
R908784,T30345527,M11003,2026-07-16,522.0
R908785,T30321296,M11713,2026-07-16,271.0
R908786,T30324310,M10577,2026-07-16,1465.0
R908787,T30304677,M10577,2026-07-16,125.0
R908788,T30313094,M10931,2026-07-16,422.0
R908789,T30330665,M10014,2026-07-16,617.0
R908790,T30306383,M11217,2026-07-16,4219.0
R908791,T30352743,M10743,2026-07-16,4438.0
R908792,T30346218,M10828,2026-07-16,492.0
R908793,T30346183,M10828,2026-07-16,644.0
R908794,T30366383,M10931,2026-07-16,230.0
R908795,T30307624,M11616,2026-07-16,1471.0
R908796,T30367783,M10931,2026-07-16,1311.0
R908797,T30352313,M11680,2026-07-16,336.0
R908798,T30361159,M11520,2026-07-17,552.0
R908799,T30373405,M10042,2026-07-17,2591.0
R908800,T30312227,M10577,2026-07-17,381.0
R908801,T30329808,M11825,2026-07-17,1104.0
R908802,T30329699,M10989,2026-07-17,4832.0
R908803,T30311932,M10314,2026-07-17,803.0
R908804,T30368616,M11404,2026-07-17,1413.0
R908805,T30374520,M11592,2026-07-17,513.0
R908806,T30332298,M11818,2026-07-17,1961.0
R908807,T30343013,M10255,2026-07-17,2684.0
R908808,T30327953,M10042,2026-07-17,1628.0
R908809,T30360592,M10931,2026-07-17,501.0
R908810,T30359562,M11148,2026-07-17,562.0
R908811,T30355551,M10978,2026-07-17,173.0
R908812,T30330563,M10175,2026-07-17,2757.0
R908813,T30360908,M11249,2026-07-17,783.0
R908814,T30359960,M10808,2026-07-17,1622.0
R908815,T30345571,M10931,2026-07-17,2502.0
R908816,T30315965,M10567,2026-07-17,20174.0
R908817,T30349673,M11713,2026-07-17,1851.0
R908818,T30327635,M10867,2026-07-17,325.0
R908819,T30346221,M10211,2026-07-17,667.0
R908820,T30349558,M11830,2026-07-17,500.0
R908821,T30306615,M11229,2026-07-17,217.0
R908822,T30308053,M10022,2026-07-17,858.0
R908823,T30347855,M10273,2026-07-17,1109.0
R908824,T30335642,M10577,2026-07-17,1694.0
R908825,T30340449,M11839,2026-07-17,1597.0
R908826,T30353584,M10823,2026-07-17,1357.0
R908827,T30347968,M10096,2026-07-17,676.0
R908828,T30335497,M10828,2026-07-17,442.0
R908829,T30341857,M10931,2026-07-17,1213.0
R908830,T30324868,M11280,2026-07-17,1031.0
R908831,T30365792,M11720,2026-07-17,589.0
R908832,T30370152,M11408,2026-07-17,996.0
R908833,T30367340,M10022,2026-07-17,781.0
R908834,T30348771,M11769,2026-07-17,3101.0
R908835,T30352066,M10042,2026-07-17,5834.0
R908836,T30366263,M10510,2026-07-17,682.0
R908837,T30335145,M11816,2026-07-17,660.0
R908838,T30321038,M11403,2026-07-17,115.0
R908839,T30371362,M10947,2026-07-17,750.0
R908840,T30367866,M11197,2026-07-17,2012.0
R908841,T30333909,M10701,2026-07-17,298.0
R908842,T30347728,M11003,2026-07-17,184.0
R908843,T30372978,M11772,2026-07-17,5737.0
R908844,T30368935,M11394,2026-07-17,1270.0
R908845,T30318592,M11188,2026-07-17,9966.0
R908846,T30318835,M11329,2026-07-17,3214.0
R908847,T30347396,M10096,2026-07-17,715.0
R908848,T30333732,M10808,2026-07-17,2584.0
R908849,T30369026,M11646,2026-07-17,1311.0
R908850,T30338916,M10989,2026-07-17,3882.0
R908851,T30320197,M10022,2026-07-17,370.0
R908852,T30353959,M10411,2026-07-17,2710.0
R908853,T30326232,M10931,2026-07-17,1029.0
R908854,T30308466,M10165,2026-07-17,7140.0
R908855,T30347668,M10032,2026-07-17,835.0
R908856,T30347724,M10567,2026-07-17,11622.0
R908857,T30349291,M11197,2026-07-17,1215.0
R908858,T30364713,M10211,2026-07-17,3276.0
R908859,T30322023,M10314,2026-07-17,298.0
R908860,T30364757,M11217,2026-07-17,9269.0
R908861,T30358329,M10022,2026-07-18,770.0
R908862,T30351190,M10862,2026-07-18,202.0
R908863,T30324714,M10211,2026-07-18,994.0
R908864,T30329248,M11228,2026-07-18,3377.0
R908865,T30324726,M10685,2026-07-18,1881.0
R908866,T30329617,M10022,2026-07-18,426.0
R908867,T30314707,M10931,2026-07-18,136.0
R908868,T30322235,M11799,2026-07-18,746.0
R908869,T30349596,M10295,2026-07-18,3350.0
R908870,T30323320,M10853,2026-07-18,1210.0
R908871,T30355405,M10211,2026-07-18,877.0
R908872,T30354764,M11861,2026-07-18,1363.0
R908873,T30330070,M11713,2026-07-18,4729.0
R908874,T30380141,M10584,2026-07-18,7262.0
R908875,T30380073,M11245,2026-07-18,1124.0
R908876,T30346800,M11003,2026-07-18,1059.0
R908877,T30325330,M10096,2026-07-18,659.0
R908878,T30357165,M10419,2026-07-18,1249.0
R908879,T30356537,M11780,2026-07-18,10407.0
R908880,T30323242,M10577,2026-07-18,1736.0
R908881,T30317336,M10685,2026-07-18,1185.0
R908882,T30350730,M10627,2026-07-18,8503.0
R908883,T30352704,M11003,2026-07-18,1288.0
R908884,T30348351,M11562,2026-07-18,796.0
R908885,T30316773,M10989,2026-07-18,3349.0
R908886,T30379604,M11850,2026-07-18,6692.0
R908887,T30317607,M10989,2026-07-18,12244.0
R908888,T30346435,M10211,2026-07-18,2476.0
R908889,T30378183,M10577,2026-07-18,835.0
R908890,T30364075,M11724,2026-07-18,734.0
R908891,T30312323,M11003,2026-07-18,2150.0
R908892,T30373288,M10746,2026-07-18,535.0
R908893,T30337608,M11394,2026-07-18,391.0
R908894,T30335186,M10746,2026-07-18,1843.0
R908895,T30373930,M10746,2026-07-18,194.0
R908896,T30360004,M10211,2026-07-18,749.0
R908897,T30335062,M11520,2026-07-18,954.0
R908898,T30366818,M11411,2026-07-18,2329.0
R908899,T30360251,M10022,2026-07-18,1433.0
R908900,T30364061,M10042,2026-07-18,6834.0
R908901,T30366185,M10577,2026-07-18,1347.0
R908902,T30369936,M11713,2026-07-18,1132.0
R908903,T30375370,M11003,2026-07-18,1034.0
R908904,T30334224,M11321,2026-07-18,543.0
R908905,T30333164,M10022,2026-07-18,3792.0
R908906,T30342866,M10989,2026-07-18,10878.0
R908907,T30340380,M11616,2026-07-18,256.0
R908908,T30340399,M10467,2026-07-18,1785.0
R908909,T30342665,M10341,2026-07-18,3845.0
R908910,T30364815,M11720,2026-07-18,195.0
R908911,T30369448,M10577,2026-07-18,1217.0
R908912,T30331055,M11288,2026-07-18,178.0
R908913,T30377976,M11716,2026-07-18,10624.0
R908914,T30344653,M11003,2026-07-18,689.0
R908915,T30313350,M10746,2026-07-18,918.0
R908916,T30368613,M10493,2026-07-18,20844.0
R908917,T30336951,M10808,2026-07-18,1950.0
R908918,T30344340,M10853,2026-07-18,495.0
R908919,T30336864,M11785,2026-07-18,589.0
R908920,T30368198,M11154,2026-07-18,2170.0
R908921,T30368012,M11003,2026-07-18,1073.0
R908922,T30310523,M10746,2026-07-18,983.0
R908923,T30340849,M11723,2026-07-18,1288.0
R908924,T30369400,M11907,2026-07-18,1447.0
R908925,T30309964,M10577,2026-07-18,1908.0
R908926,T30359677,M10989,2026-07-18,2967.0
R908927,T30338507,M10931,2026-07-18,433.0
R908928,T30330562,M10931,2026-07-18,534.0
R908929,T30341030,M10577,2026-07-19,1187.0
R908930,T30382187,M10314,2026-07-19,435.0
R908931,T30341188,M11638,2026-07-19,706.0
R908932,T30353838,M10931,2026-07-19,448.0
R908933,T30371919,M10211,2026-07-19,1014.0
R908934,T30347767,M11805,2026-07-19,906.0
R908935,T30340462,M10947,2026-07-19,2173.0
R908936,T30325577,M11217,2026-07-19,11978.0
R908937,T30381802,M10107,2026-07-19,1490.0
R908938,T30371537,M10577,2026-07-19,1163.0
R908939,T30333897,M10577,2026-07-19,1039.0
R908940,T30352695,M10419,2026-07-19,530.0
R908941,T30382506,M11408,2026-07-19,517.0
R908942,T30323280,M11717,2026-07-19,607.0
R908943,T30337926,M11663,2026-07-19,4386.0
R908944,T30338054,M11619,2026-07-19,596.0
R908945,T30350728,M11275,2026-07-19,2000.0
R908946,T30369166,M11793,2026-07-19,2080.0
R908947,T30339017,M10175,2026-07-19,4640.0
R908948,T30335579,M10931,2026-07-19,780.0
R908949,T30339216,M10022,2026-07-19,1484.0
R908950,T30351659,M10419,2026-07-19,740.0
R908951,T30351772,M11724,2026-07-19,1417.0
R908952,T30339525,M10159,2026-07-19,5578.0
R908953,T30352119,M10867,2026-07-19,719.0
R908954,T30339732,M11531,2026-07-19,38567.0
R908955,T30369640,M10965,2026-07-19,356.0
R908956,T30320731,M10022,2026-07-19,1421.0
R908957,T30348233,M10311,2026-07-19,784.0
R908958,T30348167,M10042,2026-07-19,1607.0
R908959,T30324851,M11198,2026-07-19,1771.0
R908960,T30353370,M11596,2026-07-19,1114.0
R908961,T30353640,M10931,2026-07-19,1090.0
R908962,T30341249,M10273,2026-07-19,458.0
R908963,T30378859,M11855,2026-07-19,2772.0
R908964,T30319651,M11023,2026-07-19,604.0
R908965,T30380054,M10170,2026-07-19,671.0
R908966,T30311537,M11337,2026-07-19,2267.0
R908967,T30346555,M11712,2026-07-19,976.0
R908968,T30376702,M10853,2026-07-19,794.0
R908969,T30356684,M11616,2026-07-19,901.0
R908970,T30358792,M10931,2026-07-19,2886.0
R908971,T30377380,M11408,2026-07-19,1644.0
R908972,T30331207,M11363,2026-07-19,633.0
R908973,T30356859,M11217,2026-07-19,4226.0
R908974,T30356971,M10931,2026-07-19,1467.0
R908975,T30377506,M11249,2026-07-19,320.0
R908976,T30377966,M10126,2026-07-19,475.0
R908977,T30312631,M10107,2026-07-19,818.0
R908978,T30315442,M10931,2026-07-19,755.0
R908979,T30345140,M10419,2026-07-19,2159.0
R908980,T30314808,M10042,2026-07-19,4416.0
R908981,T30359090,M10314,2026-07-19,274.0
R908982,T30313119,M10828,2026-07-19,163.0
R908983,T30314653,M11400,2026-07-19,1753.0
R908984,T30311363,M10419,2026-07-19,405.0
R908985,T30361028,M11023,2026-07-19,712.0
R908986,T30350070,M11884,2026-07-19,366.0
R908987,T30342536,M10042,2026-07-19,2360.0
R908988,T30311234,M10314,2026-07-19,660.0
R908989,T30372914,M11882,2026-07-19,2359.0
R908990,T30380168,M10650,2026-07-19,11907.0
R908991,T30342398,M10989,2026-07-19,9096.0
R908992,T30347428,M10931,2026-07-19,904.0
R908993,T30326686,M10650,2026-07-19,5245.0
R908994,T30333384,M10828,2026-07-19,227.0
R908995,T30362917,M10338,2026-07-19,1028.0
R908996,T30320394,M11844,2026-07-20,605.0
R908997,T30351075,M11275,2026-07-20,514.0
R908998,T30379474,M10211,2026-07-20,994.0
R908999,T30379045,M11003,2026-07-20,337.0
R909000,T30386671,M10931,2026-07-20,785.0
R909001,T30368813,M11669,2026-07-20,361.0
R909002,T30315008,M10685,2026-07-20,959.0
R909003,T30364059,M11798,2026-07-20,4642.0
R909004,T30367385,M10493,2026-07-20,6339.0
R909005,T30350634,M10292,2026-07-20,1682.0
R909006,T30378635,M11641,2026-07-20,1499.0
R909007,T30364659,M10211,2026-07-20,1566.0
R909008,T30371890,M11532,2026-07-20,1044.0
R909009,T30350509,M10102,2026-07-20,568.0
R909010,T30319558,M10577,2026-07-20,862.0
R909011,T30358843,M11275,2026-07-20,557.0
R909012,T30323337,M10685,2026-07-20,1762.0
R909013,T30350094,M10828,2026-07-20,332.0
R909014,T30357722,M10419,2026-07-20,1999.0
R909015,T30364022,M11650,2026-07-20,826.0
R909016,T30372161,M10022,2026-07-20,2347.0
R909017,T30350080,M11408,2026-07-20,578.0
R909018,T30383374,M10042,2026-07-20,14801.0
R909019,T30356211,M11408,2026-07-20,500.0
R909020,T30370651,M10853,2026-07-20,208.0
R909021,T30361620,M10096,2026-07-20,121.0
R909022,T30376920,M10042,2026-07-20,1545.0
R909023,T30366140,M10853,2026-07-20,695.0
R909024,T30379742,M10638,2026-07-20,1615.0
R909025,T30362080,M10577,2026-07-20,599.0
R909026,T30315535,M10931,2026-07-20,7152.0
R909027,T30379717,M11616,2026-07-20,313.0
R909028,T30377170,M10567,2026-07-20,3580.0
R909029,T30353895,M10577,2026-07-20,762.0
R909030,T30385213,M10746,2026-07-20,273.0
R909031,T30356803,M10577,2026-07-20,1054.0
R909032,T30373124,M10032,2026-07-20,402.0
R909033,T30321226,M11770,2026-07-20,301.0
R909034,T30367192,M11562,2026-07-20,1319.0
R909035,T30321525,M11868,2026-07-20,316.0
R909036,T30362193,M11616,2026-07-20,691.0
R909037,T30376966,M10554,2026-07-20,13431.0
R909038,T30385104,M11732,2026-07-20,573.0
R909039,T30328238,M11597,2026-07-20,1144.0
R909040,T30349495,M10107,2026-07-20,1841.0
R909041,T30342617,M10931,2026-07-20,675.0
R909042,T30343431,M11252,2026-07-20,231.0
R909043,T30324878,M10419,2026-07-20,907.0
R909044,T30328085,M11003,2026-07-20,1389.0
R909045,T30346473,M10419,2026-07-20,1568.0
R909046,T30330794,M10022,2026-07-20,1034.0
R909047,T30342046,M10808,2026-07-20,392.0
R909048,T30329191,M10790,2026-07-20,2063.0
R909049,T30347924,M10042,2026-07-20,881.0
R909050,T30330559,M10577,2026-07-20,1454.0
R909051,T30341771,M10931,2026-07-20,643.0
R909052,T30329187,M10989,2026-07-20,2296.0
R909053,T30343390,M11769,2026-07-20,3006.0
R909054,T30349909,M10577,2026-07-20,739.0
R909055,T30331890,M11288,2026-07-20,922.0
R909056,T30348728,M11642,2026-07-20,478.0
R909057,T30335293,M10931,2026-07-20,1519.0
R909058,T30331048,M11148,2026-07-20,1251.0
R909059,T30342028,M10931,2026-07-20,238.0
R909060,T30323772,M10931,2026-07-20,493.0
R909061,T30347121,M10853,2026-07-20,2512.0
R909062,T30340079,M10273,2026-07-20,704.0
R909063,T30366342,M10175,2026-07-21,8490.0
R909064,T30369654,M10042,2026-07-21,2964.0
R909065,T30378915,M10947,2026-07-21,1138.0
R909066,T30327397,M11682,2026-07-21,1092.0
R909067,T30348389,M10211,2026-07-21,588.0
R909068,T30366617,M11269,2026-07-21,1159.0
R909069,T30344824,M10419,2026-07-21,412.0
R909070,T30384894,M10513,2026-07-21,782.0
R909071,T30348257,M10746,2026-07-21,356.0
R909072,T30334946,M11408,2026-07-21,753.0
R909073,T30352769,M10577,2026-07-21,1093.0
R909074,T30365120,M11745,2026-07-21,3660.0
R909075,T30371040,M11616,2026-07-21,254.0
R909076,T30381817,M11003,2026-07-21,398.0
R909077,T30347884,M11692,2026-07-21,950.0
R909078,T30370968,M11003,2026-07-21,309.0
R909079,T30333044,M11614,2026-07-21,1547.0
R909080,T30374556,M10853,2026-07-21,229.0
R909081,T30382212,M11520,2026-07-21,347.0
R909082,T30354268,M10341,2026-07-21,10689.0
R909083,T30382729,M11321,2026-07-21,484.0
R909084,T30347299,M10577,2026-07-21,578.0
R909085,T30360678,M11679,2026-07-21,7248.0
R909086,T30369703,M11633,2026-07-21,534.0
R909087,T30376264,M10022,2026-07-21,608.0
R909088,T30348253,M10989,2026-07-21,8824.0
R909089,T30384121,M11816,2026-07-21,972.0
R909090,T30316432,M10808,2026-07-21,564.0
R909091,T30318008,M10577,2026-07-21,624.0
R909092,T30374215,M10947,2026-07-21,1164.0
R909093,T30380283,M11733,2026-07-21,482.0
R909094,T30323221,M10491,2026-07-21,3455.0
R909095,T30336686,M10419,2026-07-21,512.0
R909096,T30322567,M11290,2026-07-21,1635.0
R909097,T30317675,M11624,2026-07-21,592.0
R909098,T30336352,M10107,2026-07-21,2528.0
R909099,T30378661,M10565,2026-07-21,2833.0
R909100,T30368112,M10211,2026-07-21,496.0
R909101,T30323350,M10746,2026-07-21,605.0
R909102,T30331385,M10577,2026-07-21,1013.0
R909103,T30358911,M10042,2026-07-21,3585.0
R909104,T30380823,M10419,2026-07-21,1214.0
R909105,T30373742,M10096,2026-07-21,538.0
R909106,T30336822,M11003,2026-07-21,1092.0
R909107,T30317972,M10650,2026-07-21,833.0
R909108,T30346333,M10577,2026-07-21,1224.0
R909109,T30342090,M11404,2026-07-21,872.0
R909110,T30321593,M10032,2026-07-21,1090.0
R909111,T30343276,M10211,2026-07-21,843.0
R909112,T30369553,M11106,2026-07-21,793.0
R909113,T30359693,M11229,2026-07-21,269.0
R909114,T30317979,M10862,2026-07-21,388.0
R909115,T30341879,M11148,2026-07-22,452.0
R909116,T30364799,M10040,2026-07-22,214.0
R909117,T30389010,M11880,2026-07-22,3168.0
R909118,T30373979,M10296,2026-07-22,1849.0
R909119,T30373857,M10931,2026-07-22,270.0
R909120,T30373527,M11399,2026-07-22,2359.0
R909121,T30373205,M11408,2026-07-22,381.0
R909122,T30364823,M10690,2026-07-22,98.0
R909123,T30340962,M10022,2026-07-22,1120.0
R909124,T30362022,M10042,2026-07-22,4466.0
R909125,T30371624,M11188,2026-07-22,4160.0
R909126,T30363742,M10746,2026-07-22,575.0
R909127,T30357123,M10931,2026-07-22,880.0
R909128,T30341104,M10790,2026-07-22,1998.0
R909129,T30374387,M11051,2026-07-22,2203.0
R909130,T30372968,M11275,2026-07-22,1491.0
R909131,T30341085,M11825,2026-07-22,156.0
R909132,T30371872,M10931,2026-07-22,561.0
R909133,T30355703,M10577,2026-07-22,1684.0
R909134,T30354863,M10577,2026-07-22,2181.0
R909135,T30380819,M10582,2026-07-22,542.0
R909136,T30365139,M11408,2026-07-22,536.0
R909137,T30364552,M10032,2026-07-22,237.0
R909138,T30318993,M11408,2026-07-22,2589.0
R909139,T30355962,M11451,2026-07-22,6036.0
R909140,T30364624,M10565,2026-07-22,635.0
R909141,T30373185,M10510,2026-07-22,804.0
R909142,T30325881,M10871,2026-07-22,2122.0
R909143,T30330339,M10985,2026-07-22,341.0
R909144,T30335057,M10808,2026-07-22,749.0
R909145,T30388871,M11275,2026-07-22,2183.0
R909146,T30330197,M11572,2026-07-22,62.0
R909147,T30391939,M11408,2026-07-22,326.0
R909148,T30369329,M11825,2026-07-22,169.0
R909149,T30367296,M10042,2026-07-22,4282.0
R909150,T30343371,M11840,2026-07-22,421.0
R909151,T30391744,M10042,2026-07-22,4871.0
R909152,T30351132,M10808,2026-07-22,960.0
R909153,T30385946,M10650,2026-07-22,9724.0
R909154,T30336504,M11408,2026-07-22,126.0
R909155,T30386826,M10211,2026-07-22,3138.0
R909156,T30388034,M10989,2026-07-22,12518.0
R909157,T30359981,M10577,2026-07-22,370.0
R909158,T30350655,M11884,2026-07-22,651.0
R909159,T30324175,M10931,2026-07-22,915.0
R909160,T30368067,M10042,2026-07-22,8577.0
R909161,T30349723,M10834,2026-07-22,1559.0
R909162,T30343626,M10808,2026-07-22,941.0
R909163,T30344215,M10989,2026-07-22,6367.0
R909164,T30359571,M10211,2026-07-22,689.0
R909165,T30368270,M11249,2026-07-22,966.0
R909166,T30359630,M11908,2026-07-22,1912.0
R909167,T30330970,M10273,2026-07-22,310.0
R909168,T30366863,M10211,2026-07-22,1839.0
R909169,T30324441,M11469,2026-07-22,308.0
R909170,T30348026,M10931,2026-07-22,1105.0
R909171,T30375740,M10314,2026-07-22,577.0
R909172,T30382906,M10746,2026-07-22,391.0
R909173,T30325070,M10853,2026-07-22,1320.0
R909174,T30375485,M11411,2026-07-22,6456.0
R909175,T30369639,M10701,2026-07-22,635.0
R909176,T30370378,M10947,2026-07-22,2032.0
R909177,T30329500,M10597,2026-07-22,2492.0
R909178,T30340152,M10211,2026-07-22,276.0
R909179,T30342494,M10650,2026-07-22,5137.0
R909180,T30320227,M11364,2026-07-22,1060.0
R909181,T30375470,M10746,2026-07-22,1595.0
R909182,T30358108,M10867,2026-07-22,404.0
R909183,T30324815,M10419,2026-07-22,668.0
R909184,T30348357,M10947,2026-07-22,1483.0
R909185,T30361111,M11853,2026-07-22,548.0
R909186,T30340461,M10396,2026-07-22,865.0
R909187,T30388741,M11907,2026-07-22,3113.0
R909188,T30390335,M10022,2026-07-22,434.0
R909189,T30384933,M10419,2026-07-22,1055.0
R909190,T30375435,M11562,2026-07-22,351.0
R909191,T30347957,M10746,2026-07-22,1535.0
R909192,T30333234,M11874,2026-07-23,648.0
R909193,T30356795,M11403,2026-07-23,1529.0
R909194,T30392952,M10211,2026-07-23,301.0
R909195,T30390593,M10729,2026-07-23,926.0
R909196,T30378696,M10931,2026-07-23,2402.0
R909197,T30390051,M11927,2026-07-23,681.0
R909198,T30378736,M11218,2026-07-23,587.0
R909199,T30393616,M10032,2026-07-23,461.0
R909200,T30357261,M11622,2026-07-23,2640.0
R909201,T30393491,M11733,2026-07-23,1530.0
R909202,T30332709,M10862,2026-07-23,519.0
R909203,T30377074,M10211,2026-07-23,1088.0
R909204,T30342453,M11003,2026-07-23,2909.0
R909205,T30354666,M11235,2026-07-23,1555.0
R909206,T30383830,M10314,2026-07-23,259.0
R909207,T30366336,M11330,2026-07-23,887.0
R909208,T30352545,M10989,2026-07-23,2829.0
R909209,T30334978,M10650,2026-07-23,1388.0
R909210,T30339940,M10832,2026-07-23,768.0
R909211,T30348580,M10419,2026-07-23,1147.0
R909212,T30351882,M10931,2026-07-23,2198.0
R909213,T30348853,M11076,2026-07-23,1888.0
R909214,T30335489,M11229,2026-07-23,303.0
R909215,T30369442,M10931,2026-07-23,1371.0
R909216,T30335493,M10931,2026-07-23,136.0
R909217,T30335669,M10853,2026-07-23,1847.0
R909218,T30321962,M11378,2026-07-23,10107.0
R909219,T30351218,M11267,2026-07-23,442.0
R909220,T30349137,M10746,2026-07-23,522.0
R909221,T30388169,M10931,2026-07-23,1873.0
R909222,T30368948,M11354,2026-07-23,3761.0
R909223,T30388139,M11927,2026-07-23,1542.0
R909224,T30386306,M10354,2026-07-23,566.0
R909225,T30322823,M10746,2026-07-23,4275.0
R909226,T30350452,M11229,2026-07-23,246.0
R909227,T30350182,M10931,2026-07-23,1331.0
R909228,T30323330,M11411,2026-07-23,8471.0
R909229,T30323953,M11495,2026-07-23,142.0
R909230,T30348251,M11445,2026-07-23,1092.0
R909231,T30365526,M10022,2026-07-23,5251.0
R909232,T30330672,M11608,2026-07-23,928.0
R909233,T30365453,M11003,2026-07-23,315.0
R909234,T30356152,M11680,2026-07-23,718.0
R909235,T30380134,M11769,2026-07-23,3920.0
R909236,T30341853,M11003,2026-07-23,270.0
R909237,T30363465,M10314,2026-07-23,140.0
R909238,T30355540,M11109,2026-07-23,1820.0
R909239,T30372178,M10606,2026-07-23,1269.0
R909240,T30370828,M11299,2026-07-23,3555.0
R909241,T30355388,M11408,2026-07-23,1150.0
R909242,T30395080,M10746,2026-07-23,814.0
R909243,T30347565,M11722,2026-07-23,1017.0
R909244,T30355432,M11408,2026-07-23,3301.0
R909245,T30326102,M11003,2026-07-23,1237.0
R909246,T30366770,M10931,2026-07-24,1066.0
R909247,T30368277,M11003,2026-07-24,227.0
R909248,T30370661,M11262,2026-07-24,4149.0
R909249,T30340424,M10419,2026-07-24,619.0
R909250,T30374044,M10022,2026-07-24,1154.0
R909251,T30368739,M11107,2026-07-24,627.0
R909252,T30374108,M11495,2026-07-24,1092.0
R909253,T30368139,M10096,2026-07-24,185.0
R909254,T30368049,M11033,2026-07-24,518.0
R909255,T30375495,M10343,2026-07-24,493.0
R909256,T30377190,M10211,2026-07-24,856.0
R909257,T30336700,M10754,2026-07-24,346.0
R909258,T30363361,M10273,2026-07-24,872.0
R909259,T30338323,M10032,2026-07-24,349.0
R909260,T30394307,M10042,2026-07-24,7499.0
R909261,T30394836,M11457,2026-07-24,2490.0
R909262,T30340305,M11520,2026-07-24,642.0
R909263,T30342462,M10931,2026-07-24,1298.0
R909264,T30336110,M10032,2026-07-24,341.0
R909265,T30365937,M10822,2026-07-24,812.0
R909266,T30373937,M10931,2026-07-24,536.0
R909267,T30397657,M11713,2026-07-24,1288.0
R909268,T30395263,M10419,2026-07-24,1274.0
R909269,T30333750,M10931,2026-07-24,789.0
R909270,T30397567,M10032,2026-07-24,1172.0
R909271,T30364916,M11109,2026-07-24,392.0
R909272,T30333258,M11712,2026-07-24,762.0
R909273,T30371180,M10491,2026-07-24,569.0
R909274,T30341998,M10883,2026-07-24,2017.0
R909275,T30371118,M11797,2026-07-24,852.0
R909276,T30383347,M11404,2026-07-24,209.0
R909277,T30387528,M10746,2026-07-24,303.0
R909278,T30358327,M10931,2026-07-24,272.0
R909279,T30379637,M11217,2026-07-24,4530.0
R909280,T30327956,M11769,2026-07-24,2430.0
R909281,T30328918,M11552,2026-07-24,2732.0
R909282,T30383253,M11616,2026-07-24,231.0
R909283,T30346224,M10211,2026-07-24,747.0
R909284,T30352408,M11763,2026-07-24,8394.0
R909285,T30355569,M10823,2026-07-24,810.0
R909286,T30382400,M10042,2026-07-24,3239.0
R909287,T30355645,M10341,2026-07-24,1756.0
R909288,T30345138,M11769,2026-07-24,8085.0
R909289,T30349105,M10808,2026-07-24,644.0
R909290,T30326313,M10808,2026-07-24,2716.0
R909291,T30386161,M11884,2026-07-24,827.0
R909292,T30324398,M10931,2026-07-24,1289.0
R909293,T30379109,M10883,2026-07-24,3326.0
R909294,T30329390,M10867,2026-07-24,1553.0
R909295,T30387465,M10457,2026-07-24,1500.0
R909296,T30390230,M11799,2026-07-24,108.0
R909297,T30381010,M10211,2026-07-24,386.0
R909298,T30379942,M11831,2026-07-24,2349.0
R909299,T30358400,M10947,2026-07-24,1115.0
R909300,T30381067,M11249,2026-07-24,494.0
R909301,T30353142,M11408,2026-07-24,582.0
R909302,T30349421,M10073,2026-07-24,299.0
R909303,T30354960,M11003,2026-07-24,336.0
R909304,T30328817,M10701,2026-07-24,585.0
R909305,T30391422,M10022,2026-07-24,418.0
R909306,T30381436,M11394,2026-07-24,640.0
R909307,T30378225,M10211,2026-07-24,1705.0
R909308,T30353811,M10042,2026-07-24,4736.0
R909309,T30378347,M10211,2026-07-24,340.0
R909310,T30358618,M11148,2026-07-24,942.0
R909311,T30388681,M11217,2026-07-24,7537.0
R909312,T30391428,M11930,2026-07-24,635.0
R909313,T30388088,M11118,2026-07-24,295.0
R909314,T30349055,M11752,2026-07-24,18866.0
R909315,T30385381,M11717,2026-07-24,3022.0
R909316,T30353865,M10032,2026-07-24,332.0
R909317,T30351721,M10577,2026-07-24,1068.0
R909318,T30356902,M11865,2026-07-24,3700.0
R909319,T30390892,M11275,2026-07-24,930.0
R909320,T30326985,M10077,2026-07-24,309.0
R909321,T30344329,M11478,2026-07-24,376.0
R909322,T30346896,M10989,2026-07-24,4467.0
R909323,T30356442,M10706,2026-07-25,596.0
R909324,T30333355,M10022,2026-07-25,431.0
R909325,T30389625,M10688,2026-07-25,14857.0
R909326,T30388332,M11354,2026-07-25,4715.0
R909327,T30349387,M11180,2026-07-25,687.0
R909328,T30380563,M10577,2026-07-25,654.0
R909329,T30355709,M11109,2026-07-25,435.0
R909330,T30381004,M10746,2026-07-25,2071.0
R909331,T30352963,M10989,2026-07-25,4530.0
R909332,T30340150,M10493,2026-07-25,1689.0
R909333,T30347508,M10022,2026-07-25,1208.0
R909334,T30355515,M11003,2026-07-25,5753.0
R909335,T30395005,M11003,2026-07-25,1725.0
R909336,T30381147,M10931,2026-07-25,1320.0
R909337,T30395467,M10642,2026-07-25,3756.0
R909338,T30397916,M10022,2026-07-25,421.0
R909339,T30333885,M10790,2026-07-25,705.0
R909340,T30341162,M11713,2026-07-25,924.0
R909341,T30381129,M10746,2026-07-25,419.0
R909342,T30396185,M10828,2026-07-25,1710.0
R909343,T30389735,M11228,2026-07-25,807.0
R909344,T30374317,M11346,2026-07-25,2803.0
R909345,T30379698,M10419,2026-07-25,138.0
R909346,T30366869,M10491,2026-07-25,1658.0
R909347,T30376589,M10808,2026-07-25,765.0
R909348,T30392999,M10042,2026-07-25,8552.0
R909349,T30329907,M10314,2026-07-25,1962.0
R909350,T30349778,M10419,2026-07-25,298.0
R909351,T30348593,M10314,2026-07-25,1573.0
R909352,T30351309,M11003,2026-07-25,415.0
R909353,T30358816,M11275,2026-07-25,668.0
R909354,T30337743,M11251,2026-07-25,1298.0
R909355,T30378544,M11907,2026-07-25,2865.0
R909356,T30343993,M10627,2026-07-25,3096.0
R909357,T30385774,M10985,2026-07-25,1853.0
R909358,T30330620,M10419,2026-07-25,386.0
R909359,T30337562,M10577,2026-07-25,316.0
R909360,T30398554,M11404,2026-07-25,1147.0
R909361,T30389839,M10314,2026-07-25,375.0
R909362,T30342716,M11109,2026-07-25,867.0
R909363,T30329703,M10032,2026-07-25,582.0
R909364,T30362595,M11825,2026-07-25,279.0
R909365,T30345825,M11616,2026-07-25,187.0
R909366,T30328854,M10032,2026-07-25,602.0
R909367,T30393956,M10808,2026-07-25,362.0
R909368,T30400272,M11769,2026-07-25,5612.0
R909369,T30382469,M11646,2026-07-25,1573.0
R909370,T30361209,M10862,2026-07-25,320.0
R909371,T30374742,M11275,2026-07-25,421.0
R909372,T30357531,M10577,2026-07-25,278.0
R909373,T30329532,M10808,2026-07-25,165.0
R909374,T30329584,M10414,2026-07-25,1571.0
R909375,T30375592,M11407,2026-07-25,725.0
R909376,T30375814,M11003,2026-07-25,238.0
R909377,T30335816,M11841,2026-07-25,790.0
R909378,T30347606,M11003,2026-07-25,462.0
R909379,T30379501,M10746,2026-07-25,262.0
R909380,T30379538,M10211,2026-07-25,416.0
R909381,T30353774,M11249,2026-07-26,128.0
R909382,T30388689,M11825,2026-07-26,209.0
R909383,T30389262,M11275,2026-07-26,619.0
R909384,T30367624,M10022,2026-07-26,680.0
R909385,T30398144,M10577,2026-07-26,1626.0
R909386,T30384020,M10808,2026-07-26,250.0
R909387,T30384883,M11925,2026-07-26,1409.0
R909388,T30352651,M11825,2026-07-26,333.0
R909389,T30352234,M10947,2026-07-26,1062.0
R909390,T30366657,M11520,2026-07-26,525.0
R909391,T30399517,M10211,2026-07-26,1143.0
R909392,T30398179,M10211,2026-07-26,734.0
R909393,T30349070,M11841,2026-07-26,4160.0
R909394,T30385701,M11127,2026-07-26,6969.0
R909395,T30351334,M10032,2026-07-26,314.0
R909396,T30367258,M10022,2026-07-26,124.0
R909397,T30334629,M10746,2026-07-26,163.0
R909398,T30381767,M10931,2026-07-26,1681.0
R909399,T30394967,M10126,2026-07-26,550.0
R909400,T30381594,M11591,2026-07-26,526.0
R909401,T30389405,M10931,2026-07-26,528.0
R909402,T30347631,M10947,2026-07-26,2118.0
R909403,T30329137,M10577,2026-07-26,926.0
R909404,T30374438,M11295,2026-07-26,1078.0
R909405,T30357318,M10297,2026-07-26,707.0
R909406,T30361892,M10853,2026-07-26,1826.0
R909407,T30357322,M10902,2026-07-26,104.0
R909408,T30357595,M11884,2026-07-26,1027.0
R909409,T30332760,M10022,2026-07-26,952.0
R909410,T30390643,M11754,2026-07-26,255.0
R909411,T30376337,M10931,2026-07-26,4635.0
R909412,T30343284,M11520,2026-07-26,438.0
R909413,T30391828,M11907,2026-07-26,1908.0
R909414,T30344581,M10989,2026-07-26,4332.0
R909415,T30391050,M11249,2026-07-26,681.0
R909416,T30331577,M11642,2026-07-26,1057.0
R909417,T30387802,M10096,2026-07-26,2897.0
R909418,T30373133,M10042,2026-07-26,23314.0
R909419,T30399124,M11767,2026-07-26,13924.0
R909420,T30389553,M10947,2026-07-26,813.0
R909421,T30340838,M10931,2026-07-26,695.0
R909422,T30354057,M10211,2026-07-26,216.0
R909423,T30340659,M10650,2026-07-26,8713.0
R909424,T30397347,M11574,2026-07-26,678.0
R909425,T30397292,M11249,2026-07-26,526.0
R909426,T30400087,M10261,2026-07-26,1011.0
R909427,T30350994,M10853,2026-07-26,498.0
R909428,T30363464,M10931,2026-07-26,457.0
R909429,T30381360,M11769,2026-07-26,816.0
R909430,T30369305,M11003,2026-07-26,1214.0
R909431,T30364612,M11003,2026-07-26,409.0
R909432,T30371631,M11012,2026-07-26,831.0
R909433,T30395653,M10022,2026-07-26,764.0
R909434,T30402395,M10042,2026-07-26,9194.0
R909435,T30372589,M11271,2026-07-26,3490.0
R909436,T30333462,M11109,2026-07-26,185.0
R909437,T30341078,M10947,2026-07-26,272.0
R909438,T30399920,M10022,2026-07-27,1034.0
R909439,T30387498,M11114,2026-07-27,2486.0
R909440,T30387665,M10577,2026-07-27,1582.0
R909441,T30388011,M10828,2026-07-27,508.0
R909442,T30402479,M11769,2026-07-27,5924.0
R909443,T30404714,M11520,2026-07-27,294.0
R909444,T30387962,M10102,2026-07-27,269.0
R909445,T30386324,M10577,2026-07-27,1510.0
R909446,T30399548,M10314,2026-07-27,285.0
R909447,T30377837,M11907,2026-07-27,5074.0
R909448,T30385326,M11300,2026-07-27,1390.0
R909449,T30377682,M10402,2026-07-27,1573.0
R909450,T30377412,M10931,2026-07-27,1393.0
R909451,T30378216,M11003,2026-07-27,516.0
R909452,T30377130,M11275,2026-07-27,1010.0
R909453,T30391457,M11907,2026-07-27,11952.0
R909454,T30378652,M11884,2026-07-27,605.0
R909455,T30390799,M10931,2026-07-27,1041.0
R909456,T30392407,M10042,2026-07-27,12845.0
R909457,T30376626,M10808,2026-07-27,422.0
R909458,T30376461,M11148,2026-07-27,856.0
R909459,T30390260,M10032,2026-07-27,220.0
R909460,T30379808,M11107,2026-07-27,478.0
R909461,T30385371,M10032,2026-07-27,62.0
R909462,T30373824,M10096,2026-07-27,1248.0
R909463,T30389365,M10850,2026-07-27,744.0
R909464,T30371695,M10419,2026-07-27,181.0
R909465,T30381394,M11408,2026-07-27,394.0
R909466,T30396887,M11275,2026-07-27,1309.0
R909467,T30381411,M11275,2026-07-27,1587.0
R909468,T30370660,M11455,2026-07-27,2385.0
R909469,T30383116,M10989,2026-07-27,6759.0
R909470,T30383496,M11425,2026-07-27,634.0
R909471,T30369880,M10746,2026-07-27,3283.0
R909472,T30383771,M11400,2026-07-27,760.0
R909473,T30368490,M11841,2026-07-27,555.0
R909474,T30369629,M10931,2026-07-27,893.0
R909475,T30381028,M10931,2026-07-27,825.0
R909476,T30387740,M10042,2026-07-27,633.0
R909477,T30337690,M10989,2026-07-27,2749.0
R909478,T30361581,M10032,2026-07-27,349.0
R909479,T30334046,M11275,2026-07-27,1272.0
R909480,T30341274,M11275,2026-07-27,442.0
R909481,T30352580,M10042,2026-07-27,7339.0
R909482,T30336129,M10931,2026-07-27,51.0
R909483,T30336400,M10273,2026-07-27,807.0
R909484,T30352728,M10211,2026-07-27,533.0
R909485,T30361552,M10577,2026-07-27,570.0
R909486,T30351448,M10620,2026-07-27,429.0
R909487,T30361993,M10790,2026-07-27,1156.0
R909488,T30366725,M11003,2026-07-27,692.0
R909489,T30366308,M11338,2026-07-27,1344.0
R909490,T30362828,M11198,2026-07-27,1278.0
R909491,T30366068,M10341,2026-07-27,4793.0
R909492,T30331792,M11109,2026-07-27,538.0
R909493,T30354349,M11003,2026-07-27,990.0
R909494,T30365621,M11399,2026-07-27,530.0
R909495,T30352944,M10704,2026-07-27,653.0
R909496,T30334265,M11249,2026-07-27,346.0
R909497,T30365670,M10577,2026-07-27,1392.0
R909498,T30350749,M10746,2026-07-27,1231.0
R909499,T30347871,M10931,2026-07-27,534.0
R909500,T30339631,M10989,2026-07-27,3701.0
R909501,T30363827,M11003,2026-07-27,782.0
R909502,T30364237,M11217,2026-07-27,6918.0
R909503,T30359738,M10822,2026-07-27,832.0
R909504,T30337979,M10022,2026-07-27,1593.0
R909505,T30363091,M11012,2026-07-27,873.0
R909506,T30335041,M10493,2026-07-27,4840.0
R909507,T30336423,M11275,2026-07-28,1204.0
R909508,T30360024,M10931,2026-07-28,1584.0
R909509,T30359929,M10042,2026-07-28,6234.0
R909510,T30381230,M10419,2026-07-28,550.0
R909511,T30376272,M11879,2026-07-28,562.0
R909512,T30343193,M10986,2026-07-28,545.0
R909513,T30381521,M11616,2026-07-28,1420.0
R909514,T30333898,M10989,2026-07-28,7673.0
R909515,T30396170,M10493,2026-07-28,4791.0
R909516,T30377841,M11538,2026-07-28,589.0
R909517,T30407950,M11275,2026-07-28,752.0
R909518,T30354527,M10902,2026-07-28,885.0
R909519,T30408578,M10449,2026-07-28,3933.0
R909520,T30371128,M11410,2026-07-28,923.0
R909521,T30378254,M10321,2026-07-28,4657.0
R909522,T30371816,M11003,2026-07-28,762.0
R909523,T30401779,M10022,2026-07-28,646.0
R909524,T30402787,M11574,2026-07-28,731.0
R909525,T30397575,M11275,2026-07-28,1109.0
R909526,T30379077,M10808,2026-07-28,413.0
R909527,T30357003,M11752,2026-07-28,2613.0
R909528,T30365153,M11763,2026-07-28,11247.0
R909529,T30340645,M11798,2026-07-28,1800.0
R909530,T30399425,M10314,2026-07-28,425.0
R909531,T30372514,M10592,2026-07-28,554.0
R909532,T30399968,M11229,2026-07-28,747.0
R909533,T30355829,M11884,2026-07-28,594.0
R909534,T30355800,M11723,2026-07-28,158.0
R909535,T30372609,M11023,2026-07-28,1310.0
R909536,T30357632,M10341,2026-07-28,9691.0
R909537,T30356828,M10042,2026-07-28,7982.0
R909538,T30395645,M10567,2026-07-28,1953.0
R909539,T30339236,M10746,2026-07-28,270.0
R909540,T30353779,M10032,2026-07-28,1228.0
R909541,T30405145,M11578,2026-07-28,760.0
R909542,T30350792,M11724,2026-07-28,823.0
R909543,T30406937,M11003,2026-07-28,1024.0
R909544,T30368861,M11232,2026-07-28,2234.0
R909545,T30342110,M10273,2026-07-28,198.0
R909546,T30342134,M10828,2026-07-28,959.0
R909547,T30406760,M10282,2026-07-28,830.0
R909548,T30393427,M11591,2026-07-28,3302.0
R909549,T30333282,M10931,2026-07-28,493.0
R909550,T30345113,M10931,2026-07-28,1587.0
R909551,T30350007,M10931,2026-07-28,287.0
R909552,T30368166,M10808,2026-07-28,402.0
R909553,T30374619,M11358,2026-07-28,4334.0
R909554,T30387909,M11127,2026-07-28,8362.0
R909555,T30401034,M11713,2026-07-28,468.0
R909556,T30349531,M10931,2026-07-28,1841.0
R909557,T30342806,M11001,2026-07-28,484.0
R909558,T30388503,M10947,2026-07-28,761.0
R909559,T30388598,M11408,2026-07-28,833.0
R909560,T30387775,M11469,2026-07-28,329.0
R909561,T30385553,M10022,2026-07-28,2676.0
R909562,T30399081,M10165,2026-07-28,3285.0
R909563,T30353351,M10419,2026-07-28,404.0
R909564,T30347539,M10022,2026-07-28,1736.0
R909565,T30336915,M10931,2026-07-28,361.0
R909566,T30382643,M10577,2026-07-28,496.0
R909567,T30367226,M10577,2026-07-28,2820.0
R909568,T30333680,M11003,2026-07-28,731.0
R909569,T30373991,M10567,2026-07-28,9390.0
R909570,T30366004,M11911,2026-07-28,1880.0
R909571,T30333870,M11003,2026-07-28,326.0
R909572,T30353073,M11400,2026-07-28,1478.0
R909573,T30333571,M10096,2026-07-28,185.0
R909574,T30353247,M11894,2026-07-28,315.0
R909575,T30383900,M11520,2026-07-28,1007.0
R909576,T30400343,M10853,2026-07-28,227.0
R909577,T30353070,M11275,2026-07-28,257.0
R909578,T30370047,M10931,2026-07-28,416.0
R909579,T30361791,M11825,2026-07-29,736.0
R909580,T30375891,M10577,2026-07-29,1098.0
R909581,T30411409,M10032,2026-07-29,812.0
R909582,T30360107,M10419,2026-07-29,758.0
R909583,T30399304,M10022,2026-07-29,565.0
R909584,T30338403,M11003,2026-07-29,1092.0
R909585,T30361085,M11769,2026-07-29,2645.0
R909586,T30400346,M11071,2026-07-29,781.0
R909587,T30411140,M10918,2026-07-29,8974.0
R909588,T30345484,M10979,2026-07-29,2583.0
R909589,T30410712,M11229,2026-07-29,632.0
R909590,T30336101,M10211,2026-07-29,1110.0
R909591,T30376505,M11275,2026-07-29,1785.0
R909592,T30360220,M11846,2026-07-29,1049.0
R909593,T30361889,M11458,2026-07-29,3414.0
R909594,T30355693,M11713,2026-07-29,341.0
R909595,T30398917,M11832,2026-07-29,7451.0
R909596,T30353391,M10457,2026-07-29,233.0
R909597,T30383556,M10808,2026-07-29,869.0
R909598,T30383819,M10211,2026-07-29,831.0
R909599,T30384104,M11825,2026-07-29,258.0
R909600,T30384715,M11275,2026-07-29,1718.0
R909601,T30384784,M10746,2026-07-29,541.0
R909602,T30353850,M11713,2026-07-29,2658.0
R909603,T30341710,M11275,2026-07-29,502.0
R909604,T30394529,M11109,2026-07-29,568.0
R909605,T30350990,M11880,2026-07-29,9315.0
R909606,T30386456,M10808,2026-07-29,2402.0
R909607,T30350522,M11597,2026-07-29,126.0
R909608,T30393179,M11769,2026-07-29,5515.0
R909609,T30349552,M10862,2026-07-29,960.0
R909610,T30352373,M10032,2026-07-29,165.0
R909611,T30354607,M10746,2026-07-29,522.0
R909612,T30346596,M11275,2026-07-29,498.0
R909613,T30354978,M10597,2026-07-29,14952.0
R909614,T30398589,M11826,2026-07-29,817.0
R909615,T30359529,M10419,2026-07-29,429.0
R909616,T30359511,M10862,2026-07-29,465.0
R909617,T30392387,M11235,2026-07-29,419.0
R909618,T30358923,M11520,2026-07-29,647.0
R909619,T30358902,M10211,2026-07-29,2808.0
R909620,T30340135,M10746,2026-07-29,1617.0
R909621,T30357590,M10577,2026-07-29,2347.0
R909622,T30357473,M10931,2026-07-29,1738.0
R909623,T30397620,M11769,2026-07-29,2303.0
R909624,T30340714,M11107,2026-07-29,788.0
R909625,T30397240,M10862,2026-07-29,194.0
R909626,T30380184,M11003,2026-07-29,1456.0
R909627,T30380409,M11275,2026-07-29,1123.0
R909628,T30396619,M10032,2026-07-29,396.0
R909629,T30399047,M11831,2026-07-29,1622.0
R909630,T30400980,M10493,2026-07-29,1639.0
R909631,T30347928,M10419,2026-07-29,1562.0
R909632,T30392029,M10746,2026-07-29,567.0
R909633,T30363401,M11769,2026-07-29,2462.0
R909634,T30401884,M11578,2026-07-29,435.0
R909635,T30367431,M11841,2026-07-29,626.0
R909636,T30371174,M10650,2026-07-29,5975.0
R909637,T30404567,M10822,2026-07-29,1295.0
R909638,T30373738,M10077,2026-07-29,742.0
R909639,T30371091,M10808,2026-07-29,1360.0
R909640,T30368223,M10853,2026-07-29,245.0
R909641,T30404187,M10746,2026-07-29,740.0
R909642,T30391111,M11003,2026-07-29,612.0
R909643,T30401949,M11003,2026-07-29,713.0
R909644,T30366742,M10314,2026-07-29,1135.0
R909645,T30407304,M10931,2026-07-29,1884.0
R909646,T30363979,M11404,2026-07-29,1124.0
R909647,T30372616,M10862,2026-07-29,884.0
R909648,T30372304,M10211,2026-07-29,338.0
R909649,T30365026,M10947,2026-07-29,338.0
R909650,T30343386,M10096,2026-07-29,551.0
R909651,T30368824,M10989,2026-07-30,3147.0
R909652,T30381262,M10577,2026-07-30,884.0
R909653,T30360048,M10314,2026-07-30,750.0
R909654,T30345485,M10808,2026-07-30,889.0
R909655,T30355669,M10273,2026-07-30,451.0
R909656,T30403416,M10931,2026-07-30,1196.0
R909657,T30377159,M11364,2026-07-30,323.0
R909658,T30381338,M10931,2026-07-30,184.0
R909659,T30350504,M10746,2026-07-30,1465.0
R909660,T30385056,M10650,2026-07-30,1763.0
R909661,T30393619,M10828,2026-07-30,258.0
R909662,T30387555,M11712,2026-07-30,226.0
R909663,T30396790,M11443,2026-07-30,6260.0
R909664,T30407350,M11003,2026-07-30,421.0
R909665,T30394040,M11235,2026-07-30,464.0
R909666,T30351039,M10444,2026-07-30,220.0
R909667,T30340623,M11754,2026-07-30,449.0
R909668,T30357235,M11907,2026-07-30,3349.0
R909669,T30391091,M10211,2026-07-30,1105.0
R909670,T30398211,M11884,2026-07-30,967.0
R909671,T30356471,M11251,2026-07-30,2764.0
R909672,T30398364,M11346,2026-07-30,2320.0
R909673,T30409148,M10577,2026-07-30,136.0
R909674,T30378476,M10022,2026-07-30,2666.0
R909675,T30386535,M11532,2026-07-30,153.0
R909676,T30402550,M11338,2026-07-30,1309.0
R909677,T30379935,M10827,2026-07-30,1671.0
R909678,T30338237,M11012,2026-07-30,568.0
R909679,T30402308,M11520,2026-07-30,177.0
R909680,T30340836,M11616,2026-07-30,196.0
R909681,T30356021,M10883,2026-07-30,842.0
R909682,T30373018,M11217,2026-07-30,1436.0
R909683,T30344451,M10577,2026-07-30,1414.0
R909684,T30394763,M10862,2026-07-30,290.0
R909685,T30409595,M10577,2026-07-30,1327.0
R909686,T30344694,M11275,2026-07-30,1032.0
R909687,T30353689,M11884,2026-07-30,182.0
R909688,T30374946,M10567,2026-07-30,3624.0
R909689,T30394956,M11825,2026-07-30,842.0
R909690,T30374987,M11616,2026-07-30,1241.0
R909691,T30348275,M10947,2026-07-30,705.0
R909692,T30392286,M10096,2026-07-30,706.0
R909693,T30375092,M10567,2026-07-30,4492.0
R909694,T30375844,M11816,2026-07-30,961.0
R909695,T30368308,M11841,2026-07-30,364.0
R909696,T30410396,M10853,2026-07-30,2137.0
R909697,T30410209,M10853,2026-07-30,247.0
R909698,T30395785,M11724,2026-07-30,667.0
R909699,T30400496,M11851,2026-07-30,380.0
R909700,T30368585,M11321,2026-07-30,273.0
R909701,T30353588,M10832,2026-07-30,2954.0
R909702,T30353374,M11637,2026-07-30,192.0
R909703,T30388347,M10577,2026-07-30,456.0
R909704,T30376234,M11408,2026-07-30,3490.0
R909705,T30384720,M10211,2026-07-30,1190.0
R909706,T30410299,M11841,2026-07-30,839.0
R909707,T30389273,M11909,2026-07-30,1186.0
R909708,T30342895,M10650,2026-07-30,13247.0
R909709,T30381572,M10678,2026-07-30,354.0
R909710,T30396063,M10419,2026-07-30,393.0
R909711,T30382433,M11907,2026-07-30,2679.0
R909712,T30374158,M10032,2026-07-30,37.0
R909713,T30346779,M10022,2026-07-30,2158.0
R909714,T30381838,M10491,2026-07-30,677.0
R909715,T30376387,M11685,2026-07-30,194.0
R909716,T30389148,M11884,2026-07-31,227.0
R909717,T30346418,M10577,2026-07-31,849.0
R909718,T30379285,M11770,2026-07-31,390.0
R909719,T30351048,M10032,2026-07-31,895.0
R909720,T30397861,M10022,2026-07-31,3698.0
R909721,T30341439,M10989,2026-07-31,8531.0
R909722,T30407784,M11275,2026-07-31,335.0
R909723,T30353475,M10419,2026-07-31,699.0
R909724,T30383339,M10746,2026-07-31,162.0
R909725,T30385787,M10107,2026-07-31,2383.0
R909726,T30394119,M11275,2026-07-31,935.0
R909727,T30369243,M11378,2026-07-31,1665.0
R909728,T30396896,M11532,2026-07-31,800.0
R909729,T30403719,M10314,2026-07-31,699.0
R909730,T30354190,M10273,2026-07-31,480.0
R909731,T30367151,M10931,2026-07-31,357.0
R909732,T30409564,M10577,2026-07-31,765.0
R909733,T30353965,M10931,2026-07-31,2416.0
R909734,T30352305,M11737,2026-07-31,2479.0
R909735,T30385197,M10022,2026-07-31,424.0
R909736,T30353882,M10577,2026-07-31,482.0
R909737,T30382094,M10597,2026-07-31,9911.0
R909738,T30397117,M11251,2026-07-31,880.0
R909739,T30355562,M10211,2026-07-31,532.0
R909740,T30351938,M10828,2026-07-31,759.0
R909741,T30351714,M11616,2026-07-31,3619.0
R909742,T30382295,M10211,2026-07-31,1152.0
R909743,T30382341,M11830,2026-07-31,891.0
R909744,T30341669,M10022,2026-07-31,2023.0
R909745,T30396833,M11899,2026-07-31,1413.0
R909746,T30355949,M10656,2026-07-31,1545.0
R909747,T30341747,M11217,2026-07-31,2772.0
R909748,T30392388,M11884,2026-07-31,891.0
R909749,T30415476,M11403,2026-07-31,2313.0
R909750,T30378523,M11520,2026-07-31,264.0
R909751,T30386138,M10577,2026-07-31,1080.0
R909752,T30375200,M11724,2026-07-31,933.0
R909753,T30411041,M10931,2026-07-31,1621.0
R909754,T30350461,M10022,2026-07-31,1018.0
R909755,T30412435,M10491,2026-07-31,1023.0
R909756,T30412167,M11941,2026-07-31,969.0
R909757,T30416321,M11927,2026-07-31,500.0
R909758,T30390867,M10879,2026-07-31,3960.0
R909759,T30399087,M10931,2026-07-31,619.0
R909760,T30393370,M10022,2026-07-31,780.0
R909761,T30359515,M10489,2026-07-31,394.0
R909762,T30359918,M11003,2026-07-31,325.0
R909763,T30361116,M10746,2026-07-31,1352.0
R909764,T30411841,M10493,2026-07-31,1641.0
R909765,T30343974,M10947,2026-07-31,979.0
R909766,T30377376,M10989,2026-07-31,11541.0
R909767,T30344641,M11769,2026-07-31,32110.0
R909768,T30343410,M10989,2026-07-31,7095.0
R909769,T30406443,M10211,2026-07-31,2211.0
R909770,T30393386,M11927,2026-07-31,3986.0
R909771,T30409859,M11532,2026-07-31,1193.0
R909772,T30362936,M10577,2026-07-31,782.0
R909773,T30344282,M10931,2026-07-31,2184.0
R909774,T30367503,M10577,2026-07-31,1260.0
R909775,T30374528,M10419,2026-07-31,464.0
R909776,T30345733,M11825,2026-07-31,210.0
R909777,T30378871,M11475,2026-07-31,8862.0
R909778,T30374883,M11475,2026-07-31,3276.0
R909779,T30398171,M10022,2026-07-31,485.0
R909780,T30361904,M11704,2026-07-31,1810.0
R909781,T30349165,M11769,2026-07-31,4695.0
R909782,T30402618,M11408,2026-07-31,2008.0
R909783,T30410405,M10650,2026-07-31,17566.0
R909784,T30350258,M10133,2026-07-31,448.0
R909785,T30416514,M10211,2026-07-31,912.0
R909786,T30390376,M11712,2026-07-31,1009.0
R909787,T30376436,M10772,2026-08-01,2305.0
R909788,T30373342,M10160,2026-08-01,1066.0
R909789,T30382190,M11346,2026-08-01,8040.0
R909790,T30414215,M11249,2026-08-01,244.0
R909791,T30404194,M10022,2026-08-01,702.0
R909792,T30345464,M11232,2026-08-01,1507.0
R909793,T30400148,M11003,2026-08-01,393.0
R909794,T30403956,M10022,2026-08-01,2196.0
R909795,T30382306,M10022,2026-08-01,729.0
R909796,T30346930,M10042,2026-08-01,3446.0
R909797,T30382563,M10211,2026-08-01,604.0
R909798,T30393084,M10419,2026-08-01,1362.0
R909799,T30414906,M10162,2026-08-01,967.0
R909800,T30370663,M11148,2026-08-01,457.0
R909801,T30361214,M10862,2026-08-01,459.0
R909802,T30401506,M10577,2026-08-01,375.0
R909803,T30349398,M11408,2026-08-01,297.0
R909804,T30411539,M11033,2026-08-01,843.0
R909805,T30361410,M10746,2026-08-01,761.0
R909806,T30353883,M10493,2026-08-01,3519.0
R909807,T30416481,M10419,2026-08-01,718.0
R909808,T30373846,M10746,2026-08-01,832.0
R909809,T30399403,M10862,2026-08-01,562.0
R909810,T30345104,M10577,2026-08-01,831.0
R909811,T30388624,M10022,2026-08-01,2744.0
R909812,T30359260,M11769,2026-08-01,3931.0
R909813,T30347293,M10746,2026-08-01,480.0
R909814,T30356669,M10042,2026-08-01,4157.0
R909815,T30409169,M11251,2026-08-01,126.0
R909816,T30417688,M11033,2026-08-01,1361.0
R909817,T30402673,M10022,2026-08-01,1738.0
R909818,T30383986,M11363,2026-08-01,418.0
R909819,T30364654,M11907,2026-08-01,1232.0
R909820,T30364338,M10590,2026-08-01,1412.0
R909821,T30378712,M10183,2026-08-01,2209.0
R909822,T30379434,M10931,2026-08-01,931.0
R909823,T30397650,M11249,2026-08-01,499.0
R909824,T30413180,M11110,2026-08-01,2915.0
R909825,T30398215,M10650,2026-08-01,1290.0
R909826,T30402458,M10211,2026-08-01,1450.0
R909827,T30347862,M10989,2026-08-01,16126.0
R909828,T30370108,M10828,2026-08-01,123.0
R909829,T30391353,M10567,2026-08-01,6755.0
R909830,T30355329,M11591,2026-08-01,3947.0
R909831,T30415149,M11875,2026-08-01,13180.0
R909832,T30388981,M10143,2026-08-01,7723.0
R909833,T30419327,M10746,2026-08-01,830.0
R909834,T30413951,M11003,2026-08-01,846.0
R909835,T30413948,M11520,2026-08-01,981.0
R909836,T30419146,M10211,2026-08-01,142.0
R909837,T30374771,M10650,2026-08-01,3080.0
R909838,T30377696,M11629,2026-08-01,5430.0
R909839,T30374769,M10211,2026-08-01,706.0
R909840,T30377759,M10790,2026-08-01,474.0
R909841,T30362585,M11618,2026-08-01,151.0
R909842,T30388973,M10211,2026-08-01,306.0
R909843,T30416774,M10790,2026-08-01,645.0
R909844,T30356036,M11841,2026-08-01,1793.0
R909845,T30352744,M10862,2026-08-02,460.0
R909846,T30407327,M10567,2026-08-02,4679.0
R909847,T30386061,M10650,2026-08-02,5883.0
R909848,T30347887,M10931,2026-08-02,173.0
R909849,T30394014,M10006,2026-08-02,565.0
R909850,T30406985,M10931,2026-08-02,213.0
R909851,T30394148,M11616,2026-08-02,635.0
R909852,T30367604,M10931,2026-08-02,1958.0
R909853,T30394208,M10419,2026-08-02,241.0
R909854,T30368939,M10022,2026-08-02,622.0
R909855,T30393839,M10032,2026-08-02,141.0
R909856,T30350764,M10704,2026-08-02,1279.0
R909857,T30385559,M10592,2026-08-02,854.0
R909858,T30393746,M11445,2026-08-02,1994.0
R909859,T30394550,M11825,2026-08-02,582.0
R909860,T30407154,M10211,2026-08-02,1591.0
R909861,T30350025,M10554,2026-08-02,2558.0
R909862,T30367219,M11275,2026-08-02,891.0
R909863,T30387829,M10853,2026-08-02,774.0
R909864,T30367144,M10746,2026-08-02,1459.0
R909865,T30395220,M11591,2026-08-02,983.0
R909866,T30403678,M11927,2026-08-02,689.0
R909867,T30397945,M11941,2026-08-02,357.0
R909868,T30376393,M11884,2026-08-02,115.0
R909869,T30398935,M11003,2026-08-02,244.0
R909870,T30346559,M10701,2026-08-02,769.0
R909871,T30396422,M11712,2026-08-02,4792.0
R909872,T30391886,M10989,2026-08-02,14396.0
R909873,T30376431,M11907,2026-08-02,3617.0
R909874,T30390276,M11378,2026-08-02,4654.0
R909875,T30389739,M10042,2026-08-02,7089.0
R909876,T30371423,M11841,2026-08-02,248.0
R909877,T30376767,M11591,2026-08-02,886.0
R909878,T30399366,M10489,2026-08-02,789.0
R909879,T30397509,M11532,2026-08-02,387.0
R909880,T30389868,M10650,2026-08-02,3986.0
R909881,T30371781,M10042,2026-08-02,4627.0
R909882,T30377154,M10989,2026-08-02,1477.0
R909883,T30398031,M10808,2026-08-02,2998.0
R909884,T30363897,M11850,2026-08-02,12482.0
R909885,T30378720,M11724,2026-08-02,2007.0
R909886,T30390906,M10022,2026-08-02,718.0
R909887,T30412740,M10211,2026-08-02,897.0
R909888,T30398278,M11406,2026-08-02,6243.0
R909889,T30363430,M11275,2026-08-02,3140.0
R909890,T30399228,M10160,2026-08-02,718.0
R909891,T30376165,M10022,2026-08-02,2064.0
R909892,T30396298,M10107,2026-08-02,1072.0
R909893,T30377778,M11907,2026-08-02,2168.0
R909894,T30395629,M10989,2026-08-02,3813.0
R909895,T30370514,M10931,2026-08-02,1078.0
R909896,T30370525,M11393,2026-08-02,459.0
R909897,T30389440,M10746,2026-08-02,2589.0
R909898,T30416982,M11217,2026-08-02,6503.0
R909899,T30407938,M10419,2026-08-02,670.0
R909900,T30401262,M10419,2026-08-02,147.0
R909901,T30390718,M10419,2026-08-02,1130.0
R909902,T30347254,M11321,2026-08-02,422.0
R909903,T30391880,M11616,2026-08-02,815.0
R909904,T30361425,M10314,2026-08-02,619.0
R909905,T30407538,M11830,2026-08-02,678.0
R909906,T30365378,M11847,2026-08-02,506.0
R909907,T30383610,M11408,2026-08-02,1864.0
R909908,T30361358,M10708,2026-08-02,4482.0
R909909,T30391994,M11379,2026-08-02,146.0
R909910,T30366255,M10022,2026-08-02,894.0
R909911,T30353335,M10022,2026-08-02,1021.0
R909912,T30410038,M10577,2026-08-03,341.0
R909913,T30423080,M11825,2026-08-03,371.0
R909914,T30387348,M10808,2026-08-03,1232.0
R909915,T30349944,M10989,2026-08-03,3434.0
R909916,T30391687,M11102,2026-08-03,302.0
R909917,T30412048,M10931,2026-08-03,336.0
R909918,T30373102,M10746,2026-08-03,1155.0
R909919,T30406114,M11531,2026-08-03,1176.0
R909920,T30401236,M10419,2026-08-03,501.0
R909921,T30363186,M11701,2026-08-03,806.0
R909922,T30405569,M10273,2026-08-03,1797.0
R909923,T30349637,M10912,2026-08-03,753.0
R909924,T30387524,M10577,2026-08-03,2827.0
R909925,T30399324,M11837,2026-08-03,277.0
R909926,T30419875,M10853,2026-08-03,2338.0
R909927,T30422770,M10042,2026-08-03,3995.0
R909928,T30388302,M11275,2026-08-03,703.0
R909929,T30399809,M10014,2026-08-03,250.0
R909930,T30388127,M11107,2026-08-03,366.0
R909931,T30393089,M10746,2026-08-03,575.0
R909932,T30405613,M11336,2026-08-03,572.0
R909933,T30391458,M10211,2026-08-03,551.0
R909934,T30362811,M10567,2026-08-03,5501.0
R909935,T30422902,M11109,2026-08-03,222.0
R909936,T30368031,M10828,2026-08-03,697.0
R909937,T30383611,M11602,2026-08-03,194.0
R909938,T30421104,M11927,2026-08-03,425.0
R909939,T30421503,M11431,2026-08-03,686.0
R909940,T30424362,M11763,2026-08-03,7490.0
R909941,T30384920,M11880,2026-08-03,5299.0
R909942,T30408467,M11816,2026-08-03,1300.0
R909943,T30396294,M11898,2026-08-03,1985.0
R909944,T30369429,M11818,2026-08-03,9228.0
R909945,T30384785,M10790,2026-08-03,4032.0
R909946,T30365219,M11907,2026-08-03,6693.0
R909947,T30381548,M11542,2026-08-03,944.0
R909948,T30384674,M11713,2026-08-03,3366.0
R909949,T30370562,M10931,2026-08-03,704.0
R909950,T30389531,M10341,2026-08-03,13898.0
R909951,T30384161,M11217,2026-08-03,2245.0
R909952,T30395083,M11360,2026-08-03,465.0
R909953,T30389251,M11908,2026-08-03,1166.0
R909954,T30395330,M11321,2026-08-03,244.0
R909955,T30418421,M10610,2026-08-03,7246.0
R909956,T30378133,M10743,2026-08-03,5474.0
R909957,T30362339,M10931,2026-08-03,578.0
R909958,T30379702,M11519,2026-08-03,6745.0
R909959,T30391371,M10206,2026-08-03,614.0
R909960,T30379187,M10419,2026-08-03,427.0
R909961,T30352256,M10808,2026-08-03,547.0
R909962,T30351329,M10746,2026-08-03,197.0
R909963,T30409108,M10126,2026-08-03,2232.0
R909964,T30364325,M11109,2026-08-03,488.0
R909965,T30416296,M11520,2026-08-03,1568.0
R909966,T30356243,M11616,2026-08-03,677.0
R909967,T30380434,M10897,2026-08-03,5890.0
R909968,T30407085,M11825,2026-08-03,588.0
R909969,T30417141,M10022,2026-08-03,1377.0
R909970,T30415819,M11939,2026-08-03,1473.0
R909971,T30405068,M10493,2026-08-03,15354.0
R909972,T30379101,M10931,2026-08-03,1741.0
R909973,T30390254,M10715,2026-08-04,2126.0
R909974,T30420749,M11299,2026-08-04,7400.0
R909975,T30389697,M10419,2026-08-04,359.0
R909976,T30419668,M10905,2026-08-04,396.0
R909977,T30390755,M10590,2026-08-04,1462.0
R909978,T30388944,M11907,2026-08-04,6439.0
R909979,T30417327,M11908,2026-08-04,245.0
R909980,T30419749,M10341,2026-08-04,6260.0
R909981,T30388830,M11865,2026-08-04,9859.0
R909982,T30386607,M10867,2026-08-04,1231.0
R909983,T30423666,M10931,2026-08-04,1539.0
R909984,T30412627,M11825,2026-08-04,582.0
R909985,T30359972,M11481,2026-08-04,4131.0
R909986,T30377247,M11798,2026-08-04,3062.0
R909987,T30376738,M10642,2026-08-04,1971.0
R909988,T30411983,M11012,2026-08-04,1909.0
R909989,T30393118,M11922,2026-08-04,846.0
R909990,T30376100,M10862,2026-08-04,258.0
R909991,T30361262,M10606,2026-08-04,86.0
R909992,T30400530,M10931,2026-08-04,963.0
R909993,T30401026,M11831,2026-08-04,897.0
R909994,T30362614,M11431,2026-08-04,1077.0
R909995,T30374104,M11797,2026-08-04,587.0
R909996,T30362785,M10931,2026-08-04,1649.0
R909997,T30410344,M10567,2026-08-04,881.0
R909998,T30373867,M11520,2026-08-04,967.0
R909999,T30409873,M10931,2026-08-04,1572.0
R910000,T30409861,M11612,2026-08-04,1999.0
R910001,T30363376,M10931,2026-08-04,2864.0
R910002,T30373042,M11229,2026-08-04,220.0
R910003,T30409435,M10493,2026-08-04,5219.0
R910004,T30403018,M11884,2026-08-04,93.0
R910005,T30403583,M11393,2026-08-04,245.0
R910006,T30365582,M10808,2026-08-04,1208.0
R910007,T30370029,M10746,2026-08-04,618.0
R910008,T30369552,M10947,2026-08-04,592.0
R910009,T30367686,M10107,2026-08-04,910.0
R910010,T30368523,M11817,2026-08-04,2486.0
R910011,T30359088,M11076,2026-08-04,685.0
R910012,T30359085,M10989,2026-08-04,8497.0
R910013,T30361153,M11741,2026-08-04,1944.0
R910014,T30417884,M11880,2026-08-04,3161.0
R910015,T30423681,M10862,2026-08-04,202.0
R910016,T30424291,M10022,2026-08-04,1426.0
R910017,T30352081,M10989,2026-08-04,5780.0
R910018,T30385209,M10931,2026-08-04,532.0
R910019,T30424668,M10577,2026-08-04,303.0
R910020,T30352844,M10931,2026-08-04,429.0
R910021,T30415095,M10989,2026-08-04,4131.0
R910022,T30358298,M10652,2026-08-04,489.0
R910023,T30395339,M11336,2026-08-04,516.0
R910024,T30353249,M10211,2026-08-04,543.0
R910025,T30395682,M11275,2026-08-04,526.0
R910026,T30383570,M11408,2026-08-04,1472.0
R910027,T30417756,M10211,2026-08-04,3749.0
R910028,T30396373,M10947,2026-08-04,396.0
R910029,T30353691,M11321,2026-08-04,1376.0
R910030,T30396183,M10042,2026-08-04,2056.0
R910031,T30381233,M10931,2026-08-04,694.0
R910032,T30355849,M11411,2026-08-04,1718.0
R910033,T30406440,M10931,2026-08-05,1757.0
R910034,T30405218,M10931,2026-08-05,1048.0
R910035,T30394270,M11557,2026-08-05,437.0
R910036,T30413819,M11275,2026-08-05,953.0
R910037,T30413851,M10931,2026-08-05,444.0
R910038,T30407364,M10042,2026-08-05,2115.0
R910039,T30416845,M10022,2026-08-05,662.0
R910040,T30404272,M10931,2026-08-05,836.0
R910041,T30415880,M10989,2026-08-05,3102.0
R910042,T30406109,M10419,2026-08-05,179.0
R910043,T30406807,M11066,2026-08-05,4059.0
R910044,T30414390,M11956,2026-08-05,89.0
R910045,T30414056,M10032,2026-08-05,277.0
R910046,T30402332,M10032,2026-08-05,287.0
R910047,T30414077,M10022,2026-08-05,639.0
R910048,T30414187,M11927,2026-08-05,357.0
R910049,T30415024,M10889,2026-08-05,525.0
R910050,T30410046,M11799,2026-08-05,119.0
R910051,T30410303,M11003,2026-08-05,1182.0
R910052,T30410960,M10382,2026-08-05,7637.0
R910053,T30417110,M10839,2026-08-05,8128.0
R910054,T30401319,M11217,2026-08-05,3185.0
R910055,T30400905,M10341,2026-08-05,3238.0
R910056,T30404067,M10165,2026-08-05,2598.0
R910057,T30403547,M10947,2026-08-05,2452.0
R910058,T30405938,M11519,2026-08-05,6155.0
R910059,T30372843,M11642,2026-08-05,865.0
R910060,T30426911,M11109,2026-08-05,161.0
R910061,T30426354,M11109,2026-08-05,709.0
R910062,T30380850,M11769,2026-08-05,1720.0
R910063,T30355654,M10577,2026-08-05,970.0
R910064,T30354732,M10931,2026-08-05,3520.0
R910065,T30381812,M11825,2026-08-05,1107.0
R910066,T30381886,M11407,2026-08-05,1910.0
R910067,T30382611,M10942,2026-08-05,273.0
R910068,T30383080,M11766,2026-08-05,4273.0
R910069,T30364457,M11218,2026-08-05,804.0
R910070,T30364761,M10567,2026-08-05,6355.0
R910071,T30384048,M10206,2026-08-05,541.0
R910072,T30360424,M10022,2026-08-05,1376.0
R910073,T30371160,M10885,2026-08-05,1446.0
R910074,T30385292,M10746,2026-08-05,3759.0
R910075,T30385630,M11109,2026-08-05,111.0
R910076,T30365927,M11023,2026-08-05,913.0
R910077,T30379997,M10577,2026-08-05,640.0
R910078,T30423981,M10175,2026-08-05,10613.0
R910079,T30356289,M11856,2026-08-05,4771.0
R910080,T30373718,M10577,2026-08-05,1674.0
R910081,T30429661,M10931,2026-08-05,948.0
R910082,T30377700,M10559,2026-08-05,5849.0
R910083,T30361391,M11345,2026-08-05,6130.0
R910084,T30377961,M11422,2026-08-05,8110.0
R910085,T30391667,M10096,2026-08-05,363.0
R910086,T30374723,M10211,2026-08-05,623.0
R910087,T30378591,M11552,2026-08-05,1198.0
R910088,T30427653,M10729,2026-08-05,1527.0
R910089,T30358454,M10650,2026-08-05,1071.0
R910090,T30362501,M11899,2026-08-05,792.0
R910091,T30429917,M10746,2026-08-05,219.0
R910092,T30357343,M10823,2026-08-05,742.0
R910093,T30357013,M10276,2026-08-05,3339.0
R910094,T30379691,M10447,2026-08-05,580.0
R910095,T30362800,M11799,2026-08-05,1398.0
R910096,T30356700,M11235,2026-08-05,670.0
R910097,T30373737,M11841,2026-08-05,1243.0
R910098,T30379939,M10828,2026-08-05,300.0
R910099,T30365991,M11841,2026-08-05,732.0
R910100,T30360420,M10022,2026-08-05,584.0
R910101,T30388060,M10211,2026-08-05,977.0
R910102,T30369082,M10746,2026-08-05,1534.0
R910103,T30388025,M11275,2026-08-05,817.0
R910104,T30390854,M10832,2026-08-05,8218.0
R910105,T30418276,M11364,2026-08-05,428.0
R910106,T30369468,M11520,2026-08-05,958.0
R910107,T30367343,M11394,2026-08-05,957.0
R910108,T30391206,M11251,2026-08-05,553.0
R910109,T30389314,M11825,2026-08-06,513.0
R910110,T30356168,M10729,2026-08-06,3125.0
R910111,T30373493,M10862,2026-08-06,233.0
R910112,T30389228,M10022,2026-08-06,449.0
R910113,T30361234,M10701,2026-08-06,1028.0
R910114,T30369108,M11898,2026-08-06,812.0
R910115,T30367063,M10577,2026-08-06,1666.0
R910116,T30396924,M10211,2026-08-06,889.0
R910117,T30369192,M10211,2026-08-06,2263.0
R910118,T30402069,M10032,2026-08-06,539.0
R910119,T30381450,M10746,2026-08-06,471.0
R910120,T30422238,M11907,2026-08-06,3033.0
R910121,T30393085,M10808,2026-08-06,431.0
R910122,T30411481,M10343,2026-08-06,423.0
R910123,T30395853,M10862,2026-08-06,1784.0
R910124,T30425203,M11354,2026-08-06,11714.0
R910125,T30409655,M11235,2026-08-06,1690.0
R910126,T30422056,M11959,2026-08-06,6451.0
R910127,T30376605,M10452,2026-08-06,2730.0
R910128,T30423508,M10577,2026-08-06,1047.0
R910129,T30382568,M11400,2026-08-06,1341.0
R910130,T30431293,M10989,2026-08-06,11506.0
R910131,T30377540,M10096,2026-08-06,566.0
R910132,T30377684,M11520,2026-08-06,209.0
R910133,T30412049,M11907,2026-08-06,1092.0
R910134,T30399336,M10808,2026-08-06,337.0
R910135,T30359831,M11249,2026-08-06,402.0
R910136,T30375026,M10411,2026-08-06,4233.0
R910137,T30412598,M10931,2026-08-06,784.0
R910138,T30359533,M10022,2026-08-06,1335.0
R910139,T30363002,M10823,2026-08-06,590.0
R910140,T30428375,M10341,2026-08-06,1924.0
R910141,T30418369,M11275,2026-08-06,1270.0
R910142,T30362012,M10577,2026-08-06,670.0
R910143,T30362232,M11841,2026-08-06,483.0
R910144,T30368784,M10577,2026-08-06,378.0
R910145,T30427103,M10702,2026-08-06,3626.0
R910146,T30397686,M10544,2026-08-06,606.0
R910147,T30397558,M10491,2026-08-06,289.0
R910148,T30397358,M10746,2026-08-06,839.0
R910149,T30373900,M10022,2026-08-06,247.0
R910150,T30406156,M11907,2026-08-06,6246.0
R910151,T30406048,M10917,2026-08-06,160.0
R910152,T30372743,M11485,2026-08-06,3461.0
R910153,T30360239,M10931,2026-08-06,3599.0
R910154,T30366570,M11051,2026-08-06,3222.0
R910155,T30393756,M10273,2026-08-06,141.0
R910156,T30386691,M10211,2026-08-06,1005.0
R910157,T30423717,M11669,2026-08-06,2215.0
R910158,T30423990,M11596,2026-08-06,199.0
R910159,T30376662,M10577,2026-08-06,1294.0
R910160,T30370948,M10577,2026-08-06,661.0
R910161,T30376351,M11229,2026-08-06,124.0
R910162,T30371098,M10577,2026-08-06,637.0
R910163,T30404609,M10341,2026-08-06,10690.0
R910164,T30365034,M10577,2026-08-06,590.0
R910165,T30384347,M10947,2026-08-06,918.0
R910166,T30424659,M10947,2026-08-06,795.0
R910167,T30407205,M10650,2026-08-06,2516.0
R910168,T30383996,M11249,2026-08-06,156.0
R910169,T30365247,M10022,2026-08-06,2069.0
R910170,T30431232,M10577,2026-08-06,183.0
R910171,T30371642,M11528,2026-08-06,286.0
R910172,T30371873,M11229,2026-08-06,383.0
R910173,T30371557,M11907,2026-08-06,2026.0
R910174,T30371952,M11217,2026-08-06,4407.0
R910175,T30372344,M10746,2026-08-06,1397.0
R910176,T30385731,M11181,2026-08-07,3898.0
R910177,T30385716,M11275,2026-08-07,1031.0
R910178,T30427726,M10491,2026-08-07,1346.0
R910179,T30359135,M10042,2026-08-07,4350.0
R910180,T30368182,M10828,2026-08-07,284.0
R910181,T30433393,M10133,2026-08-07,551.0
R910182,T30411207,M10808,2026-08-07,1525.0
R910183,T30378844,M10577,2026-08-07,2574.0
R910184,T30368752,M11275,2026-08-07,3022.0
R910185,T30423252,M10931,2026-08-07,782.0
R910186,T30411630,M10985,2026-08-07,762.0
R910187,T30399361,M11363,2026-08-07,852.0
R910188,T30378983,M11217,2026-08-07,1875.0
R910189,T30432350,M11351,2026-08-07,3578.0
R910190,T30413166,M10823,2026-08-07,1436.0
R910191,T30370382,M10493,2026-08-07,2628.0
R910192,T30379133,M10493,2026-08-07,11605.0
R910193,T30416415,M11102,2026-08-07,210.0
R910194,T30434576,M10470,2026-08-07,633.0
R910195,T30370294,M10650,2026-08-07,5672.0
R910196,T30386966,M10989,2026-08-07,5301.0
R910197,T30359767,M11680,2026-08-07,154.0
R910198,T30394029,M11907,2026-08-07,10975.0
R910199,T30361452,M11825,2026-08-07,1137.0
R910200,T30423866,M11716,2026-08-07,11579.0
R910201,T30369913,M11275,2026-08-07,515.0
R910202,T30391374,M10032,2026-08-07,324.0
R910203,T30405854,M10211,2026-08-07,1942.0
R910204,T30359946,M11404,2026-08-07,217.0
R910205,T30428361,M10042,2026-08-07,1417.0
R910206,T30402131,M11769,2026-08-07,2213.0
R910207,T30408051,M11717,2026-08-07,1571.0
R910208,T30362747,M10746,2026-08-07,394.0
R910209,T30407182,M11927,2026-08-07,1787.0
R910210,T30395123,M10931,2026-08-07,347.0
R910211,T30363301,M10947,2026-08-07,602.0
R910212,T30402990,M11188,2026-08-07,7164.0
R910213,T30373226,M11552,2026-08-07,9734.0
R910214,T30426317,M11907,2026-08-07,4910.0
R910215,T30396197,M10493,2026-08-07,3506.0
R910216,T30403292,M10211,2026-08-07,1043.0
R910217,T30363073,M11590,2026-08-07,2984.0
R910218,T30373414,M10650,2026-08-07,6137.0
R910219,T30363414,M10022,2026-08-07,1025.0
R910220,T30384432,M10746,2026-08-07,1724.0
R910221,T30403313,M10042,2026-08-07,5446.0
R910222,T30421571,M10853,2026-08-07,1284.0
R910223,T30414227,M10567,2026-08-07,12151.0
R910224,T30409013,M11713,2026-08-07,711.0
R910225,T30409523,M10931,2026-08-07,608.0
R910226,T30385376,M10931,2026-08-07,906.0
R910227,T30367900,M10022,2026-08-07,401.0
R910228,T30379398,M11408,2026-08-07,2272.0
R910229,T30422913,M11532,2026-08-07,1109.0
R910230,T30390453,M10931,2026-08-07,843.0
R910231,T30399644,M10746,2026-08-07,1166.0
R910232,T30395681,M10341,2026-08-07,5494.0
R910233,T30368856,M10947,2026-08-07,198.0
R910234,T30425606,M11249,2026-08-07,470.0
R910235,T30413753,M10577,2026-08-07,440.0
R910236,T30367688,M10032,2026-08-07,316.0
R910237,T30408589,M10985,2026-08-07,991.0
R910238,T30392409,M11724,2026-08-07,977.0
R910239,T30396953,M11823,2026-08-07,469.0
R910240,T30363349,M11578,2026-08-07,461.0
R910241,T30376152,M10107,2026-08-08,2548.0
R910242,T30376318,M10493,2026-08-08,2884.0
R910243,T30418275,M10022,2026-08-08,391.0
R910244,T30433317,M10341,2026-08-08,3195.0
R910245,T30401059,M10042,2026-08-08,23999.0
R910246,T30362772,M11213,2026-08-08,1422.0
R910247,T30373374,M10022,2026-08-08,516.0
R910248,T30363446,M10096,2026-08-08,532.0
R910249,T30435601,M11907,2026-08-08,9573.0
R910250,T30403276,M11277,2026-08-08,308.0
R910251,T30436049,M11955,2026-08-08,362.0
R910252,T30371033,M10314,2026-08-08,403.0
R910253,T30365455,M10947,2026-08-08,529.0
R910254,T30367346,M10054,2026-08-08,1730.0
R910255,T30368914,M10577,2026-08-08,1697.0
R910256,T30367824,M11431,2026-08-08,519.0
R910257,T30368355,M11408,2026-08-08,2316.0
R910258,T30375653,M10493,2026-08-08,17223.0
R910259,T30431702,M10314,2026-08-08,445.0
R910260,T30368402,M11271,2026-08-08,2217.0
R910261,T30424719,M10211,2026-08-08,838.0
R910262,T30384915,M10419,2026-08-08,963.0
R910263,T30422728,M10577,2026-08-08,2168.0
R910264,T30378972,M11003,2026-08-08,508.0
R910265,T30413733,M11922,2026-08-08,377.0
R910266,T30416398,M10262,2026-08-08,393.0
R910267,T30397798,M10931,2026-08-08,573.0
R910268,T30379348,M10853,2026-08-08,284.0
R910269,T30425672,M10419,2026-08-08,278.0
R910270,T30394575,M10746,2026-08-08,501.0
R910271,T30379758,M10965,2026-08-08,609.0
R910272,T30383537,M11552,2026-08-08,7403.0
R910273,T30379906,M10746,2026-08-08,555.0
R910274,T30426249,M10419,2026-08-08,1107.0
R910275,T30381221,M11575,2026-08-08,511.0
R910276,T30381086,M11275,2026-08-08,1791.0
R910277,T30413959,M10042,2026-08-08,947.0
R910278,T30422683,M11109,2026-08-08,427.0
R910279,T30426314,M11925,2026-08-08,3798.0
R910280,T30427752,M11927,2026-08-08,398.0
R910281,T30361130,M10419,2026-08-08,2213.0
R910282,T30411976,M11884,2026-08-08,172.0
R910283,T30414952,M10273,2026-08-08,171.0
R910284,T30419604,M11927,2026-08-08,285.0
R910285,T30425137,M10931,2026-08-08,346.0
R910286,T30428595,M10577,2026-08-08,1160.0
R910287,T30384265,M10042,2026-08-08,25153.0
R910288,T30392532,M11411,2026-08-08,5765.0
R910289,T30428525,M10022,2026-08-08,2459.0
R910290,T30414587,M10042,2026-08-08,4633.0
R910291,T30378174,M10042,2026-08-08,8349.0
R910292,T30382735,M11408,2026-08-08,78.0
R910293,T30416634,M10577,2026-08-08,7991.0
R910294,T30403395,M11638,2026-08-09,86.0
R910295,T30424648,M11713,2026-08-09,2030.0
R910296,T30364969,M10746,2026-08-09,284.0
R910297,T30403990,M11923,2026-08-09,1928.0
R910298,T30424502,M11520,2026-08-09,296.0
R910299,T30424326,M11907,2026-08-09,1872.0
R910300,T30415672,M10931,2026-08-09,626.0
R910301,T30371284,M10042,2026-08-09,8805.0
R910302,T30399836,M10883,2026-08-09,429.0
R910303,T30394269,M11291,2026-08-09,308.0
R910304,T30391544,M10419,2026-08-09,683.0
R910305,T30417421,M10042,2026-08-09,749.0
R910306,T30405617,M10577,2026-08-09,659.0
R910307,T30417306,M10042,2026-08-09,7622.0
R910308,T30389808,M11408,2026-08-09,787.0
R910309,T30441100,M11229,2026-08-09,187.0
R910310,T30392897,M11116,2026-08-09,801.0
R910311,T30405063,M10022,2026-08-09,2635.0
R910312,T30422161,M11482,2026-08-09,516.0
R910313,T30440621,M10828,2026-08-09,198.0
R910314,T30387873,M11180,2026-08-09,2422.0
R910315,T30367231,M10314,2026-08-09,1881.0
R910316,T30423351,M11850,2026-08-09,12050.0
R910317,T30366588,M10314,2026-08-09,388.0
R910318,T30407427,M10237,2026-08-09,4804.0
R910319,T30368389,M11879,2026-08-09,2090.0
R910320,T30394037,M10577,2026-08-09,669.0
R910321,T30385934,M10042,2026-08-09,6238.0
R910322,T30385753,M10491,2026-08-09,831.0
R910323,T30404173,M10577,2026-08-09,333.0
R910324,T30387757,M10419,2026-08-09,312.0
R910325,T30366377,M11192,2026-08-09,1093.0
R910326,T30412683,M11003,2026-08-09,927.0
R910327,T30424964,M11408,2026-08-09,859.0
R910328,T30396489,M10022,2026-08-09,820.0
R910329,T30396686,M10577,2026-08-09,347.0
R910330,T30413858,M10577,2026-08-09,1096.0
R910331,T30401650,M10613,2026-08-09,219.0
R910332,T30427054,M10419,2026-08-09,2529.0
R910333,T30397277,M11816,2026-08-09,328.0
R910334,T30401434,M10989,2026-08-09,5938.0
R910335,T30424722,M10931,2026-08-09,2461.0
R910336,T30401357,M11400,2026-08-09,690.0
R910337,T30410521,M11907,2026-08-09,11322.0
R910338,T30434004,M11602,2026-08-09,3940.0
R910339,T30433980,M10042,2026-08-09,1256.0
R910340,T30412707,M10989,2026-08-09,6136.0
R910341,T30413656,M10419,2026-08-09,562.0
R910342,T30410534,M11408,2026-08-09,637.0
R910343,T30432395,M10989,2026-08-09,3527.0
R910344,T30427104,M11003,2026-08-09,1271.0
R910345,T30412155,M11769,2026-08-09,3643.0
R910346,T30399098,M10493,2026-08-09,2421.0
R910347,T30383359,M11895,2026-08-09,417.0
R910348,T30364287,M10931,2026-08-09,2543.0
R910349,T30399487,M11927,2026-08-09,943.0
R910350,T30395783,M11109,2026-08-09,1869.0
R910351,T30430666,M10457,2026-08-09,1198.0
R910352,T30400302,M10931,2026-08-09,1452.0
R910353,T30399406,M11330,2026-08-09,1069.0
R910354,T30400679,M10931,2026-08-09,322.0
R910355,T30425533,M11404,2026-08-09,1003.0
R910356,T30412020,M11841,2026-08-09,379.0
R910357,T30414473,M11717,2026-08-09,2301.0
R910358,T30421584,M11865,2026-08-10,975.0
R910359,T30432427,M10931,2026-08-10,275.0
R910360,T30419223,M10567,2026-08-10,5944.0
R910361,T30443795,M10343,2026-08-10,208.0
R910362,T30430607,M10746,2026-08-10,464.0
R910363,T30417660,M10746,2026-08-10,664.0
R910364,T30420463,M10862,2026-08-10,2966.0
R910365,T30420763,M10042,2026-08-10,4389.0
R910366,T30418792,M11609,2026-08-10,716.0
R910367,T30427086,M11404,2026-08-10,304.0
R910368,T30423544,M10862,2026-08-10,456.0
R910369,T30415343,M10931,2026-08-10,630.0
R910370,T30425149,M10989,2026-08-10,11558.0
R910371,T30414557,M11933,2026-08-10,3588.0
R910372,T30424394,M10419,2026-08-10,459.0
R910373,T30415651,M11249,2026-08-10,750.0
R910374,T30408735,M10042,2026-08-10,2665.0
R910375,T30415706,M10577,2026-08-10,845.0
R910376,T30413678,M10931,2026-08-10,182.0
R910377,T30415708,M11825,2026-08-10,145.0
R910378,T30438571,M11305,2026-08-10,6123.0
R910379,T30408136,M11003,2026-08-10,2475.0
R910380,T30448510,M10273,2026-08-10,432.0
R910381,T30434502,M10746,2026-08-10,962.0
R910382,T30434067,M10650,2026-08-10,1048.0
R910383,T30416135,M10790,2026-08-10,332.0
R910384,T30426576,M10931,2026-08-10,2376.0
R910385,T30426108,M11003,2026-08-10,344.0
R910386,T30409297,M10567,2026-08-10,2195.0
R910387,T30385502,M10452,2026-08-10,992.0
R910388,T30390469,M11907,2026-08-10,12034.0
R910389,T30391171,M11616,2026-08-10,619.0
R910390,T30398786,M10022,2026-08-10,674.0
R910391,T30370950,M11884,2026-08-10,286.0
R910392,T30387397,M11532,2026-08-10,331.0
R910393,T30390074,M10022,2026-08-10,2349.0
R910394,T30392377,M10743,2026-08-10,2844.0
R910395,T30380751,M10022,2026-08-10,1818.0
R910396,T30389670,M10853,2026-08-10,997.0
R910397,T30378563,M10107,2026-08-10,1492.0
R910398,T30384564,M10273,2026-08-10,535.0
R910399,T30401268,M10931,2026-08-10,1449.0
R910400,T30398165,M11408,2026-08-10,3374.0
R910401,T30404066,M11927,2026-08-10,56.0
R910402,T30373113,M11404,2026-08-10,570.0
R910403,T30391888,M11275,2026-08-10,2057.0
R910404,T30378379,M11768,2026-08-10,3077.0
R910405,T30401405,M11249,2026-08-10,144.0
R910406,T30368551,M11400,2026-08-10,526.0
R910407,T30383783,M11143,2026-08-10,1163.0
R910408,T30376744,M11846,2026-08-10,1188.0
R910409,T30372756,M10931,2026-08-10,681.0
R910410,T30375762,M10746,2026-08-10,598.0
R910411,T30405745,M11408,2026-08-10,1548.0
R910412,T30368989,M11217,2026-08-10,5179.0
R910413,T30400126,M10032,2026-08-10,221.0
R910414,T30380309,M10096,2026-08-10,402.0
R910415,T30374881,M10862,2026-08-10,272.0
R910416,T30390708,M10962,2026-08-10,997.0
R910417,T30387752,M11785,2026-08-10,1313.0
R910418,T30387854,M11003,2026-08-10,1936.0
R910419,T30374349,M10042,2026-08-10,2245.0
R910420,T30431985,M11596,2026-08-11,244.0
R910421,T30378838,M11542,2026-08-11,447.0
R910422,T30425695,M11724,2026-08-11,613.0
R910423,T30385005,M10839,2026-08-11,5192.0
R910424,T30382627,M11003,2026-08-11,3302.0
R910425,T30372750,M11305,2026-08-11,15470.0
R910426,T30408683,M11442,2026-08-11,844.0
R910427,T30403136,M10947,2026-08-11,1960.0
R910428,T30434815,M11275,2026-08-11,508.0
R910429,T30427228,M11797,2026-08-11,2783.0
R910430,T30394786,M10743,2026-08-11,5585.0
R910431,T30408737,M10419,2026-08-11,740.0
R910432,T30384126,M10273,2026-08-11,775.0
R910433,T30430570,M10746,2026-08-11,976.0
R910434,T30401504,M11616,2026-08-11,372.0
R910435,T30376446,M10567,2026-08-11,11890.0
R910436,T30413042,M10862,2026-08-11,241.0
R910437,T30371482,M10989,2026-08-11,2751.0
R910438,T30373169,M10577,2026-08-11,110.0
R910439,T30414550,M10419,2026-08-11,2477.0
R910440,T30435506,M11884,2026-08-11,618.0
R910441,T30384171,M11884,2026-08-11,152.0
R910442,T30427746,M10853,2026-08-11,520.0
R910443,T30425886,M11275,2026-08-11,806.0
R910444,T30428420,M10746,2026-08-11,627.0
R910445,T30411299,M11346,2026-08-11,3581.0
R910446,T30422870,M11955,2026-08-11,2939.0
R910447,T30411170,M10419,2026-08-11,405.0
R910448,T30441805,M11941,2026-08-11,488.0
R910449,T30444558,M11552,2026-08-11,3362.0
R910450,T30413581,M11841,2026-08-11,429.0
R910451,T30410998,M10800,2026-08-11,4105.0
R910452,T30380507,M10947,2026-08-11,440.0
R910453,T30400678,M11400,2026-08-11,584.0
R910454,T30437567,M11941,2026-08-11,159.0
R910455,T30410910,M11947,2026-08-11,609.0
R910456,T30443257,M10403,2026-08-11,2180.0
R910457,T30448058,M10273,2026-08-11,2310.0
R910458,T30396301,M10931,2026-08-11,832.0
R910459,T30440913,M11249,2026-08-11,506.0
R910460,T30428519,M10022,2026-08-11,990.0
R910461,T30450031,M10042,2026-08-11,8292.0
R910462,T30370653,M10808,2026-08-11,346.0
R910463,T30379709,M11907,2026-08-11,3403.0
R910464,T30420211,M10350,2026-08-11,767.0
R910465,T30395539,M10447,2026-08-11,1079.0
R910466,T30377882,M11003,2026-08-11,1733.0
R910467,T30433344,M10839,2026-08-11,4094.0
R910468,T30407661,M11520,2026-08-11,649.0
R910469,T30399343,M10211,2026-08-11,1367.0
R910470,T30400929,M11218,2026-08-11,1318.0
R910471,T30381709,M10096,2026-08-12,2143.0
R910472,T30375359,M10042,2026-08-12,6240.0
R910473,T30381370,M11717,2026-08-12,933.0
R910474,T30392993,M11330,2026-08-12,1111.0
R910475,T30431341,M11003,2026-08-12,1342.0
R910476,T30432963,M11868,2026-08-12,714.0
R910477,T30410070,M10419,2026-08-12,519.0
R910478,T30417483,M11939,2026-08-12,1373.0
R910479,T30411262,M11542,2026-08-12,1313.0
R910480,T30393446,M10314,2026-08-12,90.0
R910481,T30412114,M10746,2026-08-12,779.0
R910482,T30410842,M11378,2026-08-12,1786.0
R910483,T30374825,M11408,2026-08-12,2815.0
R910484,T30374633,M10096,2026-08-12,1046.0
R910485,T30379147,M11778,2026-08-12,6703.0
R910486,T30433411,M11633,2026-08-12,244.0
R910487,T30431342,M11217,2026-08-12,5816.0
R910488,T30428803,M10650,2026-08-12,7269.0
R910489,T30384010,M11439,2026-08-12,1456.0
R910490,T30417684,M10790,2026-08-12,623.0
R910491,T30398035,M10042,2026-08-12,3425.0
R910492,T30386192,M11752,2026-08-12,12866.0
R910493,T30386654,M10862,2026-08-12,631.0
R910494,T30437360,M10288,2026-08-12,1706.0
R910495,T30423480,M11641,2026-08-12,541.0
R910496,T30386997,M10096,2026-08-12,1701.0
R910497,T30377714,M10613,2026-08-12,507.0
R910498,T30404967,M10931,2026-08-12,1210.0
R910499,T30444276,M11884,2026-08-12,984.0
R910500,T30429199,M11102,2026-08-12,1809.0
R910501,T30405120,M11411,2026-08-12,1992.0
R910502,T30389391,M10790,2026-08-12,3004.0
R910503,T30396348,M11217,2026-08-12,9059.0
R910504,T30429052,M11907,2026-08-12,2790.0
R910505,T30428708,M10597,2026-08-12,8498.0
R910506,T30421608,M10746,2026-08-12,583.0
R910507,T30422081,M11825,2026-08-12,122.0
R910508,T30423810,M10947,2026-08-12,579.0
R910509,T30386083,M10419,2026-08-12,726.0
R910510,T30420339,M10808,2026-08-12,818.0
R910511,T30430437,M11591,2026-08-12,1589.0
R910512,T30376610,M10419,2026-08-12,114.0
R910513,T30409580,M10701,2026-08-12,481.0
R910514,T30390921,M10419,2026-08-12,1876.0
R910515,T30378733,M10321,2026-08-12,7879.0
R910516,T30455327,M11763,2026-08-12,2160.0
R910517,T30408927,M11925,2026-08-12,590.0
R910518,T30409044,M11538,2026-08-12,494.0
R910519,T30435332,M11507,2026-08-12,9563.0
R910520,T30418914,M11655,2026-08-12,182.0
R910521,T30409438,M10989,2026-08-12,10923.0
R910522,T30415592,M10577,2026-08-12,1042.0
R910523,T30394535,M10931,2026-08-12,865.0
R910524,T30435101,M11551,2026-08-12,2667.0
R910525,T30431709,M11884,2026-08-13,200.0
R910526,T30398307,M11275,2026-08-13,1551.0
R910527,T30416463,M11598,2026-08-13,3092.0
R910528,T30431937,M11851,2026-08-13,401.0
R910529,T30379923,M10022,2026-08-13,555.0
R910530,T30396475,M10126,2026-08-13,1810.0
R910531,T30399435,M10947,2026-08-13,3173.0
R910532,T30428631,M10042,2026-08-13,1075.0
R910533,T30395327,M10032,2026-08-13,721.0
R910534,T30394327,M11825,2026-08-13,115.0
R910535,T30377355,M10411,2026-08-13,4060.0
R910536,T30376507,M11906,2026-08-13,177.0
R910537,T30415078,M11621,2026-08-13,1115.0
R910538,T30430295,M11807,2026-08-13,1167.0
R910539,T30430460,M10022,2026-08-13,588.0
R910540,T30426629,M10042,2026-08-13,9017.0
R910541,T30374220,M11408,2026-08-13,3084.0
R910542,T30425246,M11927,2026-08-13,2242.0
R910543,T30456517,M11884,2026-08-13,101.0
R910544,T30418522,M10577,2026-08-13,102.0
R910545,T30383075,M10893,2026-08-13,12333.0
R910546,T30432174,M10808,2026-08-13,1316.0
R910547,T30418922,M11870,2026-08-13,4023.0
R910548,T30407059,M10493,2026-08-13,16381.0
R910549,T30391082,M11520,2026-08-13,841.0
R910550,T30384877,M11249,2026-08-13,507.0
R910551,T30446771,M11520,2026-08-13,650.0
R910552,T30403637,M10650,2026-08-13,2402.0
R910553,T30444726,M10650,2026-08-13,3824.0
R910554,T30390862,M10419,2026-08-13,2712.0
R910555,T30408275,M11668,2026-08-13,7668.0
R910556,T30385789,M10931,2026-08-13,1778.0
R910557,T30436203,M11825,2026-08-13,827.0
R910558,T30407763,M10032,2026-08-13,1179.0
R910559,T30407760,M10746,2026-08-13,1690.0
R910560,T30407734,M11841,2026-08-13,1430.0
R910561,T30454075,M10464,2026-08-13,1674.0
R910562,T30434955,M11408,2026-08-13,1241.0
R910563,T30420851,M11404,2026-08-13,238.0
R910564,T30406472,M10853,2026-08-13,1429.0
R910565,T30411402,M10211,2026-08-13,1792.0
R910566,T30393157,M10931,2026-08-13,491.0
R910567,T30458477,M10746,2026-08-13,2078.0
R910568,T30458329,M11884,2026-08-13,584.0
R910569,T30380480,M10989,2026-08-13,2704.0
R910570,T30392720,M10931,2026-08-13,761.0
R910571,T30400802,M10032,2026-08-13,520.0
R910572,T30391988,M11062,2026-08-13,741.0
R910573,T30410499,M11907,2026-08-13,4627.0
R910574,T30457941,M10567,2026-08-13,3441.0
R910575,T30406622,M10989,2026-08-13,2721.0
R910576,T30410300,M10402,2026-08-13,879.0
R910577,T30417449,M11408,2026-08-13,608.0
R910578,T30457703,M10314,2026-08-13,419.0
R910579,T30410164,M11001,2026-08-13,1453.0
R910580,T30457546,M10828,2026-08-13,502.0
R910581,T30405560,M11907,2026-08-13,3108.0
R910582,T30457027,M10898,2026-08-13,7316.0
R910583,T30417836,M11520,2026-08-13,678.0
R910584,T30391835,M11846,2026-08-13,861.0
R910585,T30414784,M10989,2026-08-14,4167.0
R910586,T30389620,M11003,2026-08-14,817.0
R910587,T30388952,M10022,2026-08-14,536.0
R910588,T30421092,M10828,2026-08-14,75.0
R910589,T30393172,M10577,2026-08-14,829.0
R910590,T30383435,M10577,2026-08-14,675.0
R910591,T30378533,M10411,2026-08-14,7572.0
R910592,T30384096,M10931,2026-08-14,2762.0
R910593,T30394671,M11468,2026-08-14,495.0
R910594,T30378599,M10577,2026-08-14,344.0
R910595,T30382390,M11841,2026-08-14,459.0
R910596,T30425294,M11769,2026-08-14,2525.0
R910597,T30382381,M10989,2026-08-14,12635.0
R910598,T30426140,M10989,2026-08-14,6809.0
R910599,T30386955,M11217,2026-08-14,5341.0
R910600,T30459879,M10493,2026-08-14,4210.0
R910601,T30421898,M11825,2026-08-14,582.0
R910602,T30411789,M10211,2026-08-14,2338.0
R910603,T30376795,M10491,2026-08-14,1348.0
R910604,T30398291,M10419,2026-08-14,804.0
R910605,T30438460,M10073,2026-08-14,512.0
R910606,T30401991,M10989,2026-08-14,7487.0
R910607,T30457609,M11404,2026-08-14,1410.0
R910608,T30446890,M10650,2026-08-14,5755.0
R910609,T30447335,M10107,2026-08-14,1085.0
R910610,T30404975,M11798,2026-08-14,611.0
R910611,T30457777,M11410,2026-08-14,1521.0
R910612,T30399429,M11033,2026-08-14,832.0
R910613,T30404084,M11774,2026-08-14,2565.0
R910614,T30410967,M11716,2026-08-14,1906.0
R910615,T30458947,M10790,2026-08-14,7465.0
R910616,T30433027,M10032,2026-08-14,361.0
R910617,T30411305,M11712,2026-08-14,738.0
R910618,T30411617,M10853,2026-08-14,1582.0
R910619,T30407529,M11354,2026-08-14,13162.0
R910620,T30403928,M11939,2026-08-14,1068.0
R910621,T30434195,M10211,2026-08-14,276.0
R910622,T30449707,M11907,2026-08-14,4809.0
R910623,T30403578,M10701,2026-08-14,1000.0
R910624,T30442862,M10989,2026-08-14,1256.0
R910625,T30376800,M11364,2026-08-14,279.0
R910626,T30408711,M10834,2026-08-14,1605.0
R910627,T30409591,M10808,2026-08-14,1079.0
R910628,T30408758,M10989,2026-08-14,1387.0
R910629,T30454638,M10947,2026-08-14,3902.0
R910630,T30455017,M11724,2026-08-14,951.0
R910631,T30455059,M11861,2026-08-14,3505.0
R910632,T30443553,M11825,2026-08-14,373.0
R910633,T30429034,M11532,2026-08-14,6377.0
R910634,T30428806,M11148,2026-08-14,913.0
R910635,T30459883,M11816,2026-08-14,3992.0
R910636,T30461070,M10491,2026-08-14,1522.0
R910637,T30423840,M10842,2026-08-15,1046.0
R910638,T30416956,M10032,2026-08-15,158.0
R910639,T30402986,M11541,2026-08-15,496.0
R910640,T30426404,M11816,2026-08-15,1233.0
R910641,T30410606,M11531,2026-08-15,4639.0
R910642,T30381985,M11769,2026-08-15,5908.0
R910643,T30391221,M11769,2026-08-15,2270.0
R910644,T30390917,M10931,2026-08-15,447.0
R910645,T30417545,M10678,2026-08-15,298.0
R910646,T30402669,M10729,2026-08-15,1594.0
R910647,T30391358,M10931,2026-08-15,1335.0
R910648,T30420171,M11400,2026-08-15,606.0
R910649,T30409727,M10273,2026-08-15,558.0
R910650,T30391704,M11217,2026-08-15,2363.0
R910651,T30456985,M10022,2026-08-15,1009.0
R910652,T30385639,M10314,2026-08-15,105.0
R910653,T30390458,M11884,2026-08-15,786.0
R910654,T30423926,M10808,2026-08-15,1207.0
R910655,T30405925,M11277,2026-08-15,1567.0
R910656,T30430422,M10273,2026-08-15,964.0
R910657,T30388458,M11109,2026-08-15,242.0
R910658,T30439470,M11955,2026-08-15,513.0
R910659,T30429274,M10808,2026-08-15,1473.0
R910660,T30460815,M10022,2026-08-15,1859.0
R910661,T30395209,M11907,2026-08-15,4782.0
R910662,T30397890,M11836,2026-08-15,603.0
R910663,T30430227,M10931,2026-08-15,648.0
R910664,T30428505,M10947,2026-08-15,627.0
R910665,T30413591,M10212,2026-08-15,4385.0
R910666,T30413402,M10314,2026-08-15,255.0
R910667,T30415499,M11407,2026-08-15,459.0
R910668,T30444069,M10042,2026-08-15,5448.0
R910669,T30380332,M11907,2026-08-15,8809.0
R910670,T30413099,M11956,2026-08-15,324.0
R910671,T30455930,M10314,2026-08-15,1469.0
R910672,T30427693,M10947,2026-08-15,1161.0
R910673,T30387072,M10567,2026-08-15,8799.0
R910674,T30431351,M11865,2026-08-15,18792.0
R910675,T30458747,M10211,2026-08-15,1357.0
R910676,T30407464,M11148,2026-08-15,638.0
R910677,T30407692,M11304,2026-08-15,8093.0
R910678,T30435473,M10567,2026-08-15,11761.0
R910679,T30390195,M10022,2026-08-15,205.0
R910680,T30458955,M11251,2026-08-15,845.0
R910681,T30408095,M11846,2026-08-16,232.0
R910682,T30440977,M11925,2026-08-16,543.0
R910683,T30403442,M10032,2026-08-16,77.0
R910684,T30386608,M10931,2026-08-16,1053.0
R910685,T30448591,M11249,2026-08-16,375.0
R910686,T30448320,M10566,2026-08-16,3214.0
R910687,T30420017,M11408,2026-08-16,577.0
R910688,T30387236,M10746,2026-08-16,711.0
R910689,T30405386,M10931,2026-08-16,1748.0
R910690,T30403632,M11040,2026-08-16,188.0
R910691,T30421417,M10989,2026-08-16,5114.0
R910692,T30407019,M10314,2026-08-16,276.0
R910693,T30452583,M11378,2026-08-16,11362.0
R910694,T30421234,M10314,2026-08-16,293.0
R910695,T30386752,M11552,2026-08-16,8090.0
R910696,T30420086,M10567,2026-08-16,864.0
R910697,T30395957,M10947,2026-08-16,1311.0
R910698,T30465414,M11673,2026-08-16,485.0
R910699,T30426435,M11275,2026-08-16,2272.0
R910700,T30432467,M10729,2026-08-16,1590.0
R910701,T30465484,M10746,2026-08-16,7638.0
R910702,T30399609,M10746,2026-08-16,394.0
R910703,T30393590,M11446,2026-08-16,310.0
R910704,T30393777,M10211,2026-08-16,3465.0
R910705,T30427068,M10067,2026-08-16,297.0
R910706,T30399247,M11012,2026-08-16,463.0
R910707,T30459470,M11618,2026-08-16,772.0
R910708,T30398528,M11927,2026-08-16,3045.0
R910709,T30427665,M11275,2026-08-16,533.0
R910710,T30394461,M10273,2026-08-16,432.0
R910711,T30415840,M11275,2026-08-16,1349.0
R910712,T30394662,M11229,2026-08-16,661.0
R910713,T30388493,M10419,2026-08-16,441.0
R910714,T30430263,M10746,2026-08-16,1737.0
R910715,T30463414,M10808,2026-08-16,416.0
R910716,T30415453,M11295,2026-08-16,557.0
R910717,T30429466,M11478,2026-08-16,2638.0
R910718,T30461123,M11724,2026-08-16,864.0
R910719,T30414129,M11408,2026-08-16,1000.0
R910720,T30433207,M10022,2026-08-16,1012.0
R910721,T30410954,M11769,2026-08-16,3131.0
R910722,T30425547,M10042,2026-08-16,4074.0
R910723,T30401565,M11003,2026-08-16,763.0
R910724,T30410247,M11865,2026-08-16,7037.0
R910725,T30401328,M11109,2026-08-16,176.0
R910726,T30382128,M10853,2026-08-16,948.0
R910727,T30456366,M10022,2026-08-16,238.0
R910728,T30402016,M10931,2026-08-16,640.0
R910729,T30418690,M11616,2026-08-16,1217.0
R910730,T30409395,M11275,2026-08-16,1356.0
R910731,T30425455,M11907,2026-08-16,6509.0
R910732,T30396025,M11668,2026-08-16,1182.0
R910733,T30434758,M11818,2026-08-16,1312.0
R910734,T30435102,M10808,2026-08-16,1687.0
R910735,T30402817,M10107,2026-08-16,1517.0
R910736,T30468199,M10742,2026-08-17,313.0
R910737,T30434972,M11899,2026-08-17,2355.0
R910738,T30428313,M11408,2026-08-17,388.0
R910739,T30388232,M11109,2026-08-17,800.0
R910740,T30441156,M11941,2026-08-17,337.0
R910741,T30455485,M10042,2026-08-17,5724.0
R910742,T30461710,M10853,2026-08-17,1110.0
R910743,T30422758,M10567,2026-08-17,4783.0
R910744,T30459844,M10577,2026-08-17,981.0
R910745,T30446591,M10042,2026-08-17,2257.0
R910746,T30445061,M10273,2026-08-17,396.0
R910747,T30465577,M11198,2026-08-17,727.0
R910748,T30386008,M10931,2026-08-17,941.0
R910749,T30449211,M11943,2026-08-17,315.0
R910750,T30423721,M11249,2026-08-17,798.0
R910751,T30455721,M10341,2026-08-17,4309.0
R910752,T30457175,M10294,2026-08-17,519.0
R910753,T30424423,M10853,2026-08-17,770.0
R910754,T30465660,M10321,2026-08-17,5369.0
R910755,T30453698,M10567,2026-08-17,1720.0
R910756,T30386829,M11470,2026-08-17,13129.0
R910757,T30385599,M11378,2026-08-17,14955.0
R910758,T30431557,M11915,2026-08-17,1379.0
R910759,T30454501,M11629,2026-08-17,9499.0
R910760,T30424416,M10577,2026-08-17,375.0
R910761,T30423597,M11249,2026-08-17,125.0
R910762,T30424883,M11591,2026-08-17,1648.0
R910763,T30427773,M11602,2026-08-17,374.0
R910764,T30401575,M10821,2026-08-17,245.0
R910765,T30409638,M11552,2026-08-17,21002.0
R910766,T30419122,M10022,2026-08-17,584.0
R910767,T30419367,M10419,2026-08-17,2247.0
R910768,T30420527,M10022,2026-08-17,432.0
R910769,T30412468,M10042,2026-08-17,7277.0
R910770,T30418748,M11249,2026-08-17,1592.0
R910771,T30417628,M11215,2026-08-17,1078.0
R910772,T30406181,M11830,2026-08-17,738.0
R910773,T30391720,M10419,2026-08-17,1607.0
R910774,T30410110,M10032,2026-08-17,405.0
R910775,T30400273,M11941,2026-08-17,862.0
R910776,T30411055,M11408,2026-08-17,853.0
R910777,T30408701,M10746,2026-08-17,1575.0
R910778,T30397342,M10931,2026-08-17,1000.0
R910779,T30415423,M11003,2026-08-17,779.0
R910780,T30391342,M11400,2026-08-17,301.0
R910781,T30396893,M10592,2026-08-17,2724.0
R910782,T30421808,M10211,2026-08-17,2428.0
R910783,T30402232,M10211,2026-08-17,807.0
R910784,T30409561,M10314,2026-08-17,166.0
R910785,T30405543,M11950,2026-08-18,1032.0
R910786,T30469972,M10729,2026-08-18,1390.0
R910787,T30429813,M11229,2026-08-18,57.0
R910788,T30430520,M11217,2026-08-18,3921.0
R910789,T30401962,M11636,2026-08-18,3314.0
R910790,T30393070,M11217,2026-08-18,4256.0
R910791,T30443701,M10341,2026-08-18,2263.0
R910792,T30460742,M10577,2026-08-18,831.0
R910793,T30467228,M11646,2026-08-18,1291.0
R910794,T30431815,M11043,2026-08-18,1310.0
R910795,T30431654,M11592,2026-08-18,564.0
R910796,T30391585,M10862,2026-08-18,147.0
R910797,T30400196,M10577,2026-08-18,591.0
R910798,T30412338,M10746,2026-08-18,615.0
R910799,T30425785,M11404,2026-08-18,977.0
R910800,T30404434,M10989,2026-08-18,5332.0
R910801,T30425815,M10584,2026-08-18,3073.0
R910802,T30404319,M11253,2026-08-18,458.0
R910803,T30418905,M11329,2026-08-18,217.0
R910804,T30467036,M11217,2026-08-18,7730.0
R910805,T30469852,M11907,2026-08-18,5345.0
R910806,T30433832,M11933,2026-08-18,5180.0
R910807,T30424589,M10042,2026-08-18,8075.0
R910808,T30470473,M10544,2026-08-18,5083.0
R910809,T30412061,M10022,2026-08-18,699.0
R910810,T30391555,M11109,2026-08-18,650.0
R910811,T30387732,M10867,2026-08-18,1321.0
R910812,T30390073,M11879,2026-08-18,654.0
R910813,T30414109,M11879,2026-08-18,2423.0
R910814,T30422466,M10989,2026-08-18,4154.0
R910815,T30416020,M11825,2026-08-18,225.0
R910816,T30461800,M10996,2026-08-18,2320.0
R910817,T30464657,M11217,2026-08-18,343.0
R910818,T30428657,M10701,2026-08-18,2300.0
R910819,T30395483,M10211,2026-08-18,527.0
R910820,T30414490,M11907,2026-08-18,6288.0
R910821,T30396062,M10650,2026-08-18,2207.0
R910822,T30468426,M11961,2026-08-18,852.0
R910823,T30427338,M11927,2026-08-18,291.0
R910824,T30456559,M10989,2026-08-18,4440.0
R910825,T30406153,M11870,2026-08-18,9515.0
R910826,T30394904,M11754,2026-08-18,672.0
R910827,T30455290,M11289,2026-08-18,4008.0
R910828,T30395141,M11431,2026-08-18,519.0
R910829,T30416313,M10190,2026-08-18,840.0
R910830,T30438304,M11884,2026-08-18,351.0
R910831,T30421876,M11109,2026-08-18,206.0
R910832,T30426985,M10931,2026-08-18,1837.0
R910833,T30416428,M10032,2026-08-18,128.0
R910834,T30461375,M11769,2026-08-18,1398.0
R910835,T30420964,M10989,2026-08-18,6277.0
R910836,T30426784,M11907,2026-08-19,3034.0
R910837,T30391623,M10042,2026-08-19,10281.0
R910838,T30394947,M11251,2026-08-19,1386.0
R910839,T30427996,M10273,2026-08-19,116.0
R910840,T30466203,M10314,2026-08-19,376.0
R910841,T30394677,M11408,2026-08-19,465.0
R910842,T30412434,M11901,2026-08-19,3077.0
R910843,T30417626,M10862,2026-08-19,463.0
R910844,T30444588,M10989,2026-08-19,1343.0
R910845,T30429516,M10022,2026-08-19,1040.0
R910846,T30472717,M11825,2026-08-19,573.0
R910847,T30464114,M10931,2026-08-19,641.0
R910848,T30427397,M11109,2026-08-19,271.0
R910849,T30416874,M11941,2026-08-19,387.0
R910850,T30427369,M10746,2026-08-19,234.0
R910851,T30398273,M10419,2026-08-19,720.0
R910852,T30472974,M12003,2026-08-19,2483.0
R910853,T30407097,M11271,2026-08-19,497.0
R910854,T30396488,M11003,2026-08-19,275.0
R910855,T30396779,M11646,2026-08-19,1031.0
R910856,T30407215,M10022,2026-08-19,359.0
R910857,T30428377,M11884,2026-08-19,295.0
R910858,T30432490,M11769,2026-08-19,5847.0
R910859,T30462643,M10165,2026-08-19,1583.0
R910860,T30408712,M10989,2026-08-19,19555.0
R910861,T30423113,M10211,2026-08-19,1132.0
R910862,T30419856,M10211,2026-08-19,954.0
R910863,T30420176,M11109,2026-08-19,763.0
R910864,T30434534,M10577,2026-08-19,1536.0
R910865,T30409776,M10577,2026-08-19,544.0
R910866,T30420293,M11841,2026-08-19,443.0
R910867,T30409732,M11724,2026-08-19,680.0
R910868,T30422462,M11003,2026-08-19,727.0
R910869,T30420442,M11799,2026-08-19,1327.0
R910870,T30411745,M10746,2026-08-19,1648.0
R910871,T30423582,M11643,2026-08-19,745.0
R910872,T30451439,M11217,2026-08-19,4607.0
R910873,T30469810,M10808,2026-08-19,2201.0
R910874,T30423471,M10419,2026-08-19,1791.0
R910875,T30423414,M10567,2026-08-19,5753.0
R910876,T30467827,M10577,2026-08-19,273.0
R910877,T30405887,M11251,2026-08-19,1035.0
R910878,T30467670,M10444,2026-08-19,756.0
R910879,T30454725,M10931,2026-08-19,296.0
R910880,T30457322,M10947,2026-08-19,3692.0
R910881,T30419397,M10931,2026-08-19,1285.0
R910882,T30453283,M11884,2026-08-19,23.0
R910883,T30432374,M10931,2026-08-19,347.0
R910884,T30411399,M11616,2026-08-19,481.0
R910885,T30395065,M11216,2026-08-19,728.0
R910886,T30448327,M10828,2026-08-19,522.0
R910887,T30407630,M10931,2026-08-19,361.0
R910888,T30408423,M11249,2026-08-19,2323.0
R910889,T30424786,M10947,2026-08-19,700.0
R910890,T30421646,M10042,2026-08-19,2990.0
R910891,T30424832,M11959,2026-08-19,1971.0
R910892,T30419128,M11427,2026-08-19,407.0
R910893,T30419362,M10107,2026-08-19,1797.0
R910894,T30437148,M10874,2026-08-19,483.0
R910895,T30467284,M11616,2026-08-19,503.0
R910896,T30402857,M10839,2026-08-19,6672.0
R910897,T30419234,M10931,2026-08-19,403.0
R910898,T30408764,M11939,2026-08-20,941.0
R910899,T30409349,M10138,2026-08-20,7227.0
R910900,T30408665,M10650,2026-08-20,7718.0
R910901,T30415066,M10577,2026-08-20,669.0
R910902,T30461850,M11305,2026-08-20,10239.0
R910903,T30428874,M10808,2026-08-20,819.0
R910904,T30452114,M11249,2026-08-20,624.0
R910905,T30428989,M10294,2026-08-20,921.0
R910906,T30408434,M10989,2026-08-20,5110.0
R910907,T30455623,M11899,2026-08-20,3785.0
R910908,T30428826,M10577,2026-08-20,1318.0
R910909,T30399835,M11408,2026-08-20,1516.0
R910910,T30409467,M11717,2026-08-20,1300.0
R910911,T30399950,M10931,2026-08-20,2181.0
R910912,T30411309,M10419,2026-08-20,320.0
R910913,T30398664,M10947,2026-08-20,1069.0
R910914,T30410276,M11003,2026-08-20,1321.0
R910915,T30431065,M10042,2026-08-20,5356.0
R910916,T30447323,M10862,2026-08-20,2445.0
R910917,T30398153,M10577,2026-08-20,885.0
R910918,T30457359,M10989,2026-08-20,7479.0
R910919,T30434324,M10042,2026-08-20,4523.0
R910920,T30398103,M10042,2026-08-20,1615.0
R910921,T30434412,M10863,2026-08-20,1062.0
R910922,T30429563,M11825,2026-08-20,465.0
R910923,T30404875,M11520,2026-08-20,1173.0
R910924,T30402548,M10493,2026-08-20,1622.0
R910925,T30396353,M11217,2026-08-20,8362.0
R910926,T30414058,M10419,2026-08-20,115.0
R910927,T30434930,M10025,2026-08-20,14056.0
R910928,T30461412,M11475,2026-08-20,2587.0
R910929,T30456565,M10042,2026-08-20,2091.0
R910930,T30454343,M10042,2026-08-20,3539.0
R910931,T30407255,M11408,2026-08-20,5069.0
R910932,T30406619,M11251,2026-08-20,455.0
R910933,T30393306,M11408,2026-08-20,4946.0
R910934,T30419337,M11217,2026-08-20,2635.0
R910935,T30426716,M10947,2026-08-20,1007.0
R910936,T30418089,M11712,2026-08-20,2922.0
R910937,T30405841,M10776,2026-08-20,1222.0
R910938,T30464872,M11400,2026-08-20,1218.0
R910939,T30427024,M10165,2026-08-20,2397.0
R910940,T30426366,M10743,2026-08-20,9314.0
R910941,T30394297,M10790,2026-08-20,828.0
R910942,T30416207,M11277,2026-08-20,969.0
R910943,T30392627,M10746,2026-08-20,595.0
R910944,T30406683,M10211,2026-08-20,2706.0
R910945,T30426144,M11907,2026-08-20,5774.0
R910946,T30474323,M11907,2026-08-20,4148.0
R910947,T30416071,M11793,2026-08-20,208.0
R910948,T30439378,M10032,2026-08-20,1331.0
R910949,T30425214,M11925,2026-08-20,4691.0
R910950,T30421716,M10862,2026-08-20,133.0
R910951,T30415807,M10650,2026-08-20,11560.0
R910952,T30408484,M11704,2026-08-20,337.0
R910953,T30444825,M10032,2026-08-20,517.0
R910954,T30463644,M11403,2026-08-20,1026.0
R910955,T30422688,M11907,2026-08-20,23756.0
R910956,T30468813,M10947,2026-08-20,538.0
R910957,T30463327,M11724,2026-08-20,1132.0
R910958,T30428205,M11217,2026-08-20,846.0
R910959,T30477020,M10211,2026-08-21,771.0
R910960,T30476272,M10947,2026-08-21,141.0
R910961,T30470068,M10704,2026-08-21,1749.0
R910962,T30418938,M10577,2026-08-21,1985.0
R910963,T30410401,M10942,2026-08-21,448.0
R910964,T30470811,M10931,2026-08-21,288.0
R910965,T30466860,M10931,2026-08-21,1493.0
R910966,T30410562,M11003,2026-08-21,716.0
R910967,T30407604,M10931,2026-08-21,789.0
R910968,T30432314,M11413,2026-08-21,713.0
R910969,T30418739,M10989,2026-08-21,9240.0
R910970,T30467008,M10341,2026-08-21,3098.0
R910971,T30472355,M11092,2026-08-21,11975.0
R910972,T30476950,M11646,2026-08-21,318.0
R910973,T30431951,M10719,2026-08-21,4368.0
R910974,T30423561,M11217,2026-08-21,9878.0
R910975,T30405726,M10746,2026-08-21,1372.0
R910976,T30421677,M10022,2026-08-21,1653.0
R910977,T30468715,M11249,2026-08-21,902.0
R910978,T30408125,M11109,2026-08-21,406.0
R910979,T30421404,M11941,2026-08-21,159.0
R910980,T30403176,M10577,2026-08-21,723.0
R910981,T30436440,M11798,2026-08-21,6144.0
R910982,T30469435,M10032,2026-08-21,165.0
R910983,T30477989,M11408,2026-08-21,118.0
R910984,T30477920,M10931,2026-08-21,151.0
R910985,T30420945,M10419,2026-08-21,1398.0
R910986,T30477274,M10931,2026-08-21,828.0
R910987,T30423293,M10931,2026-08-21,1304.0
R910988,T30434971,M10567,2026-08-21,1480.0
R910989,T30402775,M11769,2026-08-21,11096.0
R910990,T30469437,M12004,2026-08-21,2226.0
R910991,T30423587,M11228,2026-08-21,720.0
R910992,T30456571,M10107,2026-08-21,437.0
R910993,T30477202,M10650,2026-08-21,5677.0
R910994,T30420428,M11712,2026-08-21,1292.0
R910995,T30409989,M10419,2026-08-21,923.0
R910996,T30411875,M11927,2026-08-21,616.0
R910997,T30458639,M11629,2026-08-21,5261.0
R910998,T30421818,M11927,2026-08-21,877.0
R910999,T30398576,M11720,2026-08-21,448.0
R911000,T30406777,M10704,2026-08-21,1188.0
R911001,T30431080,M10042,2026-08-21,4769.0
R911002,T30416753,M11769,2026-08-21,5085.0
R911003,T30396159,M11217,2026-08-21,3586.0
R911004,T30407123,M11704,2026-08-21,433.0
R911005,T30396406,M10341,2026-08-21,9977.0
R911006,T30437795,M11409,2026-08-21,714.0
R911007,T30428922,M11408,2026-08-21,2703.0
R911008,T30404888,M11039,2026-08-21,1240.0
R911009,T30464783,M11927,2026-08-21,1238.0
R911010,T30413117,M10032,2026-08-21,503.0
R911011,T30474277,M11408,2026-08-21,754.0
R911012,T30398978,M11249,2026-08-21,731.0
R911013,T30474347,M11927,2026-08-21,907.0
R911014,T30413226,M11180,2026-08-21,952.0
R911015,T30413125,M10042,2026-08-21,10640.0
R911016,T30405031,M11769,2026-08-21,2066.0
R911017,T30412227,M10808,2026-08-21,1554.0
R911018,T30395856,M10989,2026-08-21,2581.0
R911019,T30397353,M11148,2026-08-21,332.0
R911020,T30415483,M10613,2026-08-21,760.0
R911021,T30445315,M11940,2026-08-21,5998.0
R911022,T30459258,M11925,2026-08-21,3512.0
R911023,T30467823,M10808,2026-08-22,279.0
R911024,T30426742,M10931,2026-08-22,313.0
R911025,T30427035,M10211,2026-08-22,1868.0
R911026,T30450112,M11860,2026-08-22,231.0
R911027,T30420587,M11880,2026-08-22,7836.0
R911028,T30465293,M11271,2026-08-22,5017.0
R911029,T30444262,M11907,2026-08-22,3587.0
R911030,T30427303,M10823,2026-08-22,2314.0
R911031,T30478757,M10947,2026-08-22,296.0
R911032,T30462244,M11482,2026-08-22,928.0
R911033,T30422112,M10338,2026-08-22,548.0
R911034,T30463025,M11360,2026-08-22,604.0
R911035,T30422402,M10343,2026-08-22,642.0
R911036,T30421472,M10989,2026-08-22,7694.0
R911037,T30469227,M10175,2026-08-22,5250.0
R911038,T30478720,M11907,2026-08-22,2662.0
R911039,T30455477,M10022,2026-08-22,683.0
R911040,T30414503,M10042,2026-08-22,2651.0
R911041,T30403318,M10931,2026-08-22,472.0
R911042,T30440590,M10989,2026-08-22,4020.0
R911043,T30428983,M11875,2026-08-22,3947.0
R911044,T30460108,M11916,2026-08-22,11690.0
R911045,T30435204,M10828,2026-08-22,406.0
R911046,T30468126,M10989,2026-08-22,3491.0
R911047,T30404478,M10022,2026-08-22,818.0
R911048,T30431792,M11724,2026-08-22,1404.0
R911049,T30413435,M11763,2026-08-22,1958.0
R911050,T30432524,M11769,2026-08-22,2556.0
R911051,T30405555,M11884,2026-08-22,521.0
R911052,T30425916,M11408,2026-08-22,350.0
R911053,T30466482,M11763,2026-08-22,5975.0
R911054,T30471999,M11843,2026-08-22,3297.0
R911055,T30425766,M11841,2026-08-22,1387.0
R911056,T30417593,M10519,2026-08-22,1004.0
R911057,T30425379,M10419,2026-08-22,431.0
R911058,T30415324,M10341,2026-08-22,2242.0
R911059,T30425449,M10022,2026-08-22,422.0
R911060,T30476532,M10419,2026-08-22,929.0
R911061,T30466304,M10211,2026-08-22,732.0
R911062,T30437367,M10650,2026-08-22,486.0
R911063,T30466300,M10276,2026-08-22,1359.0
R911064,T30475676,M12004,2026-08-22,5379.0
R911065,T30411117,M11305,2026-08-22,5368.0
R911066,T30432807,M11012,2026-08-22,1403.0
R911067,T30412971,M11894,2026-08-22,581.0
R911068,T30404125,M10746,2026-08-22,845.0
R911069,T30398994,M11275,2026-08-22,3342.0
R911070,T30467611,M11723,2026-08-22,979.0
R911071,T30465571,M11735,2026-08-22,676.0
R911072,T30457453,M10577,2026-08-22,1070.0
R911073,T30466980,M10931,2026-08-22,670.0
R911074,T30424392,M10931,2026-08-22,1484.0
R911075,T30420025,M11394,2026-08-22,997.0
R911076,T30424607,M11816,2026-08-22,798.0
R911077,T30418880,M11769,2026-08-22,2185.0
R911078,T30401364,M10126,2026-08-22,1059.0
R911079,T30475167,M10989,2026-08-22,5993.0
R911080,T30443272,M10755,2026-08-22,17247.0
R911081,T30475049,M10577,2026-08-22,791.0
R911082,T30442793,M11724,2026-08-23,554.0
R911083,T30440479,M11550,2026-08-23,2845.0
R911084,T30447446,M11717,2026-08-23,403.0
R911085,T30479315,M10273,2026-08-23,171.0
R911086,T30405990,M10989,2026-08-23,9357.0
R911087,T30404395,M10577,2026-08-23,382.0
R911088,T30480612,M10489,2026-08-23,233.0
R911089,T30440143,M11092,2026-08-23,7531.0
R911090,T30412927,M10577,2026-08-23,1512.0
R911091,T30424017,M10650,2026-08-23,2701.0
R911092,T30419631,M11216,2026-08-23,2489.0
R911093,T30418499,M11217,2026-08-23,5022.0
R911094,T30418304,M10577,2026-08-23,1281.0
R911095,T30472935,M11637,2026-08-23,1617.0
R911096,T30416783,M11408,2026-08-23,681.0
R911097,T30409749,M11217,2026-08-23,16320.0
R911098,T30473217,M11275,2026-08-23,322.0
R911099,T30477131,M10823,2026-08-23,1274.0
R911100,T30464112,M10491,2026-08-23,762.0
R911101,T30415886,M11816,2026-08-23,1577.0
R911102,T30401817,M11365,2026-08-23,4997.0
R911103,T30474329,M10947,2026-08-23,642.0
R911104,T30400563,M10746,2026-08-23,712.0
R911105,T30463963,M10022,2026-08-23,395.0
R911106,T30458186,M11712,2026-08-23,514.0
R911107,T30400459,M11404,2026-08-23,879.0
R911108,T30460867,M11724,2026-08-23,2081.0
R911109,T30429738,M10947,2026-08-23,1207.0
R911110,T30459337,M11879,2026-08-23,419.0
R911111,T30459575,M10708,2026-08-23,939.0
R911112,T30459717,M11707,2026-08-23,6551.0
R911113,T30430064,M10577,2026-08-23,591.0
R911114,T30478524,M10931,2026-08-23,457.0
R911115,T30469838,M10790,2026-08-23,572.0
R911116,T30416503,M11884,2026-08-23,309.0
R911117,T30408545,M11351,2026-08-23,1547.0
R911118,T30420288,M11592,2026-08-23,1250.0
R911119,T30421255,M11911,2026-08-23,1004.0
R911120,T30467739,M10211,2026-08-23,1932.0
R911121,T30444782,M10931,2026-08-24,675.0
R911122,T30440633,M10211,2026-08-24,1200.0
R911123,T30444839,M11003,2026-08-24,1822.0
R911124,T30462910,M11475,2026-08-24,2192.0
R911125,T30444841,M11936,2026-08-24,523.0
R911126,T30467831,M10940,2026-08-24,1256.0
R911127,T30441359,M11275,2026-08-24,809.0
R911128,T30440613,M10823,2026-08-24,1402.0
R911129,T30444875,M10577,2026-08-24,1011.0
R911130,T30444999,M11275,2026-08-24,477.0
R911131,T30460893,M11616,2026-08-24,432.0
R911132,T30445035,M10419,2026-08-24,2307.0
R911133,T30445054,M11080,2026-08-24,981.0
R911134,T30444743,M10433,2026-08-24,2184.0
R911135,T30440659,M11927,2026-08-24,803.0
R911136,T30464075,M11769,2026-08-24,3635.0
R911137,T30444718,M10853,2026-08-24,2358.0
R911138,T30473882,M10175,2026-08-24,5699.0
R911139,T30444076,M11003,2026-08-24,1397.0
R911140,T30444099,M11060,2026-08-24,1593.0
R911141,T30440869,M10931,2026-08-24,649.0
R911142,T30440867,M10947,2026-08-24,4014.0
R911143,T30444342,M11003,2026-08-24,563.0
R911144,T30444385,M10433,2026-08-24,617.0
R911145,T30485833,M10862,2026-08-24,620.0
R911146,T30444396,M11723,2026-08-24,508.0
R911147,T30444437,M10746,2026-08-24,1760.0
R911148,T30444525,M10577,2026-08-24,254.0
R911149,T30440805,M11927,2026-08-24,1304.0
R911150,T30444585,M11927,2026-08-24,1515.0
R911151,T30440163,M10419,2026-08-24,3337.0
R911152,T30444613,M10746,2026-08-24,1188.0
R911153,T30444690,M10022,2026-08-24,347.0
R911154,T30440829,M10808,2026-08-24,3056.0
R911155,T30445065,M11841,2026-08-24,410.0
R911156,T30445082,M10211,2026-08-24,4489.0
R911157,T30445162,M11857,2026-08-24,2116.0
R911158,T30440289,M11974,2026-08-24,1151.0
R911159,T30445935,M10931,2026-08-24,540.0
R911160,T30445954,M11275,2026-08-24,2792.0
R911161,T30446002,M10931,2026-08-24,363.0
R911162,T30446015,M10211,2026-08-24,2280.0
R911163,T30446063,M11403,2026-08-24,811.0
R911164,T30446070,M10022,2026-08-24,3376.0
R911165,T30446158,M11616,2026-08-24,1788.0
R911166,T30446161,M10853,2026-08-24,634.0
R911167,T30446190,M11927,2026-08-24,1988.0
R911168,T30446205,M11275,2026-08-24,667.0
R911169,T30446299,M10853,2026-08-24,1638.0
R911170,T30446377,M10022,2026-08-24,272.0
R911171,T30446390,M10746,2026-08-24,1889.0
R911172,T30440215,M11408,2026-08-24,647.0
R911173,T30445904,M10292,2026-08-24,771.0
R911174,T30445844,M10211,2026-08-24,522.0
R911175,T30440382,M10931,2026-08-24,411.0
R911176,T30445829,M10211,2026-08-24,1160.0
R911177,T30445167,M11408,2026-08-24,3693.0
R911178,T30445187,M10211,2026-08-24,1460.0
R911179,T30445212,M11404,2026-08-24,663.0
R911180,T30445250,M10050,2026-08-24,337.0
R911181,T30445280,M10808,2026-08-24,3001.0
R911182,T30440541,M10947,2026-08-24,217.0
R911183,T30445368,M11253,2026-08-24,2127.0
R911184,T30444057,M11616,2026-08-24,558.0
R911185,T30445417,M11315,2026-08-24,497.0
R911186,T30445456,M11961,2026-08-24,710.0
R911187,T30445517,M10022,2026-08-24,1000.0
R911188,T30445643,M11632,2026-08-24,339.0
R911189,T30469035,M10931,2026-08-24,1080.0
R911190,T30445652,M11143,2026-08-24,963.0
R911191,T30445677,M10022,2026-08-24,268.0
R911192,T30445688,M11003,2026-08-24,683.0
R911193,T30445421,M11180,2026-08-24,1473.0
R911194,T30443967,M11737,2026-08-24,721.0
R911195,T30443919,M10985,2026-08-24,585.0
R911196,T30441290,M11616,2026-08-24,862.0
R911197,T30442003,M10814,2026-08-24,1395.0
R911198,T30442066,M11592,2026-08-24,536.0
R911199,T30442080,M11275,2026-08-24,546.0
R911200,T30442081,M10808,2026-08-24,67.0
R911201,T30442091,M11927,2026-08-24,1324.0
R911202,T30442134,M10419,2026-08-24,159.0
R911203,T30442140,M10746,2026-08-24,341.0
R911204,T30442200,M10931,2026-08-24,803.0
R911205,T30442216,M10931,2026-08-24,396.0
R911206,T30470064,M11980,2026-08-24,603.0
R911207,T30442227,M10419,2026-08-24,732.0
R911208,T30442250,M11109,2026-08-24,230.0
R911209,T30442254,M11533,2026-08-24,3791.0
R911210,T30442278,M11793,2026-08-24,296.0
R911211,T30442457,M10823,2026-08-24,1736.0
R911212,T30441978,M10211,2026-08-24,365.0
R911213,T30442458,M11616,2026-08-24,2448.0
R911214,T30441865,M11275,2026-08-24,310.0
R911215,T30441239,M10853,2026-08-24,1552.0
R911216,T30441396,M11927,2026-08-24,550.0
R911217,T30441418,M11879,2026-08-24,1193.0
R911218,T30441486,M10022,2026-08-24,972.0
R911219,T30441500,M11408,2026-08-24,530.0
R911220,T30441559,M10808,2026-08-24,2265.0
R911221,T30441579,M10853,2026-08-24,3001.0
R911222,T30441586,M11408,2026-08-24,1006.0
R911223,T30441603,M11894,2026-08-24,377.0
R911224,T30441662,M10419,2026-08-24,794.0
R911225,T30441670,M11363,2026-08-24,891.0
R911226,T30441684,M11976,2026-08-24,387.0
R911227,T30441713,M11003,2026-08-24,903.0
R911228,T30441714,M10931,2026-08-24,568.0
R911229,T30441273,M10701,2026-08-24,366.0
R911230,T30441819,M10853,2026-08-24,2979.0
R911231,T30441834,M11632,2026-08-24,488.0
R911232,T30443929,M11075,2026-08-24,2402.0
R911233,T30442483,M11425,2026-08-24,1859.0
R911234,T30441195,M10867,2026-08-24,1345.0
R911235,T30443497,M11003,2026-08-24,338.0
R911236,T30443511,M10808,2026-08-24,1075.0
R911237,T30443549,M10746,2026-08-24,1186.0
R911238,T30446451,M10577,2026-08-24,323.0
R911239,T30443557,M10577,2026-08-24,750.0
R911240,T30443617,M11616,2026-08-24,4317.0
R911241,T30443661,M10985,2026-08-24,650.0
R911242,T30440923,M10577,2026-08-24,192.0
R911243,T30443738,M11934,2026-08-24,359.0
R911244,T30465409,M11475,2026-08-24,6059.0
R911245,T30443815,M11927,2026-08-24,3569.0
R911246,T30443838,M11927,2026-08-24,407.0
R911247,T30443883,M10931,2026-08-24,242.0
R911248,T30467777,M10828,2026-08-24,502.0
R911249,T30443906,M11770,2026-08-24,441.0
R911250,T30443478,M11253,2026-08-24,541.0
R911251,T30442548,M10746,2026-08-24,931.0
R911252,T30443416,M10211,2026-08-24,438.0
R911253,T30443295,M11330,2026-08-24,2632.0
R911254,T30442594,M10853,2026-08-24,2340.0
R911255,T30442605,M10746,2026-08-24,1164.0
R911256,T30442860,M11275,2026-08-24,1112.0
R911257,T30441137,M10701,2026-08-24,211.0
R911258,T30442979,M10931,2026-08-24,1108.0
R911259,T30443006,M10808,2026-08-24,424.0
R911260,T30443043,M11927,2026-08-24,1744.0
R911261,T30443056,M11812,2026-08-24,732.0
R911262,T30443069,M11033,2026-08-24,1450.0
R911263,T30443108,M11275,2026-08-24,1499.0
R911264,T30443152,M11974,2026-08-24,755.0
R911265,T30440989,M11799,2026-08-24,1611.0
R911266,T30443258,M11956,2026-08-24,288.0
R911267,T30443270,M10853,2026-08-24,917.0
R911268,T30469755,M11275,2026-08-24,901.0
R911269,T30443376,M11404,2026-08-24,100.0
R911270,T30484593,M10577,2026-08-24,380.0
R911271,T30454284,M10354,2026-08-24,463.0
R911272,T30446721,M11408,2026-08-24,239.0
R911273,T30451618,M10211,2026-08-24,521.0
R911274,T30451620,M11538,2026-08-24,880.0
R911275,T30451629,M11003,2026-08-24,2866.0
R911276,T30451701,M10419,2026-08-24,394.0
R911277,T30478148,M10042,2026-08-24,6286.0
R911278,T30451717,M10947,2026-08-24,615.0
R911279,T30451735,M11275,2026-08-24,492.0
R911280,T30451751,M10931,2026-08-24,434.0
R911281,T30451776,M11642,2026-08-24,2359.0
R911282,T30451781,M10931,2026-08-24,1129.0
R911283,T30451795,M10577,2026-08-24,2157.0
R911284,T30451867,M10947,2026-08-24,498.0
R911285,T30451877,M10931,2026-08-24,949.0
R911286,T30451880,M10577,2026-08-24,1153.0
R911287,T30452016,M10577,2026-08-24,1198.0
R911288,T30452048,M10853,2026-08-24,682.0
R911289,T30452108,M11735,2026-08-24,761.0
R911290,T30451458,M10577,2026-08-24,868.0
R911291,T30455500,M10853,2026-08-24,4723.0
R911292,T30451447,M10022,2026-08-24,914.0
R911293,T30451280,M11403,2026-08-24,694.0
R911294,T30450413,M10419,2026-08-24,443.0
R911295,T30450442,M11408,2026-08-24,646.0
R911296,T30450452,M10746,2026-08-24,1583.0
R911297,T30450529,M10613,2026-08-24,1255.0
R911298,T30450566,M11098,2026-08-24,166.0
R911299,T30450625,M10931,2026-08-24,227.0
R911300,T30450673,M11408,2026-08-24,593.0
R911301,T30450703,M11855,2026-08-24,390.0
R911302,T30450717,M11275,2026-08-24,1478.0
R911303,T30450740,M10746,2026-08-24,490.0
R911304,T30450770,M10022,2026-08-24,798.0
R911305,T30450845,M10947,2026-08-24,724.0
R911306,T30450936,M10853,2026-08-24,1999.0
R911307,T30451004,M10931,2026-08-24,412.0
R911308,T30451018,M11408,2026-08-24,531.0
R911309,T30451061,M11400,2026-08-24,2475.0
R911310,T30451121,M10746,2026-08-24,1247.0
R911311,T30455780,M11739,2026-08-24,1099.0
R911312,T30452301,M10577,2026-08-24,827.0
R911313,T30452350,M10947,2026-08-24,2158.0
R911314,T30452459,M11637,2026-08-24,1511.0
R911315,T30453636,M11408,2026-08-24,874.0
R911316,T30453715,M10211,2026-08-24,1376.0
R911317,T30453727,M10808,2026-08-24,291.0
R911318,T30453734,M10022,2026-08-24,696.0
R911319,T30453742,M11408,2026-08-24,868.0
R911320,T30454494,M10022,2026-08-24,283.0
R911321,T30453814,M11408,2026-08-24,310.0
R911322,T30453853,M11116,2026-08-24,1335.0
R911323,T30453861,M10823,2026-08-24,497.0
R911324,T30453904,M10931,2026-08-24,330.0
R911325,T30453928,M11408,2026-08-24,653.0
R911326,T30453945,M10211,2026-08-24,1059.0
R911327,T30453976,M11927,2026-08-24,465.0
R911328,T30454005,M11899,2026-08-24,503.0
R911329,T30454043,M11927,2026-08-24,2078.0
R911330,T30454458,M10022,2026-08-24,441.0
R911331,T30454156,M10419,2026-08-24,909.0
R911332,T30453557,M11003,2026-08-24,1145.0
R911333,T30453457,M11003,2026-08-24,459.0
R911334,T30453375,M10590,2026-08-24,713.0
R911335,T30453301,M11927,2026-08-24,506.0
R911336,T30452460,M10577,2026-08-24,411.0
R911337,T30452560,M10022,2026-08-24,565.0
R911338,T30454592,M11927,2026-08-24,2132.0
R911339,T30452595,M11408,2026-08-24,594.0
R911340,T30452781,M11210,2026-08-24,853.0
R911341,T30452868,M11720,2026-08-24,746.0
R911342,T30452888,M11731,2026-08-24,1408.0
R911343,T30452929,M10022,2026-08-24,170.0
R911344,T30450370,M11003,2026-08-24,1770.0
R911345,T30453000,M11136,2026-08-24,1733.0
R911346,T30453129,M10577,2026-08-24,1120.0
R911347,T30454542,M11408,2026-08-24,997.0
R911348,T30453175,M10746,2026-08-24,741.0
R911349,T30453200,M10947,2026-08-24,2521.0
R911350,T30453217,M10823,2026-08-24,929.0
R911351,T30453265,M11012,2026-08-24,1365.0
R911352,T30454520,M10419,2026-08-24,479.0
R911353,T30453289,M11927,2026-08-24,843.0
R911354,T30453037,M10577,2026-08-24,847.0
R911355,T30450344,M10022,2026-08-24,1958.0
R911356,T30450301,M10808,2026-08-24,874.0
R911357,T30450241,M10931,2026-08-24,946.0
R911358,T30447537,M11826,2026-08-24,227.0
R911359,T30447540,M10022,2026-08-24,703.0
R911360,T30447627,M10853,2026-08-24,419.0
R911361,T30447698,M10022,2026-08-24,954.0
R911362,T30447708,M10211,2026-08-24,854.0
R911363,T30447762,M11408,2026-08-24,605.0
R911364,T30447777,M11408,2026-08-24,1572.0
R911365,T30447801,M11180,2026-08-24,1353.0
R911366,T30447805,M11847,2026-08-24,1609.0
R911367,T30447818,M11673,2026-08-24,462.0
R911368,T30447860,M11439,2026-08-24,695.0
R911369,T30447915,M10419,2026-08-24,482.0
R911370,T30448049,M10931,2026-08-24,1786.0
R911371,T30475712,M10493,2026-08-24,2971.0
R911372,T30448141,M10853,2026-08-24,1034.0
R911373,T30448233,M10042,2026-08-24,8692.0
R911374,T30448236,M10419,2026-08-24,159.0
R911375,T30447476,M11003,2026-08-24,4538.0
R911376,T30447459,M11927,2026-08-24,1161.0
R911377,T30447432,M10292,2026-08-24,1538.0
R911378,T30447430,M10931,2026-08-24,641.0
R911379,T30446753,M11894,2026-08-24,636.0
R911380,T30446816,M10823,2026-08-24,1971.0
R911381,T30446827,M10211,2026-08-24,91.0
R911382,T30454414,M11799,2026-08-24,2371.0
R911383,T30446832,M10931,2026-08-24,1378.0
R911384,T30481835,M10419,2026-08-24,1048.0
R911385,T30446950,M11275,2026-08-24,2388.0
R911386,T30446992,M11408,2026-08-24,613.0
R911387,T30448269,M10419,2026-08-24,3124.0
R911388,T30447044,M10808,2026-08-24,980.0
R911389,T30447082,M11542,2026-08-24,851.0
R911390,T30447205,M11033,2026-08-24,1368.0
R911391,T30447291,M10931,2026-08-24,641.0
R911392,T30447303,M10931,2026-08-24,441.0
R911393,T30480665,M11148,2026-08-24,1190.0
R911394,T30447360,M10077,2026-08-24,1617.0
R911395,T30447419,M10808,2026-08-24,2409.0
R911396,T30447422,M10931,2026-08-24,911.0
R911397,T30447049,M10577,2026-08-24,480.0
R911398,T30446622,M11927,2026-08-24,815.0
R911399,T30458826,M11160,2026-08-24,555.0
R911400,T30448357,M10470,2026-08-24,2034.0
R911401,T30449606,M10931,2026-08-24,2417.0
R911402,T30449644,M11147,2026-08-24,1398.0
R911403,T30449669,M11003,2026-08-24,659.0
R911404,T30449673,M10577,2026-08-24,451.0
R911405,T30449692,M10931,2026-08-24,1263.0
R911406,T30449720,M10931,2026-08-24,1517.0
R911407,T30449765,M10746,2026-08-24,505.0
R911408,T30449837,M11148,2026-08-24,1085.0
R911409,T30449871,M10904,2026-08-24,233.0
R911410,T30449903,M10126,2026-08-24,2411.0
R911411,T30449944,M10947,2026-08-24,146.0
R911412,T30450063,M11180,2026-08-24,1624.0
R911413,T30456388,M11717,2026-08-24,771.0
R911414,T30450154,M10577,2026-08-24,1771.0
R911415,T30450160,M10853,2026-08-24,624.0
R911416,T30450193,M10419,2026-08-24,437.0
R911417,T30450223,M11275,2026-08-24,3244.0
R911418,T30449560,M10746,2026-08-24,646.0
R911419,T30449511,M10931,2026-08-24,1230.0
R911420,T30449440,M11642,2026-08-24,348.0
R911421,T30449346,M11228,2026-08-24,1706.0
R911422,T30448363,M10299,2026-08-24,670.0
R911423,T30448497,M10931,2026-08-24,921.0
R911424,T30448544,M10211,2026-08-24,929.0
R911425,T30448553,M10853,2026-08-24,270.0
R911426,T30448572,M10931,2026-08-24,3240.0
R911427,T30448594,M10704,2026-08-24,1862.0
R911428,T30448660,M11841,2026-08-24,574.0
R911429,T30448687,M11542,2026-08-24,998.0
R911430,T30458668,M11713,2026-08-24,436.0
R911431,T30448735,M10808,2026-08-24,1369.0
R911432,T30448994,M11003,2026-08-24,912.0
R911433,T30448996,M10931,2026-08-24,978.0
R911434,T30449127,M10577,2026-08-24,418.0
R911435,T30476789,M11769,2026-08-24,2711.0
R911436,T30449267,M10931,2026-08-24,547.0
R911437,T30449268,M10931,2026-08-24,1686.0
R911438,T30449324,M10022,2026-08-24,499.0
R911439,T30449326,M11616,2026-08-24,874.0
R911440,T30448834,M10931,2026-08-24,341.0
R911441,T30453774,M10947,2026-08-24,1123.0
R911442,T30443206,M10577,2026-08-24,1459.0
R911443,T30436977,M11275,2026-08-24,1990.0
R911444,T30425195,M10493,2026-08-24,1919.0
R911445,T30439818,M10577,2026-08-24,908.0
R911446,T30432076,M10022,2026-08-24,423.0
R911447,T30439782,M11932,2026-08-24,593.0
R911448,T30438355,M11927,2026-08-24,317.0
R911449,T30436517,M11927,2026-08-24,381.0
R911450,T30437623,M10947,2026-08-24,1819.0
R911451,T30436143,M10577,2026-08-24,493.0
R911452,T30439764,M11408,2026-08-24,2796.0
R911453,T30436152,M10931,2026-08-24,480.0
R911454,T30425231,M11003,2026-08-24,651.0
R911455,T30437731,M10022,2026-08-24,877.0
R911456,T30436477,M10931,2026-08-24,1525.0
R911457,T30439147,M10678,2026-08-24,3275.0
R911458,T30437718,M10577,2026-08-24,1059.0
R911459,T30417514,M10931,2026-08-24,1522.0
R911460,T30437613,M10931,2026-08-24,1667.0
R911461,T30428167,M10419,2026-08-24,956.0
R911462,T30434022,M10022,2026-08-24,921.0
R911463,T30437479,M11404,2026-08-24,1642.0
R911464,T30436657,M10931,2026-08-24,1970.0
R911465,T30433408,M10419,2026-08-24,541.0
R911466,T30439851,M10577,2026-08-24,245.0
R911467,T30439075,M10808,2026-08-24,3729.0
R911468,T30409152,M10492,2026-08-24,927.0
R911469,T30437535,M11644,2026-08-24,271.0
R911470,T30437541,M11616,2026-08-24,644.0
R911471,T30436128,M10746,2026-08-24,573.0
R911472,T30403738,M11229,2026-08-24,447.0
R911473,T30424684,M10853,2026-08-24,691.0
R911474,T30436134,M11003,2026-08-24,3298.0
R911475,T30439086,M11408,2026-08-24,1701.0
R911476,T30438461,M11399,2026-08-24,2248.0
R911477,T30437478,M10746,2026-08-24,1425.0
R911478,T30436164,M11408,2026-08-24,777.0
R911479,T30436730,M10808,2026-08-24,1179.0
R911480,T30436446,M11033,2026-08-24,422.0
R911481,T30436960,M10457,2026-08-24,2206.0
R911482,T30439529,M11003,2026-08-24,2508.0
R911483,T30438129,M11618,2026-08-24,3283.0
R911484,T30439520,M10577,2026-08-24,550.0
R911485,T30436415,M10022,2026-08-24,80.0
R911486,T30436560,M10808,2026-08-24,171.0
R911487,T30427549,M11542,2026-08-24,1506.0
R911488,T30436284,M11770,2026-08-24,680.0
R911489,T30439452,M10808,2026-08-24,396.0
R911490,T30436386,M10577,2026-08-24,872.0
R911491,T30436288,M10577,2026-08-24,295.0
R911492,T30428046,M10627,2026-08-24,4278.0
R911493,T30439461,M10931,2026-08-24,1198.0
R911494,T30438114,M10931,2026-08-24,661.0
R911495,T30438275,M10931,2026-08-24,430.0
R911496,T30429191,M10577,2026-08-24,475.0
R911497,T30437957,M10419,2026-08-24,1431.0
R911498,T30437032,M10211,2026-08-24,705.0
R911499,T30438254,M10491,2026-08-24,3726.0
R911500,T30439714,M11775,2026-08-24,454.0
R911501,T30437012,M10419,2026-08-24,755.0
R911502,T30410711,M11781,2026-08-24,1221.0
R911503,T30439238,M11879,2026-08-24,110.0
R911504,T30439361,M10947,2026-08-24,2116.0
R911505,T30439698,M10704,2026-08-24,3014.0
R911506,T30436753,M10931,2026-08-24,497.0
R911507,T30439670,M10729,2026-08-24,259.0
R911508,T30435866,M11855,2026-08-24,557.0
R911509,T30437858,M11927,2026-08-24,533.0
R911510,T30426551,M10040,2026-08-24,1239.0
R911511,T30438172,M10701,2026-08-24,450.0
R911512,T30438238,M11075,2026-08-24,3826.0
R911513,T30424465,M10211,2026-08-24,431.0
R911514,T30437090,M10419,2026-08-24,798.0
R911515,T30435797,M10931,2026-08-24,331.0
R911516,T30423592,M10491,2026-08-24,2027.0
R911517,T30438935,M11003,2026-08-24,672.0
R911518,T30439967,M11408,2026-08-24,1793.0
R911519,T30438857,M10947,2026-08-24,1916.0
R911520,T30435725,M10746,2026-08-24,453.0
R911521,T30435044,M11941,2026-08-24,846.0
R911522,T30438945,M10746,2026-08-24,236.0
R911523,T30440006,M10577,2026-08-24,517.0
R911524,T30437291,M11927,2026-08-24,2173.0
R911525,T30404544,M11562,2026-08-24,274.0
R911526,T30438900,M10922,2026-08-24,1561.0
R911527,T30437200,M11394,2026-08-24,3567.0
R911528,T30404563,M10032,2026-08-24,359.0
R911529,T30435787,M10931,2026-08-24,1934.0
R911530,T30437272,M10951,2026-08-24,439.0
R911531,T30435386,M10577,2026-08-24,1832.0
R911532,T30435832,M10931,2026-08-24,568.0
R911533,T30419719,M11907,2026-08-24,2251.0
R911534,T30438933,M10022,2026-08-24,1425.0
R911535,T30438710,M11218,2026-08-24,772.0
R911536,T30423475,M11364,2026-08-24,430.0
R911537,T30435544,M11713,2026-08-24,1654.0
R911538,T30438645,M10931,2026-08-24,815.0
R911539,T30438635,M11927,2026-08-24,298.0
R911540,T30437303,M11408,2026-08-24,667.0
R911541,T30440083,M10211,2026-08-24,399.0
R911542,T30437302,M10931,2026-08-24,351.0
R911543,T30439948,M10297,2026-08-24,459.0
R911544,T30439018,M11003,2026-08-24,527.0
R911545,T30420082,M11905,2026-08-24,839.0
R911546,T30418618,M10032,2026-08-24,313.0
R911547,T30438766,M11399,2026-08-24,558.0
R911548,T30434548,M10678,2026-08-24,1176.0
R911549,T30436531,M10746,2026-08-24,935.0
R911550,T30439006,M10022,2026-08-24,978.0
R911551,T30435819,M10211,2026-08-24,791.0
R911552,T30407397,M11616,2026-08-24,3938.0
R911553,T30438624,M10931,2026-08-24,610.0
R911554,T30435828,M11562,2026-08-24,1793.0
R911555,T30435550,M10577,2026-08-24,1143.0
R911556,T30450148,M10577,2026-08-25,412.0
R911557,T30426472,M11927,2026-08-25,326.0
R911558,T30450136,M10211,2026-08-25,651.0
R911559,T30422383,M10862,2026-08-25,226.0
R911560,T30468427,M10211,2026-08-25,1316.0
R911561,T30445693,M10211,2026-08-25,4094.0
R911562,T30465063,M11541,2026-08-25,399.0
R911563,T30438153,M11879,2026-08-25,2625.0
R911564,T30422522,M10273,2026-08-25,80.0
R911565,T30436841,M11408,2026-08-25,775.0
R911566,T30450083,M11846,2026-08-25,406.0
R911567,T30444430,M10419,2026-08-25,1783.0
R911568,T30450115,M11404,2026-08-25,1450.0
R911569,T30450677,M10592,2026-08-25,1281.0
R911570,T30444365,M10931,2026-08-25,214.0
R911571,T30446056,M10853,2026-08-25,1885.0
R911572,T30463935,M10419,2026-08-25,565.0
R911573,T30444158,M10931,2026-08-25,675.0
R911574,T30436875,M10947,2026-08-25,501.0
R911575,T30438098,M10931,2026-08-25,1091.0
R911576,T30445983,M10853,2026-08-25,647.0
R911577,T30464029,M10947,2026-08-25,529.0
R911578,T30420563,M10887,2026-08-25,755.0
R911579,T30445960,M11713,2026-08-25,1024.0
R911580,T30444242,M11003,2026-08-25,1222.0
R911581,T30445934,M11003,2026-08-25,343.0
R911582,T30427519,M10853,2026-08-25,534.0
R911583,T30464436,M10931,2026-08-25,255.0
R911584,T30445832,M10746,2026-08-25,336.0
R911585,T30444249,M10947,2026-08-25,705.0
R911586,T30436571,M10931,2026-08-25,266.0
R911587,T30444304,M11277,2026-08-25,2039.0
R911588,T30464622,M11003,2026-08-25,3753.0
R911589,T30438799,M10853,2026-08-25,673.0
R911590,T30436844,M11797,2026-08-25,647.0
R911591,T30445594,M10936,2026-08-25,7544.0
R911592,T30450766,M10022,2026-08-25,380.0
R911593,T30450803,M11927,2026-08-25,582.0
R911594,T30423517,M10241,2026-08-25,10036.0
R911595,T30438354,M11275,2026-08-25,579.0
R911596,T30450726,M10048,2026-08-25,441.0
R911597,T30450720,M10211,2026-08-25,1097.0
R911598,T30467026,M11864,2026-08-25,335.0
R911599,T30450715,M11148,2026-08-25,74.0
R911600,T30435785,M11253,2026-08-25,179.0
R911601,T30444780,M11720,2026-08-25,755.0
R911602,T30450546,M11841,2026-08-25,498.0
R911603,T30453962,M10577,2026-08-25,441.0
R911604,T30444804,M10947,2026-08-25,457.0
R911605,T30444944,M10032,2026-08-25,1109.0
R911606,T30444901,M10613,2026-08-25,3468.0
R911607,T30424569,M10211,2026-08-25,1294.0
R911608,T30438602,M10931,2026-08-25,498.0
R911609,T30436646,M11799,2026-08-25,641.0
R911610,T30423964,M11941,2026-08-25,89.0
R911611,T30436639,M11673,2026-08-25,597.0
R911612,T30467393,M11846,2026-08-25,2260.0
R911613,T30436684,M10211,2026-08-25,1107.0
R911614,T30445128,M11927,2026-08-25,1963.0
R911615,T30466532,M10931,2026-08-25,391.0
R911616,T30450746,M11400,2026-08-25,3948.0
R911617,T30465707,M10493,2026-08-25,3736.0
R911618,T30450214,M10931,2026-08-25,1123.0
R911619,T30445459,M10067,2026-08-25,587.0
R911620,T30444509,M10931,2026-08-25,176.0
R911621,T30445445,M10808,2026-08-25,884.0
R911622,T30450772,M10808,2026-08-25,1475.0
R911623,T30444563,M10947,2026-08-25,775.0
R911624,T30438245,M11275,2026-08-25,259.0
R911625,T30445410,M11839,2026-08-25,559.0
R911626,T30445560,M11879,2026-08-25,1940.0
R911627,T30436610,M11713,2026-08-25,430.0
R911628,T30445350,M10419,2026-08-25,1048.0
R911629,T30450250,M10931,2026-08-25,1293.0
R911630,T30445341,M11722,2026-08-25,683.0
R911631,T30445302,M11003,2026-08-25,957.0
R911632,T30438284,M10746,2026-08-25,427.0
R911633,T30436719,M10022,2026-08-25,1211.0
R911634,T30450383,M11408,2026-08-25,1041.0
R911635,T30454023,M10297,2026-08-25,1029.0
R911636,T30438707,M10808,2026-08-25,3179.0
R911637,T30445356,M10931,2026-08-25,1329.0
R911638,T30438058,M10931,2026-08-25,1874.0
R911639,T30435999,M10419,2026-08-25,647.0
R911640,T30454071,M10577,2026-08-25,1251.0
R911641,T30435050,M11739,2026-08-25,123.0
R911642,T30456804,M11907,2026-08-25,1446.0
R911643,T30449044,M11275,2026-08-25,661.0
R911644,T30434559,M10042,2026-08-25,7327.0
R911645,T30447845,M10577,2026-08-25,667.0
R911646,T30447844,M10022,2026-08-25,564.0
R911647,T30447835,M10022,2026-08-25,588.0
R911648,T30437439,M10947,2026-08-25,449.0
R911649,T30437448,M10419,2026-08-25,118.0
R911650,T30447791,M10922,2026-08-25,448.0
R911651,T30457042,M10985,2026-08-25,886.0
R911652,T30449059,M10211,2026-08-25,619.0
R911653,T30449103,M10931,2026-08-25,4075.0
R911654,T30437162,M10746,2026-08-25,587.0
R911655,T30447712,M11290,2026-08-25,1182.0
R911656,T30449155,M11098,2026-08-25,651.0
R911657,T30447694,M10419,2026-08-25,1105.0
R911658,T30437125,M10211,2026-08-25,731.0
R911659,T30437143,M11855,2026-08-25,2873.0
R911660,T30449259,M10947,2026-08-25,631.0
R911661,T30433100,M11927,2026-08-25,603.0
R911662,T30437522,M11003,2026-08-25,768.0
R911663,T30454198,M10419,2026-08-25,504.0
R911664,T30447911,M11927,2026-08-25,1540.0
R911665,T30447450,M10931,2026-08-25,2401.0
R911666,T30437508,M11275,2026-08-25,961.0
R911667,T30454219,M10808,2026-08-25,203.0
R911668,T30447603,M11841,2026-08-25,350.0
R911669,T30449171,M11846,2026-08-25,800.0
R911670,T30447670,M10577,2026-08-25,2359.0
R911671,T30434408,M11403,2026-08-25,717.0
R911672,T30449214,M10746,2026-08-25,1185.0
R911673,T30437594,M10022,2026-08-25,2540.0
R911674,T30449027,M10965,2026-08-25,4714.0
R911675,T30447986,M11404,2026-08-25,2211.0
R911676,T30454536,M11914,2026-08-25,1722.0
R911677,T30437319,M10808,2026-08-25,815.0
R911678,T30448577,M10022,2026-08-25,1775.0
R911679,T30448481,M10022,2026-08-25,168.0
R911680,T30437297,M11408,2026-08-25,670.0
R911681,T30448454,M10931,2026-08-25,1783.0
R911682,T30448607,M10853,2026-08-25,978.0
R911683,T30448608,M10022,2026-08-25,646.0
R911684,T30454603,M10853,2026-08-25,1778.0
R911685,T30448397,M11937,2026-08-25,130.0
R911686,T30448648,M10729,2026-08-25,308.0
R911687,T30448371,M10931,2026-08-25,1121.0
R911688,T30454605,M10746,2026-08-25,2220.0
R911689,T30437326,M10746,2026-08-25,1623.0
R911690,T30448345,M10419,2026-08-25,901.0
R911691,T30435562,M11669,2026-08-25,444.0
R911692,T30448681,M10746,2026-08-25,2531.0
R911693,T30448040,M10746,2026-08-25,353.0
R911694,T30448830,M10931,2026-08-25,206.0
R911695,T30437396,M11632,2026-08-25,782.0
R911696,T30448072,M10746,2026-08-25,3392.0
R911697,T30435466,M10808,2026-08-25,486.0
R911698,T30435511,M10746,2026-08-25,3141.0
R911699,T30447974,M10577,2026-08-25,2185.0
R911700,T30448191,M10650,2026-08-25,10425.0
R911701,T30454471,M10419,2026-08-25,2745.0
R911702,T30435636,M11799,2026-08-25,1050.0
R911703,T30435618,M11939,2026-08-25,173.0
R911704,T30454870,M10022,2026-08-25,996.0
R911705,T30437246,M10211,2026-08-25,1629.0
R911706,T30448304,M10853,2026-08-25,561.0
R911707,T30448196,M10577,2026-08-25,1562.0
R911708,T30428171,M11616,2026-08-25,572.0
R911709,T30447328,M10746,2026-08-25,281.0
R911710,T30449331,M10211,2026-08-25,559.0
R911711,T30436998,M11575,2026-08-25,867.0
R911712,T30460523,M10755,2026-08-25,1115.0
R911713,T30446516,M10808,2026-08-25,706.0
R911714,T30436986,M10577,2026-08-25,1055.0
R911715,T30437907,M10931,2026-08-25,563.0
R911716,T30446401,M10746,2026-08-25,388.0
R911717,T30460793,M10491,2026-08-25,1360.0
R911718,T30437918,M11408,2026-08-25,745.0
R911719,T30446382,M11363,2026-08-25,197.0
R911720,T30436978,M11927,2026-08-25,1420.0
R911721,T30446315,M10808,2026-08-25,1538.0
R911722,T30461705,M11116,2026-08-25,1616.0
R911723,T30428799,M11591,2026-08-25,2717.0
R911724,T30461720,M10022,2026-08-25,939.0
R911725,T30428623,M11941,2026-08-25,102.0
R911726,T30436956,M10931,2026-08-25,597.0
R911727,T30446243,M10022,2026-08-25,530.0
R911728,T30446086,M10678,2026-08-25,1180.0
R911729,T30446123,M10419,2026-08-25,326.0
R911730,T30446124,M10577,2026-08-25,1834.0
R911731,T30446144,M11642,2026-08-25,911.0
R911732,T30438030,M10577,2026-08-25,898.0
R911733,T30438021,M11235,2026-08-25,1965.0
R911734,T30446585,M10947,2026-08-25,176.0
R911735,T30462999,M10567,2026-08-25,1882.0
R911736,T30449839,M10947,2026-08-25,114.0
R911737,T30462693,M10513,2026-08-25,1764.0
R911738,T30446202,M10022,2026-08-25,1768.0
R911739,T30454072,M10211,2026-08-25,206.0
R911740,T30462562,M10314,2026-08-25,511.0
R911741,T30446235,M11612,2026-08-25,1143.0
R911742,T30449860,M10577,2026-08-25,483.0
R911743,T30447289,M10746,2026-08-25,1193.0
R911744,T30449636,M11899,2026-08-25,343.0
R911745,T30460132,M11868,2026-08-25,428.0
R911746,T30454173,M10853,2026-08-25,1363.0
R911747,T30437055,M10577,2026-08-25,923.0
R911748,T30447153,M10211,2026-08-25,1476.0
R911749,T30447066,M11003,2026-08-25,754.0
R911750,T30449428,M11342,2026-08-25,1329.0
R911751,T30449434,M10577,2026-08-25,323.0
R911752,T30447047,M11961,2026-08-25,1428.0
R911753,T30447036,M11613,2026-08-25,1962.0
R911754,T30449462,M11404,2026-08-25,7659.0
R911755,T30449490,M11737,2026-08-25,4421.0
R911756,T30447003,M10931,2026-08-25,1302.0
R911757,T30446999,M10211,2026-08-25,238.0
R911758,T30446997,M10931,2026-08-25,197.0
R911759,T30431598,M10853,2026-08-25,816.0
R911760,T30446973,M10022,2026-08-25,163.0
R911761,T30459623,M11171,2026-08-25,212.0
R911762,T30446954,M11379,2026-08-25,1184.0
R911763,T30437851,M10577,2026-08-25,801.0
R911764,T30446725,M10931,2026-08-25,828.0
R911765,T30446747,M10931,2026-08-25,1378.0
R911766,T30446752,M10701,2026-08-25,404.0
R911767,T30437813,M10808,2026-08-25,165.0
R911768,T30446774,M11927,2026-08-25,1878.0
R911769,T30449630,M11612,2026-08-25,1182.0
R911770,T30437808,M10470,2026-08-25,716.0
R911771,T30454094,M10211,2026-08-25,705.0
R911772,T30446855,M11542,2026-08-25,857.0
R911773,T30446885,M11980,2026-08-25,913.0
R911774,T30449541,M10022,2026-08-25,771.0
R911775,T30437784,M10419,2026-08-25,1084.0
R911776,T30437756,M10746,2026-08-25,462.0
R911777,T30437807,M11562,2026-08-25,275.0
R911778,T30453851,M10947,2026-08-25,842.0
R911779,T30448539,M10577,2026-08-25,537.0
R911780,T30436234,M10211,2026-08-25,535.0
R911781,T30442341,M10022,2026-08-25,220.0
R911782,T30442334,M11275,2026-08-25,475.0
R911783,T30451805,M11107,2026-08-25,3081.0
R911784,T30451827,M10577,2026-08-25,3000.0
R911785,T30482756,M10627,2026-08-25,3547.0
R911786,T30442284,M10853,2026-08-25,698.0
R911787,T30439454,M11927,2026-08-25,823.0
R911788,T30440725,M11906,2026-08-25,318.0
R911789,T30452795,M11408,2026-08-25,108.0
R911790,T30415755,M10032,2026-08-25,2174.0
R911791,T30452791,M10577,2026-08-25,1678.0
R911792,T30436291,M10106,2026-08-25,537.0
R911793,T30440771,M11961,2026-08-25,759.0
R911794,T30474515,M10314,2026-08-25,339.0
R911795,T30439496,M10931,2026-08-25,1556.0
R911796,T30442199,M10419,2026-08-25,563.0
R911797,T30442192,M11408,2026-08-25,3389.0
R911798,T30440814,M11275,2026-08-25,746.0
R911799,T30439512,M11908,2026-08-25,1922.0
R911800,T30440817,M11927,2026-08-25,5075.0
R911801,T30442118,M11269,2026-08-25,546.0
R911802,T30442103,M11408,2026-08-25,2417.0
R911803,T30440852,M11857,2026-08-25,301.0
R911804,T30439551,M11841,2026-08-25,1246.0
R911805,T30439486,M10931,2026-08-25,247.0
R911806,T30416150,M10931,2026-08-25,1819.0
R911807,T30436350,M10577,2026-08-25,555.0
R911808,T30451780,M11616,2026-08-25,2311.0
R911809,T30436457,M10746,2026-08-25,253.0
R911810,T30452933,M10577,2026-08-25,1223.0
R911811,T30442726,M11723,2026-08-25,361.0
R911812,T30451646,M11363,2026-08-25,1114.0
R911813,T30416441,M11884,2026-08-25,129.0
R911814,T30440592,M10853,2026-08-25,890.0
R911815,T30436095,M11003,2026-08-25,1041.0
R911816,T30439995,M10701,2026-08-25,473.0
R911817,T30452915,M11003,2026-08-25,1783.0
R911818,T30484818,M10729,2026-08-25,577.0
R911819,T30439305,M11616,2026-08-25,629.0
R911820,T30442576,M10402,2026-08-25,4089.0
R911821,T30473372,M10862,2026-08-25,302.0
R911822,T30439393,M11927,2026-08-25,1414.0
R911823,T30453410,M10419,2026-08-25,1889.0
R911824,T30451729,M10931,2026-08-25,675.0
R911825,T30440690,M11602,2026-08-25,1953.0
R911826,T30436401,M11146,2026-08-25,362.0
R911827,T30439415,M10931,2026-08-25,473.0
R911828,T30484059,M11871,2026-08-25,255.0
R911829,T30451740,M10931,2026-08-25,380.0
R911830,T30436400,M10577,2026-08-25,1476.0
R911831,T30440716,M11439,2026-08-25,365.0
R911832,T30439440,M10892,2026-08-25,1103.0
R911833,T30442455,M11812,2026-08-25,626.0
R911834,T30453444,M10577,2026-08-25,349.0
R911835,T30441986,M10808,2026-08-25,2546.0
R911836,T30452014,M10678,2026-08-25,756.0
R911837,T30407423,M11907,2026-08-25,2434.0
R911838,T30439736,M10022,2026-08-25,1378.0
R911839,T30441466,M11404,2026-08-25,903.0
R911840,T30452346,M10022,2026-08-25,1076.0
R911841,T30441455,M11765,2026-08-25,209.0
R911842,T30478862,M10022,2026-08-25,781.0
R911843,T30441452,M11799,2026-08-25,782.0
R911844,T30441432,M11062,2026-08-25,274.0
R911845,T30441429,M10753,2026-08-25,527.0
R911846,T30409795,M10790,2026-08-25,4271.0
R911847,T30441410,M10467,2026-08-25,410.0
R911848,T30452602,M10211,2026-08-25,2263.0
R911849,T30409667,M10022,2026-08-25,478.0
R911850,T30441052,M11927,2026-08-25,1189.0
R911851,T30441388,M11624,2026-08-25,1571.0
R911852,T30409451,M10577,2026-08-25,673.0
R911853,T30477617,M10419,2026-08-25,1341.0
R911854,T30441346,M10853,2026-08-25,449.0
R911855,T30441091,M10931,2026-08-25,2288.0
R911856,T30439840,M10701,2026-08-25,486.0
R911857,T30452563,M11003,2026-08-25,592.0
R911858,T30439836,M10889,2026-08-25,215.0
R911859,T30477868,M11114,2026-08-25,1056.0
R911860,T30441277,M10419,2026-08-25,618.0
R911861,T30452495,M11499,2026-08-25,1204.0
R911862,T30409170,M10419,2026-08-25,612.0
R911863,T30439723,M10931,2026-08-25,888.0
R911864,T30417428,M10493,2026-08-25,2780.0
R911865,T30452612,M10577,2026-08-25,2975.0
R911866,T30441541,M10853,2026-08-25,526.0
R911867,T30411940,M11012,2026-08-25,642.0
R911868,T30441918,M11151,2026-08-25,3074.0
R911869,T30439889,M10022,2026-08-25,758.0
R911870,T30407609,M11907,2026-08-25,4196.0
R911871,T30452062,M10419,2026-08-25,765.0
R911872,T30441823,M11927,2026-08-25,1045.0
R911873,T30440901,M10613,2026-08-25,566.0
R911874,T30452077,M11116,2026-08-25,1881.0
R911875,T30452679,M10299,2026-08-25,994.0
R911876,T30441745,M10706,2026-08-25,1134.0
R911877,T30452160,M11922,2026-08-25,479.0
R911878,T30439855,M10022,2026-08-25,789.0
R911879,T30441709,M10746,2026-08-25,973.0
R911880,T30441701,M10577,2026-08-25,900.0
R911881,T30441687,M10211,2026-08-25,2135.0
R911882,T30476472,M11707,2026-08-25,11240.0
R911883,T30452239,M10931,2026-08-25,819.0
R911884,T30452667,M10592,2026-08-25,1898.0
R911885,T30441656,M11499,2026-08-25,609.0
R911886,T30408093,M10211,2026-08-25,988.0
R911887,T30441650,M10022,2026-08-25,257.0
R911888,T30476727,M10022,2026-08-25,1192.0
R911889,T30452254,M10577,2026-08-25,948.0
R911890,T30452268,M10931,2026-08-25,475.0
R911891,T30452269,M10577,2026-08-25,1392.0
R911892,T30452287,M10989,2026-08-25,2485.0
R911893,T30452960,M10577,2026-08-25,2111.0
R911894,T30453714,M11841,2026-08-25,1201.0
R911895,T30440547,M10419,2026-08-25,1103.0
R911896,T30453193,M10211,2026-08-25,1385.0
R911897,T30453340,M11927,2026-08-25,543.0
R911898,T30453169,M11023,2026-08-25,577.0
R911899,T30488435,M10577,2026-08-25,1356.0
R911900,T30443679,M10931,2026-08-25,902.0
R911901,T30443666,M11296,2026-08-25,922.0
R911902,T30438974,M10853,2026-08-25,260.0
R911903,T30443642,M10577,2026-08-25,304.0
R911904,T30451251,M10419,2026-08-25,434.0
R911905,T30443615,M10022,2026-08-25,1822.0
R911906,T30443587,M10931,2026-08-25,211.0
R911907,T30443834,M11025,2026-08-25,456.0
R911908,T30440310,M10022,2026-08-25,722.0
R911909,T30443530,M10931,2026-08-25,1555.0
R911910,T30451315,M11927,2026-08-25,1264.0
R911911,T30440346,M11003,2026-08-25,583.0
R911912,T30440370,M10931,2026-08-25,1105.0
R911913,T30439054,M11253,2026-08-25,1107.0
R911914,T30443420,M10211,2026-08-25,602.0
R911915,T30439074,M11003,2026-08-25,947.0
R911916,T30451364,M10985,2026-08-25,784.0
R911917,T30443402,M10211,2026-08-25,344.0
R911918,T30443397,M11151,2026-08-25,901.0
R911919,T30435834,M10133,2026-08-25,734.0
R911920,T30440319,M10746,2026-08-25,876.0
R911921,T30418372,M10868,2026-08-25,502.0
R911922,T30451114,M11003,2026-08-25,604.0
R911923,T30451090,M11579,2026-08-25,2776.0
R911924,T30444087,M10947,2026-08-25,755.0
R911925,T30438838,M11003,2026-08-25,925.0
R911926,T30436014,M10577,2026-08-25,1177.0
R911927,T30453269,M10577,2026-08-25,879.0
R911928,T30436027,M10862,2026-08-25,422.0
R911929,T30436552,M10746,2026-08-25,708.0
R911930,T30451019,M11851,2026-08-25,565.0
R911931,T30444043,M10947,2026-08-25,752.0
R911932,T30451037,M10419,2026-08-25,278.0
R911933,T30453255,M11275,2026-08-25,1299.0
R911934,T30451043,M10419,2026-08-25,1564.0
R911935,T30440237,M10577,2026-08-25,433.0
R911936,T30420456,M11785,2026-08-25,2635.0
R911937,T30453327,M10022,2026-08-25,1587.0
R911938,T30438883,M10746,2026-08-25,1341.0
R911939,T30436033,M11399,2026-08-25,625.0
R911940,T30451047,M11275,2026-08-25,2000.0
R911941,T30469833,M11841,2026-08-25,111.0
R911942,T30438891,M10577,2026-08-25,1003.0
R911943,T30443903,M10577,2026-08-25,1390.0
R911944,T30453339,M11805,2026-08-25,1325.0
R911945,T30443871,M11927,2026-08-25,196.0
R911946,T30443855,M10419,2026-08-25,292.0
R911947,T30443845,M10022,2026-08-25,463.0
R911948,T30443966,M10947,2026-08-25,625.0
R911949,T30443347,M10297,2026-08-25,2514.0
R911950,T30439065,M11713,2026-08-25,822.0
R911951,T30440395,M10883,2026-08-25,273.0
R911952,T30439135,M10931,2026-08-25,2300.0
R911953,T30443198,M10947,2026-08-25,1784.0
R911954,T30443177,M11408,2026-08-25,916.0
R911955,T30443141,M10022,2026-08-25,1049.0
R911956,T30435848,M10947,2026-08-25,524.0
R911957,T30443067,M10746,2026-08-25,387.0
R911958,T30440025,M10577,2026-08-25,1289.0
R911959,T30440480,M11003,2026-08-25,1294.0
R911960,T30439203,M10746,2026-08-25,831.0
R911961,T30451536,M10931,2026-08-25,1058.0
R911962,T30442999,M11642,2026-08-25,559.0
R911963,T30442980,M10931,2026-08-25,703.0
R911964,T30442972,M11363,2026-08-25,1178.0
R911965,T30453403,M10577,2026-08-25,1717.0
R911966,T30442955,M10985,2026-08-25,1057.0
R911967,T30442916,M10931,2026-08-25,399.0
R911968,T30439245,M10022,2026-08-25,255.0
R911969,T30439289,M10211,2026-08-25,1092.0
R911970,T30440022,M10746,2026-08-25,982.0
R911971,T30443219,M10931,2026-08-25,1105.0
R911972,T30439125,M11400,2026-08-25,633.0
R911973,T30436141,M10746,2026-08-25,920.0
R911974,T30472625,M10842,2026-08-25,2163.0
R911975,T30440477,M10211,2026-08-25,1937.0
R911976,T30436520,M10931,2026-08-25,527.0
R911977,T30440444,M10746,2026-08-25,1202.0
R911978,T30472555,M10567,2026-08-25,6808.0
R911979,T30453113,M10746,2026-08-25,1096.0
R911980,T30439093,M10540,2026-08-25,1292.0
R911981,T30440453,M10457,2026-08-25,714.0
R911982,T30443281,M10936,2026-08-25,1014.0
R911983,T30440414,M10577,2026-08-25,2737.0
R911984,T30453231,M11737,2026-08-26,1315.0
R911985,T30453405,M10022,2026-08-26,616.0
R911986,T30448675,M10853,2026-08-26,2218.0
R911987,T30453325,M11616,2026-08-26,1052.0
R911988,T30453431,M10823,2026-08-26,2060.0
R911989,T30453027,M11713,2026-08-26,615.0
R911990,T30436099,M10931,2026-08-26,1412.0
R911991,T30435976,M11927,2026-08-26,334.0
R911992,T30452753,M11003,2026-08-26,2537.0
R911993,T30437098,M10931,2026-08-26,336.0
R911994,T30448828,M11538,2026-08-26,2752.0
R911995,T30454250,M10211,2026-08-26,1727.0
R911996,T30454286,M11408,2026-08-26,3343.0
R911997,T30449277,M11673,2026-08-26,898.0
R911998,T30449283,M11251,2026-08-26,642.0
R911999,T30454325,M10067,2026-08-26,220.0
R912000,T30436070,M11737,2026-08-26,736.0
R912001,T30453132,M11275,2026-08-26,2491.0
R912002,T30448944,M10931,2026-08-26,2269.0
R912003,T30448956,M11408,2026-08-26,1034.0
R912004,T30454247,M10701,2026-08-26,1803.0
R912005,T30453387,M10892,2026-08-26,417.0
R912006,T30453347,M10493,2026-08-26,6964.0
R912007,T30449045,M10931,2026-08-26,1490.0
R912008,T30454271,M10211,2026-08-26,557.0
R912009,T30449175,M11275,2026-08-26,2454.0
R912010,T30449180,M10022,2026-08-26,612.0
R912011,T30449183,M11720,2026-08-26,425.0
R912012,T30452698,M11003,2026-08-26,2260.0
R912013,T30448717,M10022,2026-08-26,248.0
R912014,T30453343,M10211,2026-08-26,1873.0
R912015,T30435981,M10746,2026-08-26,1474.0
R912016,T30448754,M10419,2026-08-26,281.0
R912017,T30452865,M10746,2026-08-26,1788.0
R912018,T30452672,M11107,2026-08-26,1315.0
R912019,T30454512,M10419,2026-08-26,1293.0
R912020,T30448763,M10823,2026-08-26,1863.0
R912021,T30453345,M11799,2026-08-26,3265.0
R912022,T30436127,M10577,2026-08-26,1570.0
R912023,T30453186,M10577,2026-08-26,1267.0
R912024,T30448782,M11148,2026-08-26,255.0
R912025,T30448816,M11799,2026-08-26,2413.0
R912026,T30454211,M10947,2026-08-26,663.0
R912027,T30449229,M10746,2026-08-26,252.0
R912028,T30435677,M10211,2026-08-26,998.0
R912029,T30452625,M10746,2026-08-26,772.0
R912030,T30454240,M11275,2026-08-26,2366.0
R912031,T30437227,M10211,2026-08-26,1141.0
R912032,T30436035,M10022,2026-08-26,464.0
R912033,T30448638,M10419,2026-08-26,761.0
R912034,T30451011,M10772,2026-08-26,831.0
R912035,T30452512,M11408,2026-08-26,198.0
R912036,T30451418,M10746,2026-08-26,1879.0
R912037,T30436669,M11847,2026-08-26,2193.0
R912038,T30435770,M10022,2026-08-26,588.0
R912039,T30450427,M11927,2026-08-26,1344.0
R912040,T30450419,M11408,2026-08-26,1620.0
R912041,T30450411,M10850,2026-08-26,376.0
R912042,T30451450,M10701,2026-08-26,419.0
R912043,T30450397,M10931,2026-08-26,280.0
R912044,T30436729,M11961,2026-08-26,882.0
R912045,T30435767,M11003,2026-08-26,2355.0
R912046,T30450333,M11171,2026-08-26,1046.0
R912047,T30451475,M10931,2026-08-26,456.0
R912048,T30450286,M11033,2026-08-26,303.0
R912049,T30450251,M11012,2026-08-26,867.0
R912050,T30435856,M10419,2026-08-26,46.0
R912051,T30451520,M11956,2026-08-26,803.0
R912052,T30451561,M10931,2026-08-26,932.0
R912053,T30436739,M10022,2026-08-26,2786.0
R912054,T30451583,M10808,2026-08-26,1940.0
R912055,T30436754,M10211,2026-08-26,1206.0
R912056,T30451611,M10808,2026-08-26,482.0
R912057,T30436463,M10871,2026-08-26,1253.0
R912058,T30454044,M10022,2026-08-26,1416.0
R912059,T30436801,M11846,2026-08-26,705.0
R912060,T30436455,M11894,2026-08-26,441.0
R912061,T30451406,M10746,2026-08-26,963.0
R912062,T30451649,M11927,2026-08-26,1319.0
R912063,T30450470,M10853,2026-08-26,348.0
R912064,T30453967,M10419,2026-08-26,859.0
R912065,T30450924,M10577,2026-08-26,1390.0
R912066,T30450916,M10022,2026-08-26,1671.0
R912067,T30435821,M11033,2026-08-26,482.0
R912068,T30450875,M10701,2026-08-26,1106.0
R912069,T30453910,M10105,2026-08-26,471.0
R912070,T30450823,M11148,2026-08-26,735.0
R912071,T30437308,M11616,2026-08-26,1507.0
R912072,T30435788,M10211,2026-08-26,2185.0
R912073,T30453801,M10853,2026-08-26,1074.0
R912074,T30450797,M11879,2026-08-26,2206.0
R912075,T30436583,M10808,2026-08-26,1139.0
R912076,T30451158,M10931,2026-08-26,2489.0
R912077,T30453769,M10947,2026-08-26,430.0
R912078,T30451189,M11927,2026-08-26,2569.0
R912079,T30436584,M10419,2026-08-26,1579.0
R912080,T30450739,M11379,2026-08-26,3627.0
R912081,T30453748,M11988,2026-08-26,593.0
R912082,T30453746,M10808,2026-08-26,3896.0
R912083,T30436602,M10419,2026-08-26,701.0
R912084,T30451273,M11939,2026-08-26,466.0
R912085,T30436528,M11143,2026-08-26,530.0
R912086,T30451286,M11713,2026-08-26,4496.0
R912087,T30451353,M10678,2026-08-26,2743.0
R912088,T30451354,M11275,2026-08-26,557.0
R912089,T30450681,M11160,2026-08-26,746.0
R912090,T30436663,M11879,2026-08-26,495.0
R912091,T30436816,M10931,2026-08-26,378.0
R912092,T30450097,M10729,2026-08-26,341.0
R912093,T30450091,M10577,2026-08-26,2157.0
R912094,T30452069,M10577,2026-08-26,1716.0
R912095,T30449686,M11408,2026-08-26,1477.0
R912096,T30452091,M10947,2026-08-26,1454.0
R912097,T30452099,M10931,2026-08-26,679.0
R912098,T30436224,M11062,2026-08-26,225.0
R912099,T30436218,M10931,2026-08-26,829.0
R912100,T30453546,M10211,2026-08-26,87.0
R912101,T30453544,M10947,2026-08-26,368.0
R912102,T30449620,M10211,2026-08-26,832.0
R912103,T30449617,M10808,2026-08-26,1423.0
R912104,T30449566,M10931,2026-08-26,939.0
R912105,T30449562,M10931,2026-08-26,1153.0
R912106,T30437014,M10211,2026-08-26,939.0
R912107,T30452343,M11988,2026-08-26,193.0
R912108,T30454110,M11927,2026-08-26,401.0
R912109,T30449468,M11927,2026-08-26,1952.0
R912110,T30452432,M11003,2026-08-26,600.0
R912111,T30437046,M10419,2026-08-26,518.0
R912112,T30452485,M10606,2026-08-26,967.0
R912113,T30453465,M11927,2026-08-26,727.0
R912114,T30435753,M10419,2026-08-26,1066.0
R912115,T30449419,M11612,2026-08-26,1187.0
R912116,T30453460,M10419,2026-08-26,1247.0
R912117,T30449372,M11851,2026-08-26,1130.0
R912118,T30452506,M11315,2026-08-26,2003.0
R912119,T30436227,M10746,2026-08-26,636.0
R912120,T30452046,M10577,2026-08-26,355.0
R912121,T30452044,M10808,2026-08-26,707.0
R912122,T30451005,M11616,2026-08-26,1327.0
R912123,T30451650,M11003,2026-08-26,291.0
R912124,T30450068,M11363,2026-08-26,151.0
R912125,T30451673,M10746,2026-08-26,154.0
R912126,T30450052,M11408,2026-08-26,752.0
R912127,T30454053,M10931,2026-08-26,722.0
R912128,T30451708,M10947,2026-08-26,1170.0
R912129,T30450030,M10965,2026-08-26,1566.0
R912130,T30450029,M10822,2026-08-26,991.0
R912131,T30454064,M11003,2026-08-26,1415.0
R912132,T30449982,M10211,2026-08-26,606.0
R912133,T30449945,M11062,2026-08-26,1229.0
R912134,T30435870,M11879,2026-08-26,839.0
R912135,T30452550,M10931,2026-08-26,1252.0
R912136,T30454065,M11932,2026-08-26,1754.0
R912137,T30451843,M10577,2026-08-26,910.0
R912138,T30449868,M10577,2026-08-26,2253.0
R912139,T30451844,M10457,2026-08-26,925.0
R912140,T30451872,M11408,2026-08-26,746.0
R912141,T30436281,M10211,2026-08-26,3014.0
R912142,T30435882,M11974,2026-08-26,1298.0
R912143,T30449799,M10577,2026-08-26,1657.0
R912144,T30451928,M11003,2026-08-26,832.0
R912145,T30451934,M11908,2026-08-26,1655.0
R912146,T30449759,M11003,2026-08-26,316.0
R912147,T30453598,M10931,2026-08-26,442.0
R912148,T30451966,M11927,2026-08-26,882.0
R912149,T30436909,M10947,2026-08-26,179.0
R912150,T30450821,M10540,2026-08-26,146.0
R912151,T30437862,M10022,2026-08-26,626.0
R912152,T30448514,M10931,2026-08-26,529.0
R912153,T30439194,M10022,2026-08-26,577.0
R912154,T30439185,M11003,2026-08-26,728.0
R912155,T30439150,M11538,2026-08-26,1339.0
R912156,T30443163,M11642,2026-08-26,2364.0
R912157,T30443244,M10931,2026-08-26,411.0
R912158,T30439099,M11003,2026-08-26,1330.0
R912159,T30443283,M10577,2026-08-26,1884.0
R912160,T30443054,M11845,2026-08-26,1023.0
R912161,T30472624,M10273,2026-08-26,533.0
R912162,T30443363,M10022,2026-08-26,2454.0
R912163,T30443414,M10931,2026-08-26,1266.0
R912164,T30471752,M11996,2026-08-26,1460.0
R912165,T30443515,M10947,2026-08-26,1062.0
R912166,T30443518,M10947,2026-08-26,802.0
R912167,T30443545,M10105,2026-08-26,573.0
R912168,T30471021,M10989,2026-08-26,21359.0
R912169,T30472571,M10567,2026-08-26,3034.0
R912170,T30443020,M11252,2026-08-26,2100.0
R912171,T30439220,M10677,2026-08-26,1328.0
R912172,T30442853,M10592,2026-08-26,311.0
R912173,T30442453,M11403,2026-08-26,489.0
R912174,T30442456,M10419,2026-08-26,916.0
R912175,T30442461,M11275,2026-08-26,150.0
R912176,T30442467,M11720,2026-08-26,993.0
R912177,T30442493,M11930,2026-08-26,206.0
R912178,T30442522,M11710,2026-08-26,902.0
R912179,T30442569,M11003,2026-08-26,2223.0
R912180,T30442637,M10419,2026-08-26,1158.0
R912181,T30442649,M11616,2026-08-26,1230.0
R912182,T30442655,M11038,2026-08-26,828.0
R912183,T30442662,M10931,2026-08-26,1461.0
R912184,T30416606,M10577,2026-08-26,300.0
R912185,T30442731,M10931,2026-08-26,558.0
R912186,T30442740,M10491,2026-08-26,849.0
R912187,T30442794,M10931,2026-08-26,978.0
R912188,T30472763,M10947,2026-08-26,755.0
R912189,T30442848,M10419,2026-08-26,789.0
R912190,T30470952,M11828,2026-08-26,2915.0
R912191,T30442369,M10746,2026-08-26,128.0
R912192,T30438984,M10936,2026-08-26,2021.0
R912193,T30470342,M11134,2026-08-26,1901.0
R912194,T30438794,M10022,2026-08-26,339.0
R912195,T30438768,M10746,2026-08-26,259.0
R912196,T30454524,M11737,2026-08-26,734.0
R912197,T30444569,M11927,2026-08-26,692.0
R912198,T30444579,M10022,2026-08-26,1343.0
R912199,T30444597,M10577,2026-08-26,708.0
R912200,T30444640,M10577,2026-08-26,199.0
R912201,T30444359,M10032,2026-08-26,196.0
R912202,T30444692,M11400,2026-08-26,2055.0
R912203,T30444763,M10577,2026-08-26,2361.0
R912204,T30444772,M10947,2026-08-26,2446.0
R912205,T30467292,M10931,2026-08-26,554.0
R912206,T30444860,M11616,2026-08-26,990.0
R912207,T30444863,M11879,2026-08-26,1432.0
R912208,T30444864,M11938,2026-08-26,1040.0
R912209,T30438547,M11616,2026-08-26,835.0
R912210,T30438652,M11404,2026-08-26,465.0
R912211,T30444311,M11927,2026-08-26,1192.0
R912212,T30438813,M10419,2026-08-26,1124.0
R912213,T30438819,M10577,2026-08-26,371.0
R912214,T30438940,M10211,2026-08-26,1452.0
R912215,T30443756,M10808,2026-08-26,3562.0
R912216,T30419820,M11591,2026-08-26,789.0
R912217,T30443813,M11482,2026-08-26,372.0
R912218,T30443840,M10211,2026-08-26,1380.0
R912219,T30443874,M11939,2026-08-26,646.0
R912220,T30438889,M10022,2026-08-26,1526.0
R912221,T30443973,M10922,2026-08-26,681.0
R912222,T30444000,M10022,2026-08-26,206.0
R912223,T30444066,M10022,2026-08-26,1026.0
R912224,T30438852,M11408,2026-08-26,883.0
R912225,T30438835,M10808,2026-08-26,1154.0
R912226,T30469565,M11229,2026-08-26,1068.0
R912227,T30444139,M10931,2026-08-26,429.0
R912228,T30444213,M11879,2026-08-26,242.0
R912229,T30444214,M10746,2026-08-26,1478.0
R912230,T30444256,M10211,2026-08-26,1915.0
R912231,T30418699,M11502,2026-08-26,12523.0
R912232,T30416104,M10042,2026-08-26,2515.0
R912233,T30442294,M11906,2026-08-26,383.0
R912234,T30442277,M10491,2026-08-26,279.0
R912235,T30440011,M10577,2026-08-26,1238.0
R912236,T30485588,M10054,2026-08-26,136.0
R912237,T30440627,M10419,2026-08-26,1377.0
R912238,T30440628,M11408,2026-08-26,1245.0
R912239,T30439985,M10419,2026-08-26,814.0
R912240,T30440660,M10211,2026-08-26,775.0
R912241,T30440717,M10419,2026-08-26,2343.0
R912242,T30440525,M10947,2026-08-26,626.0
R912243,T30481712,M10577,2026-08-26,4432.0
R912244,T30440794,M11616,2026-08-26,967.0
R912245,T30440827,M11482,2026-08-26,1592.0
R912246,T30480875,M12007,2026-08-26,6068.0
R912247,T30439888,M11974,2026-08-26,825.0
R912248,T30480299,M12004,2026-08-26,3109.0
R912249,T30441000,M10828,2026-08-26,706.0
R912250,T30441038,M10022,2026-08-26,211.0
R912251,T30440759,M11642,2026-08-26,754.0
R912252,T30440516,M11288,2026-08-26,1572.0
R912253,T30486567,M11816,2026-08-26,598.0
R912254,T30486685,M10650,2026-08-26,8526.0
R912255,T30440111,M10419,2026-08-26,622.0
R912256,T30440172,M10022,2026-08-26,884.0
R912257,T30440186,M10701,2026-08-26,526.0
R912258,T30489769,M11769,2026-08-26,8104.0
R912259,T30489648,M10989,2026-08-26,923.0
R912260,T30440217,M10808,2026-08-26,270.0
R912261,T30489627,M10419,2026-08-26,336.0
R912262,T30440234,M11408,2026-08-26,588.0
R912263,T30440238,M11602,2026-08-26,1594.0
R912264,T30440253,M11267,2026-08-26,256.0
R912265,T30440093,M11043,2026-08-26,633.0
R912266,T30440291,M11602,2026-08-26,408.0
R912267,T30440305,M10931,2026-08-26,2261.0
R912268,T30440374,M11949,2026-08-26,581.0
R912269,T30488351,M10032,2026-08-26,860.0
R912270,T30440399,M11251,2026-08-26,394.0
R912271,T30488216,M11907,2026-08-26,4098.0
R912272,T30441062,M11178,2026-08-26,621.0
R912273,T30441078,M11408,2026-08-26,3207.0
R912274,T30408813,M10989,2026-08-26,12822.0
R912275,T30409062,M10577,2026-08-26,717.0
R912276,T30476313,M10931,2026-08-26,2335.0
R912277,T30441779,M10419,2026-08-26,1126.0
R912278,T30441801,M10922,2026-08-26,357.0
R912279,T30439630,M10565,2026-08-26,899.0
R912280,T30411752,M11217,2026-08-26,8494.0
R912281,T30439611,M10931,2026-08-26,298.0
R912282,T30441873,M10746,2026-08-26,963.0
R912283,T30441880,M10577,2026-08-26,1783.0
R912284,T30412240,M10493,2026-08-26,3433.0
R912285,T30475336,M10211,2026-08-26,324.0
R912286,T30441984,M10931,2026-08-26,2708.0
R912287,T30441995,M10577,2026-08-26,6382.0
R912288,T30412770,M11407,2026-08-26,1567.0
R912289,T30439514,M11275,2026-08-26,1152.0
R912290,T30442131,M11235,2026-08-26,1360.0
R912291,T30439510,M10947,2026-08-26,524.0
R912292,T30442206,M11275,2026-08-26,4408.0
R912293,T30476321,M11812,2026-08-26,983.0
R912294,T30444910,M10931,2026-08-26,1436.0
R912295,T30439662,M10577,2026-08-26,844.0
R912296,T30411709,M11616,2026-08-26,522.0
R912297,T30441180,M11830,2026-08-26,943.0
R912298,T30441201,M10211,2026-08-26,864.0
R912299,T30441212,M11927,2026-08-26,1938.0
R912300,T30441219,M11408,2026-08-26,3335.0
R912301,T30409198,M11798,2026-08-26,13191.0
R912302,T30477815,M11941,2026-08-26,926.0
R912303,T30477720,M11033,2026-08-26,1302.0
R912304,T30441316,M10577,2026-08-26,568.0
R912305,T30441363,M10746,2026-08-26,1335.0
R912306,T30441390,M10419,2026-08-26,389.0
R912307,T30441448,M10985,2026-08-26,2025.0
R912308,T30409996,M10022,2026-08-26,673.0
R912309,T30410512,M11003,2026-08-26,2336.0
R912310,T30441516,M10022,2026-08-26,738.0
R912311,T30441543,M10814,2026-08-26,831.0
R912312,T30439715,M11275,2026-08-26,5905.0
R912313,T30476800,M10650,2026-08-26,2525.0
R912314,T30476471,M10063,2026-08-26,1264.0
R912315,T30444965,M10577,2026-08-26,983.0
R912316,T30444480,M10211,2026-08-26,388.0
R912317,T30444992,M10211,2026-08-26,875.0
R912318,T30447152,M10211,2026-08-26,1248.0
R912319,T30431809,M10746,2026-08-26,1179.0
R912320,T30447064,M10211,2026-08-26,606.0
R912321,T30447048,M11408,2026-08-26,1150.0
R912322,T30447983,M10746,2026-08-26,219.0
R912323,T30447039,M11404,2026-08-26,457.0
R912324,T30447996,M11655,2026-08-26,1695.0
R912325,T30448013,M10931,2026-08-26,225.0
R912326,T30444989,M10931,2026-08-26,1329.0
R912327,T30447018,M10678,2026-08-26,2167.0
R912328,T30447008,M11408,2026-08-26,1440.0
R912329,T30447005,M10853,2026-08-26,2736.0
R912330,T30430894,M10107,2026-08-26,1502.0
R912331,T30447167,M10211,2026-08-26,345.0
R912332,T30446939,M10679,2026-08-26,1033.0
R912333,T30448041,M10491,2026-08-26,157.0
R912334,T30446836,M11688,2026-08-26,578.0
R912335,T30446799,M10947,2026-08-26,1085.0
R912336,T30437810,M10931,2026-08-26,1435.0
R912337,T30448128,M10931,2026-08-26,253.0
R912338,T30446538,M11275,2026-08-26,577.0
R912339,T30446504,M11116,2026-08-26,2635.0
R912340,T30437393,M10577,2026-08-26,957.0
R912341,T30448151,M11379,2026-08-26,1273.0
R912342,T30428628,M10419,2026-08-26,158.0
R912343,T30446254,M10867,2026-08-26,1865.0
R912344,T30446244,M10457,2026-08-26,203.0
R912345,T30438006,M10808,2026-08-26,320.0
R912346,T30459662,M11988,2026-08-26,641.0
R912347,T30446184,M11927,2026-08-26,569.0
R912348,T30458863,M10968,2026-08-26,1870.0
R912349,T30447982,M11408,2026-08-26,269.0
R912350,T30447717,M10931,2026-08-26,658.0
R912351,T30437462,M10853,2026-08-26,3026.0
R912352,T30437447,M11408,2026-08-26,698.0
R912353,T30447699,M11275,2026-08-26,1402.0
R912354,T30437472,M11927,2026-08-26,583.0
R912355,T30457399,M11134,2026-08-26,705.0
R912356,T30447617,M10419,2026-08-26,1667.0
R912357,T30447539,M11837,2026-08-26,1060.0
R912358,T30437436,M11404,2026-08-26,1197.0
R912359,T30437480,M11330,2026-08-26,479.0
R912360,T30434683,M10022,2026-08-26,459.0
R912361,T30456944,M10867,2026-08-26,245.0
R912362,T30433420,M10743,2026-08-26,15155.0
R912363,T30431989,M11907,2026-08-26,12853.0
R912364,T30447453,M11408,2026-08-26,351.0
R912365,T30447437,M11003,2026-08-26,1288.0
R912366,T30456210,M10032,2026-08-26,195.0
R912367,T30458013,M11798,2026-08-26,7524.0
R912368,T30437538,M10931,2026-08-26,362.0
R912369,T30447410,M10701,2026-08-26,665.0
R912370,T30432832,M11193,2026-08-26,1442.0
R912371,T30447363,M11616,2026-08-26,2604.0
R912372,T30458622,M11275,2026-08-26,359.0
R912373,T30447932,M11403,2026-08-26,2052.0
R912374,T30456026,M10853,2026-08-26,3828.0
R912375,T30432241,M11769,2026-08-26,8279.0
R912376,T30447317,M10746,2026-08-26,606.0
R912377,T30447222,M11843,2026-08-26,1954.0
R912378,T30437509,M10746,2026-08-26,1550.0
R912379,T30446129,M10704,2026-08-26,617.0
R912380,T30437966,M10577,2026-08-26,783.0
R912381,T30463162,M11717,2026-08-26,594.0
R912382,T30445326,M10746,2026-08-26,319.0
R912383,T30448409,M10211,2026-08-26,1346.0
R912384,T30448383,M10931,2026-08-26,222.0
R912385,T30466141,M10650,2026-08-26,7853.0
R912386,T30448353,M10808,2026-08-26,413.0
R912387,T30438229,M11408,2026-08-26,1002.0
R912388,T30435587,M11982,2026-08-26,581.0
R912389,T30435566,M11713,2026-08-26,1297.0
R912390,T30437353,M11251,2026-08-26,1413.0
R912391,T30445597,M10419,2026-08-26,1071.0
R912392,T30445601,M11851,2026-08-26,753.0
R912393,T30446105,M11275,2026-08-26,913.0
R912394,T30445606,M10746,2026-08-26,355.0
R912395,T30445621,M11908,2026-08-26,772.0
R912396,T30445556,M11793,2026-08-26,836.0
R912397,T30445296,M10419,2026-08-26,236.0
R912398,T30445274,M11296,2026-08-26,652.0
R912399,T30445240,M10931,2026-08-26,465.0
R912400,T30445024,M11939,2026-08-26,2699.0
R912401,T30438395,M10419,2026-08-26,890.0
R912402,T30445037,M11275,2026-08-26,302.0
R912403,T30438358,M10211,2026-08-26,718.0
R912404,T30445090,M11275,2026-08-26,155.0
R912405,T30466857,M11739,2026-08-26,92.0
R912406,T30448498,M11616,2026-08-26,1040.0
R912407,T30445102,M10999,2026-08-26,913.0
R912408,T30445127,M11408,2026-08-26,894.0
R912409,T30448467,M10746,2026-08-26,2056.0
R912410,T30438344,M10577,2026-08-26,1654.0
R912411,T30438335,M10022,2026-08-26,91.0
R912412,T30448448,M11408,2026-08-26,636.0
R912413,T30425507,M11616,2026-08-26,142.0
R912414,T30445227,M10577,2026-08-26,682.0
R912415,T30445646,M10577,2026-08-26,220.0
R912416,T30465419,M10022,2026-08-26,335.0
R912417,T30447752,M11275,2026-08-26,750.0
R912418,T30437385,M10808,2026-08-26,1614.0
R912419,T30445896,M10931,2026-08-26,574.0
R912420,T30438125,M11012,2026-08-26,3675.0
R912421,T30438150,M11616,2026-08-26,1373.0
R912422,T30427453,M10931,2026-08-26,1630.0
R912423,T30435552,M11275,2026-08-26,1250.0
R912424,T30446004,M10931,2026-08-26,459.0
R912425,T30426776,M11003,2026-08-26,1067.0
R912426,T30438064,M10638,2026-08-26,430.0
R912427,T30445921,M10931,2026-08-26,1753.0
R912428,T30445780,M10746,2026-08-26,903.0
R912429,T30427812,M11858,2026-08-26,125.0
R912430,T30445745,M10808,2026-08-26,446.0
R912431,T30445704,M10022,2026-08-26,1045.0
R912432,T30438133,M10808,2026-08-26,1002.0
R912433,T30454885,M10989,2026-08-26,9201.0
R912434,T30448297,M10962,2026-08-26,2249.0
R912435,T30435615,M10419,2026-08-27,477.0
R912436,T30435508,M11275,2026-08-27,2555.0
R912437,T30453395,M10931,2026-08-27,587.0
R912438,T30435651,M11927,2026-08-27,151.0
R912439,T30454442,M10577,2026-08-27,1048.0
R912440,T30457066,M11033,2026-08-27,745.0
R912441,T30490538,M10947,2026-08-27,1329.0
R912442,T30435597,M10022,2026-08-27,351.0
R912443,T30485770,M11911,2026-08-27,2431.0
R912444,T30454525,M10746,2026-08-27,439.0
R912445,T30480374,M10989,2026-08-27,16637.0
R912446,T30454545,M10746,2026-08-27,311.0
R912447,T30454435,M10604,2026-08-27,829.0
R912448,T30454429,M10577,2026-08-27,501.0
R912449,T30454560,M11616,2026-08-27,689.0
R912450,T30487459,M11249,2026-08-27,801.0
R912451,T30453411,M11855,2026-08-27,1399.0
R912452,T30488928,M11193,2026-08-27,896.0
R912453,T30435500,M10022,2026-08-27,178.0
R912454,T30435465,M11713,2026-08-27,1670.0
R912455,T30454411,M11974,2026-08-27,582.0
R912456,T30454373,M11642,2026-08-27,781.0
R912457,T30479149,M10862,2026-08-27,270.0
R912458,T30435678,M10931,2026-08-27,3989.0
R912459,T30480756,M10419,2026-08-27,922.0
R912460,T30435507,M11003,2026-08-27,295.0
R912461,T30479973,M10650,2026-08-27,3935.0
R912462,T30453669,M10022,2026-08-27,997.0
R912463,T30477672,M11907,2026-08-27,12549.0
R912464,T30428416,M11408,2026-08-27,938.0
R912465,T30453735,M11927,2026-08-27,1638.0
R912466,T30453743,M10853,2026-08-27,1396.0
R912467,T30463206,M11507,2026-08-27,4826.0
R912468,T30426804,M11941,2026-08-27,869.0
R912469,T30470343,M10032,2026-08-27,650.0
R912470,T30469871,M11275,2026-08-27,230.0
R912471,T30453777,M10746,2026-08-27,1139.0
R912472,T30420503,M10022,2026-08-27,299.0
R912473,T30465774,M11408,2026-08-27,827.0
R912474,T30469564,M11434,2026-08-27,3356.0
R912475,T30454074,M11143,2026-08-27,794.0
R912476,T30466216,M10419,2026-08-27,416.0
R912477,T30421477,M11899,2026-08-27,715.0
R912478,T30466228,M11825,2026-08-27,869.0
R912479,T30468948,M10022,2026-08-27,418.0
R912480,T30425513,M11003,2026-08-27,2170.0
R912481,T30468194,M11365,2026-08-27,1241.0
R912482,T30468061,M10211,2026-08-27,1182.0
R912483,T30423307,M10746,2026-08-27,608.0
R912484,T30454010,M10419,2026-08-27,1730.0
R912485,T30453980,M11003,2026-08-27,2925.0
R912486,T30425169,M11003,2026-08-27,434.0
R912487,T30453973,M11003,2026-08-27,813.0
R912488,T30421409,M10577,2026-08-27,114.0
R912489,T30429144,M11408,2026-08-27,961.0
R912490,T30435754,M11687,2026-08-27,2007.0
R912491,T30429412,M11907,2026-08-27,4106.0
R912492,T30453496,M10853,2026-08-27,112.0
R912493,T30433710,M11532,2026-08-27,760.0
R912494,T30454222,M10022,2026-08-27,796.0
R912495,T30453552,M10022,2026-08-27,482.0
R912496,T30454191,M11927,2026-08-27,3480.0
R912497,T30475982,M12003,2026-08-27,801.0
R912498,T30435907,M11408,2026-08-27,864.0
R912499,T30475053,M11275,2026-08-27,359.0
R912500,T30412921,M11217,2026-08-27,2583.0
R912501,T30474562,M10808,2026-08-27,756.0
R912502,T30415070,M10746,2026-08-27,3854.0
R912503,T30454147,M10808,2026-08-27,895.0
R912504,T30415987,M10577,2026-08-27,1547.0
R912505,T30473742,M10022,2026-08-27,372.0
R912506,T30454109,M10022,2026-08-27,980.0
R912507,T30473571,M10104,2026-08-27,821.0
R912508,T30473469,M10947,2026-08-27,1388.0
R912509,T30459699,M10746,2026-08-27,510.0
R912510,T30430702,M10273,2026-08-27,589.0
R912511,T30459805,M10931,2026-08-27,558.0
R912512,T30430440,M11927,2026-08-27,458.0
R912513,T30460365,M11003,2026-08-27,939.0
R912514,T30453303,M11275,2026-08-27,1835.0
R912515,T30454082,M10746,2026-08-27,691.0
R912516,T30429587,M11009,2026-08-27,3039.0
R912517,T30454269,M10808,2026-08-27,1320.0
R912518,T30440116,M10419,2026-08-27,1583.0
R912519,T30449426,M10889,2026-08-27,898.0
R912520,T30453244,M10753,2026-08-27,548.0
R912521,T30439751,M11023,2026-08-27,1499.0
R912522,T30441372,M11597,2026-08-27,502.0
R912523,T30441371,M10419,2026-08-27,191.0
R912524,T30438049,M11363,2026-08-27,1241.0
R912525,T30446080,M10746,2026-08-27,1576.0
R912526,T30446171,M10638,2026-08-27,2357.0
R912527,T30438014,M11793,2026-08-27,127.0
R912528,T30439741,M11793,2026-08-27,663.0
R912529,T30446193,M10638,2026-08-27,906.0
R912530,T30446217,M10931,2026-08-27,645.0
R912531,T30446260,M10931,2026-08-27,738.0
R912532,T30441314,M11116,2026-08-27,1228.0
R912533,T30446265,M11602,2026-08-27,340.0
R912534,T30441312,M10211,2026-08-27,437.0
R912535,T30439767,M10211,2026-08-27,523.0
R912536,T30446287,M11793,2026-08-27,442.0
R912537,T30441340,M11754,2026-08-27,204.0
R912538,T30446304,M10211,2026-08-27,3647.0
R912539,T30441459,M10931,2026-08-27,2124.0
R912540,T30446051,M11793,2026-08-27,2252.0
R912541,T30445784,M11846,2026-08-27,2627.0
R912542,T30441661,M10746,2026-08-27,1144.0
R912543,T30445791,M11956,2026-08-27,2042.0
R912544,T30445799,M11408,2026-08-27,940.0
R912545,T30441594,M11619,2026-08-27,480.0
R912546,T30441591,M11003,2026-08-27,165.0
R912547,T30439706,M11275,2026-08-27,894.0
R912548,T30446061,M11841,2026-08-27,1909.0
R912549,T30441509,M10419,2026-08-27,986.0
R912550,T30445813,M10853,2026-08-27,221.0
R912551,T30445837,M11616,2026-08-27,763.0
R912552,T30438120,M10704,2026-08-27,1313.0
R912553,T30445914,M11408,2026-08-27,901.0
R912554,T30438100,M10577,2026-08-27,2738.0
R912555,T30445964,M11574,2026-08-27,315.0
R912556,T30446016,M11642,2026-08-27,358.0
R912557,T30445810,M10419,2026-08-27,2703.0
R912558,T30445655,M11180,2026-08-27,1190.0
R912559,T30446305,M10211,2026-08-27,791.0
R912560,T30441276,M10419,2026-08-27,400.0
R912561,T30440888,M11354,2026-08-27,3986.0
R912562,T30446958,M11927,2026-08-27,359.0
R912563,T30446988,M10746,2026-08-27,1418.0
R912564,T30440879,M11927,2026-08-27,328.0
R912565,T30439900,M10577,2026-08-27,1158.0
R912566,T30437747,M11637,2026-08-27,1320.0
R912567,T30440864,M10947,2026-08-27,995.0
R912568,T30446887,M11400,2026-08-27,3122.0
R912569,T30437640,M10211,2026-08-27,853.0
R912570,T30439918,M10211,2026-08-27,770.0
R912571,T30437626,M10808,2026-08-27,1609.0
R912572,T30447237,M10814,2026-08-27,1832.0
R912573,T30437606,M10853,2026-08-27,4031.0
R912574,T30443356,M11264,2026-08-27,270.0
R912575,T30440749,M11927,2026-08-27,1234.0
R912576,T30447366,M11400,2026-08-27,572.0
R912577,T30447175,M11927,2026-08-27,972.0
R912578,T30446314,M10947,2026-08-27,1181.0
R912579,T30446883,M10947,2026-08-27,2067.0
R912580,T30446849,M10419,2026-08-27,129.0
R912581,T30441245,M10419,2026-08-27,555.0
R912582,T30446346,M11136,2026-08-27,337.0
R912583,T30439835,M10931,2026-08-27,1279.0
R912584,T30441155,M10419,2026-08-27,927.0
R912585,T30441141,M10746,2026-08-27,789.0
R912586,T30446375,M11956,2026-08-27,510.0
R912587,T30439843,M10746,2026-08-27,554.0
R912588,T30440971,M10931,2026-08-27,2361.0
R912589,T30446398,M11616,2026-08-27,862.0
R912590,T30446529,M10577,2026-08-27,342.0
R912591,T30441011,M10931,2026-08-27,1017.0
R912592,T30446633,M11616,2026-08-27,839.0
R912593,T30446663,M10853,2026-08-27,1255.0
R912594,T30440980,M10947,2026-08-27,2894.0
R912595,T30439853,M10419,2026-08-27,366.0
R912596,T30437788,M11003,2026-08-27,661.0
R912597,T30446503,M11974,2026-08-27,1511.0
R912598,T30447429,M10746,2026-08-27,1012.0
R912599,T30436010,M11927,2026-08-27,1448.0
R912600,T30445636,M11003,2026-08-27,1618.0
R912601,T30444154,M11400,2026-08-27,283.0
R912602,T30444161,M11879,2026-08-27,1017.0
R912603,T30442689,M10577,2026-08-27,660.0
R912604,T30444232,M10823,2026-08-27,544.0
R912605,T30444243,M10814,2026-08-27,840.0
R912606,T30444308,M11400,2026-08-27,231.0
R912607,T30442549,M11033,2026-08-27,839.0
R912608,T30444133,M10947,2026-08-27,965.0
R912609,T30438793,M10808,2026-08-27,1181.0
R912610,T30442485,M11408,2026-08-27,2117.0
R912611,T30444422,M10577,2026-08-27,517.0
R912612,T30444424,M10022,2026-08-27,719.0
R912613,T30442445,M11374,2026-08-27,1623.0
R912614,T30438750,M10419,2026-08-27,406.0
R912615,T30442393,M11117,2026-08-27,1277.0
R912616,T30442314,M10211,2026-08-27,1143.0
R912617,T30442489,M10590,2026-08-27,835.0
R912618,T30444581,M10577,2026-08-27,1490.0
R912619,T30442714,M10419,2026-08-27,1592.0
R912620,T30443911,M11003,2026-08-27,962.0
R912621,T30443345,M11927,2026-08-27,1040.0
R912622,T30443552,M10931,2026-08-27,1578.0
R912623,T30438988,M11971,2026-08-27,297.0
R912624,T30443629,M11482,2026-08-27,3052.0
R912625,T30443306,M11846,2026-08-27,275.0
R912626,T30443722,M11932,2026-08-27,569.0
R912627,T30443296,M11616,2026-08-27,5487.0
R912628,T30438878,M10947,2026-08-27,660.0
R912629,T30443730,M11602,2026-08-27,180.0
R912630,T30439113,M10211,2026-08-27,749.0
R912631,T30443117,M11277,2026-08-27,503.0
R912632,T30443779,M11826,2026-08-27,333.0
R912633,T30443781,M11927,2026-08-27,686.0
R912634,T30438918,M10931,2026-08-27,1499.0
R912635,T30443862,M10746,2026-08-27,448.0
R912636,T30442830,M10211,2026-08-27,871.0
R912637,T30443737,M11082,2026-08-27,435.0
R912638,T30439665,M10419,2026-08-27,890.0
R912639,T30442296,M10803,2026-08-27,892.0
R912640,T30438698,M11846,2026-08-27,816.0
R912641,T30441954,M10577,2026-08-27,1523.0
R912642,T30445151,M10577,2026-08-27,2851.0
R912643,T30438348,M10022,2026-08-27,981.0
R912644,T30441922,M11812,2026-08-27,6556.0
R912645,T30438316,M11906,2026-08-27,1328.0
R912646,T30445254,M11837,2026-08-27,845.0
R912647,T30438273,M10126,2026-08-27,500.0
R912648,T30439552,M10808,2026-08-27,447.0
R912649,T30445348,M10211,2026-08-27,1092.0
R912650,T30445443,M11482,2026-08-27,1315.0
R912651,T30439625,M10931,2026-08-27,338.0
R912652,T30438184,M11597,2026-08-27,1052.0
R912653,T30445526,M10947,2026-08-27,970.0
R912654,T30441770,M10613,2026-08-27,1576.0
R912655,T30439637,M10746,2026-08-27,402.0
R912656,T30445617,M10620,2026-08-27,219.0
R912657,T30439576,M11732,2026-08-27,1056.0
R912658,T30439465,M11927,2026-08-27,153.0
R912659,T30445091,M10985,2026-08-27,3192.0
R912660,T30445058,M11799,2026-08-27,1639.0
R912661,T30439466,M11713,2026-08-27,964.0
R912662,T30444642,M10414,2026-08-27,778.0
R912663,T30438664,M10947,2026-08-27,392.0
R912664,T30442202,M10931,2026-08-27,2488.0
R912665,T30444731,M11408,2026-08-27,291.0
R912666,T30438595,M10746,2026-08-27,287.0
R912667,T30442179,M11908,2026-08-27,288.0
R912668,T30445059,M10729,2026-08-27,1660.0
R912669,T30442148,M11616,2026-08-27,303.0
R912670,T30444840,M11899,2026-08-27,977.0
R912671,T30438553,M10419,2026-08-27,820.0
R912672,T30444851,M10022,2026-08-27,1450.0
R912673,T30444881,M11408,2026-08-27,1037.0
R912674,T30445052,M11252,2026-08-27,1827.0
R912675,T30438387,M10211,2026-08-27,301.0
R912676,T30442071,M10126,2026-08-27,1358.0
R912677,T30439513,M11806,2026-08-27,1533.0
R912678,T30440741,M11542,2026-08-27,651.0
R912679,T30437589,M10746,2026-08-27,890.0
R912680,T30447452,M10577,2026-08-27,336.0
R912681,T30450047,M10577,2026-08-27,874.0
R912682,T30436798,M10922,2026-08-27,571.0
R912683,T30450343,M10022,2026-08-27,1085.0
R912684,T30450401,M10067,2026-08-27,955.0
R912685,T30450417,M11906,2026-08-27,2083.0
R912686,T30450440,M10931,2026-08-27,1004.0
R912687,T30436671,M11003,2026-08-27,683.0
R912688,T30449996,M10746,2026-08-27,919.0
R912689,T30450482,M10931,2026-08-27,1253.0
R912690,T30450544,M11275,2026-08-27,1340.0
R912691,T30450555,M10863,2026-08-27,440.0
R912692,T30450804,M10931,2026-08-27,172.0
R912693,T30450844,M10022,2026-08-27,529.0
R912694,T30450878,M10746,2026-08-27,340.0
R912695,T30450903,M10965,2026-08-27,738.0
R912696,T30450905,M11713,2026-08-27,2160.0
R912697,T30450531,M10947,2026-08-27,812.0
R912698,T30436554,M10577,2026-08-27,855.0
R912699,T30449914,M11927,2026-08-27,540.0
R912700,T30449731,M10211,2026-08-27,97.0
R912701,T30449104,M11799,2026-08-27,649.0
R912702,T30447436,M10931,2026-08-27,689.0
R912703,T30449158,M11275,2026-08-27,518.0
R912704,T30449163,M10419,2026-08-27,726.0
R912705,T30449194,M10746,2026-08-27,1430.0
R912706,T30437150,M10577,2026-08-27,1069.0
R912707,T30449217,M10022,2026-08-27,495.0
R912708,T30436924,M10577,2026-08-27,647.0
R912709,T30449250,M10931,2026-08-27,698.0
R912710,T30449338,M10419,2026-08-27,3608.0
R912711,T30440131,M10211,2026-08-27,226.0
R912712,T30449451,M11288,2026-08-27,775.0
R912713,T30449528,M10814,2026-08-27,1111.0
R912714,T30449576,M10808,2026-08-27,4793.0
R912715,T30436997,M10808,2026-08-27,948.0
R912716,T30449705,M11330,2026-08-27,726.0
R912717,T30449317,M10808,2026-08-27,705.0
R912718,T30449052,M11799,2026-08-27,1000.0
R912719,T30451015,M11667,2026-08-27,630.0
R912720,T30451160,M11439,2026-08-27,198.0
R912721,T30452599,M11215,2026-08-27,1588.0
R912722,T30452705,M10022,2026-08-27,564.0
R912723,T30452742,M10931,2026-08-27,872.0
R912724,T30436109,M10022,2026-08-27,2597.0
R912725,T30452881,M11667,2026-08-27,392.0
R912726,T30452897,M10808,2026-08-27,174.0
R912727,T30436087,M10211,2026-08-27,1594.0
R912728,T30452493,M10491,2026-08-27,272.0
R912729,T30453002,M11216,2026-08-27,1717.0
R912730,T30453057,M10746,2026-08-27,270.0
R912731,T30453090,M11275,2026-08-27,386.0
R912732,T30453135,M10922,2026-08-27,2748.0
R912733,T30453152,M10931,2026-08-27,798.0
R912734,T30453185,M11669,2026-08-27,652.0
R912735,T30453198,M11330,2026-08-27,2371.0
R912736,T30436032,M10931,2026-08-27,613.0
R912737,T30436085,M11713,2026-08-27,1591.0
R912738,T30436550,M11908,2026-08-27,1271.0
R912739,T30452492,M10022,2026-08-27,661.0
R912740,T30452229,M10931,2026-08-27,232.0
R912741,T30451182,M10582,2026-08-27,267.0
R912742,T30451213,M11275,2026-08-27,517.0
R912743,T30451239,M10577,2026-08-27,1514.0
R912744,T30451386,M11984,2026-08-27,2073.0
R912745,T30451390,M11023,2026-08-27,156.0
R912746,T30451446,M10922,2026-08-27,1170.0
R912747,T30451463,M11927,2026-08-27,399.0
R912748,T30436214,M10022,2026-08-27,1726.0
R912749,T30451609,M11616,2026-08-27,1793.0
R912750,T30451814,M10947,2026-08-27,527.0
R912751,T30451829,M10931,2026-08-27,412.0
R912752,T30451915,M11713,2026-08-27,1353.0
R912753,T30451962,M11408,2026-08-27,258.0
R912754,T30452035,M11927,2026-08-27,412.0
R912755,T30452179,M10931,2026-08-27,524.0
R912756,T30452212,M10022,2026-08-27,2617.0
R912757,T30451671,M11616,2026-08-27,3219.0
R912758,T30449042,M11003,2026-08-27,1676.0
R912759,T30440146,M10419,2026-08-27,879.0
R912760,T30440106,M10746,2026-08-27,850.0
R912761,T30440457,M11404,2026-08-27,952.0
R912762,T30447897,M11927,2026-08-27,2995.0
R912763,T30447898,M11826,2026-08-27,406.0
R912764,T30440445,M11408,2026-08-27,1120.0
R912765,T30440423,M10577,2026-08-27,307.0
R912766,T30437416,M10931,2026-08-27,300.0
R912767,T30447955,M10823,2026-08-27,672.0
R912768,T30440381,M10931,2026-08-27,217.0
R912769,T30440299,M10947,2026-08-27,299.0
R912770,T30448039,M10947,2026-08-27,3322.0
R912771,T30437405,M11927,2026-08-27,454.0
R912772,T30449020,M10931,2026-08-27,730.0
R912773,T30448082,M10931,2026-08-27,1158.0
R912774,T30448107,M10577,2026-08-27,328.0
R912775,T30448148,M11927,2026-08-27,1358.0
R912776,T30440515,M11927,2026-08-27,1135.0
R912777,T30440549,M11003,2026-08-27,1164.0
R912778,T30440587,M11618,2026-08-27,734.0
R912779,T30447894,M10704,2026-08-27,2042.0
R912780,T30440724,M11641,2026-08-27,1209.0
R912781,T30437494,M11542,2026-08-27,483.0
R912782,T30447480,M11003,2026-08-27,323.0
R912783,T30440707,M11315,2026-08-27,2557.0
R912784,T30440696,M10808,2026-08-27,286.0
R912785,T30447606,M10822,2026-08-27,422.0
R912786,T30440640,M11148,2026-08-27,96.0
R912787,T30448169,M10577,2026-08-27,1193.0
R912788,T30447663,M11408,2026-08-27,1031.0
R912789,T30447681,M10211,2026-08-27,779.0
R912790,T30437461,M10931,2026-08-27,1055.0
R912791,T30447764,M10402,2026-08-27,1451.0
R912792,T30437449,M10577,2026-08-27,6818.0
R912793,T30447871,M11538,2026-08-27,2211.0
R912794,T30447887,M11927,2026-08-27,652.0
R912795,T30447891,M10931,2026-08-27,515.0
R912796,T30440596,M11843,2026-08-27,877.0
R912797,T30448171,M11075,2026-08-27,6836.0
R912798,T30440273,M10931,2026-08-27,1586.0
R912799,T30440216,M11003,2026-08-27,265.0
R912800,T30448507,M11616,2026-08-27,2145.0
R912801,T30448530,M11003,2026-08-27,1427.0
R912802,T30448560,M10947,2026-08-27,2422.0
R912803,T30448595,M11618,2026-08-27,250.0
R912804,T30448688,M11642,2026-08-27,512.0
R912805,T30448689,M11609,2026-08-27,534.0
R912806,T30448699,M11003,2026-08-27,1104.0
R912807,T30448727,M11644,2026-08-27,831.0
R912808,T30437240,M10577,2026-08-27,1968.0
R912809,T30448787,M10822,2026-08-27,3108.0
R912810,T30448797,M10931,2026-08-27,1399.0
R912811,T30448825,M11574,2026-08-27,353.0
R912812,T30437231,M11879,2026-08-27,1508.0
R912813,T30448856,M11098,2026-08-27,2684.0
R912814,T30448907,M11927,2026-08-27,986.0
R912815,T30448490,M11927,2026-08-27,2053.0
R912816,T30448445,M11713,2026-08-27,1977.0
R912817,T30439052,M10947,2026-08-27,1028.0
R912818,T30437327,M11275,2026-08-27,1356.0
R912819,T30448263,M11908,2026-08-27,1243.0
R912820,T30448347,M11003,2026-08-27,784.0
R912821,T30437320,M11180,2026-08-27,1366.0
R912822,T30448423,M10931,2026-08-27,2290.0
R912823,T30448436,M11793,2026-08-27,821.0
R912824,T30437373,M11003,2026-08-27,640.0
R912825,T30437369,M11275,2026-08-27,185.0
R912826,T30448442,M11927,2026-08-27,764.0
R912827,T30448225,M10729,2026-08-27,257.0
R912828,T30448207,M11841,2026-08-27,246.0
R912829,T30440231,M10931,2026-08-27,654.0
R912830,T30495200,M10457,2026-08-28,577.0
R912831,T30476859,M10931,2026-08-28,2023.0
R912832,T30476567,M11719,2026-08-28,175.0
R912833,T30481152,M10032,2026-08-28,888.0
R912834,T30472406,M11778,2026-08-28,3160.0
R912835,T30484650,M10567,2026-08-28,17792.0
R912836,T30492331,M11712,2026-08-28,510.0
R912837,T30478917,M10211,2026-08-28,411.0
R912838,T30480753,M10190,2026-08-28,4903.0
R912839,T30492173,M11907,2026-08-28,6329.0
R912840,T30476076,M11907,2026-08-28,13666.0
R912841,T30477638,M10650,2026-08-28,9439.0
R912842,T30493364,M10577,2026-08-28,755.0
R912843,T30486171,M10211,2026-08-28,1493.0
R912844,T30487222,M11003,2026-08-28,670.0
R912845,T30495119,M10022,2026-08-28,626.0
R912846,T30479776,M11597,2026-08-28,1315.0
R912847,T30495112,M10211,2026-08-28,1137.0
R912848,T30489608,M11855,2026-08-28,1557.0
R912849,T30465480,M11003,2026-08-28,1090.0
R912850,T30427039,M11107,2026-08-28,648.0
R912851,T30433841,M10853,2026-08-28,2057.0
R912852,T30467462,M10947,2026-08-28,1037.0
R912853,T30461999,M10931,2026-08-28,1314.0
R912854,T30436883,M11229,2026-08-28,349.0
R912855,T30451498,M11272,2026-08-28,515.0
R912856,T30455654,M10989,2026-08-28,8710.0
R912857,T30433962,M10022,2026-08-28,822.0
R912858,T30461053,M10042,2026-08-28,5855.0
R912859,T30425865,M10022,2026-08-28,252.0
R912860,T30465641,M11532,2026-08-28,146.0
R912861,T30468548,M11927,2026-08-28,2516.0
R912862,T30421636,M11023,2026-08-28,1572.0
R912863,T30456626,M11724,2026-08-28,447.0
R912864,T30444082,M11368,2026-08-28,683.0
R912865,T30459995,M10989,2026-08-28,4642.0
R912866,T30471490,M11106,2026-08-28,1438.0
R912867,T30449128,M11406,2026-08-28,3477.0
R912868,T30471221,M10577,2026-08-28,1413.0
R912869,T30470507,M11927,2026-08-28,1711.0
R912870,T30470375,M10032,2026-08-28,449.0
R912871,T30460399,M10032,2026-08-28,166.0
R912872,T30458854,M11717,2026-08-28,1946.0
R912873,T30420277,M10931,2026-08-28,407.0
R912874,T30429934,M11275,2026-08-28,826.0
R912875,T30470247,M11907,2026-08-28,7212.0
R912876,T30463281,M10042,2026-08-29,2071.0
R912877,T30483725,M11769,2026-08-29,2119.0
R912878,T30446066,M10314,2026-08-29,1235.0
R912879,T30455045,M11798,2026-08-29,4577.0
R912880,T30488458,M11033,2026-08-29,1357.0
R912881,T30455474,M11434,2026-08-29,2224.0
R912882,T30489155,M11990,2026-08-29,755.0
R912883,T30464958,M11812,2026-08-29,630.0
R912884,T30488206,M11871,2026-08-29,426.0
R912885,T30487513,M11229,2026-08-29,524.0
R912886,T30477872,M11098,2026-08-29,813.0
R912887,T30464718,M11229,2026-08-29,156.0
R912888,T30434801,M11267,2026-08-29,1513.0
R912889,T30434734,M10491,2026-08-29,1585.0
R912890,T30429374,M10931,2026-08-29,1243.0
R912891,T30480072,M12003,2026-08-29,2770.0
R912892,T30485825,M10931,2026-08-29,390.0
R912893,T30456684,M10211,2026-08-29,196.0
R912894,T30485702,M11288,2026-08-29,1058.0
R912895,T30456021,M11218,2026-08-29,723.0
R912896,T30456301,M10022,2026-08-29,2252.0
R912897,T30465845,M10022,2026-08-29,1155.0
R912898,T30431166,M10931,2026-08-29,1627.0
R912899,T30497536,M10746,2026-08-29,289.0
R912900,T30472449,M10577,2026-08-29,241.0
R912901,T30419239,M10419,2026-08-29,766.0
R912902,T30439299,M11752,2026-08-29,2855.0
R912903,T30457915,M11315,2026-08-29,315.0
R912904,T30468468,M10567,2026-08-29,3192.0
R912905,T30422880,M11637,2026-08-29,1737.0
R912906,T30468171,M11927,2026-08-29,539.0
R912907,T30423134,M10577,2026-08-29,1168.0
R912908,T30467913,M11959,2026-08-29,6036.0
R912909,T30423145,M10211,2026-08-29,1071.0
R912910,T30496653,M11434,2026-08-29,2526.0
R912911,T30495739,M11970,2026-08-29,7594.0
R912912,T30495709,M10419,2026-08-29,2004.0
R912913,T30495476,M11668,2026-08-29,2260.0
R912914,T30453400,M10989,2026-08-29,1035.0
R912915,T30474766,M11798,2026-08-29,2975.0
R912916,T30475031,M11856,2026-08-29,1764.0
R912917,T30450763,M10032,2026-08-29,1152.0
R912918,T30483460,M10022,2026-08-29,2028.0
R912919,T30475522,M10341,2026-08-29,2156.0
R912920,T30466547,M10746,2026-08-29,1340.0
R912921,T30492260,M10931,2026-08-29,4248.0
R912922,T30431802,M10211,2026-08-29,892.0
R912923,T30491400,M10314,2026-08-29,139.0
R912924,T30418375,M11394,2026-08-29,775.0
R912925,T30491063,M10403,2026-08-29,670.0
R912926,T30490607,M11999,2026-08-29,262.0
R912927,T30459185,M11532,2026-08-29,486.0
R912928,T30449016,M11249,2026-08-29,500.0
R912929,T30430241,M11884,2026-08-29,647.0
R912930,T30472284,M11941,2026-08-30,138.0
R912931,T30434035,M10022,2026-08-30,1526.0
R912932,T30486133,M10022,2026-08-30,851.0
R912933,T30486942,M11618,2026-08-30,1541.0
R912934,T30456241,M11825,2026-08-30,582.0
R912935,T30489006,M11188,2026-08-30,6014.0
R912936,T30482728,M10032,2026-08-30,133.0
R912937,T30490475,M10211,2026-08-30,333.0
R912938,T30491845,M10341,2026-08-30,9106.0
R912939,T30492829,M11713,2026-08-30,522.0
R912940,T30493020,M10597,2026-08-30,6113.0
R912941,T30496660,M11574,2026-08-30,871.0
R912942,T30457416,M11591,2026-08-30,1077.0
R912943,T30481894,M10931,2026-08-30,1071.0
R912944,T30430409,M11769,2026-08-30,1555.0
R912945,T30426641,M11673,2026-08-30,773.0
R912946,T30425115,M11884,2026-08-30,1737.0
R912947,T30461814,M10577,2026-08-30,236.0
R912948,T30467396,M11907,2026-08-30,3068.0
R912949,T30463233,M11275,2026-08-30,169.0
R912950,T30428739,M10853,2026-08-30,865.0
R912951,T30461403,M11531,2026-08-30,3126.0
R912952,T30474574,M11282,2026-08-30,816.0
R912953,T30466469,M10931,2026-08-30,888.0
R912954,T30477939,M10989,2026-08-30,4569.0
R912955,T30429161,M10746,2026-08-30,245.0
R912956,T30477294,M10022,2026-08-30,243.0
R912957,T30474555,M10419,2026-08-30,4023.0
R912958,T30466553,M11003,2026-08-30,492.0
R912959,T30428168,M11737,2026-08-30,738.0
R912960,T30467680,M10931,2026-08-30,3431.0
R912961,T30464715,M10170,2026-08-30,1233.0
R912962,T30441009,M11769,2026-08-30,2410.0
R912963,T30479599,M11264,2026-08-30,852.0
R912964,T30421216,M11875,2026-08-30,7573.0
R912965,T30459736,M11404,2026-08-30,406.0
R912966,T30446889,M10032,2026-08-30,67.0
R912967,T30425733,M10931,2026-08-30,1182.0
R912968,T30426873,M10862,2026-08-30,71.0
R912969,T30431942,M11520,2026-08-30,101.0
R912970,T30432668,M10746,2026-08-30,1470.0
R912971,T30465396,M11066,2026-08-30,1667.0
R912972,T30478823,M11616,2026-08-30,328.0
R912973,T30475605,M10862,2026-08-30,346.0
R912974,T30449508,M10341,2026-08-31,7113.0
R912975,T30466156,M10489,2026-08-31,127.0
R912976,T30481963,M11676,2026-08-31,1444.0
R912977,T30491067,M10931,2026-08-31,1175.0
R912978,T30495258,M10022,2026-08-31,1086.0
R912979,T30495325,M11853,2026-08-31,373.0
R912980,T30474516,M11188,2026-08-31,6089.0
R912981,T30423361,M10042,2026-08-31,2576.0
R912982,T30496945,M10813,2026-08-31,1934.0
R912983,T30471743,M10828,2026-08-31,1273.0
R912984,T30497898,M11713,2026-08-31,1063.0
R912985,T30498736,M10032,2026-08-31,413.0
R912986,T30451113,M11840,2026-08-31,1006.0
R912987,T30467605,M10211,2026-08-31,250.0
R912988,T30463275,M11841,2026-08-31,425.0
R912989,T30426788,M11825,2026-08-31,575.0
R912990,T30482013,M10808,2026-08-31,1252.0
R912991,T30481680,M12004,2026-08-31,5608.0
R912992,T30431138,M10577,2026-08-31,811.0
R912993,T30457653,M10211,2026-08-31,908.0
R912994,T30479819,M11968,2026-08-31,267.0
R912995,T30479000,M11939,2026-08-31,990.0
R912996,T30478843,M11109,2026-08-31,743.0
R912997,T30486036,M10521,2026-08-31,517.0
R912998,T30429425,M10022,2026-08-31,2889.0
R912999,T30434732,M11003,2026-08-31,756.0
R913000,T30439664,M10828,2026-08-31,530.0
R913001,T30429290,M10808,2026-08-31,231.0
R913002,T30487456,M10947,2026-08-31,1743.0
R913003,T30487676,M11646,2026-08-31,7830.0
R913004,T30488096,M10729,2026-08-31,1102.0
R913005,T30428454,M10746,2026-08-31,2186.0
R913006,T30428291,M10597,2026-08-31,7024.0
R913007,T30435328,M10931,2026-08-31,512.0
R913008,T30477392,M10493,2026-08-31,2225.0
R913009,T30458039,M11229,2026-08-31,430.0
R913010,T30501858,M10650,2026-08-31,11029.0
R913011,T30490343,M11275,2026-08-31,671.0
R913012,T30435165,M10931,2026-08-31,3983.0
R913013,T30502437,M10211,2026-08-31,1605.0
